/**
 * generated by fontconvert.py
 * name: bookerly_8_bolditalic
 * size: 8
 * mode: 2-bit
 * Command used: /Users/jesse/Documents/GitHub/crosspoint/crosspoint-reader/lib/EpdFont/scripts/fontconvert.py bookerly_8_bolditalic 8 /Users/jesse/Documents/GitHub/crosspoint/crosspoint-reader/lib/EpdFont/builtinFonts/source/Bookerly/Bookerly-BoldItalic.ttf --2bit
 */
#pragma once
#include "EpdFontData.h"

static const uint8_t bookerly_8_bolditalicBitmaps[24147] = {
    0x02, 0xE0, 0x7C, 0x0B, 0x80, 0xF4, 0x0F, 0x00, 0xE0, 0x1D, 0x01, 0xC0, 0x00, 0x01, 0x80, 0x3D,
    0x03, 0xC0, 0x0F, 0x3C, 0xBA, 0xE3, 0xDB, 0x4F, 0x3C, 0x38, 0xF0, 0x41, 0x00, 0x01, 0xE2, 0xC0,
    0x0B, 0x4F, 0x00, 0x2C, 0x3C, 0x0F, 0xFF, 0xFD, 0x2B, 0xEF, 0xA0, 0x1D, 0x2C, 0x00, 0xB0, 0xF0,
    0x2F, 0xFF, 0xF8, 0xAF, 0xBE, 0x80, 0x74, 0xB0, 0x02, 0xC3, 0xC0, 0x00, 0x00, 0x03, 0x00, 0x00,
    0x70, 0x00, 0xBF, 0x80, 0x3F, 0xFE, 0x07, 0x8C, 0xE0, 0xB9, 0xC8, 0x07, 0xF4, 0x00, 0x3F, 0xD0,
    0x00, 0xBF, 0x00, 0x0B, 0xF8, 0x38, 0xD7, 0xC3, 0xCC, 0xB8, 0x3F, 0xFF, 0x00, 0xBF, 0x80, 0x03,
    0x40, 0x00, 0x30, 0x00, 0x07, 0x00, 0x00, 0x00, 0x00, 0x00, 0x00, 0x00, 0x80, 0x02, 0xF4, 0x03,
    0xC0, 0x0F, 0x7C, 0x07, 0x40, 0x2D, 0x2D, 0x0E, 0x00, 0x3C, 0x3C, 0x3C, 0x00, 0x3C, 0x3C, 0x74,
    0x00, 0x3D, 0xF4, 0xE1, 0xF8, 0x1F, 0xC3, 0xCB, 0xAE, 0x00, 0x0B, 0x0F, 0x0F, 0x00, 0x1E, 0x1D,
    0x0E, 0x00, 0x3C, 0x2D, 0x2D, 0x00, 0xF0, 0x1E, 0x78, 0x02, 0xE0, 0x0B, 0xE0, 0x01, 0x80, 0x00,
    0x00, 0x00, 0x0B, 0xE0, 0x00, 0x00, 0xFB, 0xC0, 0x00, 0x0B, 0x0B, 0x00, 0x00, 0x3C, 0x38, 0x00,
    0x00, 0xF7, 0x80, 0x70, 0x07, 0xF4, 0x7F, 0xC0, 0x7F, 0x4B, 0xF4, 0x07, 0x9E, 0x13, 0x80, 0x3C,
    0x3D, 0x1D, 0x00, 0xF0, 0x7D, 0xF0, 0x03, 0xD0, 0xFF, 0x00, 0x0B, 0xEB, 0xFE, 0x00, 0x07, 0xF9,
    0xBF, 0x90, 0x00, 0x00, 0x6F, 0x40, 0x0F, 0x2E, 0x3D, 0x3C, 0x38, 0x10, 0x00, 0x0A, 0x00, 0x7C,
    0x01, 0xF0, 0x07, 0xC0, 0x0F, 0x00, 0x1E, 0x00, 0x3C, 0x00, 0x3C, 0x00, 0x7C, 0x00, 0x7C, 0x00,
    0x3C, 0x00, 0x3C, 0x00, 0x2D, 0x00, 0x1F, 0x00, 0x0B, 0xC0, 0x01, 0x80, 0x02, 0x80, 0x02, 0xE0,
    0x00, 0xF4, 0x00, 0x7C, 0x00, 0x3C, 0x00, 0x3D, 0x00, 0x2D, 0x00, 0x2D, 0x00, 0x3D, 0x00, 0x3C,
    0x00, 0xB8, 0x00, 0xF0, 0x03, 0xD0, 0x0B, 0x80, 0x3D, 0x00, 0x70, 0x00, 0x03, 0x4B, 0x70, 0x7F,
    0xA6, 0xFE, 0xB7, 0x00, 0x74, 0x02, 0xC0, 0x00, 0xB0, 0x00, 0x2C, 0x01, 0xFF, 0xFC, 0x6B, 0xEA,
    0x00, 0xB0, 0x00, 0x2C, 0x00, 0x06, 0x00, 0x06, 0x03, 0xE0, 0xF4, 0x7C, 0x7C, 0x04, 0x00, 0x3F,
    0xF3, 0xFE, 0x19, 0x3E, 0x3C, 0x00, 0x00, 0xF0, 0x00, 0x0B, 0x40, 0x00, 0x7C, 0x00, 0x03, 0xC0,
    0x00, 0x1E, 0x00, 0x00, 0xF0, 0x00, 0x0B, 0x40, 0x00, 0x7C, 0x00, 0x03, 0xC0, 0x00, 0x1E, 0x00,
    0x00, 0xF0, 0x00, 0x0B, 0x40, 0x00, 0x3C, 0x00, 0x00, 0x00, 0x7F, 0x80, 0x0F, 0xFF, 0x80, 0xF8,
    0x2F, 0x0B, 0xC0, 0x7C, 0x3D, 0x01, 0xF1, 0xF0, 0x07, 0xCB, 0xC0, 0x2F, 0x2F, 0x00, 0xF8, 0xBC,
    0x07, 0xC2, 0xF0, 0x7D, 0x03, 0xFF, 0xD0, 0x03, 0xF8, 0x00, 0x00, 0x6C, 0x0B, 0xFC, 0x0A, 0xFC,
    0x00, 0xF8, 0x01, 0xF4, 0x01, 0xF0, 0x02, 0xF0, 0x03, 0xF0, 0x03, 0xE0, 0x07, 0xD0, 0x1F, 0xE4,
    0xBF, 0xFC, 0x00, 0xBF, 0x40, 0x7F, 0xFD, 0x0F, 0x43, 0xE0, 0xE0, 0x3E, 0x00, 0x07, 0xD0, 0x00,
    0xF8, 0x00, 0x7E, 0x00, 0x1F, 0x80, 0x0B, 0xD0, 0x02, 0xF0, 0x00, 0xFF, 0xFF, 0xCB, 0xFF, 0xF4,
    0x00, 0xBF, 0x40, 0x7F, 0xFC, 0x0F, 0x43, 0xD0, 0x50, 0x3D, 0x00, 0x0F, 0x80, 0x2F, 0xE0, 0x03,
    0xFF, 0x40, 0x00, 0xFC, 0x00, 0x0F, 0x80, 0x07, 0xF4, 0xAF, 0xFD, 0x07, 0xF9, 0x00, 0x00, 0x02,
    0xD0, 0x00, 0xBC, 0x00, 0x2F, 0xC0, 0x0F, 0xB8, 0x03, 0xDB, 0x80, 0xF4, 0xF4, 0x3D, 0x0F, 0x0B,
    0xFF, 0xFF, 0xBF, 0xFF, 0xE0, 0x02, 0xD0, 0x00, 0x3D, 0x00, 0x03, 0xC0, 0x01, 0xFF, 0xF0, 0x0B,
    0xFF, 0xC0, 0x3D, 0x00, 0x01, 0xF0, 0x00, 0x0B, 0xFD, 0x00, 0x16, 0xFC, 0x00, 0x00, 0xF8, 0x00,
    0x03, 0xE0, 0x00, 0x1F, 0x40, 0x01, 0xFC, 0x07, 0xFF, 0xC0, 0x0F, 0xE4, 0x00, 0x00, 0x07, 0xF4,
    0x01, 0xFF, 0x40, 0x2F, 0x80, 0x01, 0xF4, 0x00, 0x0F, 0xE4, 0x00, 0xBF, 0xFD, 0x03, 0xD0, 0xFC,
    0x1F, 0x01, 0xF0, 0x7C, 0x0B, 0xC0, 0xF4, 0x3E, 0x02, 0xFB, 0xF0, 0x02, 0xFE, 0x00, 0x1F, 0xFF,
    0xE2, 0xFF, 0xFF, 0x3C, 0x0B, 0xC3, 0x81, 0xF0, 0x00, 0x3D, 0x00, 0x0F, 0x80, 0x03, 0xF0, 0x00,
    0x7C, 0x00, 0x0F, 0x80, 0x02, 0xF0, 0x00, 0x3E, 0x00, 0x03, 0xC0, 0x00, 0x00, 0x7F, 0x80, 0x3F,
    0xBE, 0x0B, 0xC1, 0xF0, 0xB8, 0x2E, 0x07, 0xDB, 0xC0, 0x2F, 0xE0, 0x0B, 0xFF, 0x42, 0xE0, 0xFC,
    0x3C, 0x07, 0xC7, 0xC0, 0xBC, 0x3F, 0xBF, 0x00, 0xBF, 0x80, 0x00, 0x6F, 0xD0, 0x07, 0xFF, 0xC0,
    0x3D, 0x0F, 0x81, 0xF0, 0x2F, 0x07, 0xC0, 0xBC, 0x0F, 0x83, 0xE0, 0x2F, 0xFF, 0x40, 0x1A, 0xFC,
    0x00, 0x0F, 0xC0, 0x01, 0xFC, 0x01, 0xBF, 0x80, 0x0B, 0xE0, 0x00, 0x02, 0x80, 0xBC, 0x07, 0x80,
    0x00, 0x00, 0x00, 0x00, 0x19, 0x03, 0xE0, 0x3C, 0x00, 0x00, 0xA0, 0x07, 0xC0, 0x1E, 0x00, 0x00,
    0x00, 0x00, 0x00, 0x00, 0x60, 0x03, 0xE0, 0x0F, 0x40, 0x7C, 0x07, 0xC0, 0x04, 0x00, 0x00, 0x05,
    0x00, 0x1F, 0x80, 0x7F, 0x41, 0xF9, 0x00, 0x7E, 0x00, 0x02, 0xF8, 0x00, 0x0B, 0xE0, 0x00, 0x28,
    0x00, 0x00, 0x00, 0x7F, 0xFF, 0x1A, 0xAA, 0x80, 0x00, 0x00, 0x00, 0x00, 0x7F, 0xFF, 0x1A, 0xAA,
    0x80, 0x00, 0x00, 0x0D, 0x00, 0x03, 0xF4, 0x00, 0x1F, 0xD0, 0x00, 0x7F, 0x00, 0x1F, 0x80, 0xBE,
    0x00, 0xF8, 0x00, 0x20, 0x00, 0x00, 0x2F, 0x87, 0xFD, 0x25, 0xE0, 0x2D, 0x0B, 0x83, 0xD0, 0x7A,
    0x03, 0xD0, 0x00, 0x02, 0x40, 0xBC, 0x07, 0x40, 0x00, 0x0B, 0xFF, 0x40, 0x00, 0xBF, 0xAF, 0xF0,
    0x03, 0xE0, 0x00, 0xB8, 0x0F, 0x40, 0x00, 0x3C, 0x2D, 0x0B, 0xED, 0x2C, 0x3C, 0x2E, 0xBC, 0x2C,
    0xB4, 0x38, 0x38, 0x3C, 0xF0, 0xB4, 0x74, 0x3C, 0xF0, 0xF0, 0xF0, 0xF4, 0xF0, 0xFF, 0xBB, 0xD0,
    0xF0, 0x7D, 0x3E, 0x40, 0xB8, 0x00, 0x00, 0x00, 0x3D, 0x00, 0x08, 0x00, 0x1F, 0xEA, 0xFC, 0x00,
    0x02, 0xFF, 0x90, 0x00, 0x00, 0x00, 0x78, 0x00, 0x00, 0x0F, 0xC0, 0x00, 0x02, 0xFC, 0x00, 0x00,
    0x7B, 0xD0, 0x00, 0x0F, 0x3D, 0x00, 0x02, 0xE2, 0xE0, 0x00, 0x3C, 0x2F, 0x00, 0x0B, 0xEB, 0xF0,
    0x01, 0xFF, 0xFF, 0x40, 0x3D, 0x00, 0xF4, 0x0B, 0xD0, 0x1F, 0xD3, 0xFF, 0x0B, 0xFF, 0x02, 0xFF,
    0xD0, 0x3F, 0xFB, 0xE0, 0x0F, 0x4B, 0xC0, 0x7C, 0x2F, 0x02, 0xF0, 0xF4, 0x0F, 0xFF, 0x80, 0x3E,
    0xBF, 0x40, 0xF0, 0x3E, 0x07, 0xC0, 0xF8, 0x2F, 0x03, 0xD1, 0xFE, 0xBE, 0x1F, 0xFF, 0x90, 0x00,
    0x2F, 0xE4, 0x02, 0xFF, 0xFC, 0x0B, 0xD0, 0x38, 0x1F, 0x40, 0x34, 0x3F, 0x00, 0x00, 0x3E, 0x00,
    0x00, 0x7D, 0x00, 0x00, 0x7D, 0x00, 0x00, 0x7E, 0x00, 0x10, 0x3F, 0x40, 0xB0, 0x2F, 0xFF, 0xD0,
    0x07, 0xFE, 0x00, 0x02, 0xFF, 0xE4, 0x02, 0xBF, 0xBF, 0x80, 0x0F, 0x42, 0xF4, 0x07, 0xC0, 0x3E,
    0x02, 0xF0, 0x0F, 0xC0, 0xF8, 0x03, 0xF0, 0x3E, 0x00, 0xFC, 0x0F, 0x40, 0x3E, 0x07, 0xC0, 0x2F,
    0x02, 0xF0, 0x1F, 0x41, 0xFE, 0xBF, 0x41, 0xFF, 0xFD, 0x00, 0x03, 0xFF, 0xFE, 0x01, 0xFE, 0xBD,
    0x00, 0xF4, 0x1C, 0x01, 0xF0, 0x04, 0x02, 0xF0, 0x00, 0x03, 0xFF, 0xD0, 0x03, 0xEA, 0x80, 0x03,
    0xD0, 0x00, 0x07, 0xC0, 0x20, 0x0B, 0xC0, 0xB0, 0x1F, 0xEA, 0xF0, 0x7F, 0xFF, 0xE0, 0x03, 0xFF,
    0xFC, 0x01, 0xFE, 0xBC, 0x00, 0xF4, 0x3C, 0x01, 0xF0, 0x10, 0x02, 0xF0, 0x00, 0x03, 0xFF, 0xD0,
    0x03, 0xEA, 0x80, 0x03, 0xD0, 0x00, 0x07, 0xC0, 0x00, 0x0B, 0xC0, 0x00, 0x1F, 0xD0, 0x00, 0x7F,
    0xF0, 0x00, 0x00, 0x2F, 0xF8, 0x02, 0xFF, 0xFD, 0x0B, 0xD0, 0x2C, 0x1F, 0x40, 0x2C, 0x3F, 0x00,
    0x00, 0x3D, 0x00, 0x00, 0x7D, 0x07, 0xFE, 0x7D, 0x01, 0xFC, 0x7E, 0x00, 0xF8, 0x3F, 0x80, 0xF4,
    0x1F, 0xFF, 0xF0, 0x02, 0xFF, 0x80, 0x03, 0xFF, 0x0F, 0xFC, 0x01, 0xFC, 0x07, 0xE0, 0x00, 0xF4,
    0x03, 0xD0, 0x01, 0xF0, 0x07, 0xC0, 0x02, 0xF0, 0x0B, 0xC0, 0x03, 0xFF, 0xFF, 0x80, 0x03, 0xFA,
    0xAF, 0x80, 0x03, 0xD0, 0x1F, 0x40, 0x07, 0xC0, 0x1F, 0x00, 0x0B, 0xC0, 0x2F, 0x00, 0x1F, 0xD0,
    0x7F, 0x40, 0x7F, 0xF1, 0xFF, 0xC0, 0x03, 0xFF, 0x00, 0x7F, 0x40, 0x0F, 0x40, 0x07, 0xC0, 0x02,
    0xF0, 0x00, 0xFC, 0x00, 0x3E, 0x00, 0x0F, 0x40, 0x07, 0xC0, 0x02, 0xF0, 0x01, 0xFD, 0x01, 0xFF,
    0xC0, 0x00, 0x3F, 0xF4, 0x00, 0x7F, 0x40, 0x00, 0xF8, 0x00, 0x03, 0xD0, 0x00, 0x1F, 0x00, 0x00,
    0xBC, 0x00, 0x03, 0xE0, 0x00, 0x0F, 0x40, 0x00, 0x7C, 0x00, 0x02, 0xF0, 0x00, 0x0F, 0xC0, 0x00,
    0x3D, 0x00, 0x52, 0xF0, 0x03, 0xFF, 0x40, 0x0B, 0xE0, 0x00, 0x00, 0x03, 0xFF, 0x3F, 0xE0, 0x1F,
    0x81, 0xF8, 0x00, 0xF4, 0x3D, 0x00, 0x1F, 0x1F, 0x40, 0x02, 0xF7, 0xC0, 0x00, 0x3F, 0xF0, 0x00,
    0x03, 0xFF, 0x00, 0x00, 0x3D, 0xFC, 0x00, 0x07, 0xC7, 0xE0, 0x00, 0xBC, 0x2F, 0x40, 0x1F, 0xD0,
    0xFE, 0x07, 0xFF, 0x03, 0xF0, 0x03, 0xFF, 0x00, 0x07, 0xF0, 0x00, 0x0F, 0x40, 0x00, 0x7C, 0x00,
    0x02, 0xF0, 0x00, 0x0F, 0xC0, 0x00, 0x3E, 0x00, 0x00, 0xF4, 0x00, 0x07, 0xC0, 0x30, 0x2F, 0x02,
    0xC1, 0xFE, 0xAF, 0x1F, 0xFF, 0xF4, 0x00, 0xBF, 0x80, 0x3F, 0xC0, 0x03, 0xFC, 0x0B, 0xF0, 0x00,
    0x3F, 0xC0, 0xFE, 0x00, 0x07, 0xBC, 0x2F, 0xD0, 0x00, 0xB7, 0xC3, 0x7D, 0x00, 0x0F, 0x3D, 0xB3,
    0xD0, 0x00, 0xE3, 0xED, 0x3D, 0x00, 0x2D, 0x2F, 0xC3, 0xD0, 0x03, 0xC1, 0xF4, 0x3C, 0x00, 0x3C,
    0x1F, 0x03, 0xC0, 0x0B, 0xC0, 0xD0, 0xBE, 0x03, 0xFE, 0x00, 0x3F, 0xF0, 0x03, 0xFC, 0x0F, 0xFC,
    0x01, 0xFC, 0x07, 0xE0, 0x00, 0xFE, 0x03, 0xC0, 0x01, 0xFF, 0x03, 0xC0, 0x02, 0xEF, 0x83, 0x80,
    0x03, 0xCB, 0xC7, 0x80, 0x03, 0xC7, 0xDB, 0x40, 0x03, 0xC3, 0xFF, 0x00, 0x07, 0x81, 0xFF, 0x00,
    0x0B, 0x40, 0xFE, 0x00, 0x1F, 0x80, 0x7D, 0x00, 0x7F, 0xD0, 0x3C, 0x00, 0x00, 0x6F, 0xE0, 0x00,
    0xFF, 0xFF, 0x00, 0xFD, 0x0B, 0xE0, 0xBD, 0x00, 0xFC, 0x3F, 0x00, 0x3F, 0x1F, 0x80, 0x0F, 0xC7,
    0xD0, 0x03, 0xF1, 0xF4, 0x01, 0xF8, 0x7E, 0x00, 0xFC, 0x0F, 0xC0, 0xBD, 0x01, 0xFF, 0xFD, 0x00,
    0x1F, 0xF8, 0x00, 0x02, 0xFF, 0xD0, 0x0F, 0xFE, 0xFC, 0x00, 0xF4, 0xBC, 0x01, 0xF0, 0x7D, 0x02,
    0xF0, 0xBC, 0x03, 0xF0, 0xF8, 0x03, 0xFB, 0xF0, 0x03, 0xFE, 0x40, 0x07, 0xC0, 0x00, 0x0B, 0xC0,
    0x00, 0x1F, 0xD0, 0x00, 0x7F, 0xF4, 0x00, 0x00, 0x6F, 0xE0, 0x00, 0x0F, 0xFF, 0xF0, 0x00, 0xFD,
    0x0B, 0xE0, 0x0B, 0xD0, 0x0F, 0xC0, 0x3F, 0x00, 0x3F, 0x01, 0xF8, 0x00, 0xFC, 0x07, 0xD0, 0x03,
    0xF0, 0x1F, 0x40, 0x1F, 0x80, 0x7E, 0x00, 0xFC, 0x00, 0xFC, 0x0B, 0xD0, 0x00, 0xFF, 0xFD, 0x00,
    0x00, 0xFF, 0x80, 0x00, 0x00, 0xB8, 0x00, 0x00, 0x00, 0xBF, 0x90, 0x00, 0x00, 0x2F, 0xFF, 0x00,
    0x00, 0x0B, 0xF4, 0x02, 0xFF, 0xE0, 0x03, 0xFF, 0xBF, 0x00, 0x0F, 0x4B, 0xC0, 0x07, 0xC1, 0xF0,
    0x02, 0xF0, 0xFC, 0x00, 0xFE, 0xFC, 0x00, 0x3F, 0xF4, 0x00, 0x0F, 0x3E, 0x00, 0x07, 0xC7, 0xC0,
    0x02, 0xF0, 0xFC, 0x01, 0xFD, 0x1F, 0xD1, 0xFF, 0xC1, 0xF8, 0x00, 0x7F, 0xD0, 0x0B, 0xFF, 0xC0,
    0x7D, 0x0F, 0x01, 0xF0, 0x34, 0x07, 0xF4, 0x00, 0x0F, 0xF8, 0x00, 0x0B, 0xF8, 0x01, 0x07, 0xF0,
    0x2C, 0x07, 0xD0, 0xF4, 0x2F, 0x03, 0xFF, 0xF4, 0x02, 0xFE, 0x00, 0x7F, 0xFF, 0xFE, 0xEB, 0xFA,
    0xEF, 0x0F, 0x87, 0x68, 0x3D, 0x1C, 0x01, 0xF0, 0x00, 0x0B, 0xC0, 0x00, 0x3E, 0x00, 0x00, 0xF8,
    0x00, 0x03, 0xD0, 0x00, 0x1F, 0x00, 0x01, 0xFD, 0x00, 0x1F, 0xFC, 0x00, 0x7F, 0xF0, 0xFF, 0xC2,
    0xF8, 0x07, 0xE0, 0x1F, 0x00, 0x3C, 0x02, 0xF0, 0x07, 0xC0, 0x3F, 0x00, 0xB8, 0x03, 0xE0, 0x0F,
    0x40, 0x3D, 0x00, 0xF0, 0x07, 0xC0, 0x0F, 0x00, 0x7C, 0x02, 0xE0, 0x07, 0xD0, 0x7D, 0x00, 0x3F,
    0xFF, 0x80, 0x00, 0xBF, 0x90, 0x00, 0xBF, 0xE1, 0xFF, 0x5F, 0xD0, 0x2F, 0x42, 0xF0, 0x0B, 0x80,
    0x7C, 0x03, 0xC0, 0x0F, 0x02, 0xD0, 0x03, 0xD0, 0xF0, 0x00, 0xF4, 0xF0, 0x00, 0x2E, 0x78, 0x00,
    0x07, 0xBC, 0x00, 0x01, 0xFE, 0x00, 0x00, 0x3F, 0x00, 0x00, 0x0F, 0x40, 0x00, 0xBF, 0xE0, 0xE0,
    0xBF, 0xDF, 0xD0, 0xB8, 0x0F, 0x82, 0xF0, 0x3F, 0x03, 0xC0, 0x7C, 0x1F, 0xC2, 0xE0, 0x1F, 0x0F,
    0xF0, 0xF0, 0x07, 0xC7, 0x7C, 0x78, 0x00, 0xF3, 0xCF, 0x3C, 0x00, 0x3D, 0xD3, 0xDE, 0x00, 0x0F,
    0xF0, 0xFF, 0x00, 0x03, 0xF4, 0x3F, 0x80, 0x00, 0xFC, 0x0B, 0xC0, 0x00, 0x2E, 0x02, 0xD0, 0x00,
    0x03, 0xFF, 0x1F, 0xF0, 0x07, 0xF4, 0x3F, 0x00, 0x07, 0xD1, 0xF0, 0x00, 0x0F, 0x8F, 0x00, 0x00,
    0x1F, 0xF0, 0x00, 0x00, 0x3F, 0x00, 0x00, 0x00, 0xFC, 0x00, 0x00, 0x0F, 0xF8, 0x00, 0x00, 0xF1,
    0xF0, 0x00, 0x0F, 0x43, 0xE0, 0x01, 0xFC, 0x0F, 0xD0, 0x0F, 0xF8, 0xFF, 0xC0, 0x3F, 0xF1, 0xFF,
    0x07, 0xF0, 0x2F, 0x00, 0xFC, 0x0F, 0x00, 0x1F, 0x0B, 0x40, 0x03, 0xD7, 0x80, 0x00, 0xBF, 0xC0,
    0x00, 0x1F, 0xC0, 0x00, 0x03, 0xE0, 0x00, 0x00, 0xF4, 0x00, 0x00, 0x7C, 0x00, 0x00, 0x7F, 0x40,
    0x00, 0x7F, 0xF0, 0x00, 0x03, 0xFF, 0xFC, 0x07, 0xEA, 0xFC, 0x0B, 0x02, 0xF4, 0x01, 0x07, 0xE0,
    0x00, 0x1F, 0x80, 0x00, 0x3F, 0x00, 0x00, 0xFC, 0x00, 0x02, 0xF4, 0x00, 0x0B, 0xD0, 0x34, 0x1F,
    0x80, 0xB4, 0x3F, 0xAA, 0xF0, 0x3F, 0xFF, 0xE0, 0x00, 0x00, 0x00, 0x00, 0xFD, 0x01, 0xF8, 0x02,
    0xD0, 0x03, 0xC0, 0x03, 0xC0, 0x07, 0x80, 0x0B, 0x40, 0x0F, 0x00, 0x0F, 0x00, 0x1F, 0x00, 0x2E,
    0x00, 0x3D, 0x00, 0x3C, 0x00, 0x3C, 0x00, 0x7E, 0x00, 0xBF, 0x00, 0x3C, 0x00, 0x1E, 0x00, 0x0F,
    0x00, 0x0B, 0x40, 0x07, 0x80, 0x03, 0xC0, 0x02, 0xD0, 0x00, 0xF0, 0x00, 0xF0, 0x00, 0xB4, 0x00,
    0x3C, 0x00, 0x3C, 0x00, 0x1E, 0x01, 0xFD, 0x01, 0xBC, 0x00, 0x3C, 0x00, 0x78, 0x00, 0xB8, 0x00,
    0xF4, 0x00, 0xF0, 0x01, 0xF0, 0x02, 0xE0, 0x02, 0xD0, 0x03, 0xC0, 0x03, 0xC0, 0x07, 0x80, 0x0B,
    0x40, 0x6F, 0x00, 0xBF, 0x00, 0x03, 0xD0, 0x00, 0xFC, 0x00, 0xBB, 0x00, 0x3D, 0xE0, 0x1D, 0x3C,
    0x0F, 0x0B, 0x43, 0xC0, 0xF2, 0xD0, 0x3C, 0xFF, 0xFF, 0xAA, 0xAA, 0x90, 0x20, 0x7C, 0x2E, 0x06,
    0x01, 0xFA, 0xD0, 0xBF, 0xFC, 0x1F, 0x0B, 0x83, 0xD0, 0xF4, 0x7C, 0x0F, 0x07, 0xC3, 0xF0, 0x7C,
    0x7F, 0x07, 0xFC, 0xFE, 0x2E, 0x0B, 0x80, 0x1F, 0xC0, 0x06, 0xF0, 0x00, 0x7C, 0x00, 0x2E, 0x00,
    0x0F, 0x5F, 0x43, 0xEF, 0xF1, 0xFC, 0x7C, 0x7C, 0x1F, 0x2E, 0x0B, 0x8F, 0x43, 0xD3, 0xC2, 0xF2,
    0xFF, 0xF0, 0xBB, 0xE0, 0x00, 0x01, 0xFC, 0x0B, 0xFD, 0x1F, 0x04, 0x3D, 0x00, 0x7C, 0x00, 0x7C,
    0x00, 0x7C, 0x08, 0x3F, 0xF8, 0x1F, 0xD0, 0x00, 0x0B, 0xE0, 0x00, 0xBF, 0x00, 0x02, 0xE0, 0x00,
    0x3D, 0x01, 0xFB, 0xC0, 0xBF, 0xFC, 0x1F, 0x0B, 0x83, 0xD0, 0xF4, 0x7C, 0x0F, 0x07, 0xC3, 0xF0,
    0x7C, 0x7F, 0x07, 0xFC, 0xFE, 0x2E, 0x0B, 0x80, 0x01, 0xFC, 0x0B, 0xFE, 0x1E, 0x1E, 0x3C, 0x3C,
    0x7E, 0xF0, 0x7E, 0x40, 0x7C, 0x1C, 0x3F, 0xF8, 0x1F, 0xD0, 0x00, 0x00, 0x2F, 0x80, 0x00, 0x0F,
    0xFC, 0x00, 0x02, 0xE1, 0x40, 0x00, 0x3C, 0x00, 0x00, 0x2F, 0xFD, 0x00, 0x02, 0xFE, 0x80, 0x00,
    0x0F, 0x80, 0x00, 0x00, 0xF4, 0x00, 0x00, 0x0F, 0x00, 0x00, 0x01, 0xF0, 0x00, 0x00, 0x2E, 0x00,
    0x00, 0x03, 0xE0, 0x00, 0x00, 0x3D, 0x00, 0x00, 0x03, 0xC0, 0x00, 0x10, 0xB8, 0x00, 0x03, 0xFF,
    0x00, 0x00, 0x2F, 0x80, 0x00, 0x00, 0x00, 0x00, 0x00, 0x00, 0x0B, 0xFF, 0xC0, 0x0F, 0x9F, 0x40,
    0x07, 0x83, 0xC0, 0x02, 0xD0, 0xF0, 0x00, 0x7D, 0xF8, 0x00, 0x0B, 0xF4, 0x00, 0x02, 0xD0, 0x00,
    0x01, 0xF9, 0x00, 0x01, 0xFF, 0xF0, 0x02, 0xE0, 0x7F, 0x00, 0xF0, 0x0B, 0xC0, 0x3F, 0xEF, 0xC0,
    0x02, 0xFF, 0x80, 0x00, 0x1F, 0xC0, 0x01, 0xBC, 0x00, 0x07, 0xC0, 0x00, 0xB8, 0x00, 0x0F, 0x5F,
    0x80, 0xF7, 0xFC, 0x1F, 0xC7, 0xC2, 0xF4, 0xB8, 0x2F, 0x0F, 0x43, 0xD0, 0xF0, 0x3C, 0x1F, 0x07,
    0xC2, 0xFE, 0xB8, 0x1F, 0x80, 0x01, 0x80, 0x3E, 0x03, 0xC0, 0x00, 0x2F, 0x42, 0xF4, 0x0F, 0x41,
    0xF0, 0x2E, 0x03, 0xD0, 0x3C, 0x03, 0xFC, 0x3E, 0x00, 0x00, 0x00, 0x90, 0x00, 0x3F, 0x00, 0x03,
    0xD0, 0x00, 0x00, 0x00, 0x2F, 0x80, 0x02, 0xFC, 0x00, 0x0B, 0x80, 0x00, 0xF4, 0x00, 0x0F, 0x00,
    0x01, 0xF0, 0x00, 0x2F, 0x00, 0x03, 0xE0, 0x00, 0x3D, 0x00, 0x07, 0xC0, 0x10, 0xB8, 0x07, 0xFF,
    0x00, 0x3F, 0x80, 0x00, 0x1F, 0xC0, 0x06, 0xF0, 0x00, 0x7C, 0x00, 0x2E, 0x00, 0x0F, 0x1F, 0x43,
    0xEF, 0xE1, 0xF8, 0x78, 0xBC, 0x3C, 0x2E, 0xBC, 0x0F, 0xF8, 0x03, 0xDF, 0x01, 0xF1, 0xFD, 0xB8,
    0x1F, 0x00, 0x1F, 0xC1, 0xBC, 0x07, 0xC0, 0xB8, 0x0F, 0x40, 0xF0, 0x1F, 0x02, 0xF0, 0x3E, 0x03,
    0xD0, 0x3C, 0x07, 0xFC, 0x3E, 0x00, 0x2F, 0x4B, 0x87, 0xD0, 0xBE, 0xFF, 0xBF, 0x80, 0xFD, 0x7F,
    0x2E, 0x03, 0xE1, 0xF0, 0xF4, 0x1F, 0x0B, 0x83, 0xC0, 0xBC, 0x3D, 0x1F, 0x03, 0xD0, 0xF0, 0xB8,
    0x0F, 0x47, 0xC3, 0xFD, 0x7C, 0x2D, 0x0B, 0xD0, 0x2F, 0x4B, 0xC0, 0xBE, 0xFF, 0x40, 0xFD, 0x3C,
    0x03, 0xE1, 0xF0, 0x1F, 0x0B, 0x80, 0xBC, 0x3D, 0x03, 0xE0, 0xF0, 0x0F, 0x43, 0xFC, 0x7C, 0x0F,
    0x80, 0x01, 0xFD, 0x02, 0xFF, 0xD2, 0xF0, 0xF8, 0xF4, 0x2E, 0x7C, 0x0F, 0x9F, 0x03, 0xD7, 0xC2,
    0xF0, 0xFF, 0xF0, 0x1F, 0xE0, 0x00, 0x02, 0xF1, 0xF8, 0x06, 0xFB, 0xFC, 0x00, 0xFC, 0x3C, 0x00,
    0xF4, 0x3C, 0x01, 0xF0, 0x7C, 0x02, 0xE0, 0xB8, 0x03, 0xD1, 0xF0, 0x03, 0xFB, 0xD0, 0x07, 0xFF,
    0x40, 0x0B, 0x80, 0x00, 0x0F, 0x80, 0x00, 0x1F, 0x90, 0x00, 0x3F, 0xF0, 0x00, 0x01, 0xF6, 0xD0,
    0xBF, 0xFC, 0x1F, 0x0B, 0x83, 0xD0, 0xF4, 0x7C, 0x1F, 0x07, 0xC3, 0xF0, 0xBC, 0xBE, 0x07, 0xFD,
    0xE0, 0x2E, 0x2D, 0x00, 0x03, 0xC0, 0x00, 0x3C, 0x00, 0x0B, 0xD0, 0x03, 0xFF, 0x00, 0x2F, 0x4F,
    0x0B, 0xDF, 0xC0, 0xFB, 0x60, 0x3F, 0x00, 0x0F, 0x80, 0x07, 0xC0, 0x02, 0xE0, 0x00, 0xF4, 0x00,
    0x3C, 0x00, 0x00, 0x00, 0xBE, 0x00, 0xFF, 0xC0, 0xB8, 0x10, 0x2F, 0x80, 0x02, 0xFC, 0x00, 0x1F,
    0x43, 0xC3, 0xD0, 0xFF, 0xF0, 0x0F, 0xE0, 0x00, 0x02, 0xC0, 0x07, 0xC0, 0x2F, 0xFC, 0x2F, 0xA4,
    0x0F, 0x40, 0x1F, 0x00, 0x1F, 0x00, 0x2E, 0x00, 0x3E, 0x14, 0x3F, 0xF4, 0x1F, 0x90, 0x2F, 0x02,
    0xD1, 0xBD, 0x0F, 0x00, 0xF0, 0x7C, 0x07, 0xC2, 0xE0, 0x2E, 0x0F, 0x40, 0xF4, 0xBD, 0x03, 0xC7,
    0xF0, 0x0F, 0xF3, 0xFC, 0x2E, 0x0B, 0x80, 0x7E, 0x0F, 0x5B, 0xC3, 0xE0, 0xF4, 0xB8, 0x3D, 0x3C,
    0x0B, 0x8E, 0x01, 0xEB, 0x00, 0x7F, 0x40, 0x1F, 0x80, 0x07, 0x40, 0x00, 0x7D, 0x0F, 0x0F, 0x5B,
    0xC3, 0xD3, 0xE0, 0xF0, 0xF4, 0xB4, 0x2D, 0x3E, 0x2C, 0x0B, 0x5F, 0xCF, 0x01, 0xEF, 0xFB, 0x00,
    0x7F, 0x3F, 0x80, 0x1F, 0x4F, 0xC0, 0x03, 0x42, 0x80, 0x00, 0x07, 0xD0, 0xB8, 0x2B, 0xCF, 0xE0,
    0x0F, 0xB4, 0x00, 0x2F, 0x40, 0x00, 0x7C, 0x00, 0x03, 0xF4, 0x01, 0x2E, 0xF0, 0x0F, 0xD3, 0xE8,
    0x3D, 0x0B, 0xE0, 0x01, 0xF8, 0x3D, 0x01, 0xBC, 0x3E, 0x00, 0x3D, 0x2E, 0x00, 0x3D, 0x3C, 0x00,
    0x2E, 0x3C, 0x00, 0x1E, 0x74, 0x00, 0x1E, 0xE0, 0x00, 0x1F, 0xC0, 0x00, 0x1F, 0x40, 0x00, 0x2E,
    0x00, 0x00, 0x78, 0x00, 0x7F, 0xE0, 0x00, 0x3E, 0x00, 0x00, 0x07, 0xE3, 0xC0, 0xFF, 0xFC, 0x0E,
    0x1F, 0x00, 0x43, 0xC0, 0x00, 0xF0, 0x00, 0x3C, 0x00, 0x0F, 0x43, 0x43, 0xFF, 0xF4, 0x3C, 0xBE,
    0x00, 0x00, 0x7E, 0x01, 0xF9, 0x02, 0xC0, 0x03, 0xC0, 0x03, 0xC0, 0x03, 0xC0, 0x0B, 0x80, 0x2F,
    0x00, 0x2F, 0x00, 0x0F, 0x00, 0x0E, 0x00, 0x2D, 0x00, 0x3C, 0x00, 0x3C, 0x00, 0x3E, 0x40, 0x1F,
    0x40, 0x00, 0xF0, 0x0E, 0x01, 0xD0, 0x2D, 0x03, 0xC0, 0x3C, 0x07, 0x80, 0x74, 0x0B, 0x00, 0xF0,
    0x0F, 0x01, 0xE0, 0x2D, 0x02, 0xC0, 0x3C, 0x00, 0x01, 0xF4, 0x01, 0xBC, 0x00, 0x2C, 0x00, 0x3C,
    0x00, 0x38, 0x00, 0xB4, 0x00, 0xF0, 0x00, 0xF4, 0x00, 0xBC, 0x01, 0xF4, 0x02, 0xD0, 0x03, 0xC0,
    0x03, 0xC0, 0x03, 0xC0, 0x6F, 0x40, 0xBD, 0x00, 0x2F, 0x43, 0x2F, 0xFF, 0xC6, 0x0B, 0xD0, 0x00,
    0xE0, 0x2F, 0x01, 0x80, 0x00, 0x01, 0xC0, 0x2C, 0x03, 0xC0, 0x3C, 0x07, 0x80, 0xB8, 0x0F, 0x40,
    0xF0, 0x2F, 0x03, 0xD0, 0x00, 0x00, 0x00, 0x07, 0x00, 0x02, 0xC0, 0x00, 0xE0, 0x02, 0xFE, 0x03,
    0xFF, 0xD3, 0xDB, 0x12, 0xE3, 0x40, 0xF4, 0xC0, 0x3D, 0x70, 0x0F, 0xAC, 0x71, 0xFF, 0xF4, 0x1F,
    0xE0, 0x00, 0xC0, 0x00, 0x70, 0x00, 0x2C, 0x00, 0x09, 0x00, 0x00, 0x00, 0x02, 0xF8, 0x00, 0x0F,
    0xBD, 0x00, 0x3C, 0x2D, 0x00, 0x7C, 0x14, 0x00, 0xB4, 0x00, 0x05, 0xF9, 0x40, 0x0F, 0xFF, 0xC0,
    0x02, 0xE0, 0x00, 0x03, 0xD0, 0x00, 0x13, 0xC0, 0x10, 0x3F, 0xFF, 0xF4, 0x3D, 0x6F, 0xE0, 0x04,
    0x00, 0x10, 0xB6, 0xFB, 0xC0, 0xFE, 0xFC, 0x03, 0xC0, 0xE0, 0x0E, 0x03, 0x80, 0x38, 0x2D, 0x02,
    0xFA, 0xF0, 0x2D, 0xFD, 0xF0, 0x00, 0x00, 0x40, 0x3F, 0xF3, 0xFF, 0x3F, 0xD2, 0xFD, 0x0F, 0x40,
    0xF0, 0x0B, 0xC3, 0xC0, 0x07, 0xCB, 0x40, 0x2F, 0xEF, 0xD0, 0x01, 0xF8, 0x00, 0x2F, 0xFF, 0xC0,
    0x02, 0xF0, 0x00, 0x02, 0xE0, 0x00, 0x0B, 0xF8, 0x00, 0x2F, 0xFC, 0x00, 0x00, 0xF0, 0x0E, 0x01,
    0xD0, 0x2C, 0x03, 0xC0, 0x3C, 0x00, 0x00, 0x00, 0x00, 0x00, 0xF0, 0x0F, 0x01, 0xE0, 0x2D, 0x02,
    0xC0, 0x3C, 0x00, 0x00, 0x7F, 0x40, 0xF6, 0xE0, 0xB8, 0x34, 0x3F, 0x00, 0x1D, 0xE0, 0x07, 0x1F,
    0x00, 0xE0, 0xF0, 0x2E, 0x1D, 0x02, 0xE3, 0x80, 0x2D, 0x90, 0x02, 0xF0, 0xF0, 0x78, 0x3E, 0x7C,
    0x07, 0xF8, 0x00, 0x00, 0x01, 0xF3, 0xC7, 0x4E, 0x00, 0x00, 0xBF, 0x90, 0x01, 0xD0, 0x1E, 0x01,
    0xC0, 0x00, 0xA0, 0xC0, 0xBE, 0x0C, 0x70, 0xE2, 0x81, 0x98, 0x70, 0x00, 0x66, 0x2C, 0x00, 0x19,
    0xC7, 0xD6, 0x06, 0x30, 0x7F, 0x43, 0x07, 0x00, 0x02, 0x80, 0xB4, 0x07, 0x80, 0x02, 0xFE, 0x40,
    0x03, 0xEC, 0x0F, 0x78, 0x1C, 0x34, 0x3C, 0xB0, 0x3E, 0xF9, 0x1E, 0x78, 0x00, 0x00, 0x3F, 0xF8,
    0x15, 0x40, 0x02, 0xC1, 0xD0, 0xF8, 0xBC, 0x3E, 0x3E, 0x07, 0xC3, 0xE0, 0x2F, 0x1F, 0x00, 0x74,
    0x38, 0x7F, 0xFF, 0x1A, 0xAB, 0xC0, 0x00, 0xF0, 0x00, 0x3C, 0x3F, 0xF3, 0xFE, 0x06, 0xF8, 0x01,
    0xD0, 0x74, 0x33, 0xF4, 0xC6, 0x2A, 0x89, 0x52, 0xF0, 0x96, 0x2B, 0x49, 0x33, 0xDD, 0xC1, 0xD0,
    0x74, 0x03, 0xF8, 0x00, 0x2A, 0x97, 0xFE, 0x0F, 0xD0, 0xFB, 0xC7, 0x47, 0x5D, 0x1D, 0x3E, 0xF0,
    0x7F, 0x00, 0x02, 0xC0, 0x00, 0xB0, 0x00, 0x2C, 0x01, 0xFF, 0xFC, 0x6B, 0xEA, 0x00, 0xB0, 0x00,
    0x2C, 0x00, 0x06, 0x00, 0x00, 0x00, 0x1A, 0xAA, 0x87, 0xFF, 0xF0, 0x07, 0xF4, 0x7E, 0xF1, 0x83,
    0x80, 0x78, 0x0B, 0x40, 0xFA, 0x87, 0xFF, 0x00, 0x07, 0xF0, 0x3E, 0xE0, 0x47, 0x42, 0xF8, 0x05,
    0xF0, 0xAB, 0xC3, 0xF8, 0x00, 0x09, 0x1F, 0x3C, 0x30, 0x02, 0xD0, 0xB0, 0x07, 0xC1, 0xF0, 0x07,
    0xC2, 0xE0, 0x0B, 0x82, 0xD0, 0x0F, 0x43, 0xD0, 0x0F, 0x47, 0xC0, 0x0F, 0x4B, 0xC0, 0x1F, 0xFE,
    0xFC, 0x2E, 0xE0, 0xF4, 0x3C, 0x00, 0x00, 0x3C, 0x00, 0x00, 0x7C, 0x00, 0x00, 0xB4, 0x00, 0x00,
    0x00, 0x2F, 0xFE, 0x01, 0xFF, 0xB4, 0x03, 0xFE, 0xB0, 0x07, 0xFD, 0xE0, 0x0B, 0xFC, 0xD0, 0x0B,
    0xFC, 0xC0, 0x03, 0xF9, 0xC0, 0x00, 0x7A, 0xC0, 0x00, 0x37, 0x80, 0x00, 0x73, 0x40, 0x00, 0xB7,
    0x00, 0x00, 0xED, 0x00, 0x26, 0xF4, 0x00, 0x3E, 0x00, 0x00, 0x2A, 0xFB, 0x40, 0x1E, 0x02, 0xC1,
    0xD0, 0x90, 0x01, 0xD0, 0xFD, 0x02, 0xC0, 0x3C, 0x03, 0x80, 0xB8, 0x3F, 0xD0, 0x02, 0xF4, 0x0B,
    0x6C, 0x0E, 0x2C, 0x1C, 0x3C, 0x1D, 0xB4, 0x0B, 0xD0, 0x00, 0x00, 0x3F, 0xF0, 0x15, 0x40, 0x1D,
    0x0E, 0x00, 0xF8, 0xBC, 0x03, 0xD3, 0xE0, 0x7C, 0x3D, 0x2F, 0x1F, 0x43, 0x83, 0x80, 0x00, 0x00,
    0x00, 0x24, 0x00, 0x1D, 0x00, 0x07, 0x80, 0x0F, 0xD0, 0x00, 0xF0, 0x00, 0x2C, 0x00, 0x2D, 0x00,
    0x03, 0xC0, 0x07, 0x80, 0x00, 0x38, 0x00, 0xF0, 0x00, 0x0B, 0x80, 0x2C, 0x02, 0xD3, 0xFD, 0x07,
    0x40, 0xBC, 0x00, 0x00, 0xE0, 0x3E, 0xC0, 0x00, 0x3C, 0x0E, 0x38, 0x00, 0x0B, 0x43, 0xFF, 0xE0,
    0x01, 0xE0, 0x1A, 0xB9, 0x00, 0x3C, 0x00, 0x0B, 0x00, 0x02, 0x40, 0x00, 0x00, 0x00, 0x00, 0x00,
    0x60, 0x00, 0x1D, 0x00, 0x0F, 0x00, 0x0F, 0xD0, 0x03, 0xC0, 0x00, 0x2C, 0x00, 0x74, 0x00, 0x03,
    0xC0, 0x0E, 0x00, 0x00, 0x38, 0x02, 0xC0, 0x00, 0x0B, 0x80, 0x74, 0x2F, 0x83, 0xFD, 0x0E, 0x0B,
    0xBE, 0x00, 0x03, 0xC0, 0x91, 0xD0, 0x00, 0xB0, 0x00, 0x74, 0x00, 0x1E, 0x00, 0x3C, 0x00, 0x03,
    0xC0, 0x1F, 0xA8, 0x00, 0xF4, 0x02, 0xFF, 0xC0, 0x06, 0x00, 0x00, 0x00, 0x00, 0x00, 0x00, 0x24,
    0x00, 0x7F, 0x00, 0x0B, 0x80, 0x0F, 0xB8, 0x00, 0xF0, 0x00, 0x47, 0x40, 0x3C, 0x00, 0x0B, 0xE0,
    0x0B, 0x40, 0x00, 0x5F, 0x00, 0xE0, 0x00, 0x2A, 0xF0, 0x3C, 0x02, 0xD3, 0xF8, 0x0B, 0x00, 0xBC,
    0x00, 0x01, 0xD0, 0x3E, 0xC0, 0x00, 0x3C, 0x0E, 0x38, 0x00, 0x0F, 0x03, 0xFF, 0xE0, 0x02, 0xD0,
    0x1A, 0xB9, 0x00, 0x3C, 0x00, 0x0B, 0x00, 0x02, 0x00, 0x00, 0x00, 0x02, 0xD0, 0x3D, 0x01, 0x40,
    0x00, 0x0B, 0xC0, 0xBD, 0x03, 0xC0, 0xF0, 0x3C, 0x0B, 0x00, 0xF5, 0x8B, 0xFC, 0x2F, 0x80, 0x00,
    0x02, 0x40, 0x00, 0x00, 0x3D, 0x00, 0x00, 0x02, 0xF4, 0x00, 0x00, 0x02, 0x80, 0x00, 0x00, 0x00,
    0x00, 0x00, 0x07, 0x80, 0x00, 0x00, 0xFC, 0x00, 0x00, 0x2F, 0xC0, 0x00, 0x07, 0xBD, 0x00, 0x00,
    0xF3, 0xD0, 0x00, 0x2E, 0x2E, 0x00, 0x03, 0xC2, 0xF0, 0x00, 0xBE, 0xBF, 0x00, 0x1F, 0xFF, 0xF4,
    0x03, 0xD0, 0x0F, 0x40, 0xBD, 0x01, 0xFD, 0x3F, 0xF0, 0xBF, 0xF0, 0x00, 0x00, 0x02, 0x00, 0x00,
    0x01, 0xF0, 0x00, 0x00, 0xBE, 0x00, 0x00, 0x0E, 0x00, 0x00, 0x00, 0x00, 0x00, 0x00, 0x07, 0x80,
    0x00, 0x00, 0xFC, 0x00, 0x00, 0x2F, 0xC0, 0x00, 0x07, 0xBD, 0x00, 0x00, 0xF3, 0xD0, 0x00, 0x2E,
    0x2E, 0x00, 0x03, 0xC2, 0xF0, 0x00, 0xBE, 0xBF, 0x00, 0x1F, 0xFF, 0xF4, 0x03, 0xD0, 0x0F, 0x40,
    0xBD, 0x01, 0xFD, 0x3F, 0xF0, 0xBF, 0xF0, 0x00, 0x00, 0x3C, 0x00, 0x00, 0x1F, 0xF0, 0x00, 0x07,
    0x83, 0x40, 0x00, 0x00, 0x00, 0x00, 0x00, 0x78, 0x00, 0x00, 0x0F, 0xC0, 0x00, 0x02, 0xFC, 0x00,
    0x00, 0x7B, 0xD0, 0x00, 0x0F, 0x3D, 0x00, 0x02, 0xE2, 0xE0, 0x00, 0x3C, 0x2F, 0x00, 0x0B, 0xEB,
    0xF0, 0x01, 0xFF, 0xFF, 0x40, 0x3D, 0x00, 0xF4, 0x0B, 0xD0, 0x1F, 0xD3, 0xFF, 0x0B, 0xFF, 0x00,
    0x01, 0xE2, 0x40, 0x00, 0x3B, 0xB4, 0x00, 0x02, 0x1E, 0x00, 0x00, 0x00, 0x00, 0x00, 0x00, 0x78,
    0x00, 0x00, 0x0F, 0xC0, 0x00, 0x02, 0xFC, 0x00, 0x00, 0x7B, 0xD0, 0x00, 0x0F, 0x3D, 0x00, 0x02,
    0xE2, 0xE0, 0x00, 0x3C, 0x2F, 0x00, 0x0B, 0xEB, 0xF0, 0x01, 0xFF, 0xFF, 0x40, 0x3D, 0x00, 0xF4,
    0x0B, 0xD0, 0x1F, 0xD3, 0xFF, 0x0B, 0xFF, 0x00, 0x00, 0x41, 0x00, 0x00, 0x3C, 0xF4, 0x00, 0x03,
    0x8F, 0x00, 0x00, 0x00, 0x00, 0x00, 0x00, 0x78, 0x00, 0x00, 0x0F, 0xC0, 0x00, 0x02, 0xFC, 0x00,
    0x00, 0x7B, 0xD0, 0x00, 0x0F, 0x3D, 0x00, 0x02, 0xE2, 0xE0, 0x00, 0x3C, 0x2F, 0x00, 0x0B, 0xEB,
    0xF0, 0x01, 0xFF, 0xFF, 0x40, 0x3D, 0x00, 0xF4, 0x0B, 0xD0, 0x1F, 0xD3, 0xFF, 0x0B, 0xFF, 0x00,
    0x00, 0xBC, 0x00, 0x00, 0x1C, 0xA0, 0x00, 0x02, 0xCA, 0x00, 0x00, 0x0F, 0x80, 0x00, 0x00, 0x00,
    0x00, 0x00, 0x07, 0x80, 0x00, 0x00, 0xFC, 0x00, 0x00, 0x2F, 0xC0, 0x00, 0x07, 0xBD, 0x00, 0x00,
    0xF3, 0xD0, 0x00, 0x2E, 0x2E, 0x00, 0x03, 0xC2, 0xF0, 0x00, 0xBE, 0xBF, 0x00, 0x1F, 0xFF, 0xF4,
    0x03, 0xD0, 0x0F, 0x40, 0xBD, 0x01, 0xFD, 0x3F, 0xF0, 0xBF, 0xF0, 0x00, 0x00, 0xFF, 0xFF, 0xF0,
    0x00, 0x03, 0xFE, 0xAE, 0x00, 0x00, 0x3F, 0xC0, 0xD0, 0x00, 0x0F, 0x78, 0x04, 0x00, 0x03, 0xCB,
    0x40, 0x00, 0x00, 0xB4, 0xFF, 0xF0, 0x00, 0x1E, 0x0F, 0xA9, 0x00, 0x07, 0xEA, 0xE0, 0x00, 0x00,
    0xFF, 0xFE, 0x02, 0x40, 0x3D, 0x03, 0xD0, 0x34, 0x0F, 0xC0, 0x7E, 0xAF, 0x03, 0xFD, 0x3F, 0xFF,
    0xF0, 0x00, 0x2F, 0xE4, 0x02, 0xFF, 0xFC, 0x0B, 0xD0, 0x38, 0x1F, 0x40, 0x34, 0x3F, 0x00, 0x00,
    0x3E, 0x00, 0x00, 0x7D, 0x00, 0x00, 0x7D, 0x00, 0x00, 0x7E, 0x00, 0x10, 0x3F, 0x40, 0xB0, 0x2F,
    0xFF, 0xD0, 0x07, 0xFE, 0x00, 0x00, 0x00, 0x00, 0x00, 0xF4, 0x00, 0x00, 0x78, 0x00, 0x00, 0xB0,
    0x00, 0x02, 0x80, 0x00, 0x00, 0x08, 0x00, 0x00, 0x1F, 0x00, 0x00, 0x0F, 0xC0, 0x00, 0x01, 0xD0,
    0x00, 0x00, 0x00, 0x03, 0xFF, 0xFE, 0x01, 0xFE, 0xBD, 0x00, 0xF4, 0x1C, 0x01, 0xF0, 0x04, 0x02,
    0xF0, 0x00, 0x03, 0xFF, 0xD0, 0x03, 0xEA, 0x80, 0x03, 0xD0, 0x00, 0x07, 0xC0, 0x20, 0x0B, 0xC0,
    0xB0, 0x1F, 0xEA, 0xF0, 0x7F, 0xFF, 0xE0, 0x00, 0x00, 0x14, 0x00, 0x00, 0xB8, 0x00, 0x03, 0xF4,
    0x00, 0x0A, 0x40, 0x00, 0x00, 0x00, 0x03, 0xFF, 0xFE, 0x01, 0xFE, 0xBD, 0x00, 0xF4, 0x1C, 0x01,
    0xF0, 0x04, 0x02, 0xF0, 0x00, 0x03, 0xFF, 0xD0, 0x03, 0xEA, 0x80, 0x03, 0xD0, 0x00, 0x07, 0xC0,
    0x20, 0x0B, 0xC0, 0xB0, 0x1F, 0xEA, 0xF0, 0x7F, 0xFF, 0xE0, 0x00, 0x02, 0xE0, 0x00, 0x0B, 0xB8,
    0x00, 0x3C, 0x1C, 0x00, 0x00, 0x00, 0x03, 0xFF, 0xFE, 0x01, 0xFE, 0xBD, 0x00, 0xF4, 0x1C, 0x01,
    0xF0, 0x04, 0x02, 0xF0, 0x00, 0x03, 0xFF, 0xD0, 0x03, 0xEA, 0x80, 0x03, 0xD0, 0x00, 0x07, 0xC0,
    0x20, 0x0B, 0xC0, 0xB0, 0x1F, 0xEA, 0xF0, 0x7F, 0xFF, 0xE0, 0x00, 0x04, 0x00, 0x00, 0x2E, 0x7C,
    0x00, 0x2D, 0x78, 0x00, 0x00, 0x00, 0x03, 0xFF, 0xFE, 0x01, 0xFE, 0xBD, 0x00, 0xF4, 0x1C, 0x01,
    0xF0, 0x04, 0x02, 0xF0, 0x00, 0x03, 0xFF, 0xD0, 0x03, 0xEA, 0x80, 0x03, 0xD0, 0x00, 0x07, 0xC0,
    0x20, 0x0B, 0xC0, 0xB0, 0x1F, 0xEA, 0xF0, 0x7F, 0xFF, 0xE0, 0x01, 0x80, 0x00, 0xB8, 0x00, 0x1F,
    0xC0, 0x00, 0x70, 0x00, 0x00, 0x00, 0xFF, 0xC0, 0x1F, 0xD0, 0x03, 0xD0, 0x01, 0xF0, 0x00, 0xBC,
    0x00, 0x3F, 0x00, 0x0F, 0x80, 0x03, 0xD0, 0x01, 0xF0, 0x00, 0xBC, 0x00, 0x7F, 0x40, 0x7F, 0xF0,
    0x00, 0x00, 0x02, 0x00, 0x03, 0xD0, 0x07, 0xF0, 0x02, 0x90, 0x00, 0x00, 0x00, 0xFF, 0xC0, 0x1F,
    0xD0, 0x03, 0xD0, 0x01, 0xF0, 0x00, 0xBC, 0x00, 0x3F, 0x00, 0x0F, 0x80, 0x03, 0xD0, 0x01, 0xF0,
    0x00, 0xBC, 0x00, 0x7F, 0x40, 0x7F, 0xF0, 0x00, 0x00, 0x2D, 0x00, 0x3E, 0xD0, 0x38, 0x28, 0x00,
    0x00, 0x03, 0xFF, 0x00, 0x7F, 0x40, 0x0F, 0x40, 0x07, 0xC0, 0x02, 0xF0, 0x00, 0xFC, 0x00, 0x3E,
    0x00, 0x0F, 0x40, 0x07, 0xC0, 0x02, 0xF0, 0x01, 0xFD, 0x01, 0xFF, 0xC0, 0x00, 0x41, 0x00, 0xF5,
    0xF0, 0x3C, 0x74, 0x00, 0x00, 0x03, 0xFF, 0x00, 0x7F, 0x40, 0x0F, 0x40, 0x07, 0xC0, 0x02, 0xF0,
    0x00, 0xFC, 0x00, 0x3E, 0x00, 0x0F, 0x40, 0x07, 0xC0, 0x02, 0xF0, 0x01, 0xFD, 0x01, 0xFF, 0xC0,
    0x02, 0xFF, 0xE4, 0x02, 0xBF, 0xBF, 0x80, 0x0F, 0x42, 0xF4, 0x07, 0xC0, 0x3E, 0x02, 0xF0, 0x0F,
    0xCF, 0xFF, 0xC3, 0xF0, 0x7E, 0x00, 0xFC, 0x1F, 0x40, 0x3E, 0x07, 0xC0, 0x2F, 0x02, 0xF0, 0x1F,
    0x41, 0xFE, 0xBF, 0x41, 0xFF, 0xFD, 0x00, 0x00, 0x03, 0xC2, 0x00, 0x00, 0x0B, 0xFF, 0x00, 0x00,
    0x09, 0x3C, 0x00, 0x00, 0x00, 0x00, 0x00, 0x03, 0xFC, 0x0F, 0xFC, 0x01, 0xFC, 0x07, 0xE0, 0x00,
    0xFE, 0x03, 0xC0, 0x01, 0xFF, 0x03, 0xC0, 0x02, 0xEF, 0x83, 0x80, 0x03, 0xCB, 0xC7, 0x80, 0x03,
    0xC7, 0xDB, 0x40, 0x03, 0xC3, 0xFF, 0x00, 0x07, 0x81, 0xFF, 0x00, 0x0B, 0x40, 0xFE, 0x00, 0x1F,
    0x80, 0x7D, 0x00, 0x7F, 0xD0, 0x3C, 0x00, 0x00, 0x24, 0x00, 0x00, 0x0F, 0x40, 0x00, 0x01, 0xF8,
    0x00, 0x00, 0x0B, 0x00, 0x00, 0x00, 0x00, 0x00, 0x1B, 0xF8, 0x00, 0x3F, 0xFF, 0xC0, 0x3F, 0x42,
    0xF8, 0x2F, 0x40, 0x3F, 0x0F, 0xC0, 0x0F, 0xC7, 0xE0, 0x03, 0xF1, 0xF4, 0x00, 0xFC, 0x7D, 0x00,
    0x7E, 0x1F, 0x80, 0x3F, 0x03, 0xF0, 0x2F, 0x40, 0x7F, 0xFF, 0x40, 0x07, 0xFE, 0x00, 0x00, 0x00,
    0x00, 0x20, 0x00, 0x00, 0x7C, 0x00, 0x00, 0xBE, 0x00, 0x00, 0x39, 0x00, 0x00, 0x00, 0x00, 0x00,
    0x1B, 0xF8, 0x00, 0x3F, 0xFF, 0xC0, 0x3F, 0x42, 0xF8, 0x2F, 0x40, 0x3F, 0x0F, 0xC0, 0x0F, 0xC7,
    0xE0, 0x03, 0xF1, 0xF4, 0x00, 0xFC, 0x7D, 0x00, 0x7E, 0x1F, 0x80, 0x3F, 0x03, 0xF0, 0x2F, 0x40,
    0x7F, 0xFF, 0x40, 0x07, 0xFE, 0x00, 0x00, 0x00, 0x03, 0xC0, 0x00, 0x07, 0xFC, 0x00, 0x07, 0x83,
    0x40, 0x00, 0x00, 0x00, 0x00, 0x6F, 0xE0, 0x00, 0xFF, 0xFF, 0x00, 0xFD, 0x0B, 0xE0, 0xBD, 0x00,
    0xFC, 0x3F, 0x00, 0x3F, 0x1F, 0x80, 0x0F, 0xC7, 0xD0, 0x03, 0xF1, 0xF4, 0x01, 0xF8, 0x7E, 0x00,
    0xFC, 0x0F, 0xC0, 0xBD, 0x01, 0xFF, 0xFD, 0x00, 0x1F, 0xF8, 0x00, 0x00, 0x1E, 0x24, 0x00, 0x0F,
    0xED, 0x00, 0x03, 0x1E, 0x00, 0x00, 0x00, 0x00, 0x00, 0x6F, 0xE0, 0x00, 0xFF, 0xFF, 0x00, 0xFD,
    0x0B, 0xE0, 0xBD, 0x00, 0xFC, 0x3F, 0x00, 0x3F, 0x1F, 0x80, 0x0F, 0xC7, 0xD0, 0x03, 0xF1, 0xF4,
    0x01, 0xF8, 0x7E, 0x00, 0xFC, 0x0F, 0xC0, 0xBD, 0x01, 0xFF, 0xFD, 0x00, 0x1F, 0xF8, 0x00, 0x00,
    0x04, 0x10, 0x00, 0x0F, 0x2E, 0x00, 0x03, 0x8B, 0x00, 0x00, 0x00, 0x00, 0x00, 0x6F, 0xE0, 0x00,
    0xFF, 0xFF, 0x00, 0xFD, 0x0B, 0xE0, 0xBD, 0x00, 0xFC, 0x3F, 0x00, 0x3F, 0x1F, 0x80, 0x0F, 0xC7,
    0xD0, 0x03, 0xF1, 0xF4, 0x01, 0xF8, 0x7E, 0x00, 0xFC, 0x0F, 0xC0, 0xBD, 0x01, 0xFF, 0xFD, 0x00,
    0x1F, 0xF8, 0x00, 0x18, 0x0C, 0x3E, 0x3D, 0x0F, 0xF8, 0x03, 0xF0, 0x0F, 0xF8, 0x3E, 0x3D, 0x18,
    0x0C, 0x00, 0x00, 0x00, 0x00, 0x01, 0xBF, 0x8A, 0x00, 0xFF, 0xFF, 0xC0, 0x3F, 0x42, 0xF8, 0x0B,
    0xD0, 0x3F, 0xC0, 0xF8, 0x0E, 0xBC, 0x1F, 0x43, 0x8B, 0xC1, 0xF4, 0xE0, 0xFC, 0x1F, 0x78, 0x0F,
    0x81, 0xFD, 0x02, 0xF0, 0x0F, 0xC0, 0xBD, 0x01, 0xFF, 0xFF, 0x40, 0x35, 0xFF, 0x80, 0x00, 0x00,
    0x00, 0x00, 0x00, 0x20, 0x00, 0x00, 0x03, 0xC0, 0x00, 0x00, 0x2F, 0x40, 0x00, 0x00, 0x68, 0x00,
    0x00, 0x00, 0x00, 0x07, 0xFF, 0x0F, 0xFC, 0x2F, 0x80, 0x7E, 0x01, 0xF0, 0x03, 0xC0, 0x2F, 0x00,
    0x7C, 0x03, 0xF0, 0x0B, 0x80, 0x3E, 0x00, 0xF4, 0x03, 0xD0, 0x0F, 0x00, 0x7C, 0x00, 0xF0, 0x07,
    0xC0, 0x2E, 0x00, 0x7D, 0x07, 0xD0, 0x03, 0xFF, 0xF8, 0x00, 0x0B, 0xF9, 0x00, 0x00, 0x00, 0x00,
    0x60, 0x00, 0x00, 0x2F, 0x00, 0x00, 0x0F, 0xD0, 0x00, 0x01, 0xE0, 0x00, 0x00, 0x00, 0x00, 0x07,
    0xFF, 0x0F, 0xFC, 0x2F, 0x80, 0x7E, 0x01, 0xF0, 0x03, 0xC0, 0x2F, 0x00, 0x7C, 0x03, 0xF0, 0x0B,
    0x80, 0x3E, 0x00, 0xF4, 0x03, 0xD0, 0x0F, 0x00, 0x7C, 0x00, 0xF0, 0x07, 0xC0, 0x2E, 0x00, 0x7D,
    0x07, 0xD0, 0x03, 0xFF, 0xF8, 0x00, 0x0B, 0xF9, 0x00, 0x00, 0x00, 0x07, 0xC0, 0x00, 0x01, 0xEF,
    0x00, 0x00, 0xB4, 0x70, 0x00, 0x00, 0x00, 0x00, 0x7F, 0xF0, 0xFF, 0xC2, 0xF8, 0x07, 0xE0, 0x1F,
    0x00, 0x3C, 0x02, 0xF0, 0x07, 0xC0, 0x3F, 0x00, 0xB8, 0x03, 0xE0, 0x0F, 0x40, 0x3D, 0x00, 0xF0,
    0x07, 0xC0, 0x0F, 0x00, 0x7C, 0x02, 0xE0, 0x07, 0xD0, 0x7D, 0x00, 0x3F, 0xFF, 0x80, 0x00, 0xBF,
    0x90, 0x00, 0x00, 0x10, 0x10, 0x00, 0x07, 0xCF, 0x40, 0x00, 0x74, 0xF0, 0x00, 0x00, 0x00, 0x00,
    0x7F, 0xF0, 0xFF, 0xC2, 0xF8, 0x07, 0xE0, 0x1F, 0x00, 0x3C, 0x02, 0xF0, 0x07, 0xC0, 0x3F, 0x00,
    0xB8, 0x03, 0xE0, 0x0F, 0x40, 0x3D, 0x00, 0xF0, 0x07, 0xC0, 0x0F, 0x00, 0x7C, 0x02, 0xE0, 0x07,
    0xD0, 0x7D, 0x00, 0x3F, 0xFF, 0x80, 0x00, 0xBF, 0x90, 0x00, 0x00, 0x00, 0x60, 0x00, 0x00, 0xBC,
    0x00, 0x00, 0xFD, 0x00, 0x00, 0x74, 0x00, 0x00, 0x00, 0x00, 0x0F, 0xFC, 0x7F, 0xC1, 0xFC, 0x0B,
    0xC0, 0x3F, 0x03, 0xC0, 0x07, 0xC2, 0xD0, 0x00, 0xF5, 0xE0, 0x00, 0x2F, 0xF0, 0x00, 0x07, 0xF0,
    0x00, 0x00, 0xF8, 0x00, 0x00, 0x3D, 0x00, 0x00, 0x1F, 0x00, 0x00, 0x1F, 0xD0, 0x00, 0x1F, 0xFC,
    0x00, 0x00, 0x03, 0xFF, 0x00, 0x07, 0xF0, 0x00, 0x0F, 0xE8, 0x00, 0x7F, 0xFD, 0x02, 0xF0, 0xFC,
    0x0F, 0x82, 0xF0, 0x3E, 0x0F, 0x80, 0xF4, 0xBC, 0x07, 0xFF, 0xC0, 0x2F, 0xA4, 0x01, 0xFD, 0x00,
    0x1F, 0xFC, 0x00, 0x00, 0x00, 0x2F, 0xD0, 0x00, 0x03, 0xFF, 0xC0, 0x00, 0x2E, 0x0F, 0x40, 0x00,
    0xF0, 0x3C, 0x00, 0x07, 0xC2, 0xD0, 0x00, 0x2E, 0x1D, 0x00, 0x00, 0xF4, 0xF0, 0x00, 0x03, 0xC3,
    0xF0, 0x00, 0x1F, 0x03, 0xE0, 0x00, 0x7C, 0x07, 0xC0, 0x02, 0xE6, 0x0F, 0x00, 0x0F, 0x7F, 0xF8,
    0x00, 0x3C, 0x7F, 0x40, 0x01, 0xF0, 0x00, 0x01, 0x0B, 0x80, 0x00, 0x0F, 0xBC, 0x00, 0x00, 0x2F,
    0x80, 0x00, 0x00, 0x00, 0x90, 0x00, 0x0F, 0x00, 0x00, 0x7C, 0x00, 0x00, 0xC0, 0x00, 0x00, 0x00,
    0x1F, 0xAD, 0x0B, 0xFF, 0xC1, 0xF0, 0xB8, 0x3D, 0x0F, 0x47, 0xC0, 0xF0, 0x7C, 0x3F, 0x07, 0xC7,
    0xF0, 0x7F, 0xCF, 0xE2, 0xE0, 0xB8, 0x00, 0x02, 0x80, 0x00, 0x3C, 0x00, 0x0F, 0x00, 0x00, 0xC0,
    0x00, 0x00, 0x00, 0x1F, 0xAD, 0x0B, 0xFF, 0xC1, 0xF0, 0xB8, 0x3D, 0x0F, 0x47, 0xC0, 0xF0, 0x7C,
    0x3F, 0x07, 0xC7, 0xF0, 0x7F, 0xCF, 0xE2, 0xE0, 0xB8, 0x00, 0x1E, 0x00, 0x03, 0xF0, 0x00, 0xF3,
    0x80, 0x2C, 0x28, 0x00, 0x00, 0x00, 0x1F, 0xAD, 0x0B, 0xFF, 0xC1, 0xF0, 0xB8, 0x3D, 0x0F, 0x47,
    0xC0, 0xF0, 0x7C, 0x3F, 0x07, 0xC7, 0xF0, 0x7F, 0xCF, 0xE2, 0xE0, 0xB8, 0x00, 0xB4, 0xC0, 0x1E,
    0xEC, 0x01, 0x8B, 0x40, 0x00, 0x00, 0x01, 0xFA, 0xD0, 0xBF, 0xFC, 0x1F, 0x0B, 0x83, 0xD0, 0xF4,
    0x7C, 0x0F, 0x07, 0xC3, 0xF0, 0x7C, 0x7F, 0x07, 0xFC, 0xFE, 0x2E, 0x0B, 0x80, 0x00, 0x00, 0x00,
    0x1F, 0x3C, 0x01, 0xD3, 0x80, 0x00, 0x00, 0x01, 0xFA, 0xD0, 0xBF, 0xFC, 0x1F, 0x0B, 0x83, 0xD0,
    0xF4, 0x7C, 0x0F, 0x07, 0xC3, 0xF0, 0x7C, 0x7F, 0x07, 0xFC, 0xFE, 0x2E, 0x0B, 0x80, 0x00, 0x2F,
    0x00, 0x0A, 0x34, 0x00, 0xE3, 0x40, 0x07, 0xD0, 0x00, 0x00, 0x00, 0x1F, 0xAD, 0x0B, 0xFF, 0xC1,
    0xF0, 0xB8, 0x3D, 0x0F, 0x47, 0xC0, 0xF0, 0x7C, 0x3F, 0x07, 0xC7, 0xF0, 0x7F, 0xCF, 0xE2, 0xE0,
    0xB8, 0x01, 0xFD, 0x2F, 0x42, 0xFB, 0xFF, 0xF1, 0xF0, 0x7C, 0x3C, 0xF4, 0x3D, 0x3D, 0x7C, 0x1F,
    0xBD, 0x1F, 0x0F, 0xF4, 0x07, 0xC7, 0xF0, 0x35, 0xFF, 0x3F, 0xFC, 0x2F, 0x03, 0xF4, 0x00, 0x01,
    0xFC, 0x0B, 0xFD, 0x1F, 0x04, 0x3D, 0x00, 0x7C, 0x00, 0x7C, 0x00, 0x7C, 0x08, 0x3F, 0xF8, 0x1F,
    0xD0, 0x00, 0x00, 0x0F, 0x40, 0x03, 0x80, 0x0B, 0x00, 0x18, 0x00, 0x01, 0x80, 0x02, 0xD0, 0x00,
    0xF0, 0x00, 0x24, 0x00, 0x00, 0x01, 0xFC, 0x0B, 0xFE, 0x1E, 0x1E, 0x3C, 0x3C, 0x7E, 0xF0, 0x7E,
    0x40, 0x7C, 0x1C, 0x3F, 0xF8, 0x1F, 0xD0, 0x00, 0x02, 0x00, 0x03, 0xC0, 0x02, 0xE0, 0x00, 0x90,
    0x00, 0x00, 0x00, 0x7F, 0x00, 0xBF, 0xE0, 0x78, 0x78, 0x3C, 0x3C, 0x1F, 0xBC, 0x07, 0xE4, 0x01,
    0xF0, 0x70, 0x3F, 0xF8, 0x07, 0xF4, 0x00, 0x00, 0x3C, 0x00, 0x3F, 0x40, 0x2C, 0xF0, 0x1D, 0x0C,
    0x00, 0x00, 0x00, 0x7F, 0x00, 0xBF, 0xE0, 0x78, 0x78, 0x3C, 0x3C, 0x1F, 0xBC, 0x07, 0xE4, 0x01,
    0xF0, 0x70, 0x3F, 0xF8, 0x07, 0xF4, 0x00, 0x00, 0x00, 0x00, 0xF3, 0xD0, 0x38, 0xF0, 0x00, 0x00,
    0x01, 0xFC, 0x02, 0xFF, 0x81, 0xE1, 0xE0, 0xF0, 0xF0, 0x7E, 0xF0, 0x1F, 0x90, 0x07, 0xC1, 0xC0,
    0xFF, 0xE0, 0x1F, 0xD0, 0x00, 0x09, 0x00, 0xF0, 0x07, 0xC0, 0x1C, 0x00, 0x02, 0xF4, 0x2F, 0x40,
    0xF4, 0x1F, 0x02, 0xE0, 0x3D, 0x03, 0xC0, 0x3F, 0xC3, 0xE0, 0x00, 0x24, 0x01, 0xF0, 0x0F, 0x00,
    0x30, 0x00, 0x00, 0xBD, 0x02, 0xF4, 0x03, 0xD0, 0x1F, 0x00, 0xB8, 0x03, 0xD0, 0x0F, 0x00, 0x3F,
    0xC0, 0xF8, 0x00, 0x01, 0xE0, 0x1F, 0xC0, 0xE3, 0x4B, 0x09, 0x00, 0x00, 0xBD, 0x02, 0xF4, 0x03,
    0xD0, 0x1F, 0x00, 0xB8, 0x03, 0xD0, 0x0F, 0x00, 0x3F, 0xC0, 0xF8, 0x00, 0x00, 0x00, 0x1E, 0x3C,
    0x1D, 0x38, 0x00, 0x00, 0x2F, 0x40, 0x2F, 0x40, 0x0F, 0x40, 0x1F, 0x00, 0x2E, 0x00, 0x3D, 0x00,
    0x3C, 0x00, 0x3F, 0xC0, 0x3E, 0x00, 0x00, 0xB6, 0x40, 0x2F, 0x80, 0x0E, 0xE0, 0x00, 0x2C, 0x01,
    0xFF, 0x83, 0xFF, 0xF2, 0xF0, 0xBC, 0xF4, 0x2F, 0x7C, 0x0B, 0x9F, 0x03, 0xD7, 0xC2, 0xF0, 0xFF,
    0xF0, 0x0F, 0xE0, 0x00, 0x00, 0xB4, 0xC0, 0x07, 0xBB, 0x00, 0x18, 0xF4, 0x00, 0x00, 0x00, 0x2F,
    0x4B, 0xC0, 0xBE, 0xFF, 0x40, 0xFD, 0x3C, 0x03, 0xE1, 0xF0, 0x1F, 0x0B, 0x80, 0xBC, 0x3D, 0x03,
    0xE0, 0xF0, 0x0F, 0x43, 0xFC, 0x7C, 0x0F, 0x80, 0x00, 0x90, 0x00, 0x3C, 0x00, 0x07, 0xC0, 0x00,
    0x30, 0x00, 0x00, 0x00, 0x7F, 0x40, 0xBF, 0xF4, 0xBC, 0x3E, 0x3D, 0x0B, 0x9F, 0x03, 0xE7, 0xC0,
    0xF5, 0xF0, 0xBC, 0x3F, 0xFC, 0x07, 0xF8, 0x00, 0x00, 0x01, 0x80, 0x00, 0x3C, 0x00, 0x0F, 0x40,
    0x00, 0xC0, 0x00, 0x00, 0x00, 0x1F, 0xD0, 0x0B, 0xFF, 0x42, 0xF0, 0xF8, 0x3D, 0x0B, 0x87, 0xC0,
    0xF8, 0x7C, 0x0F, 0x47, 0xC2, 0xF0, 0x3F, 0xFC, 0x01, 0xFE, 0x00, 0x00, 0x1E, 0x00, 0x0F, 0xC0,
    0x0F, 0x38, 0x0B, 0x06, 0x00, 0x00, 0x00, 0x7F, 0x40, 0xBF, 0xF4, 0xBC, 0x3E, 0x3D, 0x0B, 0x9F,
    0x03, 0xE7, 0xC0, 0xF5, 0xF0, 0xBC, 0x3F, 0xFC, 0x07, 0xF8, 0x00, 0x00, 0xB4, 0xC0, 0x1E, 0xEC,
    0x01, 0x8B, 0x40, 0x00, 0x00, 0x01, 0xFD, 0x00, 0xBF, 0xF4, 0x2F, 0x0F, 0x83, 0xD0, 0xB8, 0x7C,
    0x0F, 0x87, 0xC0, 0xF4, 0x7C, 0x2F, 0x03, 0xFF, 0xC0, 0x1F, 0xE0, 0x00, 0x00, 0x00, 0x00, 0x1F,
    0x3C, 0x01, 0xD3, 0x80, 0x00, 0x00, 0x01, 0xFD, 0x00, 0xBF, 0xF4, 0x2F, 0x0F, 0x83, 0xD0, 0xB8,
    0x7C, 0x0F, 0x87, 0xC0, 0xF4, 0x7C, 0x2F, 0x03, 0xFF, 0xC0, 0x1F, 0xE0, 0x00, 0x00, 0x40, 0x00,
    0xF4, 0x00, 0x2D, 0x00, 0x00, 0x00, 0x7F, 0xFF, 0x1A, 0xAA, 0x80, 0x00, 0x00, 0x0B, 0x40, 0x03,
    0xD0, 0x00, 0x10, 0x00, 0x00, 0x00, 0x00, 0x01, 0xFD, 0x60, 0x2F, 0xFF, 0x02, 0xF0, 0xF8, 0x0F,
    0x0F, 0xE0, 0x7C, 0xDB, 0x81, 0xFD, 0x3D, 0x07, 0xC2, 0xF0, 0x2F, 0xFF, 0x02, 0xDF, 0xE0, 0x00,
    0x00, 0x00, 0x00, 0x00, 0x90, 0x00, 0x03, 0xC0, 0x00, 0x0B, 0x80, 0x00, 0x07, 0x00, 0x00, 0x00,
    0x00, 0xBC, 0x0B, 0x46, 0xF4, 0x3C, 0x03, 0xC1, 0xF0, 0x1F, 0x0B, 0x80, 0xB8, 0x3D, 0x03, 0xD2,
    0xF4, 0x0F, 0x1F, 0xC0, 0x3F, 0xCF, 0xF0, 0xB8, 0x2E, 0x00, 0x00, 0x02, 0x40, 0x00, 0x1F, 0x00,
    0x00, 0xF0, 0x00, 0x03, 0x00, 0x00, 0x00, 0x00, 0xBC, 0x0B, 0x46, 0xF4, 0x3C, 0x03, 0xC1, 0xF0,
    0x1F, 0x0B, 0x80, 0xB8, 0x3D, 0x03, 0xD2, 0xF4, 0x0F, 0x1F, 0xC0, 0x3F, 0xCF, 0xF0, 0xB8, 0x2E,
    0x00, 0x00, 0x1D, 0x00, 0x01, 0xFC, 0x00, 0x0E, 0x34, 0x00, 0xB0, 0x90, 0x00, 0x00, 0x00, 0xBC,
    0x0B, 0x46, 0xF4, 0x3C, 0x03, 0xC1, 0xF0, 0x1F, 0x0B, 0x80, 0xB8, 0x3D, 0x03, 0xD2, 0xF4, 0x0F,
    0x1F, 0xC0, 0x3F, 0xCF, 0xF0, 0xB8, 0x2E, 0x00, 0x00, 0x00, 0x00, 0x07, 0x8F, 0x00, 0x1D, 0x78,
    0x00, 0x00, 0x00, 0x2F, 0x02, 0xD1, 0xBD, 0x0F, 0x00, 0xF0, 0x7C, 0x07, 0xC2, 0xE0, 0x2E, 0x0F,
    0x40, 0xF4, 0xBD, 0x03, 0xC7, 0xF0, 0x0F, 0xF3, 0xFC, 0x2E, 0x0B, 0x80, 0x00, 0x00, 0x24, 0x00,
    0x00, 0x78, 0x00, 0x00, 0xF0, 0x00, 0x01, 0xC0, 0x00, 0x00, 0x00, 0x01, 0xF8, 0x3D, 0x01, 0xBC,
    0x3E, 0x00, 0x3D, 0x2E, 0x00, 0x3D, 0x3C, 0x00, 0x2E, 0x3C, 0x00, 0x1E, 0x74, 0x00, 0x1E, 0xE0,
    0x00, 0x1F, 0xC0, 0x00, 0x1F, 0x40, 0x00, 0x2E, 0x00, 0x00, 0x78, 0x00, 0x7F, 0xE0, 0x00, 0x3E,
    0x00, 0x00, 0x01, 0xFC, 0x00, 0x0A, 0xF0, 0x00, 0x07, 0xC0, 0x00, 0x2E, 0x00, 0x00, 0xF1, 0xF4,
    0x03, 0xEF, 0xF0, 0x1F, 0xC7, 0xC0, 0xBC, 0x2F, 0x03, 0xE0, 0xB8, 0x0F, 0x43, 0xD0, 0x3C, 0x2F,
    0x01, 0xFF, 0xF0, 0x0B, 0xFE, 0x00, 0x3D, 0x00, 0x00, 0xF0, 0x00, 0x0B, 0xE0, 0x00, 0x7F, 0xE0,
    0x00, 0x00, 0x00, 0x00, 0x00, 0x1E, 0x3C, 0x00, 0x2D, 0x78, 0x00, 0x00, 0x00, 0x01, 0xF8, 0x3D,
    0x01, 0xBC, 0x3E, 0x00, 0x3D, 0x2E, 0x00, 0x3D, 0x3C, 0x00, 0x2E, 0x3C, 0x00, 0x1E, 0x74, 0x00,
    0x1E, 0xE0, 0x00, 0x1F, 0xC0, 0x00, 0x1F, 0x40, 0x00, 0x2E, 0x00, 0x00, 0x78, 0x00, 0x7F, 0xE0,
    0x00, 0x3E, 0x00, 0x00, 0x00, 0x02, 0xAA, 0x00, 0x00, 0x3F, 0xF0, 0x00, 0x00, 0x00, 0x00, 0x00,
    0x07, 0x80, 0x00, 0x00, 0xFC, 0x00, 0x00, 0x2F, 0xC0, 0x00, 0x07, 0xBD, 0x00, 0x00, 0xF3, 0xD0,
    0x00, 0x2E, 0x2E, 0x00, 0x03, 0xC2, 0xF0, 0x00, 0xBE, 0xBF, 0x00, 0x1F, 0xFF, 0xF4, 0x03, 0xD0,
    0x0F, 0x40, 0xBD, 0x01, 0xFD, 0x3F, 0xF0, 0xBF, 0xF0, 0x00, 0xAA, 0x80, 0x1F, 0xFC, 0x00, 0x00,
    0x00, 0x1F, 0xAD, 0x0B, 0xFF, 0xC1, 0xF0, 0xB8, 0x3D, 0x0F, 0x47, 0xC0, 0xF0, 0x7C, 0x3F, 0x07,
    0xC7, 0xF0, 0x7F, 0xCF, 0xE2, 0xE0, 0xB8, 0x00, 0x02, 0x41, 0x40, 0x00, 0x3E, 0xB0, 0x00, 0x01,
    0xFC, 0x00, 0x00, 0x00, 0x00, 0x00, 0x00, 0x78, 0x00, 0x00, 0x0F, 0xC0, 0x00, 0x02, 0xFC, 0x00,
    0x00, 0x7B, 0xD0, 0x00, 0x0F, 0x3D, 0x00, 0x02, 0xE2, 0xE0, 0x00, 0x3C, 0x2F, 0x00, 0x0B, 0xEB,
    0xF0, 0x01, 0xFF, 0xFF, 0x40, 0x3D, 0x00, 0xF4, 0x0B, 0xD0, 0x1F, 0xD3, 0xFF, 0x0B, 0xFF, 0x00,
    0xC0, 0x80, 0x1F, 0xB8, 0x00, 0xBE, 0x00, 0x00, 0x00, 0x01, 0xFA, 0xD0, 0xBF, 0xFC, 0x1F, 0x0B,
    0x83, 0xD0, 0xF4, 0x7C, 0x0F, 0x07, 0xC3, 0xF0, 0x7C, 0x7F, 0x07, 0xFC, 0xFE, 0x2E, 0x0B, 0x80,
    0x00, 0x00, 0x78, 0x00, 0x00, 0x0F, 0xC0, 0x00, 0x02, 0xFC, 0x00, 0x00, 0x7B, 0xD0, 0x00, 0x0F,
    0x3D, 0x00, 0x02, 0xE2, 0xE0, 0x00, 0x3C, 0x2F, 0x00, 0x0B, 0xEB, 0xF0, 0x01, 0xFF, 0xFF, 0x40,
    0x3D, 0x00, 0xF4, 0x0B, 0xD0, 0x1F, 0xD3, 0xFF, 0x0B, 0xFF, 0x00, 0x00, 0x0E, 0x00, 0x00, 0x02,
    0xC0, 0x00, 0x00, 0x3D, 0x40, 0x00, 0x01, 0xF4, 0x01, 0xFA, 0xD0, 0xBF, 0xFC, 0x1F, 0x0B, 0x83,
    0xD0, 0xF4, 0x7C, 0x0F, 0x07, 0xC3, 0xF0, 0x7C, 0x7F, 0x07, 0xFC, 0xFE, 0x2E, 0x0B, 0x80, 0x00,
    0x70, 0x00, 0x0D, 0x00, 0x00, 0xE0, 0x00, 0x0B, 0x80, 0x00, 0x00, 0x20, 0x00, 0x01, 0xF4, 0x00,
    0x07, 0xF0, 0x00, 0x0E, 0x40, 0x00, 0x00, 0x00, 0x00, 0x2F, 0xE4, 0x02, 0xFF, 0xFC, 0x0B, 0xD0,
    0x38, 0x1F, 0x40, 0x34, 0x3F, 0x00, 0x00, 0x3E, 0x00, 0x00, 0x7D, 0x00, 0x00, 0x7D, 0x00, 0x00,
    0x7E, 0x00, 0x10, 0x3F, 0x40, 0xB0, 0x2F, 0xFF, 0xD0, 0x07, 0xFE, 0x00, 0x00, 0x02, 0x00, 0x03,
    0xC0, 0x02, 0xE0, 0x00, 0x90, 0x00, 0x00, 0x00, 0x7F, 0x00, 0xBF, 0xD0, 0x7C, 0x10, 0x3D, 0x00,
    0x1F, 0x00, 0x07, 0xC0, 0x01, 0xF0, 0x20, 0x3F, 0xF8, 0x07, 0xF4, 0x00, 0x00, 0x03, 0xD0, 0x00,
    0x0F, 0xF0, 0x00, 0x38, 0x34, 0x00, 0x00, 0x00, 0x00, 0x2F, 0xE4, 0x02, 0xFF, 0xFC, 0x0B, 0xD0,
    0x38, 0x1F, 0x40, 0x34, 0x3F, 0x00, 0x00, 0x3E, 0x00, 0x00, 0x7D, 0x00, 0x00, 0x7D, 0x00, 0x00,
    0x7E, 0x00, 0x10, 0x3F, 0x40, 0xB0, 0x2F, 0xFF, 0xD0, 0x07, 0xFE, 0x00, 0x00, 0x3C, 0x00, 0x3F,
    0x40, 0x2C, 0xF0, 0x1D, 0x0C, 0x00, 0x00, 0x00, 0x7F, 0x00, 0xBF, 0xD0, 0x7C, 0x10, 0x3D, 0x00,
    0x1F, 0x00, 0x07, 0xC0, 0x01, 0xF0, 0x20, 0x3F, 0xF8, 0x07, 0xF4, 0x00, 0x00, 0x02, 0x80, 0x00,
    0x07, 0xC0, 0x00, 0x07, 0x80, 0x00, 0x00, 0x00, 0x00, 0x2F, 0xE4, 0x02, 0xFF, 0xFC, 0x0B, 0xD0,
    0x38, 0x1F, 0x40, 0x34, 0x3F, 0x00, 0x00, 0x3E, 0x00, 0x00, 0x7D, 0x00, 0x00, 0x7D, 0x00, 0x00,
    0x7E, 0x00, 0x10, 0x3F, 0x40, 0xB0, 0x2F, 0xFF, 0xD0, 0x07, 0xFE, 0x00, 0x00, 0x24, 0x00, 0xBC,
    0x00, 0x74, 0x00, 0x00, 0x01, 0xFC, 0x0B, 0xFD, 0x1F, 0x04, 0x3D, 0x00, 0x7C, 0x00, 0x7C, 0x00,
    0x7C, 0x08, 0x3F, 0xF8, 0x1F, 0xD0, 0x00, 0x34, 0x2C, 0x00, 0x2E, 0xE0, 0x00, 0x0B, 0x80, 0x00,
    0x00, 0x00, 0x00, 0x2F, 0xE4, 0x02, 0xFF, 0xFC, 0x0B, 0xD0, 0x38, 0x1F, 0x40, 0x34, 0x3F, 0x00,
    0x00, 0x3E, 0x00, 0x00, 0x7D, 0x00, 0x00, 0x7D, 0x00, 0x00, 0x7E, 0x00, 0x10, 0x3F, 0x40, 0xB0,
    0x2F, 0xFF, 0xD0, 0x07, 0xFE, 0x00, 0x02, 0x43, 0x40, 0xB3, 0xC0, 0x1F, 0xC0, 0x03, 0xC0, 0x00,
    0x00, 0x00, 0x7F, 0x00, 0xBF, 0xD0, 0x7C, 0x10, 0x3D, 0x00, 0x1F, 0x00, 0x07, 0xC0, 0x01, 0xF0,
    0x20, 0x3F, 0xF8, 0x07, 0xF4, 0x00, 0x00, 0x0C, 0x0E, 0x00, 0x03, 0xEE, 0x00, 0x00, 0x3D, 0x00,
    0x00, 0x00, 0x00, 0x02, 0xFF, 0xE4, 0x02, 0xBF, 0xBF, 0x80, 0x0F, 0x42, 0xF4, 0x07, 0xC0, 0x3E,
    0x02, 0xF0, 0x0F, 0xC0, 0xF8, 0x03, 0xF0, 0x3E, 0x00, 0xFC, 0x0F, 0x40, 0x3E, 0x07, 0xC0, 0x2F,
    0x02, 0xF0, 0x1F, 0x41, 0xFE, 0xBF, 0x41, 0xFF, 0xFD, 0x00, 0x00, 0x0B, 0xE3, 0x80, 0x02, 0xFC,
    0xE0, 0x00, 0x2E, 0x70, 0x00, 0x0F, 0x58, 0x01, 0xFB, 0xC0, 0x02, 0xFF, 0xF0, 0x01, 0xF0, 0xB8,
    0x00, 0xF4, 0x3D, 0x00, 0x7C, 0x0F, 0x00, 0x1F, 0x0F, 0xC0, 0x07, 0xC7, 0xF0, 0x01, 0xFF, 0x3F,
    0x80, 0x2E, 0x0B, 0x80, 0x00, 0x02, 0xFF, 0xE4, 0x02, 0xBF, 0xBF, 0x80, 0x0F, 0x42, 0xF4, 0x07,
    0xC0, 0x3E, 0x02, 0xF0, 0x0F, 0xCF, 0xFF, 0xC3, 0xF0, 0x7E, 0x00, 0xFC, 0x1F, 0x40, 0x3E, 0x07,
    0xC0, 0x2F, 0x02, 0xF0, 0x1F, 0x41, 0xFE, 0xBF, 0x41, 0xFF, 0xFD, 0x00, 0x00, 0x0B, 0xE0, 0x00,
    0x2F, 0x80, 0x03, 0xFF, 0xC0, 0x00, 0xF0, 0x01, 0xFB, 0xC0, 0x2F, 0xBE, 0x01, 0xF0, 0xB4, 0x0F,
    0x83, 0xD0, 0x3C, 0x1F, 0x01, 0xF0, 0xFC, 0x07, 0xCB, 0xF0, 0x1F, 0xF3, 0xF8, 0x2E, 0x0B, 0x80,
    0x00, 0x0A, 0xA8, 0x00, 0x2F, 0xF8, 0x00, 0x00, 0x00, 0x03, 0xFF, 0xFE, 0x01, 0xFE, 0xBD, 0x00,
    0xF4, 0x1C, 0x01, 0xF0, 0x04, 0x02, 0xF0, 0x00, 0x03, 0xFF, 0xD0, 0x03, 0xEA, 0x80, 0x03, 0xD0,
    0x00, 0x07, 0xC0, 0x20, 0x0B, 0xC0, 0xB0, 0x1F, 0xEA, 0xF0, 0x7F, 0xFF, 0xE0, 0x02, 0xAA, 0x00,
    0xFF, 0xC0, 0x00, 0x00, 0x07, 0xF0, 0x0B, 0xFE, 0x07, 0x87, 0x83, 0xC3, 0xC1, 0xFB, 0xC0, 0x7E,
    0x40, 0x1F, 0x07, 0x03, 0xFF, 0x80, 0x7F, 0x40, 0x00, 0x0C, 0x08, 0x00, 0x1F, 0xB8, 0x00, 0x0B,
    0xE0, 0x00, 0x00, 0x00, 0x03, 0xFF, 0xFE, 0x01, 0xFE, 0xBD, 0x00, 0xF4, 0x1C, 0x01, 0xF0, 0x04,
    0x02, 0xF0, 0x00, 0x03, 0xFF, 0xD0, 0x03, 0xEA, 0x80, 0x03, 0xD0, 0x00, 0x07, 0xC0, 0x20, 0x0B,
    0xC0, 0xB0, 0x1F, 0xEA, 0xF0, 0x7F, 0xFF, 0xE0, 0x02, 0x41, 0x00, 0xFA, 0xC0, 0x1F, 0xC0, 0x00,
    0x00, 0x01, 0xFC, 0x02, 0xFF, 0x81, 0xE1, 0xE0, 0xF0, 0xF0, 0x7E, 0xF0, 0x1F, 0x90, 0x07, 0xC1,
    0xC0, 0xFF, 0xE0, 0x1F, 0xD0, 0x00, 0x00, 0x01, 0x80, 0x00, 0x03, 0xD0, 0x00, 0x03, 0xC0, 0x00,
    0x00, 0x00, 0x03, 0xFF, 0xFE, 0x01, 0xFE, 0xBD, 0x00, 0xF4, 0x1C, 0x01, 0xF0, 0x04, 0x02, 0xF0,
    0x00, 0x03, 0xFF, 0xD0, 0x03, 0xEA, 0x80, 0x03, 0xD0, 0x00, 0x07, 0xC0, 0x20, 0x0B, 0xC0, 0xB0,
    0x1F, 0xEA, 0xF0, 0x7F, 0xFF, 0xE0, 0x00, 0x24, 0x00, 0xBC, 0x00, 0x74, 0x00, 0x00, 0x01, 0xFC,
    0x0B, 0xFE, 0x1E, 0x1E, 0x3C, 0x3C, 0x7E, 0xF0, 0x7E, 0x40, 0x7C, 0x1C, 0x3F, 0xF8, 0x1F, 0xD0,
    0x03, 0xFF, 0xFE, 0x01, 0xFE, 0xBD, 0x00, 0xF4, 0x1C, 0x01, 0xF0, 0x04, 0x02, 0xF0, 0x00, 0x03,
    0xFF, 0xD0, 0x03, 0xEA, 0x80, 0x03, 0xD0, 0x00, 0x07, 0xC0, 0x20, 0x0B, 0xC0, 0xB0, 0x1F, 0xEA,
    0xF0, 0x7F, 0xFF, 0xE0, 0x00, 0x03, 0x80, 0x00, 0x0B, 0x00, 0x00, 0x0F, 0x50, 0x00, 0x07, 0xD0,
    0x01, 0xFC, 0x0B, 0xFE, 0x1E, 0x1E, 0x3C, 0x3C, 0x7E, 0xF0, 0x7E, 0x40, 0x7C, 0x1C, 0x3F, 0xF8,
    0x1F, 0xE0, 0x02, 0x80, 0x03, 0x00, 0x07, 0x40, 0x03, 0xE0, 0x00, 0x28, 0x1C, 0x00, 0x1E, 0xF4,
    0x00, 0x07, 0xC0, 0x00, 0x00, 0x00, 0x03, 0xFF, 0xFE, 0x01, 0xFE, 0xBD, 0x00, 0xF4, 0x1C, 0x01,
    0xF0, 0x04, 0x02, 0xF0, 0x00, 0x03, 0xFF, 0xD0, 0x03, 0xEA, 0x80, 0x03, 0xD0, 0x00, 0x07, 0xC0,
    0x20, 0x0B, 0xC0, 0xB0, 0x1F, 0xEA, 0xF0, 0x7F, 0xFF, 0xE0, 0x02, 0x43, 0x40, 0xB3, 0xC0, 0x1F,
    0xC0, 0x03, 0xC0, 0x00, 0x00, 0x00, 0x7F, 0x00, 0xBF, 0xE0, 0x78, 0x78, 0x3C, 0x3C, 0x1F, 0xBC,
    0x07, 0xE4, 0x01, 0xF0, 0x70, 0x3F, 0xF8, 0x07, 0xF4, 0x00, 0x00, 0x02, 0xE0, 0x00, 0x0B, 0xB4,
    0x00, 0x3C, 0x28, 0x00, 0x00, 0x00, 0x00, 0x2F, 0xF8, 0x02, 0xFF, 0xFD, 0x0B, 0xD0, 0x2C, 0x1F,
    0x40, 0x2C, 0x3F, 0x00, 0x00, 0x3D, 0x00, 0x00, 0x7D, 0x07, 0xFE, 0x7D, 0x01, 0xFC, 0x7E, 0x00,
    0xF8, 0x3F, 0x80, 0xF4, 0x1F, 0xFF, 0xF0, 0x02, 0xFF, 0x80, 0x00, 0x00, 0xF0, 0x00, 0x00, 0xFE,
    0x00, 0x00, 0xB2, 0xC0, 0x00, 0x34, 0x30, 0x00, 0x00, 0x00, 0x00, 0x0B, 0xFF, 0xC0, 0x0F, 0x9F,
    0x40, 0x07, 0x83, 0xC0, 0x02, 0xD0, 0xF0, 0x00, 0x7D, 0xF8, 0x00, 0x0B, 0xF4, 0x00, 0x02, 0xD0,
    0x00, 0x01, 0xF9, 0x00, 0x01, 0xFF, 0xF0, 0x02, 0xE0, 0x7F, 0x00, 0xF0, 0x0B, 0xC0, 0x3F, 0xEF,
    0xC0, 0x02, 0xFF, 0x80, 0x00, 0x00, 0x1C, 0x08, 0x00, 0x1E, 0xB4, 0x00, 0x0B, 0xD0, 0x00, 0x00,
    0x00, 0x00, 0x2F, 0xF8, 0x02, 0xFF, 0xFD, 0x0B, 0xD0, 0x2C, 0x1F, 0x40, 0x2C, 0x3F, 0x00, 0x00,
    0x3D, 0x00, 0x00, 0x7D, 0x07, 0xFE, 0x7D, 0x01, 0xFC, 0x7E, 0x00, 0xF8, 0x3F, 0x80, 0xF4, 0x1F,
    0xFF, 0xF0, 0x02, 0xFF, 0x80, 0x00, 0x09, 0x05, 0x00, 0x03, 0xEB, 0x00, 0x00, 0x7F, 0x00, 0x00,
    0x00, 0x00, 0x00, 0x2F, 0xFF, 0x00, 0x3E, 0x7D, 0x00, 0x1E, 0x0F, 0x00, 0x0B, 0x43, 0xC0, 0x01,
    0xF7, 0xE0, 0x00, 0x2F, 0xD0, 0x00, 0x0B, 0x40, 0x00, 0x07, 0xE4, 0x00, 0x07, 0xFF, 0xC0, 0x0B,
    0x81, 0xFC, 0x03, 0xC0, 0x2F, 0x00, 0xFF, 0xBF, 0x00, 0x0B, 0xFE, 0x00, 0x00, 0x00, 0x01, 0x80,
    0x00, 0x03, 0xD0, 0x00, 0x03, 0x80, 0x00, 0x00, 0x00, 0x00, 0x2F, 0xF8, 0x02, 0xFF, 0xFD, 0x0B,
    0xD0, 0x2C, 0x1F, 0x40, 0x2C, 0x3F, 0x00, 0x00, 0x3D, 0x00, 0x00, 0x7D, 0x07, 0xFE, 0x7D, 0x01,
    0xFC, 0x7E, 0x00, 0xF8, 0x3F, 0x80, 0xF4, 0x1F, 0xFF, 0xF0, 0x02, 0xFF, 0x80, 0x00, 0x00, 0x90,
    0x00, 0x00, 0xBC, 0x00, 0x00, 0x1D, 0x00, 0x00, 0x00, 0x00, 0x00, 0x2F, 0xFF, 0x00, 0x3E, 0x7D,
    0x00, 0x1E, 0x0F, 0x00, 0x0B, 0x43, 0xC0, 0x01, 0xF7, 0xE0, 0x00, 0x2F, 0xD0, 0x00, 0x0B, 0x40,
    0x00, 0x07, 0xE4, 0x00, 0x07, 0xFF, 0xC0, 0x0B, 0x81, 0xFC, 0x03, 0xC0, 0x2F, 0x00, 0xFF, 0xBF,
    0x00, 0x0B, 0xFE, 0x00, 0x00, 0x00, 0x2F, 0xF8, 0x02, 0xFF, 0xFD, 0x0B, 0xD0, 0x2C, 0x1F, 0x40,
    0x2C, 0x3F, 0x00, 0x00, 0x3D, 0x00, 0x00, 0x7D, 0x07, 0xFE, 0x7D, 0x01, 0xFC, 0x7E, 0x00, 0xF8,
    0x3F, 0x80, 0xF4, 0x1F, 0xFF, 0xF0, 0x02, 0xFF, 0x80, 0x00, 0x00, 0x00, 0x00, 0x78, 0x00, 0x00,
    0x3C, 0x00, 0x00, 0x74, 0x00, 0x00, 0xD0, 0x00, 0x00, 0x00, 0x70, 0x00, 0x00, 0x34, 0x00, 0x00,
    0x2C, 0x00, 0x00, 0x0F, 0x00, 0x00, 0x02, 0xC0, 0x00, 0x00, 0x00, 0x00, 0x02, 0xFF, 0xF0, 0x03,
    0xE7, 0xD0, 0x01, 0xE0, 0xF0, 0x00, 0xB4, 0x3C, 0x00, 0x1F, 0x7E, 0x00, 0x02, 0xFD, 0x00, 0x00,
    0xB4, 0x00, 0x00, 0x7E, 0x40, 0x00, 0x7F, 0xFC, 0x00, 0xB8, 0x1F, 0xC0, 0x3C, 0x02, 0xF0, 0x0F,
    0xFB, 0xF0, 0x00, 0xBF, 0xE0, 0x00, 0x00, 0x00, 0x3C, 0x00, 0x00, 0x01, 0xEF, 0x00, 0x00, 0x07,
    0x83, 0x40, 0x00, 0x00, 0x00, 0x00, 0x03, 0xFF, 0x0F, 0xFC, 0x01, 0xFC, 0x07, 0xE0, 0x00, 0xF4,
    0x03, 0xD0, 0x01, 0xF0, 0x07, 0xC0, 0x02, 0xF0, 0x0B, 0xC0, 0x03, 0xFF, 0xFF, 0x80, 0x03, 0xFA,
    0xAF, 0x80, 0x03, 0xD0, 0x1F, 0x40, 0x07, 0xC0, 0x1F, 0x00, 0x0B, 0xC0, 0x2F, 0x00, 0x1F, 0xD0,
    0x7F, 0x40, 0x7F, 0xF1, 0xFF, 0xC0, 0x00, 0xF0, 0x00, 0x7F, 0xC0, 0x0D, 0x0C, 0x00, 0x00, 0x00,
    0x1F, 0xC0, 0x01, 0xBC, 0x00, 0x07, 0xC0, 0x00, 0xB8, 0x00, 0x0F, 0x5F, 0x80, 0xF7, 0xFC, 0x1F,
    0xC7, 0xC2, 0xF4, 0xB8, 0x2F, 0x0F, 0x43, 0xD0, 0xF0, 0x3C, 0x1F, 0x07, 0xC2, 0xFE, 0xB8, 0x1F,
    0x80, 0x03, 0xFF, 0x0F, 0xFC, 0x01, 0xFC, 0x07, 0xE0, 0x00, 0xF4, 0x03, 0xD0, 0x0F, 0xFF, 0xFF,
    0xFC, 0x02, 0xF0, 0x0B, 0xC0, 0x03, 0xFF, 0xFF, 0xC0, 0x03, 0xFA, 0xAF, 0x80, 0x03, 0xD0, 0x1F,
    0x40, 0x07, 0xC0, 0x1F, 0x00, 0x0B, 0xC0, 0x2F, 0x00, 0x1F, 0xD0, 0x7F, 0x40, 0x7F, 0xF1, 0xFF,
    0xC0, 0x1F, 0xC0, 0x02, 0xBC, 0x00, 0x3F, 0xF8, 0x00, 0xB8, 0x00, 0x0F, 0x5F, 0x80, 0xF7, 0xFC,
    0x1F, 0xC7, 0xC2, 0xF4, 0xB8, 0x3F, 0x0F, 0x43, 0xD0, 0xF0, 0x3C, 0x1F, 0x07, 0xC2, 0xFE, 0xB8,
    0x1F, 0x80, 0x00, 0xF1, 0x80, 0xFF, 0xE0, 0x20, 0xF0, 0x00, 0x00, 0x03, 0xFF, 0x00, 0x7F, 0x40,
    0x0F, 0x40, 0x07, 0xC0, 0x02, 0xF0, 0x00, 0xFC, 0x00, 0x3E, 0x00, 0x0F, 0x40, 0x07, 0xC0, 0x02,
    0xF0, 0x01, 0xFD, 0x01, 0xFF, 0xC0, 0x0B, 0x4C, 0x1E, 0xEC, 0x14, 0xF4, 0x00, 0x00, 0x2F, 0x40,
    0x2F, 0x40, 0x0F, 0x40, 0x1F, 0x00, 0x2E, 0x00, 0x3D, 0x00, 0x3C, 0x00, 0x3F, 0xC0, 0x3E, 0x00,
    0x01, 0xAA, 0x40, 0xBF, 0xE0, 0x00, 0x00, 0x0F, 0xFC, 0x01, 0xFD, 0x00, 0x3D, 0x00, 0x1F, 0x00,
    0x0B, 0xC0, 0x03, 0xF0, 0x00, 0xF8, 0x00, 0x3D, 0x00, 0x1F, 0x00, 0x0B, 0xC0, 0x07, 0xF4, 0x07,
    0xFF, 0x00, 0x0A, 0xA4, 0x7F, 0xE0, 0x00, 0x0B, 0xD0, 0x2F, 0x40, 0x3D, 0x01, 0xF0, 0x0B, 0x80,
    0x3D, 0x00, 0xF0, 0x03, 0xFC, 0x0F, 0x80, 0x01, 0x80, 0x40, 0xBA, 0xD0, 0x0B, 0xD0, 0x00, 0x00,
    0x03, 0xFF, 0x00, 0x7F, 0x40, 0x0F, 0x40, 0x07, 0xC0, 0x02, 0xF0, 0x00, 0xFC, 0x00, 0x3E, 0x00,
    0x0F, 0x40, 0x07, 0xC0, 0x02, 0xF0, 0x01, 0xFD, 0x01, 0xFF, 0xC0, 0x0C, 0x08, 0x7E, 0xE0, 0xBE,
    0x00, 0x00, 0x2F, 0x40, 0xBD, 0x00, 0xF4, 0x07, 0xC0, 0x2E, 0x00, 0xF4, 0x03, 0xC0, 0x0F, 0xF0,
    0x3E, 0x00, 0x03, 0xFF, 0x00, 0x7F, 0x40, 0x0F, 0x40, 0x07, 0xC0, 0x02, 0xF0, 0x00, 0xFC, 0x00,
    0x3E, 0x00, 0x0F, 0x40, 0x07, 0xC0, 0x02, 0xF0, 0x01, 0xFD, 0x01, 0xFF, 0xC0, 0x01, 0xC0, 0x00,
    0xD0, 0x00, 0x79, 0x00, 0x0F, 0x80, 0x01, 0x80, 0x3E, 0x03, 0xC0, 0x00, 0x2F, 0x42, 0xF4, 0x0F,
    0x41, 0xF0, 0x2E, 0x03, 0xD0, 0x3C, 0x07, 0xFC, 0x3E, 0x02, 0xC0, 0x34, 0x07, 0x40, 0x3E, 0x00,
    0x00, 0x18, 0x00, 0x0F, 0x00, 0x03, 0x80, 0x00, 0x00, 0x03, 0xFF, 0x00, 0x7F, 0x40, 0x0F, 0x40,
    0x07, 0xC0, 0x02, 0xF0, 0x00, 0xFC, 0x00, 0x3E, 0x00, 0x0F, 0x40, 0x07, 0xC0, 0x02, 0xF0, 0x01,
    0xFD, 0x01, 0xFF, 0xC0, 0x2F, 0x42, 0xF4, 0x0F, 0x41, 0xF0, 0x2E, 0x03, 0xD0, 0x3C, 0x03, 0xFC,
    0x3E, 0x00, 0x03, 0xFF, 0x1F, 0xFC, 0x01, 0xFD, 0x0B, 0xE0, 0x00, 0xF4, 0x07, 0xD0, 0x01, 0xF0,
    0x07, 0xC0, 0x02, 0xF0, 0x0B, 0xC0, 0x03, 0xF0, 0x0F, 0x80, 0x03, 0xE0, 0x0F, 0x40, 0x03, 0xD0,
    0x1F, 0x00, 0x07, 0xC0, 0x2F, 0x00, 0x0B, 0xC0, 0x3F, 0x00, 0x1F, 0xD0, 0x3E, 0x00, 0x7F, 0xF0,
    0x7C, 0x00, 0x00, 0x24, 0xF8, 0x00, 0x00, 0x3F, 0xF0, 0x00, 0x00, 0x3F, 0x80, 0x00, 0x01, 0x80,
    0x28, 0x03, 0xE0, 0x7D, 0x03, 0xC0, 0x78, 0x00, 0x00, 0x00, 0x2F, 0x42, 0xF0, 0x2F, 0x46, 0xF4,
    0x0F, 0x40, 0xF0, 0x1F, 0x01, 0xF0, 0x2E, 0x02, 0xE0, 0x3D, 0x03, 0xE0, 0x3C, 0x03, 0xD0, 0x3F,
    0xC7, 0xC0, 0x3E, 0x0B, 0xC0, 0x00, 0x0F, 0x40, 0x01, 0x0F, 0x00, 0x0F, 0xFD, 0x00, 0x07, 0xF4,
    0x00, 0x00, 0x01, 0xE0, 0x00, 0x0B, 0xB8, 0x00, 0x2D, 0x1C, 0x00, 0x00, 0x00, 0x00, 0x3F, 0xF4,
    0x00, 0x1F, 0xD0, 0x00, 0x0F, 0x80, 0x00, 0x0F, 0x40, 0x00, 0x1F, 0x00, 0x00, 0x2F, 0x00, 0x00,
    0x3E, 0x00, 0x00, 0x3D, 0x00, 0x00, 0x7C, 0x00, 0x00, 0xBC, 0x00, 0x00, 0xFC, 0x00, 0x00, 0xF4,
    0x00, 0x52, 0xF0, 0x00, 0xFF, 0xD0, 0x00, 0xBE, 0x00, 0x00, 0x00, 0x01, 0xE0, 0x00, 0x0F, 0xD0,
    0x00, 0xF3, 0x80, 0x07, 0x06, 0x00, 0x00, 0x00, 0x00, 0xBE, 0x00, 0x02, 0xFC, 0x00, 0x02, 0xE0,
    0x00, 0x0F, 0x40, 0x00, 0x3C, 0x00, 0x01, 0xF0, 0x00, 0x0B, 0xC0, 0x00, 0x3E, 0x00, 0x00, 0xF4,
    0x00, 0x07, 0xC0, 0x04, 0x2E, 0x00, 0x7F, 0xF0, 0x00, 0xFE, 0x00, 0x00, 0x03, 0xFF, 0x3F, 0xE0,
    0x1F, 0x81, 0xF8, 0x00, 0xF4, 0x3D, 0x00, 0x1F, 0x1F, 0x40, 0x02, 0xF7, 0xC0, 0x00, 0x3F, 0xF0,
    0x00, 0x03, 0xFF, 0x00, 0x00, 0x3D, 0xFC, 0x00, 0x07, 0xC7, 0xE0, 0x00, 0xBC, 0x2F, 0x40, 0x1F,
    0xD0, 0xFE, 0x07, 0xFF, 0x03, 0xF0, 0x00, 0x00, 0x00, 0x00, 0x01, 0xD0, 0x00, 0x00, 0x1E, 0x00,
    0x00, 0x02, 0xC0, 0x00, 0x00, 0x74, 0x00, 0x00, 0x1F, 0xC0, 0x06, 0xF0, 0x00, 0x7C, 0x00, 0x2E,
    0x00, 0x0F, 0x1F, 0x43, 0xEF, 0xE1, 0xF8, 0x78, 0xBC, 0x3C, 0x2E, 0xBC, 0x0F, 0xF8, 0x03, 0xDF,
    0x01, 0xF1, 0xFD, 0xB8, 0x1F, 0x00, 0x00, 0x00, 0x38, 0x00, 0x0F, 0x00, 0x03, 0x40, 0x02, 0x80,
    0x00, 0x2F, 0x43, 0xC2, 0xF4, 0xFC, 0x0F, 0x79, 0x40, 0xFE, 0x00, 0x1F, 0xE0, 0x02, 0xEF, 0x00,
    0x3D, 0xB8, 0x83, 0xC3, 0xFC, 0x7C, 0x1F, 0x00, 0x00, 0x02, 0x00, 0x00, 0x3D, 0x00, 0x07, 0xF0,
    0x00, 0x29, 0x00, 0x00, 0x00, 0x00, 0x0F, 0xFC, 0x00, 0x1F, 0xC0, 0x00, 0x3D, 0x00, 0x01, 0xF0,
    0x00, 0x0B, 0xC0, 0x00, 0x3F, 0x00, 0x00, 0xF8, 0x00, 0x03, 0xD0, 0x00, 0x1F, 0x00, 0xC0, 0xBC,
    0x0B, 0x07, 0xFA, 0xBC, 0x7F, 0xFF, 0xD0, 0x00, 0x24, 0x0B, 0xD0, 0xE8, 0x00, 0x00, 0x1F, 0xC0,
    0x6F, 0x00, 0x7C, 0x02, 0xE0, 0x0F, 0x40, 0x3C, 0x01, 0xF0, 0x0B, 0xC0, 0x3E, 0x00, 0xF4, 0x03,
    0xC0, 0x1F, 0xF0, 0x3E, 0x00, 0x03, 0xFF, 0x00, 0x07, 0xF0, 0x00, 0x0F, 0x40, 0x00, 0x7C, 0x00,
    0x02, 0xF0, 0x00, 0x0F, 0xC0, 0x00, 0x3E, 0x00, 0x00, 0xF4, 0x00, 0x07, 0xC0, 0x30, 0x2F, 0x02,
    0xC1, 0xFE, 0xAF, 0x1F, 0xFF, 0xF4, 0x00, 0x00, 0x00, 0x02, 0xC0, 0x00, 0x0B, 0x40, 0x00, 0x3C,
    0x00, 0x02, 0xC0, 0x00, 0x07, 0xF0, 0x1B, 0xC0, 0x1F, 0x00, 0xB8, 0x03, 0xD0, 0x0F, 0x00, 0x7C,
    0x02, 0xF0, 0x0F, 0x80, 0x3D, 0x00, 0xF0, 0x07, 0xFC, 0x0F, 0x80, 0x00, 0x01, 0xD0, 0x07, 0x40,
    0x1C, 0x00, 0xD0, 0x00, 0x00, 0x00, 0x28, 0x00, 0x00, 0xF0, 0x3F, 0xF7, 0x40, 0x7F, 0x1C, 0x00,
    0xF4, 0x00, 0x07, 0xC0, 0x00, 0x2F, 0x00, 0x00, 0xFC, 0x00, 0x03, 0xE0, 0x00, 0x0F, 0x40, 0x00,
    0x7C, 0x03, 0x02, 0xF0, 0x2C, 0x1F, 0xEA, 0xF1, 0xFF, 0xFF, 0x40, 0x1F, 0xCB, 0x06, 0xF3, 0xC0,
    0x7C, 0xD0, 0x2E, 0x30, 0x0F, 0x40, 0x03, 0xC0, 0x01, 0xF0, 0x00, 0xBC, 0x00, 0x3E, 0x00, 0x0F,
    0x40, 0x03, 0xC0, 0x01, 0xFF, 0x00, 0x3E, 0x00, 0x00, 0x03, 0xFF, 0x00, 0x07, 0xF0, 0x00, 0x0F,
    0x40, 0x00, 0x7C, 0x00, 0x02, 0xF0, 0x24, 0x0F, 0xC3, 0xE0, 0x3E, 0x0B, 0x00, 0xF4, 0x00, 0x07,
    0xC0, 0x30, 0x2F, 0x02, 0xC1, 0xFE, 0xAF, 0x1F, 0xFF, 0xF4, 0x1F, 0xC0, 0x1B, 0xC0, 0x07, 0xC0,
    0x0B, 0x80, 0x0F, 0x40, 0x0F, 0x00, 0x1F, 0x09, 0x2F, 0x3E, 0x3E, 0x2C, 0x3D, 0x00, 0x3C, 0x00,
    0x7F, 0xC0, 0x3E, 0x00, 0x03, 0xFF, 0x00, 0x07, 0xF0, 0x00, 0x0F, 0x40, 0x00, 0x7C, 0x00, 0x02,
    0xFB, 0x00, 0x0F, 0xE0, 0x01, 0xFE, 0x00, 0x0E, 0xF4, 0x00, 0x07, 0xC0, 0x30, 0x2F, 0x02, 0xC1,
    0xFE, 0xAF, 0x1F, 0xFF, 0xF4, 0x07, 0xF0, 0x06, 0xF0, 0x01, 0xF0, 0x02, 0xE0, 0x03, 0xD0, 0x03,
    0xF8, 0x07, 0xD0, 0x3F, 0xC0, 0x1F, 0x80, 0x0F, 0x40, 0x0F, 0x00, 0x1F, 0xF0, 0x0F, 0x80, 0x00,
    0x00, 0x05, 0x00, 0x00, 0x00, 0x2E, 0x00, 0x00, 0x00, 0xFC, 0x00, 0x00, 0x02, 0x90, 0x00, 0x00,
    0x00, 0x00, 0x00, 0x03, 0xFC, 0x0F, 0xFC, 0x01, 0xFC, 0x07, 0xE0, 0x00, 0xFE, 0x03, 0xC0, 0x01,
    0xFF, 0x03, 0xC0, 0x02, 0xEF, 0x83, 0x80, 0x03, 0xCB, 0xC7, 0x80, 0x03, 0xC7, 0xDB, 0x40, 0x03,
    0xC3, 0xFF, 0x00, 0x07, 0x81, 0xFF, 0x00, 0x0B, 0x40, 0xFE, 0x00, 0x1F, 0x80, 0x7D, 0x00, 0x7F,
    0xD0, 0x3C, 0x00, 0x00, 0x02, 0x40, 0x00, 0x1F, 0x00, 0x00, 0xF0, 0x00, 0x03, 0x00, 0x00, 0x00,
    0x00, 0xBD, 0x2F, 0x02, 0xFB, 0xFD, 0x03, 0xF4, 0xF0, 0x0F, 0x87, 0xC0, 0x7C, 0x2E, 0x02, 0xF0,
    0xF4, 0x0F, 0x83, 0xC0, 0x3D, 0x0F, 0xF1, 0xF0, 0x3E, 0x00, 0x03, 0xFC, 0x0F, 0xFC, 0x01, 0xFC,
    0x07, 0xE0, 0x00, 0xFE, 0x03, 0xC0, 0x01, 0xFF, 0x03, 0xC0, 0x02, 0xEF, 0x83, 0x80, 0x03, 0xCB,
    0xC7, 0x80, 0x03, 0xC7, 0xDB, 0x40, 0x03, 0xC3, 0xFF, 0x00, 0x07, 0x81, 0xFF, 0x00, 0x0B, 0x40,
    0xFE, 0x00, 0x1F, 0x80, 0x7D, 0x00, 0x7F, 0xD0, 0x3C, 0x00, 0x00, 0x00, 0x00, 0x00, 0x00, 0x1E,
    0x00, 0x00, 0x00, 0x1E, 0x00, 0x00, 0x00, 0x1D, 0x00, 0x00, 0x00, 0x34, 0x00, 0x00, 0x2F, 0x4B,
    0xC0, 0xBE, 0xFF, 0x40, 0xFD, 0x3C, 0x03, 0xE1, 0xF0, 0x1F, 0x0B, 0x80, 0xBC, 0x3D, 0x03, 0xE0,
    0xF0, 0x0F, 0x43, 0xFC, 0x7C, 0x0F, 0x80, 0x00, 0x00, 0x00, 0x1D, 0x00, 0x00, 0x74, 0x00, 0x01,
    0xC0, 0x00, 0x0D, 0x00, 0x00, 0x00, 0x0A, 0x0B, 0x00, 0x00, 0x07, 0xBC, 0x00, 0x00, 0x01, 0xF0,
    0x00, 0x00, 0x00, 0x00, 0x00, 0x03, 0xFC, 0x0F, 0xFC, 0x01, 0xFC, 0x07, 0xE0, 0x00, 0xFE, 0x03,
    0xC0, 0x01, 0xFF, 0x03, 0xC0, 0x02, 0xEF, 0x83, 0x80, 0x03, 0xCB, 0xC7, 0x80, 0x03, 0xC7, 0xDB,
    0x40, 0x03, 0xC3, 0xFF, 0x00, 0x07, 0x81, 0xFF, 0x00, 0x0B, 0x40, 0xFE, 0x00, 0x1F, 0x80, 0x7D,
    0x00, 0x7F, 0xD0, 0x3C, 0x00, 0x00, 0xC1, 0xC0, 0x03, 0x9D, 0x00, 0x0B, 0xE0, 0x00, 0x0F, 0x00,
    0x00, 0x00, 0x00, 0xBD, 0x2F, 0x02, 0xFB, 0xFD, 0x03, 0xF4, 0xF0, 0x0F, 0x87, 0xC0, 0x7C, 0x2E,
    0x02, 0xF0, 0xF4, 0x0F, 0x83, 0xC0, 0x3D, 0x0F, 0xF1, 0xF0, 0x3E, 0x00, 0x1E, 0x00, 0x00, 0x07,
    0x80, 0x00, 0x02, 0xD0, 0x00, 0x00, 0xF0, 0x00, 0x00, 0xB1, 0xFC, 0x7D, 0x00, 0x6F, 0x7F, 0xC0,
    0x07, 0xF1, 0xF0, 0x02, 0xF4, 0xB8, 0x00, 0xBC, 0x3D, 0x00, 0x3D, 0x0F, 0x00, 0x0F, 0x07, 0xC0,
    0x07, 0xC2, 0xFE, 0x02, 0xE0, 0x7E, 0x00, 0x03, 0xFC, 0x0F, 0xFC, 0x01, 0xFC, 0x07, 0xE0, 0x00,
    0xFE, 0x03, 0xC0, 0x01, 0xFF, 0x03, 0xC0, 0x02, 0xEF, 0x83, 0xC0, 0x03, 0xCF, 0xC7, 0x80, 0x03,
    0xC7, 0xDB, 0x40, 0x03, 0xC3, 0xFF, 0x00, 0x07, 0x81, 0xFF, 0x00, 0x0B, 0x40, 0xFE, 0x00, 0x1F,
    0x80, 0xBD, 0x00, 0x7F, 0xD0, 0x3C, 0x00, 0x00, 0x04, 0x3C, 0x00, 0x00, 0x2F, 0xF0, 0x00, 0x00,
    0x1F, 0x80, 0x00, 0x2F, 0x4B, 0xC2, 0xFB, 0xFD, 0x0F, 0xD3, 0xC0, 0xF8, 0x3C, 0x1F, 0x07, 0xC2,
    0xF0, 0xB8, 0x3E, 0x0F, 0x43, 0xD0, 0xF0, 0x7C, 0x1F, 0x00, 0x03, 0xD0, 0x04, 0x3C, 0x00, 0xFF,
    0x40, 0x0F, 0xD0, 0x00, 0x00, 0x2A, 0xA0, 0x00, 0x0F, 0xFD, 0x00, 0x00, 0x00, 0x00, 0x01, 0xBF,
    0x80, 0x03, 0xFF, 0xFC, 0x03, 0xF4, 0x2F, 0x82, 0xF4, 0x03, 0xF0, 0xFC, 0x00, 0xFC, 0x7E, 0x00,
    0x3F, 0x1F, 0x40, 0x0F, 0xC7, 0xD0, 0x07, 0xE1, 0xF8, 0x03, 0xF0, 0x3F, 0x02, 0xF4, 0x07, 0xFF,
    0xF4, 0x00, 0x7F, 0xE0, 0x00, 0x00, 0xAA, 0x80, 0x1F, 0xFC, 0x00, 0x00, 0x00, 0x1F, 0xD0, 0x0B,
    0xFF, 0x42, 0xF0, 0xF8, 0x3D, 0x0B, 0x87, 0xC0, 0xF8, 0x7C, 0x0F, 0x47, 0xC2, 0xF0, 0x3F, 0xFC,
    0x01, 0xFE, 0x00, 0x00, 0x28, 0x14, 0x00, 0x0F, 0xAC, 0x00, 0x01, 0xFC, 0x00, 0x00, 0x00, 0x00,
    0x00, 0x6F, 0xE0, 0x00, 0xFF, 0xFF, 0x00, 0xFD, 0x0B, 0xE0, 0xBD, 0x00, 0xFC, 0x3F, 0x00, 0x3F,
    0x1F, 0x80, 0x0F, 0xC7, 0xD0, 0x03, 0xF1, 0xF4, 0x01, 0xF8, 0x7E, 0x00, 0xFC, 0x0F, 0xC0, 0xBD,
    0x01, 0xFF, 0xFD, 0x00, 0x1F, 0xF8, 0x00, 0x00, 0xC0, 0x80, 0x1F, 0xB8, 0x00, 0xBE, 0x00, 0x00,
    0x00, 0x01, 0xFD, 0x00, 0xBF, 0xF4, 0x2F, 0x0F, 0x83, 0xD0, 0xB8, 0x7C, 0x0F, 0x87, 0xC0, 0xF4,
    0x7C, 0x2F, 0x03, 0xFF, 0xC0, 0x1F, 0xE0, 0x00, 0x00, 0x01, 0x42, 0x40, 0x02, 0xF2, 0xE0, 0x03,
    0xE7, 0xE0, 0x01, 0x91, 0x80, 0x00, 0x00, 0x00, 0x00, 0x1B, 0xF8, 0x00, 0x3F, 0xFF, 0xC0, 0x3F,
    0x42, 0xF8, 0x2F, 0x40, 0x3F, 0x0F, 0xC0, 0x0F, 0xC7, 0xE0, 0x03, 0xF1, 0xF4, 0x00, 0xFC, 0x7D,
    0x00, 0x7E, 0x1F, 0x80, 0x3F, 0x03, 0xF0, 0x2F, 0x40, 0x7F, 0xFF, 0x40, 0x07, 0xFE, 0x00, 0x00,
    0x00, 0x24, 0x90, 0x07, 0x9E, 0x00, 0xF3, 0xC0, 0x08, 0x60, 0x00, 0x00, 0x00, 0x1F, 0xD0, 0x0B,
    0xFF, 0x42, 0xF0, 0xF8, 0x3D, 0x0B, 0x87, 0xC0, 0xF8, 0x7C, 0x0F, 0x47, 0xC2, 0xF0, 0x3F, 0xFC,
    0x01, 0xFE, 0x00, 0x00, 0x6F, 0xFF, 0xFF, 0xC0, 0xBF, 0xAF, 0xEA, 0xE0, 0xBD, 0x03, 0xD0, 0x34,
    0x7D, 0x00, 0xF4, 0x04, 0x3F, 0x00, 0x7C, 0x00, 0x0F, 0x40, 0x2F, 0xFF, 0x07, 0xC0, 0x0B, 0xEA,
    0x01, 0xF0, 0x03, 0xD0, 0x00, 0x7D, 0x00, 0xF0, 0x08, 0x0F, 0xC0, 0x7C, 0x07, 0x41, 0xFE, 0xBF,
    0xAB, 0xC0, 0x1B, 0xFF, 0xFF, 0xF0, 0x01, 0xFD, 0x1F, 0xC0, 0xBF, 0xFB, 0xFD, 0x2F, 0x0F, 0xD2,
    0xD3, 0xD0, 0xBC, 0x7C, 0x7C, 0x0F, 0xBE, 0x07, 0xC0, 0xFE, 0x00, 0x7C, 0x2F, 0x81, 0xC3, 0xFF,
    0xFE, 0xF8, 0x1F, 0xD2, 0xF8, 0x00, 0x00, 0x00, 0x20, 0x00, 0x00, 0x7C, 0x00, 0x00, 0xBE, 0x00,
    0x00, 0x38, 0x00, 0x00, 0x00, 0x00, 0x00, 0xBF, 0xF8, 0x00, 0xFF, 0xEF, 0xC0, 0x03, 0xD2, 0xF0,
    0x01, 0xF0, 0x7C, 0x00, 0xBC, 0x3F, 0x00, 0x3F, 0xBF, 0x00, 0x0F, 0xFD, 0x00, 0x03, 0xCF, 0x80,
    0x01, 0xF1, 0xF0, 0x00, 0xBC, 0x3F, 0x00, 0x7F, 0x47, 0xF4, 0x7F, 0xF0, 0x7E, 0x00, 0x00, 0x06,
    0x00, 0x03, 0xC0, 0x02, 0xD0, 0x00, 0x90, 0x00, 0x00, 0x0B, 0xD3, 0xC2, 0xF7, 0xF0, 0x3E, 0xD8,
    0x0F, 0xC0, 0x03, 0xE0, 0x01, 0xF0, 0x00, 0xB8, 0x00, 0x3D, 0x00, 0x0F, 0x00, 0x00, 0x02, 0xFF,
    0xE0, 0x03, 0xFF, 0xBF, 0x00, 0x0F, 0x4B, 0xC0, 0x07, 0xC1, 0xF0, 0x02, 0xF0, 0xFC, 0x00, 0xFE,
    0xFC, 0x00, 0x3F, 0xF4, 0x00, 0x0F, 0x3E, 0x00, 0x07, 0xC7, 0xC0, 0x02, 0xF0, 0xFC, 0x01, 0xFD,
    0x1F, 0xD1, 0xFF, 0xC1, 0xF8, 0x00, 0x00, 0x00, 0x00, 0x0F, 0x00, 0x00, 0x03, 0xC0, 0x00, 0x00,
    0xF0, 0x00, 0x00, 0xA0, 0x00, 0x00, 0x0B, 0xD3, 0xC0, 0xBD, 0xFC, 0x03, 0xED, 0x80, 0x3F, 0x00,
    0x03, 0xE0, 0x00, 0x7C, 0x00, 0x0B, 0x80, 0x00, 0xF4, 0x00, 0x0F, 0x00, 0x00, 0x00, 0x00, 0x1D,
    0x00, 0x01, 0xE0, 0x00, 0x1C, 0x00, 0x03, 0x40, 0x00, 0x00, 0x30, 0x38, 0x00, 0x0F, 0xB8, 0x00,
    0x00, 0xF4, 0x00, 0x00, 0x00, 0x00, 0x02, 0xFF, 0xE0, 0x03, 0xFF, 0xBF, 0x00, 0x0F, 0x4B, 0xC0,
    0x07, 0xC1, 0xF0, 0x02, 0xF0, 0xFC, 0x00, 0xFE, 0xFC, 0x00, 0x3F, 0xF4, 0x00, 0x0F, 0x3E, 0x00,
    0x07, 0xC7, 0xC0, 0x02, 0xF0, 0xFC, 0x01, 0xFD, 0x1F, 0xD1, 0xFF, 0xC1, 0xF8, 0x02, 0x43, 0x40,
    0xB3, 0xC0, 0x1F, 0xC0, 0x03, 0xC0, 0x00, 0x00, 0x0B, 0xD3, 0xC2, 0xF7, 0xF0, 0x3E, 0xD8, 0x0F,
    0xC0, 0x03, 0xE0, 0x01, 0xF0, 0x00, 0xB8, 0x00, 0x3D, 0x00, 0x0F, 0x00, 0x00, 0x00, 0x00, 0x50,
    0x00, 0x0B, 0x80, 0x00, 0xFD, 0x00, 0x07, 0x40, 0x00, 0x00, 0x00, 0x01, 0xFF, 0x40, 0x2F, 0xFF,
    0x01, 0xF4, 0x3C, 0x07, 0xC0, 0xD0, 0x1F, 0xD0, 0x00, 0x3F, 0xE0, 0x00, 0x2F, 0xE0, 0x04, 0x1F,
    0xC0, 0xB0, 0x1F, 0x43, 0xD0, 0xBC, 0x0F, 0xFF, 0xD0, 0x0B, 0xF8, 0x00, 0x00, 0x02, 0x40, 0x01,
    0xF0, 0x00, 0xF0, 0x00, 0x30, 0x00, 0x00, 0x00, 0x2F, 0x80, 0x3F, 0xF0, 0x2E, 0x04, 0x0B, 0xE0,
    0x00, 0xBF, 0x00, 0x07, 0xD0, 0xF0, 0xF4, 0x3F, 0xFC, 0x03, 0xF8, 0x00, 0x00, 0x0B, 0x80, 0x00,
    0xBB, 0x80, 0x0F, 0x47, 0x00, 0x00, 0x00, 0x00, 0x7F, 0xD0, 0x0B, 0xFF, 0xC0, 0x7D, 0x0F, 0x01,
    0xF0, 0x34, 0x07, 0xF4, 0x00, 0x0F, 0xF8, 0x00, 0x0B, 0xF8, 0x01, 0x07, 0xF0, 0x2C, 0x07, 0xD0,
    0xF4, 0x2F, 0x03, 0xFF, 0xF4, 0x02, 0xFE, 0x00, 0x00, 0x1D, 0x00, 0x1F, 0xC0, 0x0E, 0x34, 0x0B,
    0x09, 0x00, 0x00, 0x00, 0x2F, 0x80, 0x3F, 0xF0, 0x2E, 0x04, 0x0B, 0xE0, 0x00, 0xBF, 0x00, 0x07,
    0xD0, 0xF0, 0xF4, 0x3F, 0xFC, 0x03, 0xF8, 0x00, 0x00, 0x7F, 0xD0, 0x0B, 0xFF, 0xC0, 0x7D, 0x0F,
    0x01, 0xF0, 0x34, 0x07, 0xF4, 0x00, 0x0F, 0xF8, 0x00, 0x0B, 0xF8, 0x01, 0x07, 0xF0, 0x2C, 0x07,
    0xD0, 0xF4, 0x2F, 0x03, 0xFF, 0xF4, 0x02, 0xFE, 0x00, 0x00, 0x00, 0x00, 0x07, 0xC0, 0x00, 0x0B,
    0x00, 0x00, 0x78, 0x00, 0x02, 0x40, 0x00, 0x00, 0xBE, 0x00, 0xFF, 0xC0, 0xB8, 0x10, 0x2F, 0x80,
    0x02, 0xFC, 0x00, 0x1F, 0x43, 0xC3, 0xD0, 0xFF, 0xF0, 0x0F, 0xE0, 0x00, 0x00, 0x00, 0x3C, 0x00,
    0x0B, 0x00, 0x03, 0x80, 0x02, 0x40, 0x00, 0x00, 0xA0, 0x74, 0x01, 0xEB, 0x40, 0x01, 0xF0, 0x00,
    0x00, 0x00, 0x00, 0x7F, 0xD0, 0x0B, 0xFF, 0xC0, 0x7D, 0x0F, 0x01, 0xF0, 0x34, 0x07, 0xF4, 0x00,
    0x0F, 0xF8, 0x00, 0x0B, 0xF8, 0x01, 0x07, 0xF0, 0x2C, 0x07, 0xD0, 0xF4, 0x2F, 0x03, 0xFF, 0xF4,
    0x02, 0xFE, 0x00, 0x00, 0xC1, 0xC0, 0x0E, 0x74, 0x00, 0xBE, 0x00, 0x03, 0x80, 0x00, 0x00, 0x00,
    0x0B, 0xE0, 0x03, 0xFF, 0x00, 0xB8, 0x10, 0x0B, 0xE0, 0x00, 0x2F, 0xC0, 0x00, 0x7D, 0x03, 0xC3,
    0xD0, 0x3F, 0xFC, 0x00, 0xFE, 0x00, 0x7F, 0xFF, 0xFE, 0xEB, 0xFA, 0xEF, 0x0F, 0x87, 0x68, 0x3D,
    0x1C, 0x01, 0xF0, 0x00, 0x0B, 0xC0, 0x00, 0x3E, 0x00, 0x00, 0xF8, 0x00, 0x03, 0xD0, 0x00, 0x1F,
    0x00, 0x01, 0xFD, 0x00, 0x1F, 0xFC, 0x00, 0x00, 0x00, 0x00, 0x7C, 0x00, 0x00, 0xB0, 0x00, 0x03,
    0x80, 0x00, 0x24, 0x00, 0x00, 0x02, 0xC0, 0x07, 0xC0, 0x2F, 0xFC, 0x2F, 0xA4, 0x0F, 0x40, 0x1F,
    0x00, 0x1F, 0x00, 0x2E, 0x00, 0x3E, 0x14, 0x3F, 0xF4, 0x1F, 0x90, 0x00, 0x00, 0x1E, 0x00, 0x0B,
    0x00, 0x1D, 0x00, 0x24, 0x00, 0x01, 0xC1, 0xD0, 0x03, 0xED, 0x00, 0x07, 0xC0, 0x00, 0x00, 0x00,
    0x7F, 0xFF, 0xFE, 0xEB, 0xFA, 0xEF, 0x0F, 0x87, 0x68, 0x3D, 0x1C, 0x01, 0xF0, 0x00, 0x0B, 0xC0,
    0x00, 0x3E, 0x00, 0x00, 0xF8, 0x00, 0x03, 0xD0, 0x00, 0x1F, 0x00, 0x01, 0xFD, 0x00, 0x1F, 0xFC,
    0x00, 0x00, 0x07, 0x00, 0x02, 0xC0, 0x00, 0xD0, 0x0B, 0x20, 0x07, 0xC0, 0x0B, 0xFF, 0x02, 0xFA,
    0x40, 0x3D, 0x00, 0x1F, 0x00, 0x07, 0xC0, 0x02, 0xE0, 0x00, 0xF8, 0x50, 0x3F, 0xF4, 0x07, 0xE4,
    0x00, 0x7F, 0xFF, 0xFE, 0xEB, 0xFA, 0xEF, 0x0F, 0x87, 0x68, 0x3D, 0x1C, 0x01, 0xF0, 0x00, 0xBF,
    0xFC, 0x00, 0x3E, 0x00, 0x00, 0xF4, 0x00, 0x07, 0xD0, 0x00, 0x1F, 0x00, 0x01, 0xFD, 0x00, 0x1F,
    0xFC, 0x00, 0x02, 0xC0, 0x07, 0xC0, 0x2F, 0xFC, 0x2F, 0xA4, 0x0F, 0x00, 0xFF, 0xF0, 0x2F, 0x00,
    0x2E, 0x00, 0x3E, 0x14, 0x3F, 0xF4, 0x1F, 0x90, 0x00, 0x2D, 0x30, 0x00, 0x07, 0xBF, 0x00, 0x00,
    0x62, 0xD0, 0x00, 0x00, 0x00, 0x00, 0x7F, 0xF0, 0xFF, 0xC2, 0xF8, 0x07, 0xE0, 0x1F, 0x00, 0x3C,
    0x02, 0xF0, 0x07, 0xC0, 0x3F, 0x00, 0xB8, 0x03, 0xE0, 0x0F, 0x40, 0x3D, 0x00, 0xF0, 0x07, 0xC0,
    0x0F, 0x00, 0x7C, 0x02, 0xE0, 0x07, 0xD0, 0x7D, 0x00, 0x3F, 0xFF, 0x80, 0x00, 0xBF, 0x90, 0x00,
    0x00, 0xB4, 0xC0, 0x0B, 0xBF, 0x00, 0x14, 0xF4, 0x00, 0x00, 0x00, 0x2F, 0x02, 0xD1, 0xBD, 0x0F,
    0x00, 0xF0, 0x7C, 0x07, 0xC2, 0xE0, 0x2E, 0x0F, 0x40, 0xF4, 0xBD, 0x03, 0xC7, 0xF0, 0x0F, 0xF3,
    0xFC, 0x2E, 0x0B, 0x80, 0x00, 0x2A, 0xA0, 0x00, 0x07, 0xFF, 0x00, 0x00, 0x00, 0x00, 0x07, 0xFF,
    0x0F, 0xFC, 0x2F, 0x80, 0x7E, 0x01, 0xF0, 0x03, 0xC0, 0x2F, 0x00, 0x7C, 0x03, 0xF0, 0x0B, 0x80,
    0x3E, 0x00, 0xF4, 0x03, 0xD0, 0x0F, 0x00, 0x7C, 0x00, 0xF0, 0x07, 0xC0, 0x2E, 0x00, 0x7D, 0x07,
    0xD0, 0x03, 0xFF, 0xF8, 0x00, 0x0B, 0xF9, 0x00, 0x00, 0x00, 0xAA, 0x40, 0x07, 0xFE, 0x00, 0x00,
    0x00, 0x0B, 0xC0, 0xB4, 0x6F, 0x43, 0xC0, 0x3C, 0x1F, 0x01, 0xF0, 0xB8, 0x0B, 0x83, 0xD0, 0x3D,
    0x2F, 0x40, 0xF1, 0xFC, 0x03, 0xFC, 0xFF, 0x0B, 0x82, 0xE0, 0x00, 0x30, 0x20, 0x00, 0x03, 0xEF,
    0x00, 0x00, 0x1F, 0x80, 0x00, 0x00, 0x00, 0x00, 0x7F, 0xF0, 0xFF, 0xC2, 0xF8, 0x07, 0xE0, 0x1F,
    0x00, 0x3C, 0x02, 0xF0, 0x07, 0xC0, 0x3F, 0x00, 0xB8, 0x03, 0xE0, 0x0F, 0x40, 0x3D, 0x00, 0xF0,
    0x07, 0xC0, 0x0F, 0x00, 0x7C, 0x02, 0xE0, 0x07, 0xD0, 0x7D, 0x00, 0x3F, 0xFF, 0x80, 0x00, 0xBF,
    0x90, 0x00, 0x00, 0xC0, 0x80, 0x07, 0xEE, 0x00, 0x0B, 0xE0, 0x00, 0x00, 0x00, 0x2F, 0x02, 0xD1,
    0xBD, 0x0F, 0x00, 0xF0, 0x7C, 0x07, 0xC2, 0xE0, 0x2E, 0x0F, 0x40, 0xF4, 0xBD, 0x03, 0xC7, 0xF0,
    0x0F, 0xF3, 0xFC, 0x2E, 0x0B, 0x80, 0x00, 0x0B, 0xC0, 0x00, 0x02, 0x8D, 0x00, 0x00, 0x28, 0xD0,
    0x00, 0x00, 0xF8, 0x00, 0x00, 0x00, 0x00, 0x07, 0xFF, 0x0F, 0xFC, 0x2F, 0x80, 0x7E, 0x01, 0xF0,
    0x03, 0xC0, 0x2F, 0x00, 0x7C, 0x03, 0xF0, 0x0B, 0x80, 0x3E, 0x00, 0xF4, 0x03, 0xD0, 0x0F, 0x00,
    0x7C, 0x00, 0xF0, 0x07, 0xC0, 0x2E, 0x00, 0x7D, 0x07, 0xD0, 0x03, 0xFF, 0xF8, 0x00, 0x0B, 0xF9,
    0x00, 0x00, 0x00, 0x3E, 0x00, 0x03, 0x9D, 0x00, 0x0E, 0x70, 0x00, 0x1F, 0x40, 0x00, 0x00, 0x00,
    0xBC, 0x0B, 0x46, 0xF4, 0x3C, 0x03, 0xC1, 0xF0, 0x1F, 0x0B, 0x80, 0xB8, 0x3D, 0x03, 0xD2, 0xF4,
    0x0F, 0x1F, 0xC0, 0x3F, 0xCF, 0xF0, 0xB8, 0x2E, 0x00, 0x00, 0x02, 0x02, 0x00, 0x00, 0xF4, 0xF4,
    0x00, 0x7E, 0x7D, 0x00, 0x0A, 0x0A, 0x00, 0x00, 0x00, 0x00, 0x07, 0xFF, 0x0F, 0xFC, 0x2F, 0x80,
    0x7E, 0x01, 0xF0, 0x03, 0xC0, 0x2F, 0x00, 0x7C, 0x03, 0xF0, 0x0B, 0x80, 0x3E, 0x00, 0xF4, 0x03,
    0xD0, 0x0F, 0x00, 0x7C, 0x00, 0xF0, 0x07, 0xC0, 0x2E, 0x00, 0x7D, 0x07, 0xD0, 0x03, 0xFF, 0xF8,
    0x00, 0x0B, 0xF9, 0x00, 0x00, 0x00, 0x24, 0x90, 0x01, 0xE7, 0x80, 0x0E, 0x38, 0x00, 0x61, 0x80,
    0x00, 0x00, 0x00, 0xBC, 0x0B, 0x46, 0xF4, 0x3C, 0x03, 0xC1, 0xF0, 0x1F, 0x0B, 0x80, 0xB8, 0x3D,
    0x03, 0xD2, 0xF4, 0x0F, 0x1F, 0xC0, 0x3F, 0xCF, 0xF0, 0xB8, 0x2E, 0x00, 0x7F, 0xF0, 0xFF, 0xC2,
    0xF8, 0x07, 0xE0, 0x1F, 0x00, 0x3C, 0x02, 0xF0, 0x07, 0xC0, 0x3F, 0x00, 0xB8, 0x03, 0xE0, 0x0F,
    0x40, 0x3D, 0x00, 0xF0, 0x07, 0xC0, 0x0F, 0x00, 0xBC, 0x02, 0xE0, 0x07, 0xD0, 0x7C, 0x00, 0x3F,
    0xFF, 0x40, 0x00, 0xBF, 0xD0, 0x00, 0x00, 0xE0, 0x00, 0x00, 0x2C, 0x00, 0x00, 0x03, 0xD4, 0x00,
    0x00, 0x1F, 0x40, 0x00, 0x2F, 0x02, 0xD1, 0xBD, 0x0F, 0x00, 0xF0, 0x7C, 0x07, 0xC2, 0xE0, 0x2E,
    0x0F, 0x40, 0xF4, 0xBD, 0x03, 0xC7, 0xF0, 0x0F, 0xF3, 0xFC, 0x2E, 0x07, 0xC0, 0x00, 0x0C, 0x00,
    0x00, 0xA0, 0x00, 0x03, 0xC0, 0x00, 0x07, 0xC0, 0x00, 0x00, 0x3C, 0x00, 0x00, 0x00, 0x7F, 0xC0,
    0x00, 0x00, 0x78, 0x34, 0x00, 0x00, 0x00, 0x00, 0x00, 0xBF, 0xE0, 0xE0, 0xBF, 0xDF, 0xD0, 0xB8,
    0x0F, 0x82, 0xF0, 0x3F, 0x03, 0xC0, 0x7C, 0x1F, 0xC2, 0xE0, 0x1F, 0x0F, 0xF0, 0xF0, 0x07, 0xC7,
    0x7C, 0x78, 0x00, 0xF3, 0xCF, 0x3C, 0x00, 0x3D, 0xD3, 0xDE, 0x00, 0x0F, 0xF0, 0xFF, 0x00, 0x03,
    0xF4, 0x3F, 0x80, 0x00, 0xFC, 0x0B, 0xC0, 0x00, 0x2E, 0x02, 0xD0, 0x00, 0x00, 0x0B, 0x40, 0x00,
    0x07, 0xF0, 0x00, 0x03, 0x9D, 0x00, 0x02, 0x82, 0x40, 0x00, 0x00, 0x00, 0x1F, 0x43, 0xC3, 0xD6,
    0xF0, 0xF4, 0xF8, 0x3C, 0x3D, 0x2D, 0x0B, 0x4F, 0x8B, 0x02, 0xD7, 0xF3, 0xC0, 0x7B, 0xFE, 0xC0,
    0x1F, 0xCF, 0xE0, 0x07, 0xD3, 0xF0, 0x00, 0xD0, 0xA0, 0x00, 0x00, 0x07, 0x80, 0x00, 0x0B, 0xB8,
    0x00, 0x0B, 0x47, 0x00, 0x00, 0x00, 0x00, 0x3F, 0xF1, 0xFF, 0x07, 0xF0, 0x2F, 0x00, 0xFC, 0x0F,
    0x00, 0x1F, 0x0B, 0x40, 0x03, 0xD7, 0x80, 0x00, 0xBF, 0xC0, 0x00, 0x1F, 0xC0, 0x00, 0x03, 0xE0,
    0x00, 0x00, 0xF4, 0x00, 0x00, 0x7C, 0x00, 0x00, 0x7F, 0x40, 0x00, 0x7F, 0xF0, 0x00, 0x00, 0x02,
    0xD0, 0x00, 0x07, 0xF0, 0x00, 0x0E, 0x74, 0x00, 0x28, 0x24, 0x00, 0x00, 0x00, 0x01, 0xF8, 0x3D,
    0x01, 0xBC, 0x3E, 0x00, 0x3D, 0x2E, 0x00, 0x3D, 0x3C, 0x00, 0x2E, 0x3C, 0x00, 0x1E, 0x74, 0x00,
    0x1E, 0xE0, 0x00, 0x1F, 0xC0, 0x00, 0x1F, 0x40, 0x00, 0x2E, 0x00, 0x00, 0x78, 0x00, 0x7F, 0xE0,
    0x00, 0x3E, 0x00, 0x00, 0x00, 0x10, 0x10, 0x00, 0x1F, 0x3C, 0x00, 0x07, 0x4E, 0x00, 0x00, 0x00,
    0x00, 0x3F, 0xF1, 0xFF, 0x07, 0xF0, 0x2F, 0x00, 0xFC, 0x0F, 0x00, 0x1F, 0x0B, 0x40, 0x03, 0xD7,
    0x80, 0x00, 0xBF, 0xC0, 0x00, 0x1F, 0xC0, 0x00, 0x03, 0xE0, 0x00, 0x00, 0xF4, 0x00, 0x00, 0x7C,
    0x00, 0x00, 0x7F, 0x40, 0x00, 0x7F, 0xF0, 0x00, 0x00, 0x00, 0x50, 0x00, 0x02, 0xF0, 0x00, 0x0F,
    0xD0, 0x00, 0x1D, 0x00, 0x00, 0x00, 0x00, 0x03, 0xFF, 0xFC, 0x07, 0xEA, 0xFC, 0x0B, 0x02, 0xF4,
    0x01, 0x07, 0xE0, 0x00, 0x1F, 0x80, 0x00, 0x3F, 0x00, 0x00, 0xFC, 0x00, 0x02, 0xF4, 0x00, 0x0B,
    0xD0, 0x34, 0x1F, 0x80, 0xB4, 0x3F, 0xAA, 0xF0, 0x3F, 0xFF, 0xE0, 0x00, 0x00, 0x00, 0x00, 0x02,
    0x40, 0x00, 0x78, 0x00, 0x0F, 0x00, 0x01, 0x80, 0x00, 0x00, 0x00, 0x7E, 0x3C, 0x0F, 0xFF, 0xC0,
    0xE1, 0xF0, 0x04, 0x3C, 0x00, 0x0F, 0x00, 0x03, 0xC0, 0x00, 0xF4, 0x34, 0x3F, 0xFF, 0x43, 0xCB,
    0xE0, 0x00, 0x02, 0x00, 0x00, 0x0F, 0x40, 0x00, 0x0F, 0x00, 0x00, 0x00, 0x00, 0x03, 0xFF, 0xFC,
    0x07, 0xEA, 0xFC, 0x0B, 0x02, 0xF4, 0x01, 0x07, 0xE0, 0x00, 0x1F, 0x80, 0x00, 0x3F, 0x00, 0x00,
    0xFC, 0x00, 0x02, 0xF4, 0x00, 0x0B, 0xD0, 0x34, 0x1F, 0x80, 0xB4, 0x3F, 0xAA, 0xF0, 0x3F, 0xFF,
    0xE0, 0x00, 0x00, 0x00, 0x00, 0x18, 0x00, 0x03, 0xD0, 0x00, 0x38, 0x00, 0x00, 0x00, 0x07, 0xE3,
    0xC0, 0xFF, 0xFC, 0x0E, 0x1F, 0x00, 0x43, 0xC0, 0x00, 0xF0, 0x00, 0x3C, 0x00, 0x0F, 0x43, 0x43,
    0xFF, 0xF4, 0x3C, 0xBE, 0x00, 0x00, 0x70, 0x74, 0x00, 0x3E, 0xD0, 0x00, 0x1F, 0x00, 0x00, 0x00,
    0x00, 0x03, 0xFF, 0xFC, 0x07, 0xEA, 0xFC, 0x0B, 0x02, 0xF4, 0x01, 0x07, 0xE0, 0x00, 0x1F, 0x80,
    0x00, 0x3F, 0x00, 0x00, 0xFC, 0x00, 0x02, 0xF4, 0x00, 0x0B, 0xD0, 0x34, 0x1F, 0x80, 0xB4, 0x3F,
    0xAA, 0xF0, 0x3F, 0xFF, 0xE0, 0x00, 0x00, 0x00, 0x01, 0xC2, 0xC0, 0x1D, 0xB0, 0x00, 0xFD, 0x00,
    0x07, 0x80, 0x00, 0x00, 0x00, 0x7E, 0x3C, 0x0F, 0xFF, 0xC0, 0xE1, 0xF0, 0x04, 0x3C, 0x00, 0x0F,
    0x00, 0x03, 0xC0, 0x00, 0xF4, 0x34, 0x3F, 0xFF, 0x43, 0xCB, 0xE0, 0x00, 0x00, 0x2F, 0x80, 0x00,
    0x0F, 0xFC, 0x00, 0x02, 0xE1, 0x40, 0x00, 0x3D, 0x00, 0x00, 0x07, 0xC0, 0x00, 0x00, 0x7C, 0x00,
    0x00, 0x0B, 0x80, 0x00, 0x00, 0xF4, 0x00, 0x00, 0x0F, 0x00, 0x00, 0x01, 0xF0, 0x00, 0x00, 0x2F,
    0x00, 0x00, 0x03, 0xE0, 0x00, 0x00, 0x3D, 0x00, 0x00, 0x03, 0xC0, 0x00, 0x10, 0xBC, 0x00, 0x03,
    0xFF, 0x00, 0x00, 0x2F, 0x80, 0x00, 0x00, 0x20, 0x7C, 0x2E, 0x06, 0x18, 0x3C, 0xB4, 0xD0, 0x02,
    0xD0, 0x1F, 0xC1, 0xE7, 0x4E, 0x0D, 0x3C, 0x2B, 0xFE, 0x93, 0xC0, 0x6A, 0x9B, 0xFD, 0x60, 0x1B,
    0xAD, 0x2F, 0x40, 0x18, 0x3C, 0x38, 0x00, 0x0B, 0x9F, 0xB1, 0xD0, 0x7F, 0x39, 0xD4, 0xB0, 0xF0,
    0x30, 0x00, 0x1F, 0x83, 0x5C, 0x35, 0xC2, 0xF4, 0x08, 0x20, 0xB6, 0xD7, 0x9E, 0x24, 0x90, 0x70,
    0xB1, 0xDB, 0x03, 0xF4, 0x07, 0x80, 0x20, 0x83, 0xAC, 0x2C, 0xD0, 0x89, 0x1F, 0x8B, 0xAD, 0x80,
    0xC0, 0x0D, 0x28, 0x74, 0x74, 0x78, 0x1E, 0x0F, 0x0E, 0x2C, 0x34, 0x7B, 0xCF, 0x3C, 0x30, 0x2C,
    0x3C, 0x34, 0x30, 0x00, 0x1D, 0x1D, 0x38, 0x60, 0x2C, 0x3C, 0x24, 0x74, 0xEF, 0x6E, 0x60, 0x80,
    0x3D, 0x97, 0xD6, 0x7C, 0x2C, 0x2C, 0x3C, 0x70, 0x2D, 0x0E, 0x2C, 0x60, 0x14, 0x70, 0xB4, 0x7C,
    0x2C, 0x3C, 0x3C, 0x78, 0x02, 0xD0, 0x2F, 0xC2, 0xD3, 0x84, 0x00, 0x00, 0x07, 0x06, 0x7F, 0xC1,
    0x50, 0x3D, 0x6B, 0xFE, 0x01, 0x40, 0xBF, 0xE6, 0xA9, 0x1F, 0xC7, 0xAE, 0x80, 0x90, 0x00, 0x24,
    0x01, 0xE0, 0x0E, 0x00, 0x60, 0x00, 0x00, 0xF2, 0xD3, 0x8F, 0x00, 0xB3, 0xCF, 0x40, 0x00, 0x08,
    0x00, 0x00, 0x1F, 0x00, 0x00, 0x0F, 0xC0, 0x00, 0x01, 0xD0, 0x00, 0x00, 0x00, 0x03, 0xFF, 0xFE,
    0x01, 0xFE, 0xBD, 0x00, 0xF4, 0x1C, 0x01, 0xF0, 0x04, 0x02, 0xF0, 0x00, 0x03, 0xFF, 0xD0, 0x03,
    0xEA, 0x80, 0x03, 0xD0, 0x00, 0x07, 0xC0, 0x20, 0x0B, 0xC0, 0xB0, 0x1F, 0xEA, 0xF0, 0x7F, 0xFF,
    0xE0, 0x00, 0x04, 0x00, 0x00, 0x2E, 0x7C, 0x00, 0x2D, 0x78, 0x00, 0x00, 0x00, 0x03, 0xFF, 0xFE,
    0x01, 0xFE, 0xBD, 0x00, 0xF4, 0x1C, 0x01, 0xF0, 0x04, 0x02, 0xF0, 0x00, 0x03, 0xFF, 0xD0, 0x03,
    0xEA, 0x80, 0x03, 0xD0, 0x00, 0x07, 0xC0, 0x20, 0x0B, 0xC0, 0xB0, 0x1F, 0xEA, 0xF0, 0x7F, 0xFF,
    0xE0, 0x7F, 0xFF, 0xFC, 0xBA, 0xFE, 0xF8, 0xF0, 0xF4, 0x74, 0x50, 0xF4, 0x50, 0x01, 0xF0, 0x00,
    0x02, 0xFF, 0xE0, 0x03, 0xFA, 0xF8, 0x03, 0xD0, 0xBC, 0x07, 0xC0, 0x7C, 0x07, 0xC0, 0x7C, 0x1F,
    0xD0, 0xBC, 0x7F, 0xF0, 0xF8, 0x00, 0x00, 0xF0, 0x00, 0x43, 0xE0, 0x01, 0xFF, 0xC0, 0x00, 0xFD,
    0x00, 0x00, 0x00, 0x20, 0x00, 0x00, 0xF4, 0x00, 0x07, 0xF0, 0x00, 0x0A, 0x40, 0x00, 0x00, 0x00,
    0x03, 0xFF, 0xFD, 0x01, 0xFE, 0xBC, 0x00, 0xF4, 0x3C, 0x01, 0xF0, 0x38, 0x02, 0xF0, 0x00, 0x03,
    0xE0, 0x00, 0x03, 0xE0, 0x00, 0x03, 0xD0, 0x00, 0x07, 0xC0, 0x00, 0x0B, 0xC0, 0x00, 0x1F, 0xD0,
    0x00, 0x7F, 0xF0, 0x00, 0x00, 0x6F, 0xE4, 0x0F, 0xFF, 0xF0, 0xFD, 0x03, 0x8B, 0xC0, 0x0D, 0x3D,
    0x00, 0x01, 0xFF, 0xF4, 0x07, 0xEA, 0x80, 0x1F, 0x40, 0x00, 0x7E, 0x00, 0x70, 0xFD, 0x07, 0xC1,
    0xFF, 0xFE, 0x00, 0xBF, 0x90, 0x00, 0x7F, 0xD0, 0x0B, 0xFF, 0xC0, 0x7D, 0x0F, 0x01, 0xF0, 0x34,
    0x07, 0xF4, 0x00, 0x0F, 0xF8, 0x00, 0x0B, 0xF8, 0x01, 0x07, 0xF0, 0x2C, 0x07, 0xD0, 0xF4, 0x2F,
    0x03, 0xFF, 0xF4, 0x02, 0xFE, 0x00, 0x03, 0xFF, 0x00, 0x7F, 0x40, 0x0F, 0x40, 0x07, 0xC0, 0x02,
    0xF0, 0x00, 0xFC, 0x00, 0x3E, 0x00, 0x0F, 0x40, 0x07, 0xC0, 0x02, 0xF0, 0x01, 0xFD, 0x01, 0xFF,
    0xC0, 0x00, 0x41, 0x00, 0xF5, 0xF0, 0x3C, 0x74, 0x00, 0x00, 0x03, 0xFF, 0x00, 0x7F, 0x40, 0x0F,
    0x40, 0x07, 0xC0, 0x02, 0xF0, 0x00, 0xFC, 0x00, 0x3E, 0x00, 0x0F, 0x40, 0x07, 0xC0, 0x02, 0xF0,
    0x01, 0xFD, 0x01, 0xFF, 0xC0, 0x00, 0x3F, 0xF4, 0x00, 0x7F, 0x40, 0x00, 0xF8, 0x00, 0x03, 0xD0,
    0x00, 0x1F, 0x00, 0x00, 0xBC, 0x00, 0x03, 0xE0, 0x00, 0x0F, 0x40, 0x00, 0x7C, 0x00, 0x02, 0xF0,
    0x00, 0x0F, 0xC0, 0x00, 0x3D, 0x00, 0x52, 0xF0, 0x03, 0xFF, 0x40, 0x0B, 0xE0, 0x00, 0x00, 0x00,
    0xBF, 0xFF, 0xF0, 0x00, 0x0B, 0xEF, 0xD0, 0x00, 0x01, 0xD2, 0xF0, 0x00, 0x00, 0xB0, 0xF8, 0x00,
    0x00, 0x3C, 0x3D, 0x00, 0x00, 0x1D, 0x0F, 0xFD, 0x00, 0x0B, 0x07, 0xEB, 0xE0, 0x03, 0x82, 0xF0,
    0xBC, 0x02, 0xD0, 0xF8, 0x1F, 0x15, 0xE0, 0x3D, 0x0F, 0x8B, 0xF0, 0x2F, 0xAF, 0xC2, 0xE0, 0x3F,
    0xFF, 0x80, 0x03, 0xFF, 0x3F, 0xF4, 0x00, 0x7E, 0x07, 0xF4, 0x00, 0x0F, 0x00, 0xF4, 0x00, 0x07,
    0xC0, 0x3C, 0x00, 0x02, 0xF0, 0x1F, 0x00, 0x00, 0xFF, 0xFF, 0xFE, 0x40, 0x3E, 0xAB, 0xE7, 0xF0,
    0x0F, 0x00, 0xF4, 0x3E, 0x07, 0xC0, 0x7C, 0x0F, 0x82, 0xF0, 0x1F, 0x0B, 0xD1, 0xFC, 0x0F, 0xFF,
    0xE1, 0xFF, 0x8F, 0xFF, 0x90, 0x7F, 0xFF, 0xFC, 0x2E, 0xBF, 0xBE, 0x0F, 0x0F, 0x47, 0x41, 0x43,
    0xD1, 0x80, 0x01, 0xF0, 0x00, 0x00, 0xBE, 0xFD, 0x00, 0x3F, 0xAF, 0xC0, 0x0F, 0x40, 0xF4, 0x07,
    0xC0, 0x3D, 0x01, 0xF0, 0x1F, 0x01, 0xFD, 0x0F, 0xD1, 0xFF, 0xCF, 0xFC, 0x00, 0x00, 0x05, 0x00,
    0x00, 0x02, 0xE0, 0x00, 0x00, 0xFD, 0x00, 0x00, 0x1D, 0x00, 0x00, 0x00, 0x00, 0x00, 0x3F, 0xF0,
    0x7D, 0x01, 0xF8, 0x1F, 0xE0, 0x0F, 0x43, 0xC4, 0x01, 0xF0, 0xF0, 0x00, 0x2F, 0x2D, 0x00, 0x03,
    0xFF, 0x80, 0x00, 0x3E, 0xBC, 0x00, 0x03, 0xD3, 0xD0, 0x00, 0x7C, 0x2F, 0x00, 0x0B, 0xC1, 0xF4,
    0x01, 0xFD, 0x0F, 0xC0, 0x7F, 0xF0, 0x3E, 0x00, 0x00, 0x02, 0x00, 0x00, 0x00, 0x07, 0xC0, 0x00,
    0x00, 0x03, 0xF0, 0x00, 0x00, 0x00, 0x74, 0x00, 0x00, 0x00, 0x00, 0x00, 0x03, 0xFF, 0x0F, 0xFC,
    0x01, 0xFC, 0x07, 0xF0, 0x00, 0xF4, 0x07, 0xD0, 0x01, 0xF0, 0x1F, 0xC0, 0x02, 0xF0, 0xBF, 0xC0,
    0x03, 0xF2, 0xEF, 0xC0, 0x03, 0xEF, 0x4F, 0x80, 0x03, 0xFD, 0x0F, 0x40, 0x07, 0xF0, 0x1F, 0x00,
    0x0B, 0xC0, 0x2F, 0x00, 0x1F, 0xD0, 0x7F, 0x40, 0x7F, 0xF1, 0xFF, 0xC0, 0x00, 0x00, 0x04, 0x00,
    0x0E, 0x06, 0x00, 0x03, 0xDB, 0x00, 0x00, 0x7F, 0x40, 0x00, 0x00, 0x00, 0x0B, 0xFD, 0x3F, 0xE1,
    0xFD, 0x07, 0xD0, 0x2F, 0x01, 0xE0, 0x03, 0xD0, 0xF0, 0x00, 0xF4, 0xB4, 0x00, 0x2E, 0x78, 0x00,
    0x03, 0xFC, 0x00, 0x00, 0xFD, 0x00, 0x00, 0x2E, 0x00, 0x02, 0x1F, 0x00, 0x00, 0xFF, 0x00, 0x00,
    0x3E, 0x00, 0x00, 0x00, 0x03, 0xFF, 0x2F, 0xF4, 0x07, 0xF0, 0x7F, 0x40, 0x0F, 0x40, 0xF8, 0x00,
    0x7C, 0x03, 0xE0, 0x02, 0xF0, 0x0F, 0x40, 0x0F, 0x80, 0x7C, 0x00, 0x3E, 0x02, 0xF0, 0x00, 0xF4,
    0x0F, 0x80, 0x07, 0xC0, 0x3D, 0x00, 0x2F, 0x01, 0xF4, 0x01, 0xFE, 0xAF, 0xE0, 0x1F, 0xFF, 0xFF,
    0xC0, 0x00, 0x3C, 0x00, 0x00, 0x00, 0xF0, 0x00, 0x00, 0x03, 0x80, 0x00, 0x00, 0x0C, 0x00, 0x00,
    0x00, 0x00, 0x78, 0x00, 0x00, 0x0F, 0xC0, 0x00, 0x02, 0xFC, 0x00, 0x00, 0x7B, 0xD0, 0x00, 0x0F,
    0x3D, 0x00, 0x02, 0xE2, 0xE0, 0x00, 0x3C, 0x2F, 0x00, 0x0B, 0xEB, 0xF0, 0x01, 0xFF, 0xFF, 0x40,
    0x3D, 0x00, 0xF4, 0x0B, 0xD0, 0x1F, 0xD3, 0xFF, 0x0B, 0xFF, 0x03, 0xFF, 0xFC, 0x01, 0xFA, 0xBC,
    0x00, 0xF0, 0x38, 0x01, 0xF0, 0x20, 0x02, 0xF0, 0x00, 0x03, 0xFF, 0x80, 0x03, 0xEB, 0xF4, 0x03,
    0xC0, 0xF8, 0x07, 0xC0, 0xF8, 0x0B, 0xC0, 0xF4, 0x1F, 0xEB, 0xE0, 0x7F, 0xFE, 0x40, 0x02, 0xFF,
    0xD0, 0x3F, 0xFB, 0xE0, 0x0F, 0x4B, 0xC0, 0x7C, 0x2F, 0x02, 0xF0, 0xF4, 0x0F, 0xFF, 0x80, 0x3E,
    0xBF, 0x40, 0xF0, 0x3E, 0x07, 0xC0, 0xF8, 0x2F, 0x03, 0xD1, 0xFE, 0xBE, 0x1F, 0xFF, 0x90, 0x03,
    0xFF, 0xFD, 0x01, 0xFE, 0xBC, 0x00, 0xF4, 0x3C, 0x01, 0xF0, 0x38, 0x02, 0xF0, 0x00, 0x03, 0xE0,
    0x00, 0x03, 0xE0, 0x00, 0x03, 0xD0, 0x00, 0x07, 0xC0, 0x00, 0x0B, 0xC0, 0x00, 0x1F, 0xD0, 0x00,
    0x7F, 0xF0, 0x00, 0x00, 0x2F, 0xFF, 0xFC, 0x00, 0x0B, 0xEB, 0xE0, 0x00, 0x07, 0x43, 0xC0, 0x00,
    0x0B, 0x07, 0xC0, 0x00, 0x0F, 0x0B, 0xC0, 0x00, 0x1D, 0x0F, 0x80, 0x00, 0x3C, 0x0F, 0x40, 0x00,
    0x78, 0x1F, 0x00, 0x00, 0xF0, 0x1F, 0x00, 0x02, 0xE0, 0x2F, 0x00, 0x1B, 0xEA, 0xBF, 0x40, 0x3F,
    0xFF, 0xFF, 0xC0, 0x3C, 0x00, 0x07, 0xC0, 0x3C, 0x00, 0x07, 0x40, 0x34, 0x00, 0x07, 0x00, 0x03,
    0xFF, 0xFE, 0x01, 0xFE, 0xBD, 0x00, 0xF4, 0x1C, 0x01, 0xF0, 0x04, 0x02, 0xF0, 0x00, 0x03, 0xFF,
    0xD0, 0x03, 0xEA, 0x80, 0x03, 0xD0, 0x00, 0x07, 0xC0, 0x20, 0x0B, 0xC0, 0xB0, 0x1F, 0xEA, 0xF0,
    0x7F, 0xFF, 0xE0, 0x01, 0xF0, 0x3F, 0xE0, 0xBC, 0x02, 0xFC, 0x1F, 0x43, 0xFC, 0x00, 0x2D, 0x1F,
    0x0B, 0x84, 0x00, 0x0E, 0x1E, 0x1E, 0x00, 0x00, 0x0B, 0x2D, 0x38, 0x00, 0x00, 0x0B, 0xFF, 0xF0,
    0x00, 0x00, 0x2F, 0xBD, 0xF4, 0x00, 0x00, 0x7C, 0x7C, 0x7C, 0x00, 0x01, 0xF8, 0x78, 0x3D, 0x00,
    0x07, 0xE0, 0xB4, 0x2F, 0x00, 0x2F, 0xC1, 0xF8, 0x1F, 0x80, 0x3E, 0x07, 0xFD, 0x0B, 0xC0, 0x01,
    0xBF, 0x80, 0x3F, 0xFE, 0x07, 0x43, 0xF0, 0x20, 0x2F, 0x00, 0x03, 0xD0, 0x0F, 0xF4, 0x00, 0xBF,
    0xC0, 0x00, 0x7E, 0x04, 0x03, 0xE3, 0xC0, 0xBC, 0x3F, 0xFF, 0x40, 0xBF, 0x80, 0x03, 0xFF, 0x0F,
    0xFC, 0x01, 0xFC, 0x07, 0xF0, 0x00, 0xF4, 0x07, 0xD0, 0x01, 0xF0, 0x1F, 0xC0, 0x02, 0xF0, 0xBF,
    0xC0, 0x03, 0xF2, 0xEF, 0xC0, 0x03, 0xEF, 0x4F, 0x80, 0x03, 0xFD, 0x0F, 0x40, 0x07, 0xF0, 0x1F,
    0x00, 0x0B, 0xC0, 0x2F, 0x00, 0x1F, 0xD0, 0x7F, 0x40, 0x7F, 0xF1, 0xFF, 0xC0, 0x00, 0x00, 0x01,
    0x00, 0x00, 0x07, 0x03, 0x00, 0x00, 0x0B, 0x9E, 0x00, 0x00, 0x02, 0xF8, 0x00, 0x00, 0x00, 0x00,
    0x00, 0x03, 0xFF, 0x0F, 0xFC, 0x01, 0xFC, 0x07, 0xF0, 0x00, 0xF4, 0x07, 0xD0, 0x01, 0xF0, 0x1F,
    0xC0, 0x02, 0xF0, 0xBF, 0xC0, 0x03, 0xF2, 0xEF, 0xC0, 0x03, 0xEF, 0x4F, 0x80, 0x03, 0xFD, 0x0F,
    0x40, 0x07, 0xF0, 0x1F, 0x00, 0x0B, 0xC0, 0x2F, 0x00, 0x1F, 0xD0, 0x7F, 0x40, 0x7F, 0xF1, 0xFF,
    0xC0, 0x03, 0xFF, 0x07, 0xD0, 0x1F, 0x81, 0xFE, 0x00, 0xF4, 0x3C, 0x40, 0x1F, 0x0F, 0x00, 0x02,
    0xF2, 0xD0, 0x00, 0x3F, 0xF8, 0x00, 0x03, 0xEB, 0xC0, 0x00, 0x3D, 0x3D, 0x00, 0x07, 0xC2, 0xF0,
    0x00, 0xBC, 0x1F, 0x40, 0x1F, 0xD0, 0xFC, 0x07, 0xFF, 0x03, 0xE0, 0x00, 0xBF, 0xFF, 0xF0, 0x00,
    0xBE, 0xBE, 0x00, 0x01, 0xD1, 0xF0, 0x00, 0x0B, 0x0B, 0xC0, 0x00, 0x3C, 0x3E, 0x00, 0x01, 0xD0,
    0xF4, 0x00, 0x0B, 0x07, 0xD0, 0x00, 0x38, 0x1F, 0x00, 0x02, 0xD0, 0xBC, 0x01, 0x5E, 0x03, 0xE0,
    0x0B, 0xF0, 0x1F, 0xC0, 0x2F, 0x03, 0xFF, 0x80, 0x00, 0xBF, 0x80, 0x3F, 0xC0, 0x03, 0xFC, 0x0B,
    0xF0, 0x00, 0x3F, 0xC0, 0xFE, 0x00, 0x07, 0xBC, 0x2F, 0xD0, 0x00, 0xB7, 0xC3, 0x7D, 0x00, 0x0F,
    0x3D, 0xB3, 0xD0, 0x00, 0xE3, 0xED, 0x3D, 0x00, 0x2D, 0x2F, 0xC3, 0xD0, 0x03, 0xC1, 0xF4, 0x3C,
    0x00, 0x3C, 0x1F, 0x03, 0xC0, 0x0B, 0xC0, 0xD0, 0xBE, 0x03, 0xFE, 0x00, 0x3F, 0xF0, 0x03, 0xFF,
    0x0F, 0xFC, 0x01, 0xFC, 0x07, 0xE0, 0x00, 0xF4, 0x03, 0xD0, 0x01, 0xF0, 0x07, 0xC0, 0x02, 0xF0,
    0x0B, 0xC0, 0x03, 0xFF, 0xFF, 0x80, 0x03, 0xFA, 0xAF, 0x80, 0x03, 0xD0, 0x1F, 0x40, 0x07, 0xC0,
    0x1F, 0x00, 0x0B, 0xC0, 0x2F, 0x00, 0x1F, 0xD0, 0x7F, 0x40, 0x7F, 0xF1, 0xFF, 0xC0, 0x00, 0x6F,
    0xE0, 0x00, 0xFF, 0xFF, 0x00, 0xFD, 0x0B, 0xE0, 0xBD, 0x00, 0xFC, 0x3F, 0x00, 0x3F, 0x1F, 0x80,
    0x0F, 0xC7, 0xD0, 0x03, 0xF1, 0xF4, 0x01, 0xF8, 0x7E, 0x00, 0xFC, 0x0F, 0xC0, 0xBD, 0x01, 0xFF,
    0xFD, 0x00, 0x1F, 0xF8, 0x00, 0x03, 0xFF, 0xFF, 0xF8, 0x07, 0xFA, 0xBF, 0x40, 0x0F, 0x40, 0xBC,
    0x00, 0x7C, 0x03, 0xE0, 0x02, 0xF0, 0x0F, 0x40, 0x0F, 0x80, 0x7D, 0x00, 0x3E, 0x02, 0xF0, 0x00,
    0xF4, 0x0B, 0xC0, 0x07, 0xC0, 0x3E, 0x00, 0x2F, 0x00, 0xF4, 0x01, 0xFD, 0x0B, 0xE0, 0x1F, 0xFC,
    0xFF, 0xD0, 0x02, 0xFF, 0xD0, 0x0F, 0xFE, 0xFC, 0x00, 0xF4, 0xBC, 0x01, 0xF0, 0x7D, 0x02, 0xF0,
    0xBC, 0x03, 0xF0, 0xF8, 0x03, 0xFB, 0xF0, 0x03, 0xFE, 0x40, 0x07, 0xC0, 0x00, 0x0B, 0xC0, 0x00,
    0x1F, 0xD0, 0x00, 0x7F, 0xF4, 0x00, 0x00, 0x2F, 0xE4, 0x02, 0xFF, 0xFC, 0x0B, 0xD0, 0x38, 0x1F,
    0x40, 0x34, 0x3F, 0x00, 0x00, 0x3E, 0x00, 0x00, 0x7D, 0x00, 0x00, 0x7D, 0x00, 0x00, 0x7E, 0x00,
    0x10, 0x3F, 0x40, 0xB0, 0x2F, 0xFF, 0xD0, 0x07, 0xFE, 0x00, 0x7F, 0xFF, 0xFE, 0xEB, 0xFA, 0xEF,
    0x0F, 0x87, 0x68, 0x3D, 0x1C, 0x01, 0xF0, 0x00, 0x0B, 0xC0, 0x00, 0x3E, 0x00, 0x00, 0xF8, 0x00,
    0x03, 0xD0, 0x00, 0x1F, 0x00, 0x01, 0xFD, 0x00, 0x1F, 0xFC, 0x00, 0x2F, 0xF4, 0xFF, 0x87, 0xF4,
    0x1F, 0x40, 0xBC, 0x07, 0x80, 0x0F, 0x43, 0xC0, 0x03, 0xD2, 0xD0, 0x00, 0xB9, 0xE0, 0x00, 0x0F,
    0xF0, 0x00, 0x03, 0xF4, 0x00, 0x00, 0xB8, 0x00, 0x08, 0x7C, 0x00, 0x03, 0xFC, 0x00, 0x00, 0xF8,
    0x00, 0x00, 0x00, 0x3F, 0xF0, 0x00, 0x07, 0xE0, 0x00, 0x1A, 0xFE, 0x40, 0x3F, 0xFF, 0xF8, 0x3F,
    0x1F, 0x2F, 0x1F, 0x0B, 0x83, 0xDB, 0xC3, 0xD1, 0xF1, 0xF4, 0xF1, 0xF8, 0x3F, 0xFF, 0xF8, 0x01,
    0xBF, 0x90, 0x00, 0x1F, 0xC0, 0x00, 0x1F, 0xF8, 0x00, 0x03, 0xFF, 0x1F, 0xF0, 0x07, 0xF4, 0x3F,
    0x00, 0x07, 0xD1, 0xF0, 0x00, 0x0F, 0x8F, 0x00, 0x00, 0x1F, 0xF0, 0x00, 0x00, 0x3F, 0x00, 0x00,
    0x00, 0xFC, 0x00, 0x00, 0x0F, 0xF8, 0x00, 0x00, 0xF1, 0xF0, 0x00, 0x0F, 0x43, 0xE0, 0x01, 0xFC,
    0x0F, 0xD0, 0x0F, 0xF8, 0xFF, 0xC0, 0x03, 0xFF, 0x2F, 0xF4, 0x07, 0xF0, 0x7F, 0x40, 0x0F, 0x40,
    0xF8, 0x00, 0x7C, 0x03, 0xE0, 0x02, 0xF0, 0x0F, 0x40, 0x0F, 0x80, 0x7C, 0x00, 0x3E, 0x02, 0xF0,
    0x00, 0xF4, 0x0F, 0x80, 0x07, 0xC0, 0x3D, 0x00, 0x2F, 0x01, 0xF4, 0x01, 0xFE, 0xAF, 0xE4, 0x1F,
    0xFF, 0xFF, 0xE0, 0x00, 0x00, 0x0F, 0x40, 0x00, 0x00, 0x3C, 0x00, 0x00, 0x00, 0xD0, 0x00, 0xFF,
    0xDB, 0xFE, 0x7F, 0x43, 0xF4, 0x3E, 0x02, 0xF0, 0x3E, 0x03, 0xE0, 0x3D, 0x03, 0xD0, 0x3F, 0x5B,
    0xC0, 0x1F, 0xFF, 0xC0, 0x01, 0x9F, 0xC0, 0x00, 0x0F, 0x80, 0x00, 0x0F, 0x40, 0x00, 0x2F, 0x80,
    0x00, 0xFF, 0xD0, 0x03, 0xFE, 0x7F, 0xCF, 0xF8, 0x07, 0xE0, 0xFC, 0x2F, 0x40, 0x0F, 0x43, 0xE0,
    0xBC, 0x00, 0x7C, 0x0F, 0x43, 0xE0, 0x02, 0xF0, 0x7C, 0x0F, 0x40, 0x0F, 0x81, 0xF0, 0x3C, 0x00,
    0x3D, 0x0B, 0x81, 0xF0, 0x00, 0xF0, 0x3E, 0x0B, 0xC0, 0x07, 0xC0, 0xF4, 0x3E, 0x00, 0x2F, 0x07,
    0xC0, 0xF4, 0x01, 0xFE, 0xBF, 0xAB, 0xE0, 0x1F, 0xFF, 0xFF, 0xFF, 0xD0, 0x03, 0xFE, 0xBF, 0xDF,
    0xF8, 0x07, 0xE0, 0xFC, 0x2F, 0x40, 0x0F, 0x43, 0xE0, 0xBC, 0x00, 0x7C, 0x0F, 0x43, 0xE0, 0x02,
    0xF0, 0x7C, 0x0F, 0x40, 0x0F, 0x82, 0xF0, 0x3C, 0x00, 0x3D, 0x0B, 0x81, 0xF0, 0x00, 0xF0, 0x3E,
    0x0B, 0xC0, 0x07, 0xC0, 0xF4, 0x3E, 0x00, 0x2F, 0x07, 0xC0, 0xF4, 0x01, 0xFE, 0xBF, 0xAB, 0xE4,
    0x1F, 0xFF, 0xFF, 0xFF, 0xE0, 0x00, 0x00, 0x00, 0x0B, 0x40, 0x00, 0x00, 0x00, 0x3C, 0x00, 0x00,
    0x00, 0x00, 0xE0, 0x00, 0x7F, 0xFF, 0x02, 0xEB, 0xE0, 0x0F, 0x0F, 0x40, 0x28, 0x7C, 0x00, 0x02,
    0xF0, 0x00, 0x0F, 0xFE, 0x00, 0x3E, 0xBF, 0x00, 0xF4, 0x3E, 0x07, 0xC0, 0xF8, 0x2F, 0x07, 0xD1,
    0xFE, 0xBE, 0x1F, 0xFF, 0x90, 0x03, 0xFF, 0x00, 0xFF, 0xE0, 0x1F, 0x80, 0x07, 0xF4, 0x00, 0xF0,
    0x00, 0x3F, 0x00, 0x1F, 0x00, 0x03, 0xE0, 0x02, 0xF0, 0x00, 0x3D, 0x00, 0x3F, 0xF8, 0x07, 0xC0,
    0x03, 0xEB, 0xF0, 0xBC, 0x00, 0x3C, 0x1F, 0x4F, 0xC0, 0x07, 0xC0, 0xF4, 0xF8, 0x00, 0xBC, 0x1F,
    0x0F, 0x40, 0x1F, 0xEB, 0xD2, 0xF8, 0x07, 0xFF, 0xE4, 0xFF, 0xD0, 0x03, 0xFF, 0x00, 0x07, 0xE0,
    0x00, 0x0F, 0x40, 0x00, 0x7C, 0x00, 0x02, 0xF0, 0x00, 0x0F, 0xFE, 0x00, 0x3E, 0xBF, 0x40, 0xF0,
    0x3E, 0x07, 0xC0, 0xF8, 0x2F, 0x03, 0xD1, 0xFE, 0xBE, 0x1F, 0xFF, 0x90, 0x01, 0xFF, 0x80, 0x03,
    0xFF, 0xF0, 0x07, 0x41, 0xFC, 0x07, 0x00, 0xBC, 0x00, 0x00, 0xBC, 0x00, 0x6A, 0xFC, 0x00, 0xBF,
    0xFC, 0x00, 0x00, 0xFC, 0x08, 0x01, 0xF4, 0x3D, 0x07, 0xF0, 0x3F, 0xFF, 0xC0, 0x0B, 0xF9, 0x00,
    0x03, 0xFF, 0x02, 0xFE, 0x00, 0x07, 0xE0, 0xBF, 0xFF, 0x00, 0x0F, 0x47, 0xE0, 0x7E, 0x00, 0x7C,
    0x3E, 0x00, 0xFC, 0x02, 0xF2, 0xF4, 0x02, 0xF0, 0x0F, 0xFF, 0xC0, 0x0B, 0xC0, 0x3F, 0xBF, 0x00,
    0x3F, 0x00, 0xF4, 0xFC, 0x00, 0xF8, 0x07, 0xC3, 0xF0, 0x0B, 0xC0, 0x2F, 0x0B, 0xE0, 0x7E, 0x01,
    0xFD, 0x0F, 0xFF, 0xE0, 0x1F, 0xFC, 0x0B, 0xF9, 0x00, 0x00, 0x2F, 0xFF, 0xC0, 0x7F, 0xAF, 0x80,
    0x3F, 0x07, 0xC0, 0x0F, 0x42, 0xF0, 0x03, 0xE0, 0xF8, 0x00, 0xBE, 0x7D, 0x00, 0x0B, 0xFF, 0x00,
    0x03, 0xC7, 0xC0, 0x02, 0xE2, 0xF0, 0x02, 0xF0, 0xF8, 0x0F, 0xF0, 0x7E, 0x02, 0xE0, 0xBF, 0xE0,
    0x01, 0xFA, 0xD0, 0xBF, 0xFC, 0x1F, 0x0B, 0x83, 0xD0, 0xF4, 0x7C, 0x0F, 0x07, 0xC3, 0xF0, 0x7C,
    0x7F, 0x07, 0xFC, 0xFE, 0x2E, 0x0B, 0x80, 0x00, 0x00, 0x20, 0x00, 0x2F, 0xC0, 0x0B, 0xFD, 0x00,
    0xF9, 0x00, 0x0B, 0x40, 0x00, 0x3A, 0xF8, 0x02, 0xFF, 0xF4, 0x0F, 0xC3, 0xE0, 0x3D, 0x0B, 0x81,
    0xF0, 0x2E, 0x07, 0xC0, 0xF4, 0x1F, 0x0B, 0xC0, 0x3F, 0xFC, 0x00, 0x3F, 0x80, 0x00, 0x01, 0xFE,
    0x02, 0xFB, 0xD1, 0xE0, 0xF0, 0xF1, 0xB4, 0x7F, 0xFE, 0x1E, 0x03, 0xC7, 0xC1, 0xF0, 0xFF, 0xF0,
    0x1F, 0xE0, 0x00, 0x07, 0xF4, 0x2F, 0xFC, 0x24, 0x3D, 0x01, 0xFC, 0x0F, 0xE0, 0x3E, 0x00, 0xB8,
    0x2C, 0xBE, 0xF8, 0x2F, 0xD0, 0x02, 0xFD, 0x03, 0xEF, 0xC0, 0x40, 0xF8, 0x00, 0x2F, 0x02, 0xFF,
    0xC3, 0xFF, 0xF2, 0xF0, 0xBC, 0xF0, 0x2E, 0x7C, 0x0F, 0x5F, 0x03, 0xC7, 0xC3, 0xD0, 0xFF, 0xE0,
    0x1F, 0xD0, 0x00, 0x01, 0xFC, 0x0B, 0xFE, 0x1E, 0x1E, 0x3C, 0x3C, 0x7E, 0xF0, 0x7E, 0x40, 0x7C,
    0x1C, 0x3F, 0xF8, 0x1F, 0xD0, 0x07, 0xD0, 0xE0, 0xBC, 0x1F, 0xF1, 0xD3, 0xFC, 0x24, 0xF3, 0xCB,
    0x00, 0x00, 0xBF, 0xDD, 0x00, 0x00, 0xFF, 0xFC, 0x00, 0x00, 0xFB, 0xFC, 0x00, 0x03, 0xCB, 0x3D,
    0x30, 0xFF, 0x4F, 0x2F, 0xF0, 0xBC, 0x0D, 0x0F, 0x80, 0x01, 0xFD, 0x02, 0xFF, 0xC0, 0x90, 0xF0,
    0x01, 0xB8, 0x01, 0xFD, 0x00, 0x0B, 0xC2, 0x81, 0xF0, 0xFF, 0xF4, 0x1F, 0xE0, 0x00, 0x2F, 0x02,
    0xD1, 0xBD, 0x0F, 0x00, 0xF0, 0x7C, 0x07, 0xC2, 0xE0, 0x2E, 0x0F, 0x40, 0xF4, 0xBD, 0x03, 0xC7,
    0xF0, 0x0F, 0xF3, 0xFC, 0x2E, 0x0B, 0x80, 0x00, 0x00, 0x40, 0x07, 0x03, 0x00, 0x2E, 0x78, 0x00,
    0x3F, 0x40, 0x00, 0x00, 0x00, 0xBC, 0x0B, 0x46, 0xF4, 0x3C, 0x03, 0xC1, 0xF0, 0x1F, 0x0B, 0x80,
    0xB8, 0x3D, 0x03, 0xD2, 0xF4, 0x0F, 0x1F, 0xC0, 0x3F, 0xCF, 0xF0, 0xB8, 0x2E, 0x00, 0x2F, 0x43,
    0xC2, 0xF4, 0xFD, 0x0F, 0x3C, 0x00, 0xFB, 0x00, 0x1F, 0xF0, 0x02, 0xFF, 0x00, 0x3D, 0x78, 0x43,
    0xD3, 0xFC, 0x7C, 0x1F, 0x00, 0x00, 0x07, 0xFC, 0x00, 0x2F, 0xF8, 0x00, 0x38, 0xF0, 0x00, 0xB0,
    0xF0, 0x00, 0xF2, 0xE0, 0x01, 0xD3, 0xD0, 0x13, 0xC3, 0xC0, 0x3F, 0x43, 0xFC, 0x3E, 0x03, 0xE0,
    0x02, 0xFC, 0x0B, 0xD0, 0x0B, 0xF4, 0x7F, 0x00, 0x0E, 0xE3, 0xBC, 0x00, 0x37, 0xDD, 0xE0, 0x01,
    0xCF, 0xE7, 0x80, 0x0B, 0x3F, 0x2D, 0x00, 0x38, 0xF8, 0xF1, 0x0F, 0xC3, 0xD3, 0xFC, 0x3D, 0x0B,
    0x0B, 0x80, 0x2F, 0x42, 0xE0, 0xBE, 0x0F, 0x40, 0xF4, 0x3C, 0x03, 0xC1, 0xF0, 0x1F, 0xFF, 0xC0,
    0xBE, 0xBE, 0x03, 0xE0, 0xF4, 0x0F, 0x43, 0xFC, 0x7C, 0x0F, 0x80, 0x01, 0xFD, 0x02, 0xFF, 0xD2,
    0xF0, 0xF8, 0xF4, 0x2E, 0x7C, 0x0F, 0x9F, 0x03, 0xD7, 0xC2, 0xF0, 0xFF, 0xF0, 0x1F, 0xE0, 0x00,
    0x2F, 0x4B, 0xC0, 0xBE, 0xFF, 0x40, 0xFD, 0x3C, 0x03, 0xE1, 0xF0, 0x1F, 0x0B, 0x80, 0xBC, 0x3D,
    0x03, 0xE0, 0xF0, 0x0F, 0x43, 0xFC, 0x7C, 0x0F, 0x80, 0x02, 0xF1, 0xF8, 0x06, 0xFB, 0xFC, 0x00,
    0xFC, 0x3C, 0x00, 0xF4, 0x3C, 0x01, 0xF0, 0x7C, 0x02, 0xE0, 0xB8, 0x03, 0xD1, 0xF0, 0x03, 0xFB,
    0xD0, 0x07, 0xFF, 0x40, 0x0B, 0x80, 0x00, 0x0F, 0x80, 0x00, 0x1F, 0x90, 0x00, 0x3F, 0xF0, 0x00,
    0x01, 0xFC, 0x0B, 0xFD, 0x1F, 0x04, 0x3D, 0x00, 0x7C, 0x00, 0x7C, 0x00, 0x7C, 0x08, 0x3F, 0xF8,
    0x1F, 0xD0, 0x2F, 0x4B, 0x87, 0xD0, 0xBE, 0xFF, 0xBF, 0x80, 0xFD, 0x7F, 0x2E, 0x03, 0xE1, 0xF0,
    0xF4, 0x1F, 0x0B, 0x83, 0xC0, 0xBC, 0x3D, 0x1F, 0x03, 0xD0, 0xF0, 0xB8, 0x0F, 0x47, 0xC3, 0xFD,
    0x7C, 0x2D, 0x0B, 0xD0, 0x01, 0xF8, 0x3D, 0x01, 0xBC, 0x3E, 0x00, 0x3D, 0x2E, 0x00, 0x3D, 0x3C,
    0x00, 0x2E, 0x3C, 0x00, 0x1E, 0x74, 0x00, 0x1E, 0xE0, 0x00, 0x1F, 0xC0, 0x00, 0x1F, 0x40, 0x00,
    0x2E, 0x00, 0x00, 0x78, 0x00, 0x7F, 0xE0, 0x00, 0x3E, 0x00, 0x00, 0x00, 0x01, 0xFC, 0x00, 0x03,
    0xFE, 0x00, 0x0F, 0x04, 0x00, 0x0F, 0x00, 0x01, 0xFF, 0xD0, 0x0F, 0xAE, 0xFC, 0x2E, 0x2D, 0x3D,
    0x3C, 0x3C, 0x2E, 0x7C, 0x3C, 0x2E, 0x7C, 0x3C, 0x3D, 0x7C, 0x38, 0xBC, 0x2F, 0xBE, 0xF0, 0x07,
    0xFF, 0x40, 0x00, 0xB0, 0x00, 0x10, 0xF0, 0x00, 0x3F, 0xD0, 0x00, 0x2F, 0x40, 0x00, 0x07, 0xD0,
    0xB8, 0x2B, 0xCF, 0xE0, 0x0F, 0xB4, 0x00, 0x2F, 0x40, 0x00, 0x7C, 0x00, 0x03, 0xF4, 0x01, 0x2E,
    0xF0, 0x0F, 0xD3, 0xE8, 0x3D, 0x0B, 0xE0, 0x2F, 0x02, 0xD1, 0xBD, 0x0F, 0x00, 0xF0, 0x7C, 0x07,
    0xC2, 0xE0, 0x2E, 0x0F, 0x40, 0xF4, 0xBD, 0x03, 0xC7, 0xF1, 0x0F, 0xF3, 0xFC, 0x2E, 0x0B, 0xA0,
    0x00, 0x03, 0xC0, 0x00, 0x0F, 0x00, 0x00, 0xF0, 0x2F, 0x03, 0xD2, 0xF0, 0x7C, 0x0F, 0x0B, 0x81,
    0xF0, 0xF4, 0x0F, 0xFF, 0x40, 0xBE, 0xF0, 0x00, 0x1F, 0x00, 0x02, 0xFE, 0x00, 0x1F, 0x80, 0x2F,
    0x03, 0xC3, 0xC6, 0xF4, 0xB8, 0x7C, 0x0F, 0x0B, 0x47, 0x81, 0xF0, 0xF0, 0xF4, 0x2E, 0x1F, 0x0F,
    0x03, 0xD3, 0xE2, 0xF0, 0x3C, 0xBD, 0x7F, 0x03, 0xFE, 0xFC, 0xFE, 0x3E, 0x1E, 0x0B, 0x80, 0x2F,
    0x03, 0xC3, 0xC1, 0xBD, 0x2E, 0x1F, 0x00, 0xF0, 0xB4, 0x78, 0x07, 0xC3, 0xC3, 0xD0, 0x2E, 0x1F,
    0x0F, 0x00, 0xF4, 0xF8, 0xBC, 0x03, 0xCB, 0xD7, 0xF1, 0x0F, 0xFB, 0xF3, 0xF8, 0x3E, 0x1E, 0x0E,
    0xD0, 0x00, 0x00, 0x03, 0x80, 0x00, 0x00, 0x1D, 0x00, 0x00, 0x01, 0xE0, 0x2F, 0xFF, 0x1E, 0xAF,
    0x47, 0x4B, 0x00, 0x4F, 0xB8, 0x0B, 0xAF, 0x83, 0xC1, 0xF0, 0xF0, 0x78, 0x3E, 0x7C, 0x02, 0xF8,
    0x00, 0x2F, 0x40, 0x0F, 0x5B, 0xD0, 0x03, 0xC0, 0xF0, 0x01, 0xF0, 0x7E, 0x90, 0xB8, 0x2F, 0xBE,
    0x3E, 0x0F, 0x43, 0xCF, 0x43, 0xC1, 0xE3, 0xC0, 0xF9, 0xF1, 0xFF, 0x0B, 0xE0, 0x3E, 0x00, 0x2F,
    0x40, 0x1B, 0xD0, 0x00, 0xF0, 0x00, 0x7E, 0xA0, 0x2F, 0xBF, 0x0F, 0x43, 0xC3, 0xC0, 0xF0, 0xFE,
    0xF4, 0x0B, 0xE0, 0x00, 0x01, 0xFD, 0x02, 0xFF, 0xC0, 0xD0, 0xF8, 0x00, 0x2E, 0x02, 0xFF, 0x80,
    0x17, 0xD2, 0x81, 0xF0, 0xFF, 0xF4, 0x1F, 0xE0, 0x00, 0x2F, 0x40, 0xBE, 0x02, 0xF8, 0x3F, 0xF8,
    0x0F, 0x4F, 0x47, 0xC0, 0xF5, 0xF0, 0x3C, 0x1F, 0xFE, 0x07, 0xC2, 0xF7, 0xD0, 0xB8, 0x3E, 0x3E,
    0x0F, 0x03, 0xD2, 0xFB, 0xD0, 0x7C, 0x0B, 0xE0, 0x00, 0x00, 0xBF, 0xD0, 0x3F, 0xFC, 0x0B, 0x87,
    0xC0, 0xF4, 0xB8, 0x07, 0xFF, 0x40, 0x3E, 0xF0, 0x0B, 0x5F, 0x1F, 0xE1, 0xFD, 0xB8, 0x1F, 0x40,
    0x01, 0x80, 0x02, 0xD0, 0x00, 0xF0, 0x00, 0x24, 0x00, 0x00, 0x01, 0xFC, 0x0B, 0xFE, 0x1E, 0x1E,
    0x3C, 0x3C, 0x7E, 0xF0, 0x7E, 0x40, 0x7C, 0x1C, 0x3F, 0xF8, 0x1F, 0xD0, 0x00, 0x00, 0x00, 0xF3,
    0xD0, 0x38, 0xF0, 0x00, 0x00, 0x01, 0xFC, 0x02, 0xFF, 0x81, 0xE1, 0xE0, 0xF0, 0xF0, 0x7E, 0xF0,
    0x1F, 0x90, 0x07, 0xC1, 0xC0, 0xFF, 0xE0, 0x1F, 0xD0, 0x00, 0x1F, 0xC0, 0x06, 0xF0, 0x01, 0xBD,
    0x50, 0xFF, 0xA8, 0x0F, 0x40, 0x03, 0xC7, 0xC1, 0xFB, 0xF8, 0x7F, 0x2F, 0x2F, 0x07, 0xCF, 0x82,
    0xF3, 0xC0, 0xB9, 0xF0, 0x3D, 0xB8, 0x0F, 0x00, 0x0B, 0x80, 0x43, 0xC0, 0xBF, 0xC0, 0x1F, 0x80,
    0x00, 0x00, 0x09, 0x00, 0x1E, 0x00, 0x3C, 0x00, 0x60, 0x00, 0x00, 0x07, 0xF4, 0x2F, 0xFC, 0x24,
    0x3D, 0x01, 0xFC, 0x0F, 0xE0, 0x3E, 0x00, 0xB8, 0x2C, 0xBE, 0xF8, 0x2F, 0xD0, 0x01, 0xFD, 0x0B,
    0xEF, 0x2E, 0x00, 0x3D, 0x50, 0x7F, 0xF0, 0x78, 0x00, 0x7C, 0x08, 0x3F, 0xBC, 0x1F, 0xE0, 0x00,
    0xBE, 0x00, 0xFF, 0xC0, 0xB8, 0x10, 0x2F, 0x80, 0x02, 0xFC, 0x00, 0x1F, 0x43, 0xC3, 0xD0, 0xFF,
    0xF0, 0x0F, 0xE0, 0x00, 0x01, 0x80, 0x3E, 0x03, 0xC0, 0x00, 0x2F, 0x42, 0xF4, 0x0F, 0x41, 0xF0,
    0x2E, 0x03, 0xD0, 0x3C, 0x03, 0xFC, 0x3E, 0x00, 0x00, 0x00, 0x1E, 0x3C, 0x1D, 0x38, 0x00, 0x00,
    0x2F, 0x40, 0x2F, 0x40, 0x0F, 0x40, 0x1F, 0x00, 0x2E, 0x00, 0x3D, 0x00, 0x3C, 0x00, 0x3F, 0xC0,
    0x3E, 0x00, 0x00, 0x00, 0x90, 0x00, 0x3F, 0x00, 0x03, 0xD0, 0x00, 0x00, 0x00, 0x2F, 0x80, 0x02,
    0xFC, 0x00, 0x0B, 0x80, 0x00, 0xF4, 0x00, 0x0F, 0x00, 0x01, 0xF0, 0x00, 0x2F, 0x00, 0x03, 0xE0,
    0x00, 0x3D, 0x00, 0x07, 0xC0, 0x10, 0xB8, 0x07, 0xFF, 0x00, 0x3F, 0x80, 0x00, 0x00, 0x07, 0xF8,
    0x00, 0x02, 0xFF, 0x40, 0x00, 0x38, 0xF0, 0x00, 0x0B, 0x1F, 0xA4, 0x00, 0xF2, 0xFB, 0xE0, 0x1D,
    0x3C, 0x0F, 0x13, 0xC3, 0xC1, 0xE3, 0xF4, 0x3E, 0x7C, 0x3E, 0x00, 0xBE, 0x00, 0x2F, 0x43, 0xC0,
    0x0B, 0xE1, 0xF0, 0x00, 0xF4, 0xB8, 0x00, 0x3C, 0x2E, 0xA4, 0x1F, 0xFF, 0xAF, 0x4B, 0xEB, 0xC1,
    0xE3, 0xE1, 0xF0, 0xB4, 0xF4, 0x3D, 0xBC, 0x7C, 0x07, 0xF4, 0x00, 0x1F, 0xC0, 0x01, 0xBC, 0x00,
    0x07, 0xC0, 0x03, 0xFF, 0xF0, 0x0B, 0x80, 0x00, 0xF1, 0xF4, 0x0F, 0xBF, 0xC1, 0xFC, 0xB8, 0x2F,
    0x0F, 0x43, 0xE0, 0xF0, 0x3D, 0x1F, 0x07, 0xC2, 0xFE, 0xB8, 0x1F, 0x80, 0x00, 0x02, 0x40, 0x00,
    0x78, 0x00, 0x0F, 0x00, 0x01, 0x80, 0x00, 0x00, 0x02, 0xF4, 0x3C, 0x2F, 0x4F, 0xD0, 0xF3, 0xC0,
    0x0F, 0xB0, 0x01, 0xFF, 0x00, 0x2F, 0xF0, 0x03, 0xD7, 0x84, 0x3D, 0x3F, 0xC7, 0xC1, 0xF0, 0x00,
    0x90, 0x00, 0x03, 0xC0, 0x00, 0x0B, 0x80, 0x00, 0x07, 0x00, 0x00, 0x00, 0x00, 0xBC, 0x0B, 0x46,
    0xF4, 0x3C, 0x03, 0xC1, 0xF0, 0x1F, 0x0B, 0x80, 0xB8, 0x3D, 0x03, 0xD2, 0xF4, 0x0F, 0x1F, 0xC0,
    0x3F, 0xCF, 0xF0, 0xB8, 0x2E, 0x00, 0x00, 0x00, 0x04, 0x00, 0x1C, 0x0C, 0x00, 0x2E, 0x74, 0x00,
    0x0F, 0xD0, 0x00, 0x00, 0x00, 0x01, 0xF8, 0x3D, 0x01, 0xBC, 0x3E, 0x00, 0x3D, 0x2E, 0x00, 0x3D,
    0x3C, 0x00, 0x2E, 0x3C, 0x00, 0x1E, 0x74, 0x00, 0x1E, 0xE0, 0x00, 0x1F, 0xC0, 0x00, 0x1F, 0x40,
    0x00, 0x2E, 0x00, 0x00, 0x78, 0x00, 0x7F, 0xE0, 0x00, 0x3E, 0x00, 0x00, 0x2F, 0x02, 0xD1, 0xBD,
    0x0F, 0x00, 0xF0, 0x7C, 0x07, 0xC2, 0xE0, 0x2E, 0x0F, 0x40, 0xF4, 0xBD, 0x03, 0xC7, 0xF0, 0x0F,
    0xF3, 0xFC, 0x2E, 0x7B, 0x80, 0x02, 0x80, 0x00, 0x0E, 0x00, 0x00, 0xF0, 0x00, 0x03, 0xFF, 0x00,
    0x07, 0xE0, 0x0B, 0xFF, 0xFE, 0x3E, 0xFE, 0xB8, 0xE2, 0xF1, 0xC0, 0x0F, 0x80, 0x00, 0x3E, 0x40,
    0x01, 0xFF, 0xF4, 0x07, 0xC7, 0xF0, 0x2F, 0x03, 0xD0, 0xF8, 0x0F, 0x43, 0xD0, 0xBC, 0x2F, 0xAB,
    0xD3, 0xFF, 0xF8, 0x00, 0x2F, 0x4B, 0x80, 0x0B, 0xEF, 0xF0, 0x00, 0xFD, 0x3C, 0x00, 0x3E, 0x1F,
    0xA4, 0x1F, 0x0B, 0xEF, 0x8B, 0xC3, 0xD1, 0xF3, 0xE0, 0xF0, 0x78, 0xF4, 0x3E, 0x7C, 0x7C, 0x02,
    0xF8, 0x00, 0x00, 0x6F, 0xE0, 0x00, 0xFF, 0xFF, 0x00, 0xFD, 0x0B, 0xE0, 0xBC, 0x00, 0xFC, 0x3E,
    0x00, 0x2F, 0x1F, 0xFF, 0xFF, 0xC7, 0xEA, 0xAB, 0xF1, 0xF4, 0x01, 0xF8, 0x7D, 0x00, 0xFC, 0x0F,
    0xC0, 0xBD, 0x01, 0xFF, 0xFD, 0x00, 0x1F, 0xF8, 0x00, 0x01, 0xFD, 0x02, 0xFF, 0xD2, 0xF0, 0xB8,
    0xF5, 0x6E, 0x7F, 0xFF, 0x9E, 0x03, 0xD7, 0xC2, 0xF0, 0xFF, 0xF0, 0x1F, 0xE0, 0x00, 0xFF, 0xE0,
    0x1F, 0x5F, 0xD0, 0x1F, 0xE2, 0xF0, 0x0F, 0x60, 0x7C, 0x0B, 0x80, 0x0F, 0x03, 0xC0, 0x03, 0xD2,
    0xD0, 0x00, 0xF4, 0xF0, 0x00, 0x2E, 0x74, 0x00, 0x07, 0xBC, 0x00, 0x01, 0xFD, 0x00, 0x00, 0x3F,
    0x00, 0x00, 0x0F, 0x40, 0x00, 0x2F, 0x80, 0x7C, 0x2F, 0xC1, 0xFC, 0x07, 0xC3, 0xC0, 0x07, 0xCB,
    0x40, 0x03, 0xDD, 0x00, 0x03, 0xFC, 0x00, 0x03, 0xF0, 0x00, 0x03, 0xE0, 0x00, 0x03, 0xC0, 0x00,
    0x00, 0x00, 0x00, 0x00, 0x00, 0x01, 0x00, 0x00, 0x07, 0x03, 0x00, 0x00, 0x0B, 0x9E, 0x00, 0x00,
    0x02, 0xF8, 0x00, 0x00, 0x00, 0x00, 0x00, 0x03, 0xFF, 0x0F, 0xFC, 0x01, 0xFC, 0x07, 0xF0, 0x00,
    0xF4, 0x07, 0xD0, 0x01, 0xF0, 0x1F, 0xC0, 0x02, 0xF0, 0xBF, 0xC0, 0x03, 0xF2, 0xEF, 0xC0, 0x03,
    0xEF, 0x4F, 0x80, 0x03, 0xFD, 0x0F, 0x40, 0x07, 0xF0, 0x1F, 0x00, 0x0B, 0xC0, 0x2F, 0x00, 0x1F,
    0xD0, 0x7F, 0x40, 0x7F, 0xF1, 0xFF, 0xD0, 0x00, 0x00, 0x03, 0xC0, 0x00, 0x00, 0x07, 0x40, 0x00,
    0x00, 0x07, 0x00, 0x00, 0x00, 0x40, 0x07, 0x03, 0x00, 0x2E, 0x78, 0x00, 0x3F, 0x40, 0x00, 0x00,
    0x00, 0xBC, 0x0B, 0x46, 0xF4, 0x3C, 0x03, 0xC1, 0xF0, 0x1F, 0x0B, 0x80, 0xB8, 0x3D, 0x03, 0xD2,
    0xF0, 0x0F, 0x1F, 0xC8, 0x3F, 0xCF, 0xF0, 0xB8, 0x2F, 0x80, 0x00, 0x1C, 0x00, 0x00, 0xE0, 0x00,
    0x06, 0x00, 0x03, 0xFF, 0x00, 0x07, 0xE0, 0x00, 0x0F, 0x40, 0x03, 0xFF, 0xD0, 0x02, 0xF0, 0x00,
    0x0F, 0xFE, 0x00, 0x3E, 0xBF, 0x40, 0xF0, 0x3E, 0x07, 0xC0, 0xF8, 0x2F, 0x03, 0xD1, 0xFE, 0xBE,
    0x1F, 0xFF, 0x90, 0x0B, 0xC0, 0x06, 0xF4, 0x00, 0x3C, 0x00, 0x1F, 0x00, 0x3F, 0xF4, 0x03, 0xD0,
    0x00, 0xF0, 0x00, 0x7F, 0xF4, 0x2E, 0x6F, 0x0F, 0x43, 0xC3, 0xC0, 0xF0, 0xF9, 0xF4, 0x0B, 0xE0,
    0x00, 0x02, 0xFF, 0xD0, 0x0F, 0xFE, 0xFC, 0x00, 0xF4, 0x7D, 0x01, 0xF0, 0x3D, 0x02, 0xF7, 0x7C,
    0x03, 0xE3, 0xF8, 0x03, 0xFF, 0xE0, 0x03, 0xFA, 0xC0, 0x07, 0xC0, 0x80, 0x0B, 0xC0, 0x00, 0x1F,
    0xD0, 0x00, 0x7F, 0xF4, 0x00, 0x02, 0xF1, 0xF8, 0x06, 0xFB, 0xFC, 0x00, 0xFC, 0x3C, 0x00, 0xF4,
    0x3C, 0x01, 0xF0, 0x7C, 0x02, 0xE9, 0xB8, 0x03, 0xD7, 0xF0, 0x03, 0xFB, 0xD0, 0x07, 0xFF, 0xC0,
    0x0B, 0x80, 0xC0, 0x0F, 0x80, 0x40, 0x1F, 0x90, 0x00, 0x3F, 0xF0, 0x00, 0x00, 0x00, 0x0D, 0x00,
    0x00, 0x1D, 0x03, 0xFF, 0xFC, 0x01, 0xFE, 0xA4, 0x00, 0xF4, 0x00, 0x01, 0xF0, 0x00, 0x02, 0xF0,
    0x00, 0x03, 0xE0, 0x00, 0x03, 0xE0, 0x00, 0x03, 0xD0, 0x00, 0x07, 0xC0, 0x00, 0x0B, 0xC0, 0x00,
    0x1F, 0xD0, 0x00, 0x7F, 0xF0, 0x00, 0x00, 0x07, 0x40, 0x00, 0xE1, 0xFF, 0xF0, 0x6F, 0x90, 0x03,
    0xC0, 0x00, 0xF0, 0x00, 0x7C, 0x00, 0x1F, 0x00, 0x0B, 0x40, 0x3F, 0xC0, 0x0B, 0xC0, 0x00, 0x03,
    0xFF, 0xFD, 0x01, 0xFE, 0xBC, 0x00, 0xF4, 0x3C, 0x01, 0xF0, 0x38, 0x02, 0xF0, 0x00, 0x2F, 0xFF,
    0x00, 0x03, 0xD0, 0x00, 0x07, 0xD0, 0x00, 0x07, 0xC0, 0x00, 0x0B, 0xC0, 0x00, 0x1F, 0xD0, 0x00,
    0x7F, 0xF0, 0x00, 0x0B, 0xF4, 0x3F, 0xFC, 0x20, 0x3C, 0x0D, 0xF8, 0x0B, 0xD0, 0x3E, 0xC0, 0xB8,
    0x5C, 0xBE, 0xFC, 0x2F, 0xD0, 0x03, 0xFF, 0xFC, 0x01, 0xFE, 0xBC, 0x00, 0xF4, 0x3C, 0x01, 0xF0,
    0x20, 0x02, 0xF0, 0x00, 0x03, 0xFF, 0xE0, 0x03, 0xFF, 0xF4, 0x03, 0xD0, 0xFC, 0x07, 0xC0, 0xBC,
    0x0B, 0xC0, 0xBC, 0x1F, 0xD0, 0xB8, 0x7F, 0xF0, 0xF4, 0x00, 0x01, 0xF0, 0x00, 0x43, 0xE0, 0x01,
    0xFF, 0x80, 0x00, 0xFD, 0x00, 0x3F, 0xFF, 0x47, 0xEA, 0xC0, 0xF0, 0x70, 0x3C, 0x00, 0x1F, 0xF8,
    0x0B, 0xEF, 0xC3, 0xD0, 0xF0, 0xF0, 0x3D, 0x7C, 0x0F, 0x00, 0x03, 0xC0, 0x42, 0xD0, 0x7F, 0xE0,
    0x0F, 0xD0, 0x00, 0x01, 0xF0, 0x3F, 0xE0, 0xBC, 0x02, 0xFC, 0x1F, 0x43, 0xFC, 0x00, 0x2D, 0x1F,
    0x0B, 0x84, 0x00, 0x0E, 0x1E, 0x1E, 0x00, 0x00, 0x0B, 0x2D, 0x38, 0x00, 0x00, 0x0B, 0xFF, 0xF0,
    0x00, 0x00, 0x2F, 0xBD, 0xF4, 0x00, 0x00, 0x7C, 0x7C, 0x7C, 0x00, 0x01, 0xF8, 0x78, 0x3C, 0x00,
    0x07, 0xE0, 0xB4, 0x2F, 0x00, 0x2F, 0xC1, 0xF8, 0x1F, 0x80, 0x3E, 0x07, 0xFD, 0x0B, 0xE0, 0x00,
    0x00, 0x00, 0x02, 0xD0, 0x00, 0x00, 0x00, 0x03, 0xC0, 0x00, 0x00, 0x00, 0x03, 0x40, 0x07, 0xD0,
    0xE0, 0xBC, 0x1F, 0xF1, 0xD3, 0xFC, 0x24, 0xF3, 0xCB, 0x00, 0x00, 0xBF, 0xDD, 0x00, 0x00, 0xFF,
    0xFC, 0x00, 0x00, 0xFB, 0xFC, 0x00, 0x03, 0xCB, 0x3D, 0x30, 0xFF, 0x4F, 0x2F, 0xF0, 0xBC, 0x0D,
    0x0F, 0xB0, 0x00, 0x00, 0x00, 0xB0, 0x00, 0x00, 0x00, 0xB0, 0x00, 0x00, 0x02, 0xD0, 0x01, 0xBF,
    0x80, 0x3F, 0xFE, 0x07, 0x43, 0xF0, 0x20, 0x2F, 0x00, 0x03, 0xD0, 0x0F, 0xF4, 0x00, 0xBF, 0xC0,
    0x00, 0x7E, 0x04, 0x03, 0xE3, 0xC0, 0xBC, 0x3F, 0xFF, 0x40, 0xBF, 0x80, 0x00, 0x70, 0x00, 0xAF,
    0x00, 0x0B, 0xD0, 0x00, 0x01, 0xFD, 0x02, 0xFF, 0xC0, 0x90, 0xF0, 0x01, 0xB8, 0x01, 0xFD, 0x00,
    0x0B, 0xC2, 0x81, 0xF0, 0xFF, 0xF4, 0x1F, 0xE0, 0x00, 0x30, 0x00, 0xFC, 0x00, 0x3D, 0x00, 0x03,
    0xFF, 0x07, 0xC0, 0x1F, 0x82, 0xFD, 0x00, 0xF4, 0x78, 0x40, 0x1F, 0x0F, 0x00, 0x02, 0xF2, 0xC0,
    0x00, 0x3F, 0xF8, 0x00, 0x03, 0xEB, 0xC0, 0x00, 0x3D, 0x3D, 0x00, 0x07, 0xC2, 0xF0, 0x00, 0xBC,
    0x1F, 0x40, 0x1F, 0xD0, 0xFC, 0x07, 0xFF, 0x03, 0xF0, 0x00, 0x00, 0x1F, 0x00, 0x00, 0x01, 0xD0,
    0x00, 0x00, 0x1C, 0x00, 0x2F, 0x43, 0xC2, 0xF4, 0xFD, 0x0F, 0x3C, 0x00, 0xFB, 0x00, 0x1F, 0xF0,
    0x02, 0xFF, 0x40, 0x3D, 0x7C, 0x83, 0xD3, 0xFC, 0x7C, 0x1F, 0xC0, 0x00, 0x1C, 0x00, 0x02, 0xC0,
    0x00, 0xB4, 0x03, 0xFF, 0x02, 0xF0, 0x07, 0xE0, 0x2F, 0xC0, 0x0F, 0x02, 0xE1, 0x00, 0x7D, 0x8E,
    0x00, 0x02, 0xF9, 0xF0, 0x00, 0x0F, 0xFF, 0x40, 0x00, 0x3E, 0xEE, 0x00, 0x00, 0xF7, 0x3C, 0x00,
    0x07, 0xC4, 0xF8, 0x00, 0x2E, 0x02, 0xF0, 0x01, 0xFD, 0x03, 0xF0, 0x1F, 0xF8, 0x07, 0xD0, 0x2F,
    0x40, 0xB4, 0xBD, 0x0B, 0xD0, 0xF4, 0x74, 0x03, 0xEB, 0x40, 0x1F, 0xFC, 0x00, 0xBB, 0xB8, 0x03,
    0xE8, 0xF2, 0x0F, 0x42, 0xFC, 0x7C, 0x03, 0xD0, 0x03, 0xFF, 0x07, 0xD0, 0x1F, 0x81, 0xFE, 0x00,
    0xF4, 0x3C, 0x40, 0xFF, 0xDF, 0x00, 0x02, 0xF1, 0xD0, 0x00, 0x3F, 0xF8, 0x00, 0x03, 0xEB, 0xC0,
    0x00, 0x3D, 0x3D, 0x00, 0x07, 0xC2, 0xF0, 0x00, 0xBC, 0x1F, 0x40, 0x1F, 0xD0, 0xFC, 0x07, 0xFF,
    0x03, 0xE0, 0x1F, 0x80, 0x02, 0xBC, 0x00, 0x07, 0x80, 0x00, 0xB4, 0x00, 0x7F, 0xD3, 0xC0, 0xF1,
    0xFC, 0x0F, 0x38, 0x01, 0xEE, 0x00, 0x2F, 0xE0, 0x03, 0xEF, 0x00, 0x3C, 0xB8, 0x87, 0xC3, 0xF8,
    0x7C, 0x1E, 0x00, 0x7F, 0xFF, 0x07, 0xDB, 0xAF, 0x81, 0xFE, 0xF0, 0xF4, 0x3C, 0x4A, 0x1F, 0x0F,
    0x00, 0x02, 0xF2, 0xD0, 0x00, 0x3F, 0xF8, 0x00, 0x03, 0xFF, 0xC0, 0x00, 0x3D, 0x3D, 0x00, 0x07,
    0xC3, 0xF0, 0x00, 0xBC, 0x1F, 0x40, 0x1F, 0xD0, 0xFC, 0x07, 0xFF, 0x03, 0xE0, 0x2F, 0xF0, 0xB9,
    0xEB, 0xCF, 0xE7, 0x1E, 0xB4, 0x04, 0xBB, 0x00, 0x03, 0xFD, 0x00, 0x0F, 0xB8, 0x00, 0x7C, 0xF1,
    0x42, 0xE2, 0xFD, 0x0F, 0x43, 0xD0, 0x03, 0xFF, 0x0F, 0xFC, 0x01, 0xFC, 0x07, 0xE0, 0x00, 0xF4,
    0x03, 0xD0, 0x01, 0xF0, 0x07, 0xC0, 0x02, 0xF0, 0x0B, 0xC0, 0x03, 0xFF, 0xFF, 0x80, 0x03, 0xFA,
    0xAF, 0x80, 0x03, 0xD0, 0x1F, 0x40, 0x07, 0xC0, 0x1F, 0x00, 0x0B, 0xC0, 0x2F, 0x00, 0x1F, 0xD0,
    0x7F, 0x40, 0x7F, 0xF1, 0xFF, 0xC0, 0x00, 0x00, 0x03, 0xC0, 0x00, 0x00, 0x07, 0x40, 0x00, 0x00,
    0x07, 0x00, 0x2F, 0x42, 0xE0, 0xBE, 0x0F, 0x40, 0xF4, 0x3C, 0x03, 0xEA, 0xF0, 0x1F, 0xFF, 0xC0,
    0xB8, 0x3E, 0x03, 0xE0, 0xF5, 0x0F, 0x43, 0xFC, 0x7C, 0x0F, 0xB0, 0x00, 0x02, 0xC0, 0x00, 0x0F,
    0x00, 0x00, 0xF4, 0x03, 0xFF, 0x0F, 0xFF, 0xD0, 0x1F, 0xC0, 0x7F, 0xBD, 0x00, 0xF4, 0x03, 0xD2,
    0xC0, 0x1F, 0x00, 0x7C, 0x28, 0x02, 0xF0, 0x0B, 0xC0, 0x00, 0x3F, 0xFF, 0xF8, 0x00, 0x03, 0xFA,
    0xAF, 0x40, 0x00, 0x3D, 0x01, 0xF4, 0x00, 0x07, 0xC0, 0x1F, 0x00, 0x00, 0xBC, 0x02, 0xF0, 0x00,
    0x1F, 0xD0, 0x7F, 0x40, 0x07, 0xFF, 0x1F, 0xFC, 0x00, 0x2F, 0x42, 0xFF, 0x8B, 0xE0, 0xFA, 0xF0,
    0xF4, 0x3C, 0x78, 0x3E, 0xAF, 0x14, 0x1F, 0xFF, 0xC0, 0x0B, 0x83, 0xE0, 0x03, 0xE0, 0xF4, 0x00,
    0xF4, 0x3F, 0xC0, 0x7C, 0x0F, 0x80, 0x00, 0x03, 0xFF, 0xFF, 0xF4, 0x00, 0x1F, 0xEA, 0xFD, 0x00,
    0x00, 0xF4, 0x0F, 0x80, 0x00, 0x1F, 0x00, 0xF4, 0x00, 0x02, 0xF0, 0x1F, 0x00, 0x00, 0x3E, 0x02,
    0xFF, 0xE0, 0x03, 0xE0, 0x3F, 0xFF, 0x80, 0x3D, 0x03, 0xE0, 0xBC, 0x07, 0xC0, 0x7D, 0x03, 0xD0,
    0xBC, 0x07, 0xC0, 0x3D, 0x1F, 0xC0, 0xFD, 0x03, 0xD7, 0xFE, 0x3F, 0xF0, 0x7C, 0x00, 0x00, 0x00,
    0x0F, 0x80, 0x00, 0x00, 0x42, 0xF0, 0x00, 0x00, 0x0F, 0xFC, 0x00, 0x00, 0x00, 0xFE, 0x00, 0x2F,
    0x4B, 0xC0, 0x02, 0xFB, 0xFD, 0x00, 0x0F, 0xD3, 0xC0, 0x00, 0xF8, 0x7F, 0xF4, 0x1F, 0x0B, 0xEF,
    0xC2, 0xF0, 0xF8, 0x3D, 0x3D, 0x0F, 0x42, 0xE3, 0xD0, 0xF0, 0x2E, 0x7C, 0x1F, 0x03, 0xD0, 0x00,
    0x00, 0x3C, 0x00, 0x01, 0x0B, 0x40, 0x00, 0x7F, 0xE0, 0x00, 0x03, 0xF4, 0x00, 0x00, 0x6F, 0x40,
    0x00, 0x3F, 0x9B, 0xF0, 0x0F, 0xC3, 0xFF, 0xC2, 0xF0, 0xBC, 0x3C, 0x3E, 0x0F, 0x43, 0xD7, 0xD0,
    0xF0, 0x3C, 0x7C, 0x1F, 0x07, 0xC7, 0xC0, 0xF0, 0xB8, 0x7E, 0x0F, 0x5F, 0x03, 0xF4, 0xBF, 0xC1,
    0x1F, 0xFF, 0xFF, 0xE0, 0x2F, 0xEB, 0xF8, 0x02, 0xF0, 0x00, 0x3E, 0x2F, 0x82, 0xD2, 0xFF, 0x0F,
    0x1E, 0x2D, 0x78, 0xB4, 0xB1, 0xE1, 0xD3, 0x87, 0xC3, 0xFC, 0x0F, 0xEF, 0xEE, 0x0B, 0xFB, 0xE0,
    0x00, 0x2F, 0xE4, 0x02, 0xFF, 0xFC, 0x0B, 0xD0, 0x38, 0x1F, 0x40, 0x34, 0x3F, 0x00, 0x00, 0x3E,
    0x00, 0x00, 0x7D, 0x00, 0x00, 0x7D, 0x00, 0x00, 0x7E, 0x00, 0x10, 0x3F, 0x40, 0xB0, 0x2F, 0xFF,
    0xD0, 0x06, 0xFE, 0x00, 0x00, 0x74, 0x00, 0x06, 0xF0, 0x00, 0x07, 0xD0, 0x00, 0x01, 0xFC, 0x0B,
    0xFD, 0x1F, 0x04, 0x3D, 0x00, 0x7C, 0x00, 0x7C, 0x00, 0x7C, 0x08, 0x3F, 0xF8, 0x1F, 0xD0, 0x03,
    0x00, 0x3B, 0x00, 0x3D, 0x00, 0x7F, 0xFF, 0xFE, 0xEB, 0xFA, 0xEF, 0x0F, 0x87, 0x68, 0x3D, 0x1C,
    0x01, 0xF0, 0x00, 0x0B, 0xC0, 0x00, 0x3E, 0x00, 0x00, 0xF8, 0x00, 0x03, 0xD0, 0x00, 0x1F, 0x00,
    0x01, 0xFD, 0x00, 0x1F, 0xFD, 0x00, 0x00, 0xF0, 0x00, 0x03, 0x80, 0x00, 0x0C, 0x00, 0x00, 0x2F,
    0x4B, 0x87, 0xD0, 0xBE, 0xFF, 0xBF, 0x80, 0xFD, 0x7F, 0x2E, 0x03, 0xE1, 0xF0, 0xF4, 0x1F, 0x0B,
    0x83, 0xC0, 0xBC, 0x3D, 0x1F, 0x03, 0xD0, 0xF0, 0xB9, 0x4F, 0x47, 0xC3, 0xFD, 0x7C, 0x2D, 0x0B,
    0xB0, 0x00, 0x00, 0x01, 0xD0, 0x00, 0x00, 0x0B, 0x00, 0x00, 0x00, 0xB8, 0x3F, 0xF1, 0xFF, 0x07,
    0xF0, 0x2F, 0x00, 0xFC, 0x0F, 0x00, 0x1F, 0x0B, 0x40, 0x03, 0xD7, 0x80, 0x00, 0xBF, 0xC0, 0x00,
    0x1F, 0xC0, 0x00, 0x03, 0xE0, 0x00, 0x00, 0xF4, 0x00, 0x00, 0x7C, 0x00, 0x00, 0x7F, 0x40, 0x00,
    0x7F, 0xF0, 0x00, 0x7E, 0x0F, 0x5B, 0xC3, 0xE0, 0xF4, 0xB8, 0x3D, 0x3C, 0x0B, 0x8E, 0x01, 0xEB,
    0x00, 0x7F, 0x40, 0x1F, 0x80, 0x07, 0xC0, 0x02, 0xE0, 0x00, 0xF4, 0x00, 0x7D, 0x00, 0xBF, 0xC0,
    0x00, 0x3F, 0xF1, 0xFF, 0x07, 0xF0, 0x2F, 0x00, 0xFC, 0x0F, 0x00, 0x1F, 0x0B, 0x40, 0x03, 0xD7,
    0x80, 0x00, 0xBF, 0xC0, 0x00, 0x1F, 0xD0, 0x00, 0x3F, 0xFE, 0x00, 0x01, 0xF4, 0x00, 0x00, 0x7C,
    0x00, 0x00, 0x7F, 0x40, 0x00, 0x7F, 0xF0, 0x00, 0x7E, 0x0F, 0x5B, 0xC3, 0xE0, 0xF4, 0xB8, 0x3D,
    0x3C, 0x0B, 0x8E, 0x01, 0xEB, 0x00, 0x7F, 0x40, 0x1F, 0x80, 0x3F, 0xF8, 0x02, 0xD0, 0x00, 0xF4,
    0x00, 0x7D, 0x00, 0xBF, 0xC0, 0x00, 0x03, 0xFF, 0x1F, 0xF0, 0x07, 0xF4, 0x3F, 0x00, 0x07, 0xD1,
    0xF0, 0x00, 0x0F, 0x8F, 0x00, 0x00, 0x1F, 0xF0, 0x00, 0x00, 0x3F, 0x00, 0x00, 0x00, 0xFC, 0x00,
    0x00, 0x0F, 0xF8, 0x00, 0x00, 0xF1, 0xF0, 0x00, 0x0F, 0x43, 0xE0, 0x01, 0xFC, 0x0F, 0xD0, 0x0F,
    0xF8, 0xFF, 0xE0, 0x00, 0x00, 0x0B, 0x00, 0x00, 0x00, 0x2C, 0x00, 0x00, 0x00, 0xD0, 0x00, 0x07,
    0xD0, 0xB8, 0x2B, 0xCF, 0xE0, 0x0F, 0xB4, 0x00, 0x2F, 0x40, 0x00, 0x7C, 0x00, 0x03, 0xF4, 0x01,
    0x2E, 0xF2, 0x0F, 0xD3, 0xFC, 0x3D, 0x0B, 0xF0, 0x00, 0x02, 0xC0, 0x00, 0x0F, 0x00, 0x00, 0xF4,
    0x2F, 0xFF, 0xCF, 0xFC, 0x3E, 0xFB, 0x87, 0xE0, 0x35, 0xF3, 0x43, 0xC0, 0x22, 0xE2, 0x07, 0xC0,
    0x03, 0xD0, 0x0B, 0xC0, 0x03, 0xD0, 0x0F, 0x80, 0x07, 0xC0, 0x0F, 0x40, 0x07, 0xC0, 0x0F, 0x00,
    0x0B, 0x80, 0x1F, 0x00, 0x0F, 0x40, 0x2F, 0x00, 0x1F, 0xEA, 0xBF, 0x40, 0xBF, 0xFF, 0xFF, 0xC0,
    0x00, 0x00, 0x07, 0xC0, 0x00, 0x00, 0x07, 0x40, 0x00, 0x00, 0x07, 0x00, 0x00, 0xAA, 0x40, 0x07,
    0xFE, 0x00, 0x00, 0x00, 0x0B, 0xC0, 0xB4, 0x6F, 0x43, 0xC0, 0x3C, 0x1F, 0x01, 0xF0, 0xB8, 0x0B,
    0x83, 0xD0, 0x3D, 0x2F, 0x40, 0xF1, 0xFC, 0x43, 0xFC, 0xFF, 0x0B, 0x82, 0xE8, 0x00, 0x00, 0xF0,
    0x00, 0x03, 0xC0, 0x00, 0x3C, 0x00, 0xFF, 0xDB, 0xFE, 0x7F, 0x43, 0xF4, 0x3E, 0x02, 0xF0, 0x3E,
    0x03, 0xE0, 0x3D, 0x03, 0xD0, 0x3F, 0x5B, 0xC0, 0x1F, 0xFF, 0xC0, 0x01, 0x9F, 0xC0, 0x00, 0x0F,
    0x80, 0x00, 0x0F, 0x40, 0x00, 0x2F, 0x90, 0x00, 0xFF, 0xE0, 0x00, 0x02, 0xD0, 0x00, 0x03, 0xC0,
    0x00, 0x03, 0x80, 0x2F, 0x03, 0xD2, 0xF0, 0x7C, 0x0F, 0x0B, 0x81, 0xF0, 0xF4, 0x0F, 0xFF, 0x40,
    0xBE, 0xF0, 0x00, 0x1F, 0x10, 0x02, 0xFE, 0x00, 0x1E, 0xD0, 0x00, 0x0D, 0x00, 0x01, 0xD0, 0x00,
    0x78, 0xFF, 0xD7, 0xFF, 0x7F, 0x42, 0xF8, 0x3E, 0x02, 0xF0, 0x3E, 0x13, 0xF0, 0x3D, 0x73, 0xE0,
    0x3F, 0xFB, 0xD0, 0x1F, 0xFF, 0xC0, 0x01, 0xEB, 0xC0, 0x00, 0xCF, 0xC0, 0x00, 0x4F, 0x80, 0x00,
    0x2F, 0x80, 0x00, 0xFF, 0xE0, 0x2F, 0x03, 0xD2, 0xF0, 0x3C, 0x0F, 0x07, 0xC1, 0xF5, 0xB8, 0x0F,
    0xFF, 0x40, 0xBE, 0xF0, 0x00, 0xCF, 0x00, 0x01, 0xFF, 0x00, 0x0F, 0x80, 0x03, 0xFF, 0x00, 0x01,
    0xFC, 0x00, 0x00, 0xF4, 0x00, 0x01, 0xF0, 0x00, 0x02, 0xFB, 0xF4, 0x03, 0xFA, 0xFC, 0x03, 0xD0,
    0x3D, 0x03, 0xD0, 0x3D, 0x07, 0xC0, 0x7C, 0x0B, 0xC0, 0xBC, 0x1F, 0xD1, 0xFD, 0x7F, 0xF3, 0xFF,
    0x1F, 0xC0, 0x01, 0xBC, 0x00, 0x07, 0xC0, 0x00, 0xB8, 0x00, 0x0F, 0x5F, 0x80, 0xF7, 0xFC, 0x1F,
    0xC7, 0xC2, 0xF4, 0xB8, 0x2F, 0x0F, 0x43, 0xD0, 0xF0, 0x3C, 0x1F, 0x07, 0xC2, 0xFE, 0xB8, 0x1F,
    0x80, 0x00, 0x01, 0xFE, 0x00, 0x00, 0xFF, 0xFC, 0x2C, 0x3E, 0x07, 0xD3, 0x8B, 0xC0, 0x3D, 0x78,
    0xF4, 0x03, 0xD3, 0xFF, 0xAA, 0xBC, 0x1F, 0xFF, 0xFF, 0x80, 0x3E, 0x00, 0x00, 0x03, 0xF0, 0x00,
    0x00, 0x2F, 0x40, 0xB4, 0x00, 0xFF, 0xFE, 0x00, 0x02, 0xFE, 0x40, 0x00, 0x1F, 0xC0, 0x0B, 0xFE,
    0x21, 0xE1, 0xEB, 0x3C, 0x3C, 0xBB, 0xEF, 0x03, 0xFE, 0x40, 0x07, 0xC1, 0xC0, 0x3F, 0xF8, 0x01,
    0xFD, 0x00, 0x00, 0x01, 0xFE, 0x00, 0x00, 0xFF, 0xFC, 0x2C, 0x3E, 0x07, 0xD3, 0x8B, 0xC0, 0x3D,
    0x78, 0xF4, 0x03, 0xD3, 0xFF, 0xAA, 0xBC, 0x1F, 0xFF, 0xFF, 0x80, 0x3E, 0x00, 0x00, 0x03, 0xF0,
    0x00, 0x00, 0x2F, 0x40, 0xB4, 0x01, 0xFF, 0xFF, 0x00, 0x0B, 0xFF, 0x40, 0x00, 0x0F, 0x00, 0x00,
    0x00, 0xF0, 0x00, 0x00, 0x0E, 0x00, 0x00, 0x00, 0xD0, 0x00, 0x00, 0x1F, 0xC0, 0x0B, 0xFE, 0x21,
    0xE1, 0xEB, 0x3C, 0x3C, 0xB7, 0xEF, 0x03, 0xFE, 0x40, 0x07, 0xC0, 0xC0, 0x3F, 0xFC, 0x01, 0xFD,
    0x00, 0x07, 0x00, 0x00, 0x70, 0x00, 0x07, 0x00, 0x03, 0xFF, 0x00, 0x7F, 0x40, 0x0F, 0x40, 0x07,
    0xC0, 0x02, 0xF0, 0x00, 0xFC, 0x00, 0x3E, 0x00, 0x0F, 0x40, 0x07, 0xC0, 0x02, 0xF0, 0x01, 0xFD,
    0x01, 0xFF, 0xC0, 0x00, 0x00, 0x00, 0x00, 0x00, 0x00, 0x00, 0x34, 0x24, 0x00, 0x00, 0x00, 0x7D,
    0xB0, 0x00, 0x00, 0x00, 0x2F, 0x80, 0x00, 0x00, 0x00, 0x00, 0x00, 0x00, 0x01, 0xF0, 0x3F, 0xD0,
    0xBC, 0x02, 0xFC, 0x2F, 0x43, 0xFC, 0x00, 0x2D, 0x1F, 0x0B, 0x84, 0x00, 0x0E, 0x2E, 0x1D, 0x00,
    0x00, 0x0B, 0x2D, 0x38, 0x00, 0x00, 0x0F, 0xFF, 0xF0, 0x00, 0x00, 0x2F, 0xBD, 0xF4, 0x00, 0x00,
    0x7C, 0x7C, 0xBC, 0x00, 0x01, 0xF4, 0xB8, 0x3C, 0x00, 0x07, 0xE0, 0xB4, 0x3F, 0x00, 0x2F, 0xC1,
    0xF8, 0x1F, 0x80, 0x3E, 0x07, 0xFD, 0x0B, 0xC0, 0x00, 0x00, 0x01, 0x00, 0x00, 0x07, 0x03, 0x00,
    0x00, 0x07, 0x9E, 0x00, 0x00, 0x02, 0xF8, 0x00, 0x00, 0x00, 0x00, 0x00, 0x07, 0xD0, 0xE0, 0xBC,
    0x1F, 0xF1, 0xD3, 0xFC, 0x24, 0xF3, 0xCB, 0x00, 0x00, 0xBF, 0xDD, 0x00, 0x00, 0xFF, 0xFC, 0x00,
    0x00, 0xFB, 0xFC, 0x00, 0x03, 0xCB, 0x3D, 0x30, 0xFF, 0x4F, 0x2F, 0xF0, 0xBC, 0x0D, 0x0F, 0x80,
    0x03, 0xFF, 0x07, 0xD0, 0x1F, 0x81, 0xFE, 0x00, 0xF4, 0x3C, 0x40, 0x1F, 0x0F, 0x00, 0x02, 0xF2,
    0xC0, 0x00, 0x3F, 0xFE, 0x00, 0x03, 0xFF, 0xF8, 0x00, 0x3D, 0x0F, 0xC0, 0x07, 0xC0, 0x7D, 0x00,
    0xBC, 0x07, 0xD0, 0x1F, 0xD0, 0x7C, 0x07, 0xFF, 0x0B, 0xC0, 0x00, 0x00, 0xF8, 0x00, 0x04, 0x2F,
    0x00, 0x00, 0xFF, 0xC0, 0x00, 0x0B, 0xE0, 0x00, 0x2F, 0x42, 0xC2, 0xF4, 0xFD, 0x0F, 0x5C, 0x00,
    0xF3, 0x80, 0x1F, 0xF8, 0x02, 0xFF, 0xF0, 0x3E, 0x1F, 0x43, 0xD0, 0xF4, 0x7C, 0x0F, 0x40, 0x00,
    0xF0, 0x04, 0x1E, 0x00, 0xFF, 0xC0, 0x0B, 0xE0, 0x00, 0x00, 0xBF, 0xFF, 0xF0, 0x00, 0xBE, 0xBE,
    0x00, 0x01, 0xD1, 0xF0, 0x00, 0x0B, 0x0B, 0xC0, 0x00, 0x3C, 0x3E, 0x00, 0x01, 0xD0, 0xF4, 0x00,
    0x0B, 0x07, 0xD0, 0x00, 0x38, 0x1F, 0x00, 0x02, 0xD0, 0xBC, 0x01, 0x5E, 0x03, 0xE0, 0x0B, 0xF0,
    0x1F, 0xD0, 0x2E, 0x03, 0xFF, 0xC0, 0x00, 0x00, 0x2D, 0x00, 0x00, 0x00, 0xE0, 0x00, 0x00, 0x0E,
    0x00, 0x00, 0x00, 0x07, 0xFC, 0x00, 0x2F, 0xF8, 0x00, 0x38, 0xF0, 0x00, 0xB0, 0xF0, 0x00, 0xF2,
    0xE0, 0x01, 0xD3, 0xD0, 0x13, 0xC3, 0xC8, 0x3F, 0x43, 0xFC, 0x3E, 0x03, 0xFC, 0x00, 0x00, 0x38,
    0x00, 0x00, 0xB0, 0x00, 0x00, 0xC0, 0x03, 0xFF, 0x0F, 0xFC, 0x01, 0xFC, 0x07, 0xE0, 0x00, 0xF4,
    0x03, 0xD0, 0x01, 0xF0, 0x07, 0xC0, 0x02, 0xF0, 0x0B, 0xC0, 0x03, 0xFF, 0xFF, 0x80, 0x03, 0xFA,
    0xAF, 0x80, 0x03, 0xD0, 0x1F, 0x40, 0x07, 0xC0, 0x1F, 0x00, 0x0B, 0xC0, 0x2F, 0x00, 0x1F, 0xD0,
    0x3E, 0x00, 0x7F, 0xF0, 0x3D, 0x00, 0x00, 0x00, 0x7C, 0x00, 0x00, 0x10, 0xF8, 0x00, 0x00, 0x3F,
    0xF0, 0x00, 0x00, 0x2F, 0x80, 0x00, 0x2F, 0x42, 0xE2, 0xF8, 0x3D, 0x0F, 0x43, 0xC0, 0xFA, 0xBC,
    0x1F, 0xFF, 0xC2, 0xE0, 0xF8, 0x3E, 0x0F, 0x43, 0xD0, 0xF0, 0x7C, 0x1F, 0x00, 0x02, 0xE0, 0x04,
    0x3C, 0x00, 0xFF, 0x80, 0x0B, 0xE0, 0x00, 0x03, 0xFF, 0x0F, 0xFC, 0x01, 0xFC, 0x07, 0xE0, 0x00,
    0xF4, 0x03, 0xD0, 0x01, 0xF0, 0x07, 0xC0, 0x02, 0xF0, 0x0B, 0xC0, 0x03, 0xFF, 0xFF, 0x80, 0x03,
    0xFA, 0xAF, 0x80, 0x03, 0xD0, 0x1F, 0x40, 0x07, 0xC0, 0x1F, 0x00, 0x0B, 0xC0, 0x2F, 0x00, 0x1F,
    0xD0, 0x7F, 0x40, 0x7F, 0xF1, 0xFF, 0xC0, 0x00, 0x00, 0x07, 0x80, 0x00, 0x00, 0x0F, 0x00, 0x00,
    0x00, 0x28, 0x00, 0x2F, 0x42, 0xE0, 0xBE, 0x0F, 0x40, 0xF4, 0x3C, 0x03, 0xEA, 0xF0, 0x1F, 0xFF,
    0xC0, 0xB8, 0x3E, 0x03, 0xE0, 0xF6, 0x0F, 0x43, 0xFC, 0x7C, 0x0F, 0xF0, 0x00, 0x03, 0x80, 0x00,
    0x2C, 0x00, 0x00, 0xC0, 0xFF, 0xDB, 0xFE, 0x7F, 0x43, 0xF4, 0x3E, 0x02, 0xF0, 0x3E, 0x03, 0xE0,
    0x3D, 0x03, 0xD0, 0x3F, 0x5B, 0xC0, 0x1F, 0xFF, 0xC0, 0x01, 0x9F, 0xC0, 0x00, 0x0F, 0x80, 0x00,
    0x0F, 0x40, 0x00, 0x2F, 0x80, 0x01, 0xFF, 0xD0, 0x01, 0xE0, 0x00, 0x01, 0xD0, 0x00, 0x01, 0xC0,
    0x00, 0x2F, 0x03, 0xD2, 0xF0, 0x7C, 0x0F, 0x0B, 0x81, 0xF0, 0xF4, 0x0F, 0xFF, 0x40, 0xBE, 0xF0,
    0x00, 0x1F, 0x00, 0x07, 0xE0, 0x01, 0xFE, 0x00, 0x2E, 0x00, 0x02, 0xC0, 0x00, 0x28, 0x00, 0x00,
    0xBF, 0x80, 0x3F, 0xC0, 0x03, 0xFC, 0x0B, 0xF0, 0x00, 0x3F, 0xC0, 0xFE, 0x00, 0x07, 0xBC, 0x2F,
    0xD0, 0x00, 0xB7, 0xC3, 0x7D, 0x00, 0x0F, 0x3D, 0xB3, 0xD0, 0x00, 0xE3, 0xED, 0x3D, 0x00, 0x2D,
    0x2F, 0xC3, 0xD0, 0x03, 0xC1, 0xF4, 0x3C, 0x00, 0x3C, 0x1F, 0x03, 0xC0, 0x0B, 0xC0, 0xD0, 0xBE,
    0x03, 0xFE, 0x00, 0x3F, 0xF8, 0x00, 0x00, 0x00, 0x0F, 0x00, 0x00, 0x00, 0x02, 0xD0, 0x00, 0x00,
    0x00, 0x34, 0x00, 0x02, 0xFC, 0x0B, 0xD0, 0x0B, 0xF4, 0x7F, 0x00, 0x0E, 0xE3, 0xBC, 0x00, 0x37,
    0xDD, 0xE0, 0x01, 0xCF, 0xE7, 0x80, 0x0B, 0x3F, 0x2D, 0x00, 0x38, 0xF8, 0xF2, 0x0F, 0xC3, 0xD3,
    0xFC, 0x3D, 0x0B, 0x0B, 0xF0, 0x00, 0x00, 0x03, 0x40, 0x00, 0x00, 0x3C, 0x00, 0x00, 0x00, 0xC0,
    0x03, 0xFF, 0x00, 0x7F, 0x00, 0x0F, 0x40, 0x03, 0xC0, 0x01, 0xF0, 0x00, 0xBC, 0x00, 0x2E, 0x00,
    0x0F, 0x40, 0x03, 0xC0, 0x01, 0xF0, 0x00, 0xB8, 0x00, 0x7F, 0x40, 0x7F, 0xF0, 0x00, 0x00, 0x00,
    0x00, 0x00, 0x00, 0x34, 0x24, 0x00, 0x07, 0xDB, 0x00, 0x00, 0x2F, 0x80, 0x00, 0x00, 0x00, 0x00,
    0x00, 0x07, 0x80, 0x00, 0x00, 0xFC, 0x00, 0x00, 0x2F, 0xC0, 0x00, 0x07, 0xBD, 0x00, 0x00, 0xF3,
    0xD0, 0x00, 0x2E, 0x2E, 0x00, 0x03, 0xC2, 0xF0, 0x00, 0xBE, 0xBF, 0x00, 0x1F, 0xFF, 0xF4, 0x03,
    0xD0, 0x0F, 0x40, 0xBD, 0x01, 0xFD, 0x3F, 0xF0, 0xBF, 0xF0, 0x00, 0x00, 0x40, 0x1C, 0x0C, 0x01,
    0xE7, 0x80, 0x0B, 0xE0, 0x00, 0x00, 0x00, 0x1F, 0xAD, 0x0B, 0xFF, 0xC1, 0xF0, 0xB8, 0x3D, 0x0F,
    0x47, 0xC0, 0xF0, 0x7C, 0x3F, 0x07, 0xC7, 0xF0, 0x7F, 0xCF, 0xE2, 0xE0, 0xB8, 0x00, 0x00, 0x41,
    0x00, 0x00, 0x3C, 0xF4, 0x00, 0x03, 0x8F, 0x00, 0x00, 0x00, 0x00, 0x00, 0x00, 0x78, 0x00, 0x00,
    0x0F, 0xC0, 0x00, 0x02, 0xFC, 0x00, 0x00, 0x7B, 0xD0, 0x00, 0x0F, 0x3D, 0x00, 0x02, 0xE2, 0xE0,
    0x00, 0x3C, 0x2F, 0x00, 0x0B, 0xEB, 0xF0, 0x01, 0xFF, 0xFF, 0x40, 0x3D, 0x00, 0xF4, 0x0B, 0xD0,
    0x1F, 0xD3, 0xFF, 0x0B, 0xFF, 0x00, 0x00, 0x00, 0x1F, 0x3C, 0x01, 0xD3, 0x80, 0x00, 0x00, 0x01,
    0xFA, 0xD0, 0xBF, 0xFC, 0x1F, 0x0B, 0x83, 0xD0, 0xF4, 0x7C, 0x0F, 0x07, 0xC3, 0xF0, 0x7C, 0x7F,
    0x07, 0xFC, 0xFE, 0x2E, 0x0B, 0x80, 0x00, 0x00, 0xFF, 0xFF, 0xF0, 0x00, 0x03, 0xFE, 0xAE, 0x00,
    0x00, 0x3F, 0xC0, 0xD0, 0x00, 0x0F, 0x78, 0x04, 0x00, 0x03, 0xCB, 0x40, 0x00, 0x00, 0xB4, 0xFF,
    0xF0, 0x00, 0x1E, 0x0F, 0xA9, 0x00, 0x07, 0xEA, 0xE0, 0x00, 0x00, 0xFF, 0xFE, 0x02, 0x40, 0x3D,
    0x03, 0xD0, 0x34, 0x0F, 0xC0, 0x7E, 0xAF, 0x03, 0xFD, 0x3F, 0xFF, 0xF0, 0x01, 0xFD, 0x2F, 0x42,
    0xFB, 0xFF, 0xF1, 0xF0, 0x7C, 0x3C, 0xF4, 0x3D, 0x3D, 0x7C, 0x1F, 0xBD, 0x1F, 0x0F, 0xF4, 0x07,
    0xC7, 0xF0, 0x35, 0xFF, 0x3F, 0xFC, 0x2F, 0x03, 0xF4, 0x00, 0x00, 0x00, 0x04, 0x00, 0x2C, 0x0C,
    0x00, 0x2E, 0x78, 0x00, 0x0F, 0xD0, 0x00, 0x00, 0x00, 0x03, 0xFF, 0xFE, 0x01, 0xFE, 0xBD, 0x00,
    0xF4, 0x1C, 0x01, 0xF0, 0x04, 0x02, 0xF0, 0x00, 0x03, 0xFF, 0xD0, 0x03, 0xEA, 0x80, 0x03, 0xD0,
    0x00, 0x07, 0xC0, 0x20, 0x0B, 0xC0, 0xB0, 0x1F, 0xEA, 0xF0, 0x7F, 0xFF, 0xE0, 0x00, 0x00, 0x00,
    0xE0, 0x90, 0x3D, 0xB0, 0x0B, 0xE0, 0x00, 0x00, 0x00, 0x7F, 0x00, 0xBF, 0xE0, 0x78, 0x78, 0x3C,
    0x3C, 0x1F, 0xBC, 0x07, 0xE4, 0x01, 0xF0, 0x70, 0x3F, 0xF8, 0x07, 0xF4, 0x00, 0x01, 0xFF, 0x40,
    0x2F, 0xFF, 0x80, 0xE0, 0x2F, 0x41, 0x00, 0x3E, 0x00, 0x00, 0xFC, 0x00, 0x03, 0xE3, 0xFF, 0xFF,
    0x9F, 0xAA, 0xBD, 0xBC, 0x03, 0xF2, 0xF0, 0x2F, 0x07, 0xFF, 0xF0, 0x07, 0xFD, 0x00, 0x07, 0xF4,
    0x2F, 0xBD, 0x34, 0x2E, 0x00, 0xBE, 0x0B, 0xAE, 0x3C, 0x3D, 0xB4, 0x7C, 0xBF, 0xF0, 0x2F, 0x80,
    0x00, 0x10, 0x40, 0x03, 0xCB, 0x80, 0x0E, 0x2C, 0x00, 0x00, 0x00, 0x01, 0xFF, 0x40, 0x2F, 0xFF,
    0x80, 0xE0, 0x2F, 0x41, 0x00, 0x3E, 0x00, 0x00, 0xFC, 0x00, 0x03, 0xE3, 0xFF, 0xFF, 0x9F, 0xAA,
    0xBD, 0xBC, 0x03, 0xF2, 0xF0, 0x2F, 0x07, 0xFF, 0xF0, 0x07, 0xFD, 0x00, 0x00, 0x00, 0x0B, 0x9F,
    0x0B, 0x1D, 0x00, 0x00, 0x07, 0xF4, 0x2F, 0xBD, 0x34, 0x2E, 0x00, 0xBE, 0x0B, 0xAE, 0x3C, 0x3D,
    0xB4, 0x7C, 0xBF, 0xF0, 0x2F, 0x80, 0x00, 0x00, 0x04, 0x10, 0x00, 0x00, 0x00, 0x3C, 0xF4, 0x00,
    0x00, 0x00, 0x38, 0xF0, 0x00, 0x00, 0x00, 0x00, 0x00, 0x00, 0x01, 0xF0, 0x3F, 0xE0, 0xBC, 0x02,
    0xFC, 0x1F, 0x43, 0xFC, 0x00, 0x2D, 0x1F, 0x0B, 0x84, 0x00, 0x0E, 0x1E, 0x1E, 0x00, 0x00, 0x0B,
    0x2D, 0x38, 0x00, 0x00, 0x0B, 0xFF, 0xF0, 0x00, 0x00, 0x2F, 0xBD, 0xF4, 0x00, 0x00, 0x7C, 0x7C,
    0x7C, 0x00, 0x01, 0xF8, 0x78, 0x3D, 0x00, 0x07, 0xE0, 0xB4, 0x2F, 0x00, 0x2F, 0xC1, 0xF8, 0x1F,
    0x80, 0x3E, 0x07, 0xFD, 0x0B, 0xC0, 0x00, 0x00, 0x00, 0x00, 0x00, 0x07, 0xCF, 0x00, 0x00, 0x07,
    0x4E, 0x00, 0x00, 0x00, 0x00, 0x00, 0x07, 0xD0, 0xE0, 0xBC, 0x1F, 0xF1, 0xD3, 0xFC, 0x24, 0xF3,
    0xCB, 0x00, 0x00, 0xBF, 0xDD, 0x00, 0x00, 0xFF, 0xFC, 0x00, 0x00, 0xFB, 0xFC, 0x00, 0x03, 0xCB,
    0x3D, 0x30, 0xFF, 0x4F, 0x2F, 0xF0, 0xBC, 0x0D, 0x0F, 0x80, 0x00, 0x10, 0x40, 0x0F, 0x6E, 0x00,
    0xF2, 0xD0, 0x00, 0x00, 0x01, 0xBF, 0x80, 0x3F, 0xFE, 0x07, 0x43, 0xF0, 0x20, 0x2F, 0x00, 0x03,
    0xD0, 0x0F, 0xF4, 0x00, 0xBF, 0xC0, 0x00, 0x7E, 0x04, 0x03, 0xE3, 0xC0, 0xBC, 0x3F, 0xFF, 0x40,
    0xBF, 0x80, 0x00, 0x00, 0x00, 0xB9, 0xF0, 0x2C, 0x74, 0x00, 0x00, 0x01, 0xFD, 0x02, 0xFF, 0xC0,
    0x90, 0xF0, 0x01, 0xB8, 0x01, 0xFD, 0x00, 0x0B, 0xC2, 0x81, 0xF0, 0xFF, 0xF4, 0x1F, 0xE0, 0x00,
    0x03, 0xFF, 0xFC, 0x0F, 0xAB, 0xE0, 0x74, 0x2E, 0x00, 0x82, 0xF0, 0x00, 0x2F, 0x00, 0x01, 0xFD,
    0x00, 0x01, 0xFC, 0x00, 0x00, 0xF4, 0x1C, 0x03, 0xD0, 0xF4, 0x2F, 0x03, 0xFF, 0xF4, 0x02, 0xFE,
    0x00, 0x0B, 0xFF, 0xF0, 0xFA, 0xBD, 0x0D, 0x0B, 0x80, 0x02, 0xE0, 0x00, 0x7C, 0x00, 0x0F, 0x80,
    0x01, 0xBF, 0x00, 0x00, 0xF8, 0x00, 0x0F, 0x80, 0x00, 0xF4, 0xB0, 0x2F, 0x0B, 0xEF, 0xD0, 0x2F,
    0xE0, 0x00, 0x00, 0x02, 0xAA, 0x00, 0x00, 0x07, 0xFF, 0x00, 0x00, 0x00, 0x00, 0x00, 0x03, 0xFF,
    0x0F, 0xFC, 0x01, 0xFC, 0x07, 0xF0, 0x00, 0xF4, 0x07, 0xD0, 0x01, 0xF0, 0x1F, 0xC0, 0x02, 0xF0,
    0xBF, 0xC0, 0x03, 0xF2, 0xEF, 0xC0, 0x03, 0xEF, 0x4F, 0x80, 0x03, 0xFD, 0x0F, 0x40, 0x07, 0xF0,
    0x1F, 0x00, 0x0B, 0xC0, 0x2F, 0x00, 0x1F, 0xD0, 0x7F, 0x40, 0x7F, 0xF1, 0xFF, 0xC0, 0x00, 0xAA,
    0x40, 0x07, 0xFE, 0x00, 0x00, 0x00, 0x0B, 0xC0, 0xB4, 0x6F, 0x43, 0xC0, 0x3C, 0x1F, 0x01, 0xF0,
    0xB8, 0x0B, 0x83, 0xD0, 0x3D, 0x2F, 0x40, 0xF1, 0xFC, 0x03, 0xFC, 0xFF, 0x0B, 0x82, 0xE0, 0x00,
    0x01, 0x01, 0x00, 0x00, 0x07, 0xCF, 0x00, 0x00, 0x0B, 0x4E, 0x00, 0x00, 0x00, 0x00, 0x00, 0x03,
    0xFF, 0x0F, 0xFC, 0x01, 0xFC, 0x07, 0xF0, 0x00, 0xF4, 0x07, 0xD0, 0x01, 0xF0, 0x1F, 0xC0, 0x02,
    0xF0, 0xBF, 0xC0, 0x03, 0xF2, 0xEF, 0xC0, 0x03, 0xEF, 0x4F, 0x80, 0x03, 0xFD, 0x0F, 0x40, 0x07,
    0xF0, 0x1F, 0x00, 0x0B, 0xC0, 0x2F, 0x00, 0x1F, 0xD0, 0x7F, 0x40, 0x7F, 0xF1, 0xFF, 0xC0, 0x00,
    0x00, 0x00, 0x07, 0x8F, 0x00, 0x1D, 0x78, 0x00, 0x00, 0x00, 0x2F, 0x02, 0xD1, 0xBD, 0x0F, 0x00,
    0xF0, 0x7C, 0x07, 0xC2, 0xE0, 0x2E, 0x0F, 0x40, 0xF4, 0xBD, 0x03, 0xC7, 0xF0, 0x0F, 0xF3, 0xFC,
    0x2E, 0x0B, 0x80, 0x00, 0x04, 0x10, 0x00, 0x0F, 0x2E, 0x00, 0x03, 0x8B, 0x00, 0x00, 0x00, 0x00,
    0x00, 0x6F, 0xE0, 0x00, 0xFF, 0xFF, 0x00, 0xFD, 0x0B, 0xE0, 0xBD, 0x00, 0xFC, 0x3F, 0x00, 0x3F,
    0x1F, 0x80, 0x0F, 0xC7, 0xD0, 0x03, 0xF1, 0xF4, 0x01, 0xF8, 0x7E, 0x00, 0xFC, 0x0F, 0xC0, 0xBD,
    0x01, 0xFF, 0xFD, 0x00, 0x1F, 0xF8, 0x00, 0x00, 0x00, 0x00, 0x1F, 0x3C, 0x01, 0xD3, 0x80, 0x00,
    0x00, 0x01, 0xFD, 0x00, 0xBF, 0xF4, 0x2F, 0x0F, 0x83, 0xD0, 0xB8, 0x7C, 0x0F, 0x87, 0xC0, 0xF4,
    0x7C, 0x2F, 0x03, 0xFF, 0xC0, 0x1F, 0xE0, 0x00, 0x00, 0x6F, 0xE0, 0x00, 0xFF, 0xFF, 0x00, 0xFD,
    0x0B, 0xE0, 0xBC, 0x00, 0xFC, 0x3E, 0x00, 0x2F, 0x1F, 0xFF, 0xFF, 0xC7, 0xEA, 0xAB, 0xF1, 0xF4,
    0x01, 0xF8, 0x7D, 0x00, 0xFC, 0x0F, 0xC0, 0xBD, 0x01, 0xFF, 0xFD, 0x00, 0x1F, 0xF8, 0x00, 0x01,
    0xFD, 0x02, 0xFF, 0xD2, 0xF0, 0xB8, 0xF5, 0x6E, 0x7F, 0xFF, 0x9E, 0x03, 0xD7, 0xC2, 0xF0, 0xFF,
    0xF0, 0x1F, 0xE0, 0x00, 0x00, 0x04, 0x10, 0x00, 0x0F, 0x2E, 0x00, 0x03, 0x8B, 0x00, 0x00, 0x00,
    0x00, 0x00, 0x6F, 0xE0, 0x00, 0xFF, 0xFF, 0x00, 0xFD, 0x0B, 0xE0, 0xBC, 0x00, 0xFC, 0x3E, 0x00,
    0x2F, 0x1F, 0xFF, 0xFF, 0xC7, 0xEA, 0xAB, 0xF1, 0xF4, 0x01, 0xF8, 0x7D, 0x00, 0xFC, 0x0F, 0xC0,
    0xBD, 0x01, 0xFF, 0xFD, 0x00, 0x1F, 0xF8, 0x00, 0x00, 0x00, 0x00, 0x1F, 0x3C, 0x01, 0xD3, 0x80,
    0x00, 0x00, 0x01, 0xFD, 0x00, 0xBF, 0xF4, 0x2F, 0x0B, 0x83, 0xD5, 0xB8, 0x7F, 0xFF, 0x87, 0x80,
    0xF4, 0x7C, 0x2F, 0x03, 0xFF, 0xC0, 0x1F, 0xE0, 0x00, 0x00, 0x10, 0x10, 0x00, 0x7C, 0xF0, 0x00,
    0x74, 0xE0, 0x00, 0x00, 0x00, 0x01, 0xFF, 0x80, 0x03, 0xFF, 0xF0, 0x07, 0x41, 0xFC, 0x07, 0x00,
    0xBC, 0x00, 0x00, 0xBC, 0x00, 0x6A, 0xFC, 0x00, 0xBF, 0xFC, 0x00, 0x00, 0xFC, 0x08, 0x01, 0xF4,
    0x3D, 0x07, 0xF0, 0x3F, 0xFF, 0xC0, 0x0B, 0xF9, 0x00, 0x00, 0x00, 0x00, 0xF6, 0xE0, 0x3C, 0xB4,
    0x00, 0x00, 0x01, 0xFD, 0x02, 0xFF, 0xC0, 0xD0, 0xF8, 0x00, 0x2E, 0x02, 0xFF, 0x80, 0x17, 0xD2,
    0x81, 0xF0, 0xFF, 0xF4, 0x1F, 0xE0, 0x00, 0x00, 0x1A, 0xA4, 0x00, 0x0F, 0xFD, 0x00, 0x00, 0x00,
    0x00, 0xBF, 0xD3, 0xFE, 0x1F, 0xD0, 0x7D, 0x02, 0xF0, 0x1E, 0x00, 0x3D, 0x0F, 0x00, 0x0F, 0x4B,
    0x40, 0x02, 0xE7, 0x80, 0x00, 0x3F, 0xC0, 0x00, 0x0F, 0xD0, 0x00, 0x02, 0xE0, 0x00, 0x21, 0xF0,
    0x00, 0x0F, 0xF0, 0x00, 0x03, 0xE0, 0x00, 0x00, 0x00, 0x0A, 0xA4, 0x00, 0x2F, 0xF8, 0x00, 0x00,
    0x00, 0x01, 0xF8, 0x3D, 0x01, 0xBC, 0x3E, 0x00, 0x3D, 0x2E, 0x00, 0x3D, 0x3C, 0x00, 0x2E, 0x3C,
    0x00, 0x1E, 0x74, 0x00, 0x1E, 0xE0, 0x00, 0x1F, 0xC0, 0x00, 0x1F, 0x40, 0x00, 0x2E, 0x00, 0x00,
    0x78, 0x00, 0x7F, 0xE0, 0x00, 0x3E, 0x00, 0x00, 0x00, 0x04, 0x10, 0x00, 0x0F, 0x6E, 0x00, 0x03,
    0xCB, 0x40, 0x00, 0x00, 0x00, 0x2F, 0xF4, 0xFF, 0x87, 0xF4, 0x1F, 0x40, 0xBC, 0x07, 0x80, 0x0F,
    0x43, 0xC0, 0x03, 0xD2, 0xD0, 0x00, 0xB9, 0xE0, 0x00, 0x0F, 0xF0, 0x00, 0x03, 0xF4, 0x00, 0x00,
    0xB8, 0x00, 0x08, 0x7C, 0x00, 0x03, 0xFC, 0x00, 0x00, 0xF8, 0x00, 0x00, 0x00, 0x00, 0x00, 0x00,
    0x1E, 0x3C, 0x00, 0x2D, 0x78, 0x00, 0x00, 0x00, 0x01, 0xF8, 0x3D, 0x01, 0xBC, 0x3E, 0x00, 0x3D,
    0x2E, 0x00, 0x3D, 0x3C, 0x00, 0x2E, 0x3C, 0x00, 0x1E, 0x74, 0x00, 0x1E, 0xE0, 0x00, 0x1F, 0xC0,
    0x00, 0x1F, 0x40, 0x00, 0x2E, 0x00, 0x00, 0x78, 0x00, 0x7F, 0xE0, 0x00, 0x3E, 0x00, 0x00, 0x00,
    0x01, 0x42, 0x40, 0x02, 0xF2, 0xF0, 0x03, 0xF7, 0xE0, 0x00, 0xD1, 0x90, 0x00, 0x00, 0x00, 0x0B,
    0xFD, 0x3F, 0xE1, 0xFD, 0x07, 0xD0, 0x2F, 0x01, 0xE0, 0x03, 0xD0, 0xF0, 0x00, 0xF4, 0xB4, 0x00,
    0x2E, 0x78, 0x00, 0x03, 0xFC, 0x00, 0x00, 0xFD, 0x00, 0x00, 0x2E, 0x00, 0x02, 0x1F, 0x00, 0x00,
    0xFF, 0x00, 0x00, 0x3E, 0x00, 0x00, 0x00, 0x00, 0x02, 0x49, 0x00, 0x07, 0x9E, 0x00, 0x0E, 0x38,
    0x00, 0x18, 0x60, 0x00, 0x00, 0x00, 0x01, 0xF8, 0x3D, 0x01, 0xBC, 0x3E, 0x00, 0x3D, 0x2E, 0x00,
    0x3D, 0x3C, 0x00, 0x2E, 0x3C, 0x00, 0x1E, 0x74, 0x00, 0x1E, 0xE0, 0x00, 0x1F, 0xC0, 0x00, 0x1F,
    0x40, 0x00, 0x2E, 0x00, 0x00, 0x78, 0x00, 0x7F, 0xE0, 0x00, 0x3E, 0x00, 0x00, 0x00, 0x10, 0x40,
    0x00, 0xF3, 0xD0, 0x00, 0xE3, 0xC0, 0x00, 0x00, 0x00, 0xFF, 0xDB, 0xFE, 0x7F, 0x43, 0xF4, 0x3E,
    0x02, 0xF0, 0x3E, 0x03, 0xE0, 0x3D, 0x03, 0xD0, 0x3F, 0x5B, 0xC0, 0x1F, 0xFF, 0xC0, 0x01, 0x9F,
    0xC0, 0x00, 0x0F, 0x80, 0x00, 0x0F, 0x40, 0x00, 0x2F, 0x80, 0x00, 0xFF, 0xD0, 0x00, 0x00, 0x00,
    0x2E, 0x7C, 0x02, 0xD7, 0x40, 0x00, 0x00, 0x2F, 0x03, 0xD2, 0xF0, 0x7C, 0x0F, 0x0B, 0x81, 0xF0,
    0xF4, 0x0F, 0xFF, 0x40, 0xBE, 0xF0, 0x00, 0x1F, 0x00, 0x02, 0xFE, 0x00, 0x1F, 0x80, 0x03, 0xFF,
    0xFD, 0x01, 0xFE, 0xBC, 0x00, 0xF4, 0x3C, 0x01, 0xF0, 0x38, 0x02, 0xF0, 0x00, 0x03, 0xE0, 0x00,
    0x03, 0xE0, 0x00, 0x03, 0xD0, 0x00, 0x07, 0xC0, 0x00, 0x0B, 0xC0, 0x00, 0x1F, 0xD0, 0x00, 0x7F,
    0xF4, 0x00, 0x00, 0xF0, 0x00, 0x00, 0xD0, 0x00, 0x01, 0xC0, 0x00, 0x07, 0xF4, 0x2F, 0xFC, 0x24,
    0x3D, 0x01, 0xFC, 0x0F, 0xE0, 0x3E, 0x00, 0xB8, 0x18, 0xBE, 0xF8, 0x2F, 0xB8, 0x00, 0x38, 0x00,
    0x38, 0x00, 0xE0, 0x00, 0x00, 0x10, 0x40, 0x00, 0x00, 0x0F, 0x3E, 0x00, 0x00, 0x00, 0xE3, 0xC0,
    0x00, 0x00, 0x00, 0x00, 0x00, 0x03, 0xFF, 0x00, 0xFF, 0xE0, 0x1F, 0x80, 0x07, 0xF4, 0x00, 0xF0,
    0x00, 0x3F, 0x00, 0x1F, 0x00, 0x03, 0xE0, 0x02, 0xF0, 0x00, 0x3D, 0x00, 0x3F, 0xF8, 0x07, 0xC0,
    0x03, 0xEB, 0xF0, 0xBC, 0x00, 0x3C, 0x1F, 0x4F, 0xC0, 0x07, 0xC0, 0xF4, 0xF8, 0x00, 0xBC, 0x1F,
    0x0F, 0x40, 0x1F, 0xEB, 0xD2, 0xF8, 0x07, 0xFF, 0xE4, 0xFF, 0xD0, 0x00, 0x00, 0x00, 0x00, 0x0F,
    0x6E, 0x00, 0x03, 0xCB, 0x00, 0x00, 0x00, 0x00, 0x2F, 0x40, 0x0F, 0x5B, 0xD0, 0x03, 0xC0, 0xF0,
    0x01, 0xF0, 0x7E, 0x90, 0xB8, 0x2F, 0xBE, 0x3E, 0x0F, 0x43, 0xCF, 0x43, 0xC1, 0xE3, 0xC0, 0xF9,
    0xF1, 0xFF, 0x0B, 0xE0, 0x3E, 0x00, 0x03, 0xFF, 0xFD, 0x01, 0xFE, 0xBC, 0x00, 0xF4, 0x3C, 0x01,
    0xF0, 0x38, 0x02, 0xF0, 0x00, 0x2F, 0xFF, 0x00, 0x03, 0xD0, 0x00, 0x07, 0xD0, 0x00, 0x07, 0xC0,
    0x00, 0x0B, 0xC0, 0x00, 0x1F, 0xD0, 0x00, 0x7F, 0xFC, 0x00, 0x00, 0x2C, 0x00, 0x03, 0xB8, 0x00,
    0x03, 0xE0, 0x00, 0x0B, 0xF4, 0x3F, 0xFC, 0x20, 0x3C, 0x0E, 0xF8, 0x0F, 0xD0, 0x3E, 0xC0, 0xB8,
    0x5C, 0xBE, 0xFC, 0x2F, 0xEC, 0x00, 0x1C, 0x00, 0x2C, 0x02, 0xB8, 0x03, 0xE0, 0x03, 0xFF, 0x1F,
    0xF0, 0x07, 0xF4, 0x3F, 0x00, 0x07, 0xD1, 0xF0, 0x00, 0x0F, 0x8F, 0x00, 0x00, 0x1F, 0xF0, 0x00,
    0x00, 0x3F, 0x00, 0x00, 0x00, 0xFC, 0x00, 0x00, 0x0F, 0xF8, 0x00, 0x00, 0xF1, 0xF0, 0x00, 0x0F,
    0x43, 0xE0, 0x01, 0xFC, 0x0B, 0xC0, 0x0F, 0xF8, 0x0F, 0x00, 0x00, 0x00, 0x3D, 0x00, 0x00, 0x00,
    0xF0, 0x00, 0x01, 0xEB, 0x80, 0x00, 0x03, 0xF4, 0x00, 0x07, 0xD0, 0xB8, 0x2B, 0xCF, 0xE0, 0x0F,
    0xB4, 0x00, 0x2F, 0x40, 0x00, 0x7C, 0x00, 0x03, 0xF4, 0x01, 0x2E, 0xF0, 0x0F, 0xD3, 0xD0, 0x3D,
    0x0B, 0x80, 0x00, 0x1F, 0x00, 0x04, 0x3C, 0x00, 0x7F, 0xD0, 0x00, 0xFD, 0x00, 0x03, 0xFF, 0x1F,
    0xF0, 0x07, 0xF4, 0x3F, 0x00, 0x07, 0xD1, 0xF0, 0x00, 0x0F, 0xDF, 0x00, 0x00, 0x1F, 0xF0, 0x00,
    0x07, 0xFF, 0xFC, 0x00, 0x01, 0xFD, 0x00, 0x00, 0x0F, 0xF8, 0x00, 0x00, 0xF1, 0xF0, 0x00, 0x0F,
    0x43, 0xE0, 0x01, 0xFC, 0x0F, 0xD0, 0x0F, 0xF8, 0xFF, 0xC0, 0x07, 0xD0, 0xB8, 0x2B, 0xCF, 0xE0,
    0x0F, 0xB4, 0x00, 0x2F, 0x40, 0x07, 0xFF, 0xD0, 0x03, 0xF4, 0x01, 0x2E, 0xE0, 0x0F, 0xD3, 0xE8,
    0x3D, 0x0B, 0xE0, 0x55, 0x55, 0x55, 0x55, 0x55, 0x55, 0x55, 0x00, 0x69, 0x28, 0x7D, 0x14, 0x14,
    0x14, 0x14, 0x14, 0x14, 0x14, 0x14, 0x14, 0x14, 0x14, 0x14, 0x00, 0x00, 0x20, 0x00, 0x8B, 0xFE,
    0x80, 0x88, 0x20, 0x80, 0x08, 0x00, 0x80, 0x08, 0x00, 0x80, 0x08, 0x00, 0x80, 0x08, 0x00, 0x80,
    0x08, 0x00, 0x80, 0x00, 0x00, 0x00, 0x80, 0x20, 0x0B, 0xFE, 0x20, 0x20, 0x82, 0x00, 0x20, 0x02,
    0x00, 0x20, 0x02, 0x00, 0x20, 0x02, 0x00, 0x20, 0x02, 0x00, 0x20, 0x02, 0x00, 0x20, 0x3F, 0xF3,
    0xFE, 0x3F, 0xF3, 0xFE, 0xFF, 0xFF, 0x6A, 0xAA, 0x80, 0xFF, 0xFF, 0xAA, 0xAA, 0x90, 0xFF, 0xFF,
    0xFF, 0xFF, 0xEA, 0xAA, 0xAA, 0xAA, 0xA0, 0xFF, 0xFF, 0xFF, 0xFF, 0xEA, 0xAA, 0xAA, 0xAA, 0xA0,
    0xB8, 0xF2, 0xE3, 0xCB, 0x8F, 0x2E, 0x3C, 0xB8, 0xF2, 0xE3, 0xCB, 0x8F, 0x2E, 0x3C, 0xB8, 0xF2,
    0xE3, 0xCB, 0x8F, 0x2E, 0x3C, 0xB8, 0xF2, 0xE3, 0xCB, 0x8F, 0x2E, 0x3C, 0xB8, 0xF0, 0xFF, 0xFF,
    0xAA, 0xAA, 0x90, 0x00, 0x03, 0xFF, 0xFE, 0xAA, 0xAA, 0x40, 0x0B, 0x0B, 0x43, 0xC1, 0xE0, 0x7C,
    0x00, 0x00, 0x1E, 0x1E, 0x2D, 0x3C, 0xB0, 0x00, 0x2D, 0x2E, 0x2D, 0x3C, 0xB0, 0x00, 0x2D, 0x0F,
    0x43, 0xC0, 0x78, 0x0B, 0x00, 0x40, 0x0B, 0x0D, 0x2D, 0x3C, 0x3C, 0xB4, 0x78, 0xF0, 0x7C, 0xF4,
    0x00, 0x00, 0x1E, 0x3C, 0x1E, 0x3D, 0x2D, 0x3C, 0x3C, 0x74, 0xB0, 0xE0, 0x00, 0x00, 0x2D, 0x3C,
    0x2E, 0x3C, 0x2D, 0x78, 0x3C, 0xB0, 0xB1, 0xD0, 0x00, 0x00, 0x2D, 0x7C, 0x3D, 0xB8, 0x3C, 0x78,
    0x1E, 0x3C, 0x0B, 0x1D, 0x01, 0x00, 0x00, 0xF0, 0x00, 0x38, 0x01, 0x0D, 0x10, 0xFF, 0xFC, 0x11,
    0xC5, 0x00, 0xA0, 0x00, 0x38, 0x00, 0x0D, 0x00, 0x07, 0x40, 0x03, 0xC0, 0x00, 0xF0, 0x00, 0x00,
    0x3C, 0x00, 0x03, 0x80, 0x04, 0x34, 0x40, 0xFF, 0xFC, 0x04, 0xB1, 0x40, 0x0F, 0x00, 0x00, 0xF0,
    0x00, 0x0E, 0x00, 0x15, 0xD5, 0x03, 0xFF, 0xF0, 0x12, 0xC5, 0x00, 0x3C, 0x00, 0x07, 0x80, 0x00,
    0x00, 0x0F, 0xD7, 0xF4, 0xFC, 0x04, 0x00, 0x74, 0x02, 0xF8, 0x0B, 0xFE, 0x2F, 0xF8, 0xBE, 0x01,
    0xD0, 0x00, 0x19, 0x3F, 0x2E, 0x18, 0x09, 0x3D, 0x3E, 0x3C, 0x3C, 0x28, 0x02, 0x40, 0x61, 0xF0,
    0x3F, 0x03, 0xD7, 0x80, 0xB4, 0x0F, 0x00, 0x19, 0x3F, 0x2E, 0x00, 0x00, 0x20, 0x00, 0x89, 0x3E,
    0x80, 0x88, 0x20, 0x80, 0x08, 0x00, 0x80, 0x08, 0x00, 0x80, 0x08, 0x00, 0x80, 0x08, 0x00, 0x80,
    0x08, 0x00, 0x80, 0x00, 0x00, 0x00, 0x80, 0x20, 0x0B, 0xC2, 0x20, 0x20, 0x82, 0x00, 0x20, 0x02,
    0x00, 0x20, 0x02, 0x00, 0x20, 0x02, 0x00, 0x20, 0x02, 0x00, 0x20, 0x02, 0x00, 0x20, 0x0A, 0x02,
    0xA8, 0x55, 0x50, 0x50, 0x05, 0x00, 0x50, 0x05, 0x00, 0x50, 0x05, 0x00, 0x50, 0x05, 0x00, 0x50,
    0x05, 0x00, 0x50, 0x05, 0x00, 0x50, 0x00, 0x00, 0x02, 0x60, 0x00, 0x98, 0x7F, 0xD9, 0x50, 0x98,
    0x52, 0x60, 0x50, 0x00, 0x50, 0x00, 0x50, 0x00, 0x50, 0x00, 0x50, 0x00, 0x50, 0x00, 0x50, 0x00,
    0x50, 0x00, 0x50, 0x00, 0x50, 0x00, 0x50, 0x00, 0x00, 0x00, 0x09, 0x80, 0x26, 0x00, 0x67, 0xFD,
    0x26, 0x05, 0x09, 0x85, 0x00, 0x05, 0x00, 0x05, 0x00, 0x05, 0x00, 0x05, 0x00, 0x05, 0x00, 0x05,
    0x00, 0x05, 0x00, 0x05, 0x00, 0x05, 0x00, 0x05, 0x00, 0x05, 0x00, 0x00, 0x00, 0x80, 0x00, 0x00,
    0x02, 0xF4, 0x03, 0xC0, 0x00, 0x00, 0x0F, 0x7C, 0x07, 0x40, 0x00, 0x00, 0x2D, 0x2D, 0x0E, 0x00,
    0x00, 0x00, 0x3C, 0x3C, 0x3C, 0x00, 0x00, 0x00, 0x3C, 0x3C, 0x74, 0x00, 0x00, 0x00, 0x3D, 0xF4,
    0xE1, 0xF8, 0x07, 0xF0, 0x1F, 0xC3, 0xCB, 0xAE, 0x1E, 0x7C, 0x00, 0x0B, 0x0F, 0x0F, 0x3C, 0x3C,
    0x00, 0x1E, 0x1D, 0x0E, 0x78, 0x3C, 0x00, 0x3C, 0x2D, 0x2D, 0x78, 0x78, 0x00, 0xF0, 0x1E, 0x78,
    0x3D, 0xF0, 0x02, 0xE0, 0x0B, 0xE0, 0x1F, 0x80, 0x01, 0x80, 0x00, 0x00, 0x00, 0x00, 0x0D, 0x1F,
    0x2E, 0x3C, 0x74, 0x10, 0x0D, 0x28, 0x1F, 0x3C, 0x2E, 0x7C, 0x3C, 0xF4, 0x74, 0xE0, 0x10, 0x40,
    0x0D, 0x0C, 0x18, 0x1F, 0x2E, 0x3D, 0x2E, 0x3C, 0x7C, 0x3C, 0x78, 0xB4, 0x74, 0xB0, 0xE0, 0x10,
    0x00, 0x00, 0x30, 0xB8, 0x3C, 0x2D, 0x0E, 0x00, 0x30, 0x70, 0xB8, 0xF4, 0x3C, 0x78, 0x2D, 0x3C,
    0x0E, 0x1D, 0x00, 0x04, 0x30, 0x70, 0xA0, 0xB8, 0xF4, 0xF0, 0x3C, 0x78, 0xF4, 0x2D, 0x3C, 0x3C,
    0x0E, 0x1D, 0x2C, 0x00, 0x04, 0x04, 0x01, 0x80, 0x07, 0xF0, 0x2D, 0x3C, 0x02, 0xC0, 0xF8, 0x3E,
    0x07, 0xC0, 0x2F, 0x00, 0x74, 0x1D, 0x00, 0xF8, 0x03, 0xD0, 0x7C, 0x2F, 0x03, 0x80, 0x90, 0x00,
    0x21, 0xD2, 0xC3, 0xC1, 0xDB, 0x2C, 0x01, 0xD2, 0xC0, 0x11, 0xEC, 0x51, 0xE3, 0xD3, 0xC2, 0x1E,
    0xC5, 0x01, 0xD2, 0xC0, 0x1D, 0xB2, 0xC1, 0xD2, 0xC3, 0xC9, 0x00, 0x02, 0x00, 0x02, 0xE0, 0xF0,
    0x1F, 0x0B, 0xC0, 0xB8, 0x3D, 0x03, 0xD0, 0xF0, 0x0F, 0x07, 0x80, 0x38, 0x2D, 0x01, 0xD0, 0xB0,
    0x07, 0x02, 0x80, 0x00, 0x00, 0x00, 0x60, 0x28, 0x03, 0xD1, 0xF0, 0x0F, 0x07, 0x80, 0xFF, 0xFF,
    0xAA, 0xAA, 0x90, 0x3F, 0x4A, 0x80, 0x00, 0x00, 0x30, 0x00, 0x02, 0xD0, 0x00, 0x1E, 0x00, 0x00,
    0xF0, 0x00, 0x0B, 0x00, 0x00, 0x74, 0x00, 0x03, 0x80, 0x00, 0x3C, 0x00, 0x02, 0xD0, 0x00, 0x0E,
    0x00, 0x00, 0xF0, 0x00, 0x0B, 0x40, 0x00, 0x78, 0x00, 0x00, 0xC0, 0x00, 0x00, 0x2F, 0x81, 0xFC,
    0x1F, 0xF4, 0xFF, 0xC2, 0x5E, 0x24, 0xF0, 0x0B, 0x40, 0x3C, 0x0B, 0x80, 0x7C, 0x0F, 0x40, 0x78,
    0x07, 0xA0, 0x3E, 0x00, 0xF4, 0x0B, 0xC0, 0x00, 0x00, 0x00, 0x09, 0x00, 0x60, 0x0B, 0xC0, 0x3D,
    0x01, 0xD0, 0x0F, 0x00, 0x2F, 0x80, 0xB9, 0xFF, 0x43, 0xD2, 0x5E, 0x1F, 0x00, 0xB4, 0xB8, 0x0B,
    0x83, 0xC0, 0xF4, 0x0F, 0x07, 0xA0, 0x38, 0x0F, 0x40, 0xC0, 0x00, 0x00, 0x00, 0x90, 0x18, 0x0B,
    0xC0, 0xF8, 0x1D, 0x03, 0xC0, 0x02, 0xE2, 0xF8, 0x07, 0xC7, 0xFD, 0x0B, 0x82, 0x5E, 0x0F, 0x40,
    0x2D, 0x0F, 0x00, 0xB8, 0x0E, 0x03, 0xD0, 0x1D, 0x07, 0xA0, 0x1C, 0x07, 0xD0, 0x00, 0x00, 0x00,
    0x18, 0x02, 0x40, 0x3D, 0x0B, 0xC0, 0x3C, 0x07, 0x40, 0x06, 0x40, 0x10, 0xFF, 0xEB, 0xC2, 0x42,
    0xFD, 0x00, 0x0D, 0x0C, 0x18, 0x28, 0x1F, 0x2E, 0x3D, 0x3C, 0x2E, 0x3C, 0x7C, 0xB8, 0x3C, 0x78,
    0xB4, 0xF0, 0x74, 0xB0, 0xE1, 0xD0, 0x10, 0x00, 0x00, 0x40, 0x07, 0xF4, 0x1F, 0xBC, 0x3C, 0x3C,
    0x78, 0x3C, 0xB4, 0x78, 0x7E, 0xF0, 0x2F, 0x80, 0x00, 0x78, 0x01, 0xF8, 0x0B, 0x74, 0x2C, 0xB0,
    0x7F, 0xFC, 0x2A, 0xF4, 0x01, 0xD0, 0x07, 0xFC, 0x0B, 0xA4, 0x0F, 0x80, 0x0B, 0xF0, 0x00, 0xF0,
    0x2B, 0xD0, 0x7E, 0x40, 0x01, 0xBC, 0x0B, 0xE8, 0x1F, 0x80, 0x3F, 0xF4, 0x38, 0x78, 0x3E, 0xF0,
    0x1F, 0xD0, 0x3F, 0xF5, 0xEB, 0xC1, 0x2D, 0x01, 0xD0, 0x1E, 0x00, 0xF0, 0x03, 0x40, 0x00, 0x07,
    0xF4, 0x3E, 0xF0, 0xE7, 0x43, 0xF8, 0x38, 0xB5, 0xFB, 0xC2, 0xFD, 0x00, 0x07, 0xF0, 0x7A, 0xF2,
    0xC3, 0xCB, 0xFE, 0x06, 0xF1, 0xBF, 0x47, 0xE0, 0x00, 0x3D, 0xB4, 0x0F, 0x38, 0x1D, 0x34, 0x2C,
    0x70, 0x3C, 0xB4, 0x38, 0xB4, 0x07, 0xF4, 0x1F, 0xBC, 0x3C, 0x3C, 0x78, 0x3C, 0xB4, 0x78, 0x7E,
    0xF0, 0x2F, 0x80, 0x01, 0xD0, 0xFD, 0x02, 0xC0, 0x3C, 0x03, 0x80, 0xB8, 0x3F, 0xD0, 0x07, 0xF4,
    0x7E, 0xF1, 0x83, 0x80, 0x78, 0x0B, 0x40, 0xFA, 0x87, 0xFF, 0x00, 0x07, 0xF0, 0x3E, 0xE0, 0x47,
    0x42, 0xF8, 0x05, 0xF0, 0xAB, 0xC3, 0xF8, 0x00, 0x00, 0x78, 0x01, 0xF8, 0x0B, 0x74, 0x2C, 0xB0,
    0x7F, 0xFC, 0x2A, 0xF4, 0x01, 0xD0, 0x07, 0xFC, 0x0B, 0xA4, 0x0F, 0x80, 0x0B, 0xF0, 0x00, 0xF0,
    0x2B, 0xD0, 0x7E, 0x40, 0x01, 0xBC, 0x0B, 0xE8, 0x1F, 0x80, 0x3F, 0xF4, 0x38, 0x78, 0x3E, 0xF0,
    0x1F, 0xD0, 0x3F, 0xF5, 0xEB, 0xC1, 0x2D, 0x01, 0xD0, 0x1E, 0x00, 0xF0, 0x03, 0x40, 0x00, 0x07,
    0xF4, 0x3E, 0xF0, 0xE7, 0x43, 0xF8, 0x38, 0xB5, 0xFB, 0xC2, 0xFD, 0x00, 0x07, 0xF0, 0x7A, 0xF2,
    0xC3, 0xCB, 0xFE, 0x06, 0xF1, 0xBF, 0x47, 0xE0, 0x00, 0x02, 0xFF, 0xFE, 0x02, 0xFE, 0xAE, 0x00,
    0xBC, 0x1D, 0x00, 0xF8, 0x04, 0x00, 0xF8, 0x00, 0x00, 0xFA, 0x90, 0x01, 0xFF, 0xE0, 0x02, 0xF0,
    0x00, 0x0F, 0xFE, 0x00, 0x03, 0xD0, 0x00, 0x1F, 0xF8, 0x00, 0x3F, 0xFC, 0x00, 0x00, 0x02, 0xF8,
    0x00, 0x0F, 0xBD, 0x00, 0x3D, 0x2D, 0x00, 0x7C, 0x14, 0x01, 0xF9, 0x40, 0x0B, 0xFF, 0xC0, 0x01,
    0xF0, 0x00, 0x0F, 0xFF, 0x80, 0x07, 0xD5, 0x00, 0x13, 0xC0, 0x10, 0x3F, 0xFF, 0xF4, 0x3D, 0x6F,
    0xE0, 0x02, 0xFF, 0x80, 0x00, 0x00, 0x00, 0xFF, 0xFF, 0x00, 0x00, 0x00, 0x06, 0xF1, 0xF8, 0x00,
    0x00, 0x00, 0x2E, 0x0F, 0x83, 0x80, 0x00, 0x03, 0xD0, 0xF4, 0xB4, 0x00, 0x00, 0x3D, 0x3F, 0x2F,
    0xF0, 0xBD, 0x07, 0xFF, 0xC2, 0xF9, 0x2E, 0xF0, 0xBF, 0x90, 0x1F, 0x03, 0xE0, 0x0B, 0x80, 0x02,
    0xE0, 0x1F, 0xC0, 0xF4, 0x00, 0x3D, 0x09, 0x3D, 0x1F, 0x80, 0x03, 0xFD, 0xFF, 0xCB, 0xFE, 0x00,
    0x2F, 0x47, 0xF4, 0x00, 0x07, 0xFE, 0x00, 0x0F, 0xFB, 0xC0, 0x0F, 0x80, 0xE0, 0x0B, 0xD5, 0x10,
    0x0F, 0xFF, 0xC0, 0x00, 0xF0, 0x00, 0x03, 0xFF, 0xF4, 0x00, 0x1F, 0x40, 0x00, 0x03, 0xD0, 0x00,
    0x00, 0xFC, 0x02, 0x00, 0x0F, 0xFF, 0xC0, 0x00, 0xBF, 0x40, 0x02, 0x00, 0x00, 0x2E, 0x00, 0x02,
    0xD0, 0x00, 0x2F, 0xFF, 0xFE, 0xBF, 0xFF, 0xF8, 0xB4, 0x00, 0x00, 0xB4, 0x00, 0x00, 0x80, 0x00,
    0x01, 0xD0, 0x01, 0xFD, 0x01, 0xFF, 0xD0, 0xE7, 0x6C, 0x01, 0xD0, 0x00, 0x74, 0x00, 0x1D, 0x00,
    0x07, 0x40, 0x01, 0xD0, 0x00, 0x74, 0x00, 0x00, 0x02, 0x00, 0x00, 0x2E, 0x00, 0x00, 0x1E, 0x2F,
    0xFF, 0xFE, 0xBF, 0xFF, 0xF8, 0x00, 0x07, 0x80, 0x00, 0xB8, 0x00, 0x00, 0x80, 0x01, 0xD0, 0x00,
    0x74, 0x00, 0x1D, 0x00, 0x07, 0x40, 0x01, 0xD0, 0x00, 0x74, 0x03, 0x9D, 0xB0, 0xBF, 0xF4, 0x07,
    0xF4, 0x00, 0x74, 0x00, 0x01, 0x01, 0x00, 0x3C, 0x0F, 0x03, 0xD0, 0x1F, 0x2F, 0xFF, 0xFE, 0xBF,
    0xFF, 0xF8, 0xF4, 0x07, 0xC0, 0xF0, 0x3C, 0x00, 0x40, 0x40, 0x01, 0xD0, 0x01, 0xFD, 0x01, 0xFF,
    0xD0, 0xA7, 0x68, 0x01, 0xD0, 0x00, 0x74, 0x00, 0x1D, 0x00, 0xA7, 0x68, 0x1F, 0xFD, 0x01, 0xFD,
    0x00, 0x1D, 0x00, 0x01, 0xD0, 0x02, 0xFE, 0x02, 0xFF, 0xE0, 0x67, 0x64, 0x01, 0xD0, 0x00, 0x74,
    0x01, 0x9D, 0x90, 0xBF, 0xF8, 0x0B, 0xF8, 0x00, 0x74, 0x07, 0xFF, 0xF5, 0xFF, 0xFD, 0x00, 0x0F,
    0x00, 0x03, 0xC0, 0x00, 0xF0, 0x00, 0x3C, 0x01, 0x8F, 0x00, 0xF3, 0xC0, 0xE0, 0xF0, 0xFF, 0xFC,
    0x3F, 0xFF, 0x03, 0x80, 0x00, 0x3C, 0x00, 0x06, 0x00, 0x3C, 0x00, 0x0F, 0x00, 0x03, 0xC0, 0x00,
    0xF0, 0x00, 0x3C, 0x90, 0x0F, 0x3C, 0x03, 0xC2, 0xC0, 0xFF, 0xFC, 0x3F, 0xFF, 0x00, 0x0B, 0x00,
    0x0F, 0x00, 0x02, 0x40, 0x00, 0x00, 0xF0, 0x05, 0x03, 0xC0, 0x7C, 0x0F, 0x03, 0x80, 0x2C, 0x3F,
    0xFF, 0xF0, 0xFF, 0xFF, 0xC0, 0xE0, 0x00, 0x01, 0xF0, 0x00, 0x01, 0x40, 0x00, 0x00, 0x40, 0x00,
    0x0F, 0x00, 0x00, 0xF4, 0x00, 0x0F, 0xFF, 0xFE, 0xB0, 0x00, 0x00, 0xFF, 0xFF, 0xE0, 0xF4, 0x00,
    0x00, 0xF0, 0x00, 0x00, 0x40, 0x00, 0x00, 0x74, 0x00, 0x07, 0xB4, 0x00, 0xBC, 0xF8, 0x0B, 0xF3,
    0xF8, 0x29, 0xCD, 0xA0, 0x0B, 0x34, 0x00, 0x2C, 0xE0, 0x00, 0xB3, 0x80, 0x02, 0xCE, 0x00, 0x0B,
    0x38, 0x00, 0x00, 0x04, 0x00, 0x00, 0x3C, 0x00, 0x00, 0x7C, 0x2F, 0xFF, 0xFC, 0x00, 0x00, 0x3A,
    0xFF, 0xFF, 0xC0, 0x00, 0x7C, 0x00, 0x03, 0xC0, 0x00, 0x04, 0x00, 0x02, 0xCE, 0x00, 0x0B, 0x38,
    0x00, 0x2C, 0xE0, 0x00, 0xB3, 0x80, 0x02, 0xCD, 0x00, 0xA7, 0x36, 0x82, 0xFC, 0xFE, 0x02, 0xF3,
    0xE0, 0x01, 0xED, 0x00, 0x01, 0xD0, 0x00, 0x00, 0x00, 0x00, 0x0D, 0x2C, 0x00, 0xF0, 0x3C, 0x0F,
    0xFF, 0xFC, 0xF0, 0x00, 0x3C, 0xFF, 0xFF, 0xC0, 0xF0, 0x3C, 0x00, 0xD2, 0xC0, 0x00, 0x00, 0x00,
    0x3F, 0x00, 0x0F, 0x0B, 0xC0, 0x0B, 0x81, 0xF8, 0x03, 0xC0, 0x3F, 0xFF, 0xF0, 0x0B, 0xFF, 0xF4,
    0x01, 0xF8, 0x3C, 0x00, 0x3F, 0x1E, 0x00, 0x0B, 0xCF, 0x00, 0x00, 0xFB, 0x80, 0x00, 0x3F, 0xD0,
    0x00, 0x07, 0xF0, 0x00, 0x00, 0xF0, 0x00, 0x07, 0xF8, 0x07, 0xAF, 0x80, 0x01, 0xF0, 0x00, 0x3D,
    0x02, 0xFF, 0x47, 0xEF, 0xD3, 0xD0, 0xF6, 0xE0, 0x3C, 0xF4, 0x1F, 0x3D, 0x0B, 0x8F, 0x87, 0xC2,
    0xFB, 0xD0, 0x2F, 0x80, 0x00, 0x7F, 0xFF, 0x5A, 0xAB, 0xE0, 0x00, 0xF8, 0x00, 0x3E, 0x00, 0x0F,
    0x8F, 0xFF, 0xE2, 0xAA, 0xF8, 0x00, 0x3E, 0x00, 0x0F, 0x80, 0x03, 0xE6, 0xAA, 0xFA, 0xFF, 0xFD,
    0x00, 0x00, 0x01, 0x40, 0x2F, 0xF4, 0xD0, 0x7F, 0xFF, 0xE0, 0x7E, 0x01, 0xF8, 0x3E, 0x00, 0xFF,
    0x0F, 0x00, 0xF3, 0xD7, 0xC0, 0xF0, 0xF5, 0xF0, 0xF0, 0x3D, 0x7C, 0xF0, 0x0F, 0x0F, 0xF0, 0x0B,
    0xC2, 0xF4, 0x0B, 0xD0, 0xBF, 0xFF, 0xD0, 0x71, 0xFF, 0x80, 0x14, 0x00, 0x00, 0x00, 0x00, 0x2D,
    0x00, 0x00, 0xBE, 0x00, 0x00, 0xFF, 0x00, 0x02, 0xEF, 0x40, 0x03, 0xCF, 0xC0, 0x07, 0x8B, 0xC0,
    0x0F, 0x03, 0xE0, 0x0F, 0x03, 0xF0, 0x2D, 0x02, 0xF4, 0x3C, 0x00, 0xF8, 0xBE, 0xAA, 0xFC, 0xBF,
    0xFF, 0xFC, 0xBF, 0xFF, 0xFA, 0xFE, 0xAB, 0xE7, 0xE0, 0x0F, 0x0F, 0xC0, 0x7C, 0x2F, 0x02, 0xD0,
    0x3E, 0x0F, 0x00, 0xFC, 0x78, 0x01, 0xF3, 0xC0, 0x03, 0xEE, 0x00, 0x0B, 0xF4, 0x00, 0x1F, 0xC0,
    0x00, 0x3C, 0x00, 0x00, 0xBF, 0xFF, 0x01, 0xFF, 0xFF, 0xC0, 0xF8, 0x00, 0x00, 0xBC, 0x00, 0x00,
    0x3D, 0x00, 0x00, 0x0F, 0xFF, 0xFF, 0xC3, 0xFF, 0xFF, 0xF0, 0xF4, 0x00, 0x00, 0x2F, 0x00, 0x00,
    0x03, 0xE0, 0x00, 0x00, 0x7F, 0xFF, 0xF0, 0x02, 0xFF, 0xFC, 0x00, 0x00, 0x3C, 0x00, 0x2F, 0xFF,
    0xC0, 0x7F, 0xFF, 0xF0, 0x3E, 0x07, 0xC0, 0x2F, 0x02, 0xD0, 0x0F, 0x40, 0xF0, 0x03, 0xFF, 0xFF,
    0xF0, 0xFF, 0xFF, 0xFC, 0x3D, 0x0F, 0x00, 0x0B, 0xC7, 0x80, 0x00, 0xFB, 0xD0, 0x00, 0x1F, 0xFF,
    0xFC, 0x00, 0xFF, 0xFF, 0x00, 0x3C, 0x00, 0x00, 0x01, 0xBF, 0xFF, 0x02, 0xFE, 0xAA, 0x82, 0xF0,
    0x00, 0x00, 0xF8, 0x00, 0x00, 0x3F, 0xFF, 0xFF, 0x0F, 0xEA, 0xAA, 0x83, 0xE0, 0x00, 0x00, 0xBD,
    0x00, 0x00, 0x0B, 0xFA, 0xAA, 0x00, 0x6F, 0xFF, 0xC0, 0x3F, 0xFF, 0x80, 0x0F, 0xFF, 0xFD, 0x00,
    0x00, 0x0B, 0xC0, 0x00, 0x00, 0xF8, 0x00, 0x00, 0x1F, 0x0F, 0xFF, 0xFF, 0xC3, 0xFF, 0xFF, 0xF0,
    0x00, 0x00, 0x7C, 0x00, 0x00, 0x3E, 0x00, 0x00, 0x2F, 0x03, 0xFF, 0xFF, 0x40, 0xFF, 0xFE, 0x00,
    0x0F, 0x00, 0x00, 0x0B, 0xFF, 0xE0, 0x03, 0xFF, 0xBF, 0x40, 0x0F, 0x41, 0xF0, 0x01, 0xE0, 0x3E,
    0x00, 0x3C, 0x07, 0xC3, 0xFF, 0xFF, 0xF0, 0xFF, 0xFF, 0xFC, 0x00, 0x3C, 0x1F, 0x00, 0x0B, 0x4F,
    0x80, 0x01, 0xFB, 0xC0, 0xFF, 0xFF, 0xD0, 0x3F, 0xFF, 0xC0, 0x00, 0x00, 0xF0, 0x00, 0x3F, 0xFF,
    0x90, 0x0A, 0xAA, 0xFE, 0x00, 0x00, 0x03, 0xE0, 0x00, 0x00, 0xBC, 0x3F, 0xFF, 0xFF, 0x0A, 0xAA,
    0xAF, 0xC0, 0x00, 0x02, 0xF0, 0x00, 0x01, 0xF8, 0x2A, 0xAB, 0xF8, 0x0F, 0xFF, 0xE4, 0x00, 0x7F,
    0xFF, 0xFF, 0xE1, 0xFE, 0xAB, 0xF4, 0x0F, 0xC0, 0x2F, 0x00, 0xFC, 0x02, 0xF0, 0x0F, 0xC0, 0x2F,
    0x00, 0xFC, 0x02, 0xF0, 0x0F, 0xC0, 0x2F, 0x00, 0xFC, 0x02, 0xF0, 0x0F, 0xC0, 0x2F, 0x00, 0xFC,
    0x02, 0xF0, 0x0F, 0xC0, 0x2F, 0x00, 0xFC, 0x02, 0xF0, 0x0F, 0xC0, 0x2F, 0x01, 0xFD, 0x07, 0xF8,
    0x7F, 0xF4, 0xFF, 0xE0, 0x3F, 0xFF, 0xF4, 0xFE, 0xAB, 0xD1, 0xF8, 0x07, 0x43, 0xF0, 0x04, 0x03,
    0xE0, 0x00, 0x0B, 0xD0, 0x00, 0x0F, 0xC0, 0x00, 0x1F, 0x00, 0x00, 0xF8, 0x00, 0x0B, 0xC0, 0x00,
    0x3C, 0x00, 0x03, 0xE0, 0x09, 0x2F, 0x00, 0x3C, 0xFA, 0xAB, 0xE3, 0xFF, 0xFF, 0x40, 0x00, 0x00,
    0x7F, 0xFF, 0x1A, 0xAA, 0x80, 0x00, 0x00, 0xF0, 0x00, 0x0B, 0x40, 0x00, 0x7C, 0x00, 0x03, 0xC0,
    0x00, 0x1E, 0x00, 0x00, 0xF0, 0x00, 0x0B, 0x40, 0x00, 0x7C, 0x00, 0x03, 0xC0, 0x00, 0x1E, 0x00,
    0x00, 0xF0, 0x00, 0x0B, 0x40, 0x00, 0x3C, 0x00, 0x00, 0x3C, 0x00, 0x0F, 0x40, 0x01, 0xF0, 0x00,
    0x3D, 0x00, 0x0B, 0x80, 0x00, 0xF0, 0x00, 0x2E, 0x00, 0x03, 0xC0, 0x00, 0xF4, 0x00, 0x1F, 0x00,
    0x03, 0xD0, 0x00, 0x7C, 0x00, 0x0F, 0x00, 0x02, 0xC0, 0x08, 0xB1, 0x47, 0xEE, 0xF0, 0x7F, 0xE0,
    0x1F, 0xF8, 0x1F, 0xBB, 0xC2, 0x2C, 0x50, 0x0B, 0x00, 0x1F, 0xC1, 0xFB, 0xCB, 0x0B, 0x6C, 0x1C,
    0x7E, 0xF0, 0xBE, 0x00, 0x19, 0x3F, 0x3D, 0x00, 0x00, 0x2D, 0x00, 0x00, 0x3C, 0x00, 0x00, 0x3C,
    0x00, 0x00, 0x74, 0x00, 0x00, 0xB0, 0x00, 0x00, 0xF0, 0x00, 0x00, 0xE0, 0x3F, 0x42, 0xC0, 0x3F,
    0x83, 0xC0, 0x07, 0xC3, 0x80, 0x03, 0xC7, 0x40, 0x03, 0xDB, 0x00, 0x01, 0xEE, 0x00, 0x00, 0xFD,
    0x00, 0x00, 0xFC, 0x00, 0x00, 0x7C, 0x00, 0x1F, 0x42, 0x5F, 0xF7, 0xCB, 0x0B, 0x82, 0xC2, 0xF0,
    0x7F, 0xDF, 0x0B, 0xC1, 0xD0, 0x2F, 0x47, 0xD1, 0xFF, 0x7F, 0xCB, 0x0F, 0x87, 0x7C, 0x3E, 0x1D,
    0xBF, 0xEF, 0xF0, 0xBC, 0x1F, 0x40, 0xB4, 0x00, 0x02, 0xD0, 0x00, 0x0B, 0x40, 0x00, 0x2D, 0x00,
    0x00, 0xB4, 0x00, 0x02, 0xD0, 0x00, 0x0B, 0x40, 0x00, 0x2D, 0x00, 0x00, 0xB4, 0x00, 0x02, 0xD0,
    0x00, 0x0B, 0xFF, 0xFF, 0xAF, 0xFF, 0xFE, 0x00, 0x00, 0x24, 0x00, 0x00, 0x2F, 0x00, 0x00, 0x1F,
    0x40, 0x00, 0x0F, 0x80, 0x00, 0x0F, 0xC0, 0x00, 0x0B, 0xC0, 0x00, 0x07, 0xC0, 0x00, 0x03, 0xD0,
    0x00, 0x03, 0xE0, 0x00, 0x03, 0xF0, 0x00, 0x02, 0xFF, 0xFF, 0xF9, 0xFF, 0xFF, 0xFE, 0xF7, 0xDF,
    0x7D, 0xF7, 0xDF, 0x7D, 0xF7, 0xDF, 0x7D, 0xF7, 0xDF, 0x7D, 0xF4, 0xB8, 0xF2, 0xE3, 0xCB, 0x8F,
    0x2E, 0x3C, 0xB8, 0xF2, 0xE3, 0xCB, 0x8F, 0x2E, 0x3C, 0xB8, 0xF2, 0xE3, 0xCB, 0x8F, 0x2E, 0x3C,
    0xB8, 0xF2, 0xE3, 0xCB, 0x8F, 0x2E, 0x3C, 0xB8, 0xF0, 0x00, 0x2E, 0x00, 0x00, 0x0F, 0xC0, 0x00,
    0x07, 0xF8, 0x00, 0x03, 0xEF, 0x00, 0x00, 0xF3, 0xD0, 0x00, 0xB8, 0xB8, 0x00, 0x3D, 0x0F, 0x00,
    0x1F, 0x03, 0xE0, 0x0F, 0x80, 0x7C, 0x03, 0xC0, 0x0F, 0x42, 0xF0, 0x02, 0xE0, 0xF4, 0x00, 0x3C,
    0x3D, 0x00, 0x0F, 0x0B, 0xC0, 0x0B, 0x80, 0xF0, 0x03, 0xD0, 0x3E, 0x01, 0xF0, 0x07, 0xC0, 0xF8,
    0x00, 0xF4, 0x3C, 0x00, 0x2E, 0x2E, 0x00, 0x03, 0xCF, 0x40, 0x00, 0xFF, 0xC0, 0x00, 0x1F, 0xE0,
    0x00, 0x03, 0xF0, 0x00, 0x00, 0xB8, 0x00, 0x02, 0xFE, 0x00, 0x7F, 0xFF, 0x43, 0xF0, 0x3F, 0x0F,
    0x00, 0x3C, 0x3C, 0x00, 0xF0, 0xF0, 0x03, 0xC3, 0xC0, 0x0F, 0x0F, 0x00, 0x3C, 0x3C, 0x00, 0xF0,
    0xF0, 0x03, 0xC3, 0xC0, 0x0F, 0x0F, 0x00, 0x3C, 0x3C, 0x00, 0xF0, 0xF0, 0x03, 0xC3, 0xC0, 0x0F,
    0x0F, 0x00, 0x3C, 0x3C, 0x00, 0xF0, 0xF0, 0x03, 0xC3, 0xC0, 0x0F, 0x0F, 0x00, 0x3C, 0x3C, 0x00,
    0xF0, 0xFC, 0x0F, 0xC1, 0xFF, 0xFD, 0x00, 0xBF, 0x80, 0x00, 0x1F, 0xD0, 0x07, 0xFF, 0x00, 0xF8,
    0x80, 0x0F, 0x80, 0x00, 0xF8, 0x00, 0x0F, 0x80, 0x00, 0xF8, 0x00, 0x0F, 0x80, 0x00, 0xF8, 0x00,
    0x0F, 0x80, 0x00, 0xF8, 0x00, 0x0F, 0x80, 0x00, 0xF8, 0x00, 0x0F, 0x80, 0x24, 0xF4, 0x07, 0xFF,
    0x00, 0x2F, 0x80, 0x00, 0x00, 0x64, 0x00, 0x03, 0xF0, 0x00, 0x0B, 0x80, 0x00, 0x00, 0x00, 0x00,
    0x00, 0x00, 0x00, 0x00, 0x00, 0x00, 0x00, 0x19, 0x00, 0x19, 0xFC, 0x00, 0xFE, 0xE0, 0x03, 0xE0,
    0x64, 0x00, 0x67, 0xF0, 0x03, 0xFB, 0x80, 0x0F, 0x80, 0x00, 0x00, 0x00, 0x00, 0x00, 0x00, 0x00,
    0x00, 0x00, 0x00, 0x00, 0x19, 0x00, 0x00, 0xFC, 0x00, 0x02, 0xE0, 0x00, 0x06, 0x03, 0xD0, 0xF0,
    0x00, 0x00, 0x00, 0x00, 0x00, 0x60, 0x3D, 0x0F, 0x00, 0x64, 0x00, 0x67, 0xF0, 0x03, 0xFB, 0x80,
    0x0F, 0x80, 0x00, 0x00, 0x00, 0x00, 0x00, 0x00, 0x00, 0x00, 0x00, 0x00, 0x19, 0x00, 0x19, 0xFC,
    0x00, 0xFE, 0xE0, 0x03, 0xE0, 0x06, 0x40, 0x10, 0xFF, 0xEB, 0xC2, 0x42, 0xFD, 0x00, 0x06, 0x40,
    0x10, 0xFF, 0xEB, 0xC2, 0x42, 0xFD, 0x00, 0x00, 0x00, 0x2A, 0xAA, 0xA0, 0xFF, 0xFF, 0xC0, 0x00,
    0x00, 0x0A, 0xAA, 0xA8, 0x3F, 0xFF, 0xF0, 0x2F, 0x43, 0x2F, 0xFF, 0xC6, 0x0B, 0xD0, 0x00, 0x00,
    0x2F, 0x43, 0x2F, 0xFF, 0xC6, 0x0B, 0xD0, 0x00, 0x00, 0x3E, 0xAA, 0xF6, 0xFF, 0xE4, 0x00, 0x00,
    0x00, 0x00, 0x1B, 0xFF, 0x9F, 0xAA, 0xBC, 0x00, 0x00, 0x00, 0x04, 0x00, 0x0F, 0x07, 0xFF, 0xF1,
    0xAB, 0xE8, 0x02, 0xC0, 0x1F, 0xFF, 0xC6, 0xFA, 0xA0, 0x30, 0x00, 0x00, 0x00, 0x00, 0x2A, 0xAA,
    0xA0, 0xFF, 0xFF, 0xC0, 0x00, 0x00, 0x0A, 0xAA, 0xA8, 0x3F, 0xFF, 0xF0, 0x00, 0x00, 0x02, 0xAA,
    0xAA, 0x0F, 0xFF, 0xFC, 0x00, 0x05, 0x00, 0x1F, 0x80, 0x7F, 0x41, 0xF9, 0x00, 0x7E, 0x00, 0x02,
    0xF8, 0x00, 0x0B, 0xE0, 0x00, 0x28, 0x00, 0x00, 0x1A, 0xAA, 0x87, 0xFF, 0xF0, 0x00, 0x00, 0x0D,
    0x00, 0x03, 0xF4, 0x00, 0x1F, 0xD0, 0x00, 0x7F, 0x00, 0x1F, 0x80, 0xBE, 0x00, 0xF8, 0x00, 0x20,
    0x00, 0x00, 0x00, 0x06, 0xAA, 0xA1, 0xFF, 0xFC, 0x00, 0x0A, 0x00, 0xA0, 0x06, 0xF8, 0x2F, 0xC1,
    0xFE, 0x1B, 0xE0, 0x1F, 0x40, 0xF8, 0x00, 0x2F, 0x81, 0xF8, 0x00, 0x0B, 0xD0, 0xBE, 0x00, 0x07,
    0xF0, 0x3F, 0x00, 0x02, 0x80, 0x18, 0x24, 0x02, 0x80, 0x00, 0xFE, 0x0B, 0xE4, 0x00, 0x2F, 0x82,
    0xFD, 0x00, 0x0B, 0xC0, 0x7D, 0x00, 0xBD, 0x0B, 0xE0, 0x2F, 0x81, 0xF8, 0x03, 0xF0, 0x3F, 0x40,
    0x09, 0x00, 0xA0, 0x00, 0x3F, 0xFF, 0x90, 0x0F, 0xFF, 0xFE, 0x00, 0x00, 0x07, 0xE0, 0x00, 0x00,
    0xBC, 0x00, 0x00, 0x1F, 0x00, 0x00, 0x07, 0xC0, 0x00, 0x02, 0xF0, 0x00, 0x01, 0xF8, 0x3F, 0xFF,
    0xF8, 0x0F, 0xFF, 0xE4, 0x00, 0x00, 0x00, 0x3C, 0x00, 0x00, 0x2E, 0x00, 0x1B, 0xFF, 0xF0, 0x2F,
    0xFF, 0xFC, 0x1F, 0x42, 0xD0, 0x0F, 0x80, 0xF0, 0x03, 0xD0, 0x78, 0x00, 0xF4, 0x2D, 0x00, 0x3E,
    0x0F, 0x00, 0x0B, 0xD7, 0x80, 0x00, 0xFF, 0xFF, 0xF0, 0x0B, 0xFF, 0xFC, 0x00, 0x78, 0x00, 0x00,
    0x3C, 0x00, 0x00, 0x00, 0x03, 0xC0, 0x00, 0x02, 0xD0, 0x03, 0xFF, 0xFE, 0x00, 0xFF, 0xFF, 0xF0,
    0x00, 0x2D, 0x7E, 0x00, 0x0F, 0x0B, 0xC0, 0x07, 0x81, 0xF0, 0x02, 0xD0, 0x7C, 0x00, 0xF0, 0x2F,
    0x00, 0x78, 0x1F, 0x43, 0xFF, 0xFF, 0x80, 0xFF, 0xFE, 0x40, 0x0B, 0x80, 0x00, 0x03, 0xC0, 0x00,
    0x00, 0x06, 0xFF, 0xFC, 0xBF, 0xFF, 0xF7, 0xD0, 0x00, 0x3E, 0x00, 0x00, 0xF8, 0x00, 0x03, 0xE0,
    0x00, 0x07, 0xD0, 0x00, 0x0B, 0xFF, 0xFF, 0x06, 0xFF, 0xFC, 0x00, 0x00, 0x07, 0xFF, 0xFF, 0xDF,
    0xFF, 0xFF, 0xFF, 0xFE, 0x43, 0xFF, 0xFF, 0x80, 0x00, 0x1F, 0x40, 0x00, 0x2F, 0x00, 0x00, 0xBC,
    0x00, 0x02, 0xF0, 0x00, 0x1F, 0x7F, 0xFF, 0xF8, 0xFF, 0xFE, 0x40, 0x00, 0x00, 0x0F, 0xFF, 0xFF,
    0x7F, 0xFF, 0xFD, 0x01, 0xBF, 0x90, 0x02, 0xEB, 0xAE, 0x02, 0xD0, 0xC1, 0xE0, 0xD0, 0x30, 0x2C,
    0x70, 0x0C, 0x03, 0x6E, 0xAB, 0xAA, 0xEB, 0xFF, 0xFF, 0xF9, 0xC0, 0x30, 0x0D, 0x34, 0x0C, 0x07,
    0x0B, 0x03, 0x03, 0x80, 0xB9, 0xDB, 0x80, 0x06, 0xFE, 0x40, 0x01, 0xBF, 0x90, 0x02, 0xE4, 0x6E,
    0x02, 0xC0, 0x00, 0xE0, 0xD0, 0x00, 0x1C, 0x70, 0x00, 0x03, 0x6F, 0xFF, 0xFF, 0xEB, 0x55, 0x55,
    0x79, 0xC0, 0x00, 0x0D, 0x38, 0x00, 0x0B, 0x0B, 0x40, 0x07, 0x80, 0xB9, 0x1B, 0x80, 0x06, 0xFE,
    0x40, 0x01, 0xBF, 0x90, 0x02, 0xE4, 0x6E, 0x02, 0xF0, 0x03, 0xE0, 0xEF, 0x03, 0xEC, 0x70, 0xF3,
    0xC3, 0x6C, 0x0F, 0xC0, 0xEB, 0x03, 0xF0, 0x39, 0xC3, 0xCF, 0x0D, 0x3B, 0xC0, 0xFB, 0x0B, 0xC0,
    0x0F, 0x80, 0xB9, 0x5B, 0x80, 0x06, 0xFE, 0x40, 0x01, 0xBF, 0x90, 0x02, 0xE4, 0x6E, 0x02, 0xC0,
    0x03, 0xE0, 0xD0, 0x03, 0xEC, 0x70, 0x03, 0xC3, 0x6C, 0x03, 0xC0, 0xEB, 0x03, 0xC0, 0x39, 0xC3,
    0xC0, 0x0D, 0x3B, 0xC0, 0x07, 0x0B, 0xC0, 0x03, 0x80, 0xB9, 0x1B, 0x80, 0x06, 0xFE, 0x40, 0x00,
    0xB8, 0x00, 0x02, 0xE0, 0x00, 0x0B, 0x80, 0x00, 0x2E, 0x00, 0x00, 0xB8, 0x00, 0x02, 0xE0, 0x00,
    0x0B, 0x80, 0x00, 0x2E, 0x00, 0x00, 0xB8, 0x00, 0x02, 0xE0, 0x07, 0xFF, 0xFF, 0x5F, 0xFF, 0xFD,
    0x19, 0x3F, 0x3D, 0x28, 0x06, 0x40, 0xA2, 0xF4, 0x3F, 0x07, 0xE7, 0xC0, 0xB8, 0x0F, 0x40, 0x00,
    0x00, 0x80, 0x00, 0x00, 0x00, 0xFC, 0x00, 0x00, 0x00, 0xFF, 0xC0, 0x00, 0x00, 0xE0, 0x7C, 0x00,
    0x00, 0xF4, 0x03, 0xC0, 0x00, 0xFF, 0xFC, 0x7C, 0x00, 0xFF, 0xFF, 0x8F, 0xC0, 0xFF, 0xFF, 0x83,
    0xFC, 0x3F, 0xFC, 0x02, 0xFF, 0x03, 0xFF, 0x0B, 0xFF, 0x00, 0x3F, 0xC7, 0xFF, 0x00, 0x03, 0xFF,
    0xFF, 0x00, 0x00, 0x3E, 0x3F, 0x00, 0x00, 0x03, 0x8F, 0x00, 0x00, 0x00, 0x3F, 0x00, 0x00, 0x00,
    0x02, 0x00, 0x00,
};

static const EpdGlyph bookerly_8_bolditalicGlyphs[] = {
    { 0, 0, 0, 0, 0, 0, 0 }, //  
    { 0, 0, 0, 0, 0, 0, 0 }, // 
    { 0, 0, 4, 0, 0, 0, 0 }, // 	
    { 0, 0, 4, 0, 0, 0, 0 }, // 
    { 0, 0, 0, 0, 0, 0, 0 }, // 
    { 0, 0, 4, 0, 0, 0, 0 }, //  
    { 6, 12, 6, 0, 12, 18, 0 }, // !
    { 7, 6, 7, 0, 12, 11, 18 }, // "
    { 11, 11, 11, 0, 10, 31, 29 }, // #
    { 10, 18, 11, 0, 14, 45, 60 }, // $
    { 16, 14, 17, 0, 13, 56, 105 }, // %
    { 15, 14, 15, 0, 13, 53, 161 }, // &
    { 4, 6, 4, 0, 12, 6, 214 }, // '
    { 8, 16, 7, 0, 13, 32, 220 }, // (
    { 8, 16, 7, -1, 13, 32, 252 }, // )
    { 6, 6, 7, 1, 12, 9, 284 }, // *
    { 9, 8, 11, 1, 10, 18, 293 }, // +
    { 5, 6, 5, -1, 3, 8, 311 }, // ,
    { 6, 2, 7, 0, 5, 3, 319 }, // -
    { 4, 3, 5, 0, 3, 3, 322 }, // .
    { 11, 13, 9, -1, 12, 36, 325 }, // /
    { 11, 12, 11, 0, 12, 33, 361 }, // 0
    { 8, 12, 11, 1, 12, 24, 394 }, // 1
    { 10, 12, 11, 0, 12, 30, 418 }, // 2
    { 10, 12, 11, 0, 12, 30, 448 }, // 3
    { 10, 12, 11, 0, 12, 30, 478 }, // 4
    { 11, 12, 11, 0, 12, 33, 508 }, // 5
    { 11, 12, 11, 0, 12, 33, 541 }, // 6
    { 10, 12, 11, 1, 12, 30, 574 }, // 7
    { 10, 12, 11, 0, 12, 30, 604 }, // 8
    { 11, 12, 11, -1, 12, 33, 634 }, // 9
    { 6, 9, 5, 0, 9, 14, 667 }, // :
    { 7, 12, 5, -1, 9, 21, 681 }, // ;
    { 9, 9, 11, 1, 10, 21, 702 }, // <
    { 9, 6, 11, 1, 9, 14, 723 }, // =
    { 9, 9, 11, 1, 11, 21, 737 }, // >
    { 6, 12, 7, 1, 12, 18, 758 }, // ?
    { 16, 15, 17, 1, 12, 60, 776 }, // @
    { 14, 12, 13, -2, 12, 42, 836 }, // A
    { 11, 12, 11, -1, 12, 33, 878 }, // B
    { 12, 12, 11, 0, 12, 36, 911 }, // C
    { 13, 12, 12, -1, 12, 39, 947 }, // D
    { 12, 12, 11, -1, 12, 36, 986 }, // E
    { 12, 12, 10, -1, 12, 36, 1022 }, // F
    { 12, 12, 12, 0, 12, 36, 1058 }, // G
    { 16, 12, 14, -1, 12, 48, 1094 }, // H
    { 9, 12, 7, -1, 12, 27, 1142 }, // I
    { 11, 15, 6, -3, 12, 42, 1169 }, // J
    { 14, 12, 12, -1, 12, 42, 1211 }, // K
    { 11, 12, 10, -1, 12, 33, 1253 }, // L
    { 18, 12, 15, -2, 12, 54, 1286 }, // M
    { 16, 12, 13, -1, 12, 48, 1340 }, // N
    { 13, 12, 13, 0, 12, 39, 1388 }, // O
    { 12, 12, 10, -1, 12, 36, 1427 }, // P
    { 15, 16, 13, 0, 12, 60, 1463 }, // Q
    { 13, 12, 12, -1, 12, 39, 1523 }, // R
    { 11, 12, 9, -1, 12, 33, 1562 }, // S
    { 11, 12, 11, 1, 12, 33, 1595 }, // T
    { 14, 12, 13, 1, 12, 42, 1628 }, // U
    { 13, 12, 12, 1, 12, 39, 1670 }, // V
    { 17, 12, 17, 1, 12, 51, 1709 }, // W
    { 15, 12, 11, -2, 12, 45, 1760 }, // X
    { 13, 12, 11, 0, 12, 39, 1805 }, // Y
    { 12, 13, 11, -1, 12, 39, 1844 }, // Z
    { 8, 16, 6, -1, 13, 32, 1883 }, // [
    { 8, 13, 9, 0, 12, 26, 1915 }, // <backslash>
    { 8, 16, 6, -1, 13, 32, 1941 }, // ]
    { 9, 8, 11, 1, 11, 18, 1973 }, // ^
    { 9, 2, 9, 0, -1, 5, 1991 }, // _
    { 4, 4, 11, 3, 14, 4, 1996 }, // `
    { 10, 9, 10, 0, 9, 23, 2000 }, // a
    { 9, 13, 9, 0, 13, 30, 2023 }, // b
    { 8, 9, 8, 0, 9, 18, 2053 }, // c
    { 10, 13, 10, 0, 13, 33, 2071 }, // d
    { 8, 9, 8, 0, 9, 18, 2104 }, // e
    { 14, 17, 7, -4, 13, 60, 2122 }, // f
    { 13, 14, 9, -2, 10, 46, 2182 }, // g
    { 10, 13, 10, 0, 13, 33, 2228 }, // h
    { 6, 13, 5, 0, 13, 20, 2261 }, // i
    { 10, 17, 5, -4, 13, 43, 2281 }, // j
    { 9, 13, 9, 0, 13, 30, 2324 }, // k
    { 6, 13, 5, 0, 13, 20, 2354 }, // l
    { 15, 9, 15, 0, 9, 34, 2374 }, // m
    { 11, 9, 11, 0, 9, 25, 2408 }, // n
    { 9, 9, 9, 0, 9, 21, 2433 }, // o
    { 12, 13, 10, -2, 9, 39, 2454 }, // p
    { 10, 13, 10, 0, 9, 33, 2493 }, // q
    { 9, 9, 8, 0, 9, 21, 2526 }, // r
    { 9, 9, 7, -1, 9, 21, 2547 }, // s
    { 8, 11, 7, 0, 11, 22, 2568 }, // t
    { 11, 9, 10, 0, 9, 25, 2590 }, // u
    { 9, 9, 9, 0, 9, 21, 2615 }, // v
    { 13, 9, 13, 0, 9, 30, 2636 }, // w
    { 11, 9, 10, -1, 9, 25, 2666 }, // x
    { 12, 13, 9, -3, 9, 39, 2691 }, // y
    { 10, 9, 8, -1, 9, 23, 2730 }, // z
    { 8, 16, 7, 0, 13, 32, 2753 }, // {
    { 6, 15, 5, -1, 13, 23, 2785 }, // |
    { 8, 16, 7, -1, 13, 32, 2808 }, // }
    { 9, 3, 11, 1, 7, 7, 2840 }, // ~
    { 0, 0, 4, 0, 0, 0, 2847 }, //  
    { 6, 14, 6, -1, 9, 21, 2847 }, // ¡
    { 9, 17, 11, 1, 14, 39, 2868 }, // ¢
    { 12, 12, 11, -1, 12, 36, 2907 }, // £
    { 11, 9, 11, 0, 10, 25, 2943 }, // ¤
    { 12, 12, 11, 0, 12, 36, 2968 }, // ¥
    { 6, 15, 5, -1, 13, 23, 3004 }, // ¦
    { 9, 14, 9, -1, 12, 32, 3027 }, // §
    { 7, 3, 11, 2, 13, 6, 3059 }, // ¨
    { 13, 12, 13, 0, 12, 39, 3065 }, // ©
    { 8, 9, 8, 0, 12, 18, 3104 }, // ª
    { 10, 6, 10, 0, 7, 15, 3122 }, // «
    { 9, 4, 11, 1, 8, 9, 3137 }, // ¬
    { 6, 2, 7, 0, 5, 3, 3146 }, // ­
    { 10, 9, 10, 0, 13, 23, 3149 }, // ®
    { 6, 2, 11, 2, 12, 3, 3172 }, // ¯
    { 7, 6, 9, 1, 12, 11, 3175 }, // °
    { 9, 11, 11, 1, 11, 25, 3186 }, // ±
    { 7, 7, 8, 0, 13, 13, 3211 }, // ²
    { 7, 7, 8, 0, 13, 13, 3224 }, // ³
    { 4, 4, 11, 3, 14, 4, 3237 }, // ´
    { 12, 13, 10, -1, 9, 39, 3241 }, // µ
    { 12, 14, 10, -1, 12, 42, 3280 }, // ¶
    { 3, 3, 5, 1, 7, 3, 3322 }, // ·
    { 5, 4, 11, 3, -1, 5, 3325 }, // ¸
    { 6, 7, 8, 0, 13, 11, 3330 }, // ¹
    { 8, 9, 8, 0, 12, 18, 3341 }, // º
    { 10, 6, 10, 0, 7, 15, 3359 }, // »
    { 18, 14, 18, 0, 13, 63, 3374 }, // ¼
    { 18, 14, 18, 0, 13, 63, 3437 }, // ½
    { 18, 14, 18, 0, 13, 63, 3500 }, // ¾
    { 6, 13, 7, 0, 9, 20, 3563 }, // ¿
    { 14, 17, 13, -2, 17, 60, 3583 }, // À
    { 14, 17, 13, -2, 17, 60, 3643 }, // Á
    { 14, 16, 13, -2, 16, 56, 3703 }, // Â
    { 14, 16, 13, -2, 16, 56, 3759 }, // Ã
    { 14, 16, 13, -2, 16, 56, 3815 }, // Ä
    { 14, 17, 13, -2, 17, 60, 3871 }, // Å
    { 18, 12, 16, -2, 12, 54, 3931 }, // Æ
    { 12, 17, 11, 0, 12, 51, 3985 }, // Ç
    { 12, 17, 11, -1, 17, 51, 4036 }, // È
    { 12, 17, 11, -1, 17, 51, 4087 }, // É
    { 12, 16, 11, -1, 16, 48, 4138 }, // Ê
    { 12, 16, 11, -1, 16, 48, 4186 }, // Ë
    { 9, 17, 7, -1, 17, 39, 4234 }, // Ì
    { 9, 17, 7, -1, 17, 39, 4273 }, // Í
    { 9, 16, 7, -1, 16, 36, 4312 }, // Î
    { 9, 16, 7, -1, 16, 36, 4348 }, // Ï
    { 13, 12, 12, -1, 12, 39, 4384 }, // Ð
    { 16, 16, 13, -1, 16, 64, 4423 }, // Ñ
    { 13, 17, 13, 0, 17, 56, 4487 }, // Ò
    { 13, 17, 13, 0, 17, 56, 4543 }, // Ó
    { 13, 16, 13, 0, 16, 52, 4599 }, // Ô
    { 13, 16, 13, 0, 16, 52, 4651 }, // Õ
    { 13, 16, 13, 0, 16, 52, 4703 }, // Ö
    { 8, 7, 11, 1, 9, 14, 4755 }, // ×
    { 14, 14, 13, -1, 13, 49, 4769 }, // Ø
    { 14, 17, 13, 1, 17, 60, 4818 }, // Ù
    { 14, 17, 13, 1, 17, 60, 4878 }, // Ú
    { 14, 16, 13, 1, 16, 56, 4938 }, // Û
    { 14, 16, 13, 1, 16, 56, 4994 }, // Ü
    { 13, 17, 11, 0, 17, 56, 5050 }, // Ý
    { 11, 12, 10, -1, 12, 33, 5106 }, // Þ
    { 15, 17, 11, -4, 13, 64, 5139 }, // ß
    { 10, 14, 10, 0, 14, 35, 5203 }, // à
    { 10, 14, 10, 0, 14, 35, 5238 }, // á
    { 10, 14, 10, 0, 14, 35, 5273 }, // â
    { 10, 13, 10, 0, 13, 33, 5308 }, // ã
    { 10, 13, 10, 0, 13, 33, 5341 }, // ä
    { 10, 14, 10, 0, 14, 35, 5374 }, // å
    { 13, 9, 13, 0, 9, 30, 5409 }, // æ
    { 8, 14, 8, 0, 9, 28, 5439 }, // ç
    { 8, 14, 8, 0, 14, 28, 5467 }, // è
    { 9, 14, 8, 0, 14, 32, 5495 }, // é
    { 9, 14, 8, 0, 14, 32, 5527 }, // ê
    { 9, 13, 8, 0, 13, 30, 5559 }, // ë
    { 6, 14, 5, 0, 14, 21, 5589 }, // ì
    { 7, 14, 5, 0, 14, 25, 5610 }, // í
    { 7, 14, 5, 0, 14, 25, 5635 }, // î
    { 8, 13, 5, 0, 13, 26, 5660 }, // ï
    { 9, 13, 9, 0, 13, 30, 5686 }, // ð
    { 11, 13, 11, 0, 13, 36, 5716 }, // ñ
    { 9, 14, 9, 0, 14, 32, 5752 }, // ò
    { 10, 14, 9, 0, 14, 35, 5784 }, // ó
    { 9, 14, 9, 0, 14, 32, 5819 }, // ô
    { 10, 13, 9, 0, 13, 33, 5851 }, // õ
    { 10, 13, 9, 0, 13, 33, 5884 }, // ö
    { 9, 10, 11, 1, 11, 23, 5917 }, // ÷
    { 11, 11, 9, -1, 10, 31, 5940 }, // ø
    { 11, 14, 10, 0, 14, 39, 5971 }, // ù
    { 11, 14, 10, 0, 14, 39, 6010 }, // ú
    { 11, 14, 10, 0, 14, 39, 6049 }, // û
    { 11, 13, 10, 0, 13, 36, 6088 }, // ü
    { 12, 18, 9, -3, 14, 54, 6124 }, // ý
    { 11, 17, 9, -2, 13, 47, 6178 }, // þ
    { 12, 17, 9, -3, 13, 51, 6225 }, // ÿ
    { 14, 15, 13, -2, 15, 53, 6276 }, // Ā
    { 10, 12, 10, 0, 12, 30, 6329 }, // ā
    { 14, 16, 13, -2, 16, 56, 6359 }, // Ă
    { 10, 13, 10, 0, 13, 33, 6415 }, // ă
    { 14, 16, 13, -2, 12, 56, 6448 }, // Ą
    { 10, 13, 10, 0, 9, 33, 6504 }, // ą
    { 12, 17, 11, 0, 17, 51, 6537 }, // Ć
    { 9, 14, 8, 0, 14, 32, 6588 }, // ć
    { 12, 16, 11, 0, 16, 48, 6620 }, // Ĉ
    { 9, 14, 8, 0, 14, 32, 6668 }, // ĉ
    { 12, 16, 11, 0, 16, 48, 6700 }, // Ċ
    { 8, 13, 8, 0, 13, 26, 6748 }, // ċ
    { 12, 16, 11, 0, 16, 48, 6774 }, // Č
    { 9, 14, 8, 0, 14, 32, 6822 }, // č
    { 13, 16, 12, -1, 16, 52, 6854 }, // Ď
    { 13, 13, 11, 0, 13, 43, 6906 }, // ď
    { 13, 12, 12, -1, 12, 39, 6949 }, // Đ
    { 11, 13, 10, 0, 13, 36, 6988 }, // đ
    { 12, 15, 11, -1, 15, 45, 7024 }, // Ē
    { 9, 12, 8, 0, 12, 27, 7069 }, // ē
    { 12, 16, 11, -1, 16, 48, 7096 }, // Ĕ
    { 9, 13, 8, 0, 13, 30, 7144 }, // ĕ
    { 12, 16, 11, -1, 16, 48, 7174 }, // Ė
    { 8, 13, 8, 0, 13, 26, 7222 }, // ė
    { 12, 16, 11, -1, 12, 48, 7248 }, // Ę
    { 8, 13, 8, 0, 9, 26, 7296 }, // ę
    { 12, 16, 11, -1, 16, 48, 7322 }, // Ě
    { 9, 14, 8, 0, 14, 32, 7370 }, // ě
    { 12, 16, 12, 0, 16, 48, 7402 }, // Ĝ
    { 13, 18, 9, -2, 14, 59, 7450 }, // ĝ
    { 12, 16, 12, 0, 16, 48, 7509 }, // Ğ
    { 13, 17, 9, -2, 13, 56, 7557 }, // ğ
    { 12, 16, 12, 0, 16, 48, 7613 }, // Ġ
    { 13, 17, 9, -2, 13, 56, 7661 }, // ġ
    { 12, 17, 12, 0, 12, 51, 7717 }, // Ģ
    { 13, 19, 9, -2, 15, 62, 7768 }, // ģ
    { 16, 16, 14, -1, 16, 64, 7830 }, // Ĥ
    { 10, 17, 10, 0, 17, 43, 7894 }, // ĥ
    { 16, 12, 14, -1, 12, 48, 7937 }, // Ħ
    { 10, 13, 10, 0, 13, 33, 7985 }, // ħ
    { 9, 16, 7, -1, 16, 36, 8018 }, // Ĩ
    { 8, 13, 5, 0, 13, 26, 8054 }, // ĩ
    { 9, 15, 7, -1, 15, 34, 8080 }, // Ī
    { 7, 12, 5, 0, 12, 21, 8114 }, // ī
    { 9, 16, 7, -1, 16, 36, 8135 }, // Ĭ
    { 7, 13, 5, 0, 13, 23, 8171 }, // ĭ
    { 9, 16, 7, -1, 12, 36, 8194 }, // Į
    { 6, 17, 5, 0, 13, 26, 8230 }, // į
    { 9, 16, 7, -1, 16, 36, 8256 }, // İ
    { 6, 9, 5, 0, 9, 14, 8292 }, // ı
    { 16, 15, 13, -1, 12, 60, 8306 }, // Ĳ
    { 12, 17, 11, 0, 13, 51, 8366 }, // ĳ
    { 12, 19, 6, -3, 16, 57, 8417 }, // Ĵ
    { 11, 18, 5, -4, 14, 50, 8474 }, // ĵ
    { 14, 17, 12, -1, 12, 60, 8524 }, // Ķ
    { 9, 18, 9, 0, 13, 41, 8584 }, // ķ
    { 10, 9, 10, 0, 9, 23, 8625 }, // ĸ
    { 11, 17, 10, -1, 17, 47, 8648 }, // Ĺ
    { 7, 17, 5, 0, 17, 30, 8695 }, // ĺ
    { 11, 17, 10, -1, 12, 47, 8725 }, // Ļ
    { 7, 18, 5, -1, 13, 32, 8772 }, // ļ
    { 11, 14, 10, -1, 14, 39, 8804 }, // Ľ
    { 9, 13, 6, 0, 13, 30, 8843 }, // ľ
    { 11, 12, 10, -1, 12, 33, 8873 }, // Ŀ
    { 8, 13, 7, 0, 13, 26, 8906 }, // ŀ
    { 11, 12, 10, -1, 12, 33, 8932 }, // Ł
    { 8, 13, 5, -1, 13, 26, 8965 }, // ł
    { 16, 17, 13, -1, 17, 68, 8991 }, // Ń
    { 11, 14, 11, 0, 14, 39, 9059 }, // ń
    { 16, 17, 13, -1, 12, 68, 9098 }, // Ņ
    { 11, 14, 11, 0, 9, 39, 9166 }, // ņ
    { 16, 16, 13, -1, 16, 64, 9205 }, // Ň
    { 11, 14, 11, 0, 14, 39, 9269 }, // ň
    { 13, 13, 14, 1, 13, 43, 9308 }, // ŉ
    { 16, 15, 13, -1, 12, 60, 9351 }, // Ŋ
    { 10, 13, 10, 0, 9, 33, 9411 }, // ŋ
    { 13, 15, 13, 0, 15, 49, 9444 }, // Ō
    { 10, 12, 9, 0, 12, 30, 9493 }, // ō
    { 13, 16, 13, 0, 16, 52, 9523 }, // Ŏ
    { 10, 13, 9, 0, 13, 33, 9575 }, // ŏ
    { 13, 17, 13, 0, 17, 56, 9608 }, // Ő
    { 10, 14, 9, 0, 14, 35, 9664 }, // ő
    { 17, 12, 17, 0, 12, 51, 9699 }, // Œ
    { 14, 9, 14, 0, 9, 32, 9750 }, // œ
    { 13, 17, 12, -1, 17, 56, 9782 }, // Ŕ
    { 9, 14, 8, 0, 14, 32, 9838 }, // ŕ
    { 13, 17, 12, -1, 12, 56, 9870 }, // Ŗ
    { 10, 14, 8, -1, 9, 35, 9926 }, // ŗ
    { 13, 16, 12, -1, 16, 52, 9961 }, // Ř
    { 9, 14, 8, 0, 14, 32, 10013 }, // ř
    { 11, 17, 9, -1, 17, 47, 10045 }, // Ś
    { 9, 14, 7, -1, 14, 32, 10092 }, // ś
    { 11, 16, 9, -1, 16, 44, 10124 }, // Ŝ
    { 9, 14, 7, -1, 14, 32, 10168 }, // ŝ
    { 11, 17, 9, -1, 12, 47, 10200 }, // Ş
    { 9, 14, 7, -1, 9, 32, 10247 }, // ş
    { 11, 16, 9, -1, 16, 44, 10279 }, // Š
    { 10, 14, 7, -1, 14, 35, 10323 }, // š
    { 11, 17, 11, 1, 12, 47, 10358 }, // Ţ
    { 8, 16, 7, 0, 11, 32, 10405 }, // ţ
    { 11, 16, 11, 1, 16, 44, 10437 }, // Ť
    { 9, 14, 7, 0, 14, 32, 10481 }, // ť
    { 11, 12, 11, 1, 12, 33, 10513 }, // Ŧ
    { 8, 11, 7, 0, 11, 22, 10546 }, // ŧ
    { 14, 16, 13, 1, 16, 56, 10568 }, // Ũ
    { 11, 13, 10, 0, 13, 36, 10624 }, // ũ
    { 14, 15, 13, 1, 15, 53, 10660 }, // Ū
    { 11, 12, 10, 0, 12, 33, 10713 }, // ū
    { 14, 16, 13, 1, 16, 56, 10746 }, // Ŭ
    { 11, 13, 10, 0, 13, 36, 10802 }, // ŭ
    { 14, 17, 13, 1, 17, 60, 10838 }, // Ů
    { 11, 14, 10, 0, 14, 39, 10898 }, // ů
    { 14, 17, 13, 1, 17, 60, 10937 }, // Ű
    { 11, 14, 10, 0, 14, 39, 10997 }, // ű
    { 14, 16, 13, 1, 12, 56, 11036 }, // Ų
    { 11, 13, 10, 0, 9, 36, 11092 }, // ų
    { 17, 16, 17, 1, 16, 68, 11128 }, // Ŵ
    { 13, 14, 13, 0, 14, 46, 11196 }, // ŵ
    { 13, 16, 11, 0, 16, 52, 11242 }, // Ŷ
    { 12, 18, 9, -3, 14, 54, 11294 }, // ŷ
    { 13, 16, 11, 0, 16, 52, 11348 }, // Ÿ
    { 12, 18, 11, -1, 17, 54, 11400 }, // Ź
    { 10, 14, 8, -1, 14, 35, 11454 }, // ź
    { 12, 17, 11, -1, 16, 51, 11489 }, // Ż
    { 10, 13, 8, -1, 13, 33, 11540 }, // ż
    { 12, 17, 11, -1, 16, 51, 11573 }, // Ž
    { 10, 14, 8, -1, 14, 35, 11624 }, // ž
    { 14, 17, 7, -4, 13, 60, 11659 }, // ſ
    { 4, 4, 0, -3, 14, 4, 11719 }, // ̀
    { 4, 4, 0, -1, 14, 4, 11723 }, // ́
    { 7, 4, 0, -4, 14, 7, 11727 }, // ̂
    { 6, 3, 0, -3, 13, 5, 11734 }, // ̃
    { 6, 2, 0, -3, 12, 3, 11739 }, // ̄
    { 6, 3, 0, -3, 13, 5, 11742 }, // ̆
    { 4, 3, 0, -2, 13, 3, 11747 }, // ̇
    { 6, 3, 0, -3, 13, 5, 11750 }, // ̈
    { 5, 5, 0, -2, 15, 7, 11755 }, // ̉
    { 6, 4, 0, -3, 14, 6, 11762 }, // ̊
    { 7, 4, 0, -3, 14, 7, 11768 }, // ̋
    { 7, 4, 0, -3, 14, 7, 11775 }, // ̌
    { 6, 4, 0, -4, 14, 6, 11782 }, // ̏
    { 6, 3, 0, -3, 13, 5, 11788 }, // ̑
    { 4, 5, 0, -2, 15, 5, 11793 }, // ̒
    { 4, 5, 0, -2, 15, 5, 11798 }, // ̓
    { 3, 5, 0, -2, 15, 4, 11803 }, // ̔
    { 4, 5, 0, -2, 15, 5, 11807 }, // ̕
    { 4, 4, 0, -2, 11, 4, 11812 }, // ̛
    { 4, 3, 0, -2, -1, 3, 11816 }, // ̣
    { 6, 3, 0, -3, -2, 5, 11819 }, // ̤
    { 4, 4, 0, -2, -1, 4, 11824 }, // ̥
    { 4, 4, 0, -2, -1, 4, 11828 }, // ̦
    { 4, 4, 0, -2, -1, 4, 11832 }, // ̧
    { 4, 4, 0, -2, 0, 4, 11836 }, // ̨
    { 4, 4, 5, -1, -1, 4, 11840 }, // ̩
    { 7, 4, 0, -4, -1, 7, 11844 }, // ̭
    { 6, 4, 0, -3, 0, 6, 11851 }, // ̮
    { 6, 3, 0, -3, -1, 5, 11857 }, // ̰
    { 6, 2, 0, -3, -2, 3, 11862 }, // ̱
    { 6, 3, 0, -3, 13, 5, 11865 }, // ͂
    { 7, 7, 0, -4, 17, 13, 11870 }, // ̈́
    { 3, 3, 0, -1, -1, 3, 11883 }, // ͅ
    { 12, 17, 11, -1, 17, 51, 11886 }, // Ѐ
    { 12, 16, 11, -1, 16, 48, 11937 }, // Ё
    { 12, 16, 13, 1, 12, 48, 11985 }, // Ђ
    { 12, 17, 10, -1, 17, 51, 12033 }, // Ѓ
    { 11, 12, 11, 0, 12, 33, 12084 }, // Є
    { 11, 12, 9, -1, 12, 33, 12117 }, // Ѕ
    { 9, 12, 7, -1, 12, 27, 12150 }, // І
    { 9, 16, 7, -1, 16, 36, 12177 }, // Ї
    { 11, 15, 6, -3, 12, 42, 12213 }, // Ј
    { 17, 12, 16, -1, 12, 51, 12255 }, // Љ
    { 17, 12, 16, -1, 12, 51, 12306 }, // Њ
    { 13, 12, 14, 1, 12, 39, 12357 }, // Ћ
    { 14, 17, 12, -1, 17, 60, 12396 }, // Ќ
    { 16, 17, 14, -1, 17, 68, 12456 }, // Ѝ
    { 13, 17, 11, 0, 17, 56, 12524 }, // Ў
    { 15, 16, 13, -1, 12, 60, 12580 }, // Џ
    { 14, 12, 13, -2, 12, 42, 12640 }, // А
    { 12, 12, 11, -1, 12, 36, 12682 }, // Б
    { 11, 12, 11, -1, 12, 33, 12718 }, // В
    { 12, 12, 10, -1, 12, 36, 12751 }, // Г
    { 16, 15, 13, -2, 12, 60, 12787 }, // Д
    { 12, 12, 11, -1, 12, 36, 12847 }, // Е
    { 20, 12, 17, -2, 12, 60, 12883 }, // Ж
    { 10, 12, 10, -1, 12, 30, 12943 }, // З
    { 16, 12, 14, -1, 12, 48, 12973 }, // И
    { 16, 17, 14, -1, 17, 68, 13021 }, // Й
    { 14, 12, 12, -1, 12, 42, 13089 }, // К
    { 15, 12, 12, -1, 12, 45, 13131 }, // Л
    { 18, 12, 15, -2, 12, 54, 13176 }, // М
    { 16, 12, 14, -1, 12, 48, 13230 }, // Н
    { 13, 12, 13, 0, 12, 39, 13278 }, // О
    { 15, 12, 13, -1, 12, 45, 13317 }, // П
    { 12, 12, 10, -1, 12, 36, 13362 }, // Р
    { 12, 12, 11, 0, 12, 36, 13398 }, // С
    { 11, 12, 11, 1, 12, 33, 13434 }, // Т
    { 13, 12, 11, 0, 12, 39, 13467 }, // У
    { 13, 12, 13, 0, 12, 39, 13506 }, // Ф
    { 15, 12, 11, -2, 12, 45, 13545 }, // Х
    { 15, 15, 13, -1, 12, 57, 13590 }, // Ц
    { 12, 12, 12, 1, 12, 36, 13647 }, // Ч
    { 19, 12, 17, -1, 12, 57, 13683 }, // Ш
    { 19, 15, 17, -1, 12, 72, 13740 }, // Щ
    { 11, 12, 12, 1, 12, 33, 13812 }, // Ъ
    { 18, 12, 16, -1, 12, 54, 13845 }, // Ы
    { 11, 12, 10, -1, 12, 33, 13899 }, // Ь
    { 12, 12, 11, -1, 12, 36, 13932 }, // Э
    { 19, 12, 18, -1, 12, 57, 13968 }, // Ю
    { 13, 12, 11, -1, 12, 39, 14025 }, // Я
    { 10, 9, 10, 0, 9, 23, 14064 }, // а
    { 11, 14, 9, 0, 14, 39, 14087 }, // б
    { 9, 9, 9, 0, 9, 21, 14126 }, // в
    { 8, 9, 8, 0, 9, 18, 14147 }, // г
    { 9, 13, 9, 0, 13, 30, 14165 }, // д
    { 8, 9, 8, 0, 9, 18, 14195 }, // е
    { 16, 9, 15, 0, 9, 36, 14213 }, // ж
    { 9, 9, 8, -1, 9, 21, 14249 }, // з
    { 11, 9, 10, 0, 9, 25, 14270 }, // и
    { 11, 14, 10, 0, 14, 39, 14295 }, // й
    { 10, 9, 10, 0, 9, 23, 14334 }, // к
    { 12, 9, 11, -1, 9, 27, 14357 }, // л
    { 15, 9, 14, -1, 9, 34, 14384 }, // м
    { 11, 9, 11, 0, 9, 25, 14418 }, // н
    { 9, 9, 9, 0, 9, 21, 14443 }, // о
    { 11, 9, 11, 0, 9, 25, 14464 }, // п
    { 12, 13, 10, -2, 9, 39, 14489 }, // р
    { 8, 9, 8, 0, 9, 18, 14528 }, // с
    { 15, 9, 15, 0, 9, 34, 14546 }, // т
    { 12, 13, 9, -3, 9, 39, 14580 }, // у
    { 12, 17, 12, 0, 13, 51, 14619 }, // ф
    { 11, 9, 10, -1, 9, 25, 14670 }, // х
    { 11, 12, 11, 0, 9, 33, 14695 }, // ц
    { 10, 9, 10, 0, 9, 23, 14728 }, // ч
    { 14, 9, 14, 0, 9, 32, 14751 }, // ш
    { 15, 12, 14, 0, 9, 45, 14783 }, // щ
    { 9, 9, 9, 0, 9, 21, 14828 }, // ъ
    { 13, 9, 13, 0, 9, 30, 14849 }, // ы
    { 9, 9, 9, 0, 9, 21, 14879 }, // ь
    { 9, 9, 8, -1, 9, 21, 14900 }, // э
    { 14, 9, 14, 0, 9, 32, 14921 }, // ю
    { 10, 9, 10, 0, 9, 23, 14953 }, // я
    { 8, 14, 8, 0, 14, 28, 14976 }, // ѐ
    { 9, 13, 8, 0, 13, 30, 15004 }, // ё
    { 9, 17, 10, 0, 13, 39, 15034 }, // ђ
    { 8, 14, 8, 0, 14, 28, 15073 }, // ѓ
    { 8, 9, 8, 0, 9, 18, 15101 }, // є
    { 9, 9, 7, -1, 9, 21, 15119 }, // ѕ
    { 6, 13, 5, 0, 13, 20, 15140 }, // і
    { 8, 13, 5, 0, 13, 26, 15160 }, // ї
    { 10, 17, 5, -4, 13, 43, 15186 }, // ј
    { 14, 9, 13, -1, 9, 32, 15229 }, // љ
    { 13, 9, 13, 0, 9, 30, 15261 }, // њ
    { 10, 13, 10, 0, 13, 33, 15291 }, // ћ
    { 10, 14, 10, 0, 14, 35, 15324 }, // ќ
    { 11, 14, 10, 0, 14, 39, 15359 }, // ѝ
    { 12, 18, 9, -3, 14, 54, 15398 }, // ў
    { 11, 12, 10, 0, 9, 33, 15452 }, // џ
    { 11, 14, 12, 1, 14, 39, 15485 }, // Ѣ
    { 13, 9, 13, 0, 9, 30, 15524 }, // ѣ
    { 13, 12, 13, 0, 12, 39, 15554 }, // Ѳ
    { 9, 9, 9, 0, 9, 21, 15593 }, // ѳ
    { 13, 12, 13, 1, 12, 39, 15614 }, // Ѵ
    { 12, 10, 10, -1, 9, 30, 15653 }, // ѵ
    { 16, 20, 14, -1, 17, 80, 15683 }, // Ҋ
    { 11, 17, 10, 0, 14, 47, 15763 }, // ҋ
    { 11, 12, 10, -1, 12, 33, 15810 }, // Ҍ
    { 9, 13, 9, 0, 13, 30, 15843 }, // ҍ
    { 12, 12, 10, -1, 12, 36, 15873 }, // Ҏ
    { 12, 13, 10, -2, 9, 39, 15909 }, // ҏ
    { 12, 14, 10, -1, 14, 42, 15948 }, // Ґ
    { 9, 11, 8, 0, 11, 25, 15990 }, // ґ
    { 12, 12, 10, -1, 12, 36, 16015 }, // Ғ
    { 8, 9, 8, 0, 9, 18, 16051 }, // ғ
    { 12, 16, 11, -1, 12, 48, 16069 }, // Ҕ
    { 9, 13, 9, 0, 9, 30, 16117 }, // ҕ
    { 20, 15, 17, -2, 12, 75, 16147 }, // Җ
    { 16, 12, 15, 0, 9, 48, 16222 }, // җ
    { 10, 15, 10, -1, 12, 38, 16270 }, // Ҙ
    { 9, 12, 8, -1, 9, 27, 16308 }, // ҙ
    { 14, 15, 12, -1, 12, 53, 16335 }, // Қ
    { 10, 12, 10, 0, 9, 30, 16388 }, // қ
    { 15, 12, 13, -1, 12, 45, 16418 }, // Ҝ
    { 11, 9, 11, 0, 9, 25, 16463 }, // ҝ
    { 14, 12, 12, -1, 12, 42, 16488 }, // Ҟ
    { 10, 13, 10, 0, 13, 33, 16530 }, // ҟ
    { 14, 12, 14, 1, 12, 42, 16563 }, // Ҡ
    { 11, 9, 11, 0, 9, 25, 16605 }, // ҡ
    { 16, 15, 14, -1, 12, 60, 16630 }, // Ң
    { 11, 12, 11, 0, 9, 33, 16690 }, // ң
    { 18, 12, 16, -1, 12, 54, 16723 }, // Ҥ
    { 13, 9, 13, 0, 9, 30, 16777 }, // ҥ
    { 18, 16, 17, -1, 12, 72, 16807 }, // Ҧ
    { 14, 13, 14, 0, 9, 46, 16879 }, // ҧ
    { 14, 12, 14, 0, 12, 42, 16925 }, // Ҩ
    { 11, 9, 11, 0, 9, 25, 16967 }, // ҩ
    { 12, 15, 11, 0, 12, 45, 16992 }, // Ҫ
    { 8, 12, 8, 0, 9, 24, 17037 }, // ҫ
    { 11, 15, 11, 1, 12, 42, 17061 }, // Ҭ
    { 15, 12, 15, 0, 9, 45, 17103 }, // ҭ
    { 13, 12, 11, 0, 12, 39, 17148 }, // Ү
    { 9, 13, 9, 0, 9, 30, 17187 }, // ү
    { 13, 12, 11, 0, 12, 39, 17217 }, // Ұ
    { 9, 13, 9, 0, 9, 30, 17256 }, // ұ
    { 15, 15, 11, -2, 12, 57, 17286 }, // Ҳ
    { 11, 12, 10, -1, 9, 33, 17343 }, // ҳ
    { 16, 15, 16, 1, 12, 60, 17376 }, // Ҵ
    { 11, 15, 11, 0, 12, 42, 17436 }, // ҵ
    { 12, 15, 12, 1, 12, 45, 17478 }, // Ҷ
    { 10, 12, 10, 0, 9, 30, 17523 }, // ҷ
    { 12, 12, 12, 1, 12, 36, 17553 }, // Ҹ
    { 10, 9, 10, 0, 9, 23, 17589 }, // ҹ
    { 12, 12, 12, -1, 12, 36, 17612 }, // Һ
    { 10, 13, 10, 0, 13, 33, 17648 }, // һ
    { 14, 12, 14, 0, 12, 42, 17681 }, // Ҽ
    { 10, 9, 10, 0, 9, 23, 17723 }, // ҽ
    { 14, 16, 14, 0, 12, 56, 17746 }, // Ҿ
    { 10, 12, 10, 0, 9, 30, 17802 }, // ҿ
    { 9, 12, 7, -1, 12, 27, 17832 }, // Ӏ
    { 20, 17, 16, -2, 17, 85, 17859 }, // Ӂ
    { 16, 14, 15, 0, 14, 56, 17944 }, // ӂ
    { 14, 16, 12, -1, 12, 56, 18000 }, // Ӄ
    { 10, 13, 10, 0, 9, 33, 18056 }, // ӄ
    { 15, 15, 13, -1, 12, 57, 18089 }, // Ӆ
    { 12, 12, 11, -1, 9, 36, 18146 }, // ӆ
    { 16, 16, 14, -1, 12, 64, 18182 }, // Ӈ
    { 10, 13, 10, 0, 9, 33, 18246 }, // ӈ
    { 16, 15, 14, -1, 12, 60, 18279 }, // Ӊ
    { 11, 12, 11, 0, 9, 33, 18339 }, // ӊ
    { 12, 15, 12, 1, 12, 45, 18372 }, // Ӌ
    { 10, 12, 10, 0, 9, 30, 18417 }, // ӌ
    { 18, 15, 16, -2, 12, 68, 18447 }, // Ӎ
    { 15, 12, 14, -1, 9, 45, 18515 }, // ӎ
    { 9, 13, 7, -1, 13, 30, 18560 }, // ӏ
    { 14, 17, 13, -2, 17, 60, 18590 }, // Ӑ
    { 10, 14, 10, 0, 14, 35, 18650 }, // ӑ
    { 14, 16, 13, -2, 16, 56, 18685 }, // Ӓ
    { 10, 13, 10, 0, 13, 33, 18741 }, // ӓ
    { 18, 12, 16, -2, 12, 54, 18774 }, // Ӕ
    { 13, 9, 13, 0, 9, 30, 18828 }, // ӕ
    { 12, 17, 11, -1, 17, 51, 18858 }, // Ӗ
    { 9, 14, 8, 0, 14, 32, 18909 }, // ӗ
    { 11, 12, 11, 0, 12, 33, 18941 }, // Ә
    { 8, 9, 8, 0, 9, 18, 18974 }, // ә
    { 11, 16, 11, 0, 16, 44, 18992 }, // Ӛ
    { 8, 13, 8, 0, 13, 26, 19036 }, // ӛ
    { 20, 16, 17, -2, 16, 80, 19062 }, // Ӝ
    { 16, 13, 15, 0, 13, 52, 19142 }, // ӝ
    { 10, 16, 10, -1, 16, 40, 19194 }, // Ӟ
    { 9, 13, 8, -1, 13, 30, 19234 }, // ӟ
    { 11, 12, 10, -1, 12, 33, 19264 }, // Ӡ
    { 10, 13, 9, -1, 9, 33, 19297 }, // ӡ
    { 16, 15, 14, -1, 15, 60, 19330 }, // Ӣ
    { 11, 12, 10, 0, 12, 33, 19390 }, // ӣ
    { 16, 16, 14, -1, 16, 64, 19423 }, // Ӥ
    { 11, 13, 10, 0, 13, 36, 19487 }, // ӥ
    { 13, 16, 13, 0, 16, 52, 19523 }, // Ӧ
    { 10, 13, 9, 0, 13, 33, 19575 }, // ӧ
    { 13, 12, 13, 0, 12, 39, 19608 }, // Ө
    { 9, 9, 9, 0, 9, 21, 19647 }, // ө
    { 13, 16, 13, 0, 16, 52, 19668 }, // Ӫ
    { 10, 13, 9, 0, 13, 33, 19720 }, // ӫ
    { 12, 16, 11, -1, 16, 48, 19753 }, // Ӭ
    { 9, 13, 8, -1, 13, 30, 19801 }, // ӭ
    { 13, 15, 11, 0, 15, 49, 19831 }, // Ӯ
    { 12, 16, 9, -3, 12, 48, 19880 }, // ӯ
    { 13, 16, 11, 0, 16, 52, 19928 }, // Ӱ
    { 12, 17, 9, -3, 13, 51, 19980 }, // ӱ
    { 13, 17, 11, 0, 17, 56, 20031 }, // Ӳ
    { 12, 18, 9, -3, 14, 54, 20087 }, // ӳ
    { 12, 16, 12, 1, 16, 48, 20141 }, // Ӵ
    { 10, 13, 10, 0, 13, 33, 20189 }, // ӵ
    { 12, 15, 10, -1, 12, 45, 20222 }, // Ӷ
    { 8, 12, 8, 0, 9, 24, 20267 }, // ӷ
    { 18, 16, 16, -1, 16, 72, 20291 }, // Ӹ
    { 13, 13, 13, 0, 13, 43, 20363 }, // ӹ
    { 12, 15, 10, -1, 12, 45, 20406 }, // Ӻ
    { 8, 13, 8, 0, 9, 26, 20451 }, // ӻ
    { 15, 16, 11, -2, 12, 60, 20477 }, // Ӽ
    { 11, 13, 10, -1, 9, 36, 20537 }, // ӽ
    { 15, 12, 11, -2, 12, 45, 20573 }, // Ӿ
    { 11, 9, 10, -1, 9, 25, 20618 }, // ӿ
    { 0, 0, 9, 0, 0, 0, 20643 }, //  
    { 0, 0, 17, 0, 0, 0, 20643 }, //  
    { 0, 0, 9, 0, 0, 0, 20643 }, //  
    { 0, 0, 17, 0, 0, 0, 20643 }, //  
    { 0, 0, 6, 0, 0, 0, 20643 }, //  
    { 0, 0, 4, 0, 0, 0, 20643 }, //  
    { 0, 0, 3, 0, 0, 0, 20643 }, //  
    { 0, 0, 11, 0, 0, 0, 20643 }, //  
    { 0, 0, 5, 0, 0, 0, 20643 }, //  
    { 0, 0, 3, 0, 0, 0, 20643 }, //  
    { 0, 0, 1, 0, 0, 0, 20643 }, //  
    { 0, 0, 0, 0, 0, 0, 20643 }, // ​
    { 2, 14, 0, -1, 10, 7, 20643 }, // ‌
    { 4, 16, 0, -2, 12, 16, 20650 }, // ‍
    { 6, 17, 0, -3, 13, 26, 20666 }, // ‎
    { 6, 17, 0, -3, 13, 26, 20692 }, // ‏
    { 6, 2, 7, 0, 5, 3, 20718 }, // ‐
    { 6, 2, 7, 0, 5, 3, 20721 }, // ‑
    { 9, 2, 11, 1, 6, 5, 20724 }, // ‒
    { 9, 2, 9, 0, 5, 5, 20729 }, // –
    { 17, 2, 17, 0, 5, 9, 20734 }, // —
    { 17, 2, 17, 0, 5, 9, 20743 }, // ―
    { 7, 17, 9, 1, 13, 30, 20752 }, // ‖
    { 9, 5, 9, 0, -1, 12, 20782 }, // ‗
    { 5, 6, 5, 1, 13, 8, 20794 }, // ‘
    { 4, 6, 5, 1, 12, 6, 20802 }, // ’
    { 4, 6, 5, 0, 2, 6, 20808 }, // ‚
    { 5, 6, 5, 0, 13, 8, 20814 }, // ‛
    { 8, 6, 9, 1, 13, 12, 20822 }, // “
    { 8, 6, 9, 1, 12, 12, 20834 }, // ”
    { 8, 6, 9, 0, 2, 12, 20846 }, // „
    { 8, 6, 9, 0, 13, 12, 20858 }, // ‟
    { 9, 11, 8, 0, 12, 25, 20870 }, // †
    { 10, 13, 8, -1, 12, 33, 20895 }, // ‡
    { 5, 5, 5, 0, 7, 7, 20928 }, // •
    { 7, 6, 11, 2, 9, 11, 20935 }, // ‣
    { 4, 3, 5, 0, 2, 3, 20946 }, // ․
    { 8, 3, 9, 0, 3, 6, 20949 }, // ‥
    { 15, 3, 17, 1, 3, 12, 20955 }, // …
    { 4, 3, 5, 0, 6, 3, 20967 }, // ‧
    { 0, 0, 0, 0, 0, 0, 20970 }, //  
    { 0, 0, 0, 0, 0, 0, 20970 }, //  
    { 6, 17, 0, -3, 13, 26, 20970 }, // ‪
    { 6, 17, 0, -3, 13, 26, 20996 }, // ‫
    { 6, 16, 0, -3, 12, 24, 21022 }, // ‬
    { 8, 17, 0, -4, 13, 34, 21046 }, // ‭
    { 8, 17, 0, -4, 13, 34, 21080 }, // ‮
    { 0, 0, 2, 0, 0, 0, 21114 }, //  
    { 24, 14, 24, 0, 13, 84, 21114 }, // ‰
    { 4, 6, 4, 0, 12, 6, 21198 }, // ′
    { 8, 6, 8, 0, 12, 12, 21204 }, // ″
    { 12, 6, 12, 0, 12, 18, 21216 }, // ‴
    { 4, 6, 4, 0, 12, 6, 21234 }, // ‵
    { 8, 6, 8, 0, 12, 12, 21240 }, // ‶
    { 12, 6, 12, 0, 12, 18, 21252 }, // ‷
    { 8, 3, 8, 0, 0, 6, 21270 }, // ‸
    { 6, 6, 6, 0, 7, 9, 21276 }, // ‹
    { 6, 6, 6, 0, 7, 9, 21285 }, // ›
    { 11, 11, 11, 0, 11, 31, 21294 }, // ※
    { 11, 12, 10, 0, 12, 33, 21325 }, // ‼
    { 9, 2, 9, 0, 14, 5, 21358 }, // ‾
    { 5, 2, 5, 0, 5, 3, 21363 }, // ⁃
    { 11, 14, 5, -3, 13, 39, 21366 }, // ⁄
    { 13, 12, 13, 1, 12, 39, 21405 }, // ⁇
    { 11, 12, 12, 1, 12, 33, 21444 }, // ⁈
    { 12, 12, 12, 0, 12, 36, 21477 }, // ⁉
    { 11, 3, 17, 3, 6, 9, 21513 }, // ⁓
    { 16, 6, 15, 0, 12, 24, 21522 }, // ⁗
    { 0, 0, 4, 0, 0, 0, 21546 }, //  
    { 0, 0, 0, 0, 0, 0, 21546 }, // ⁠
    { 0, 0, 0, 0, 0, 0, 21546 }, // ⁡
    { 0, 0, 0, 0, 0, 0, 21546 }, // ⁢
    { 0, 0, 0, 0, 0, 0, 21546 }, // ⁣
    { 0, 0, 0, 0, 0, 0, 21546 }, // ⁤
    { 8, 7, 8, 0, 13, 14, 21546 }, // ⁰
    { 8, 7, 8, 0, 13, 14, 21560 }, // ⁴
    { 8, 7, 8, 0, 13, 14, 21574 }, // ⁵
    { 8, 7, 8, 0, 13, 14, 21588 }, // ⁶
    { 7, 7, 8, 1, 13, 13, 21602 }, // ⁷
    { 7, 7, 8, 0, 13, 13, 21615 }, // ⁸
    { 7, 7, 8, 0, 13, 13, 21628 }, // ⁹
    { 8, 6, 10, 1, 12, 12, 21641 }, // ⁿ
    { 8, 7, 8, 0, 5, 14, 21653 }, // ₀
    { 6, 7, 8, 0, 5, 11, 21667 }, // ₁
    { 7, 7, 8, 0, 5, 13, 21678 }, // ₂
    { 7, 7, 8, 0, 5, 13, 21691 }, // ₃
    { 8, 7, 8, 0, 5, 14, 21704 }, // ₄
    { 8, 7, 8, 0, 5, 14, 21718 }, // ₅
    { 8, 7, 8, 0, 5, 14, 21732 }, // ₆
    { 7, 7, 8, 1, 5, 13, 21746 }, // ₇
    { 7, 7, 8, 0, 5, 13, 21759 }, // ₈
    { 7, 7, 8, 0, 5, 13, 21772 }, // ₉
    { 12, 12, 11, -1, 12, 36, 21785 }, // ₣
    { 12, 12, 11, -1, 12, 36, 21821 }, // ₤
    { 22, 12, 23, 0, 12, 66, 21857 }, // ₧
    { 13, 12, 11, -1, 12, 39, 21923 }, // €
    { 11, 8, 17, 3, 10, 22, 21962 }, // ←
    { 9, 10, 17, 4, 11, 23, 21984 }, // ↑
    { 11, 8, 17, 3, 10, 22, 22007 }, // →
    { 9, 10, 17, 4, 11, 23, 22029 }, // ↓
    { 11, 8, 17, 3, 10, 22, 22052 }, // ↔
    { 9, 11, 17, 4, 11, 25, 22074 }, // ↕
    { 9, 12, 17, 4, 12, 27, 22099 }, // ↨
    { 9, 12, 17, 4, 12, 27, 22126 }, // ↲
    { 9, 12, 17, 4, 12, 27, 22153 }, // ↳
    { 11, 9, 17, 3, 10, 25, 22180 }, // ↵
    { 11, 9, 17, 3, 10, 25, 22205 }, // ⇐
    { 11, 10, 17, 3, 11, 28, 22230 }, // ⇑
    { 11, 9, 17, 3, 10, 25, 22258 }, // ⇒
    { 11, 10, 17, 3, 11, 28, 22283 }, // ⇓
    { 11, 9, 17, 3, 10, 25, 22311 }, // ⇔
    { 13, 12, 17, 2, 12, 39, 22336 }, // ∀
    { 9, 13, 11, 1, 13, 30, 22375 }, // ∂
    { 9, 12, 17, 4, 12, 27, 22405 }, // ∃
    { 13, 14, 17, 2, 13, 46, 22432 }, // ∅
    { 12, 12, 12, 0, 12, 36, 22478 }, // ∆
    { 11, 12, 17, 3, 12, 33, 22514 }, // ∇
    { 13, 12, 17, 2, 12, 39, 22547 }, // ∈
    { 13, 14, 17, 2, 13, 46, 22586 }, // ∉
    { 13, 10, 17, 2, 11, 33, 22632 }, // ∊
    { 13, 12, 17, 2, 12, 39, 22665 }, // ∋
    { 13, 14, 17, 2, 13, 46, 22704 }, // ∌
    { 13, 10, 17, 2, 11, 33, 22750 }, // ∍
    { 14, 15, 14, 0, 12, 53, 22783 }, // ∏
    { 11, 16, 11, 0, 12, 44, 22836 }, // ∑
    { 9, 2, 11, 1, 7, 5, 22880 }, // −
    { 11, 13, 9, -1, 12, 36, 22885 }, // ∕
    { 9, 13, 9, 0, 12, 30, 22921 }, // ∖
    { 9, 8, 11, 1, 10, 18, 22951 }, // ∗
    { 7, 6, 11, 2, 9, 11, 22969 }, // ∘
    { 4, 3, 11, 3, 6, 3, 22980 }, // ∙
    { 12, 16, 11, -1, 14, 48, 22983 }, // √
    { 9, 6, 11, 1, 8, 14, 23031 }, // ∝
    { 11, 6, 11, 0, 8, 17, 23045 }, // ∞
    { 11, 12, 17, 3, 12, 33, 23062 }, // ∟
    { 13, 12, 17, 2, 12, 39, 23095 }, // ∠
    { 3, 17, 9, 3, 13, 13, 23134 }, // ∣
    { 7, 17, 9, 1, 13, 30, 23147 }, // ∥
    { 13, 12, 17, 2, 12, 39, 23177 }, // ∧
    { 13, 12, 17, 2, 12, 39, 23216 }, // ∨
    { 11, 12, 17, 3, 12, 33, 23255 }, // ∩
    { 11, 12, 17, 3, 12, 33, 23288 }, // ∪
    { 10, 17, 11, 0, 13, 43, 23321 }, // ∫
    { 11, 10, 17, 3, 9, 28, 23364 }, // ∴
    { 11, 10, 17, 3, 9, 28, 23392 }, // ∵
    { 5, 10, 5, 0, 11, 13, 23420 }, // ∶
    { 11, 10, 17, 3, 9, 28, 23433 }, // ∷
    { 11, 3, 17, 3, 6, 9, 23461 }, // ∼
    { 11, 9, 17, 3, 10, 25, 23470 }, // ≅
    { 9, 7, 11, 1, 9, 16, 23495 }, // ≈
    { 9, 8, 17, 4, 9, 18, 23511 }, // ≍
    { 9, 9, 11, 1, 10, 21, 23529 }, // ≠
    { 11, 8, 17, 3, 9, 22, 23550 }, // ≡
    { 9, 11, 11, 1, 11, 25, 23572 }, // ≤
    { 9, 12, 11, 1, 12, 27, 23597 }, // ≥
    { 15, 8, 17, 1, 9, 30, 23624 }, // ≪
    { 15, 8, 17, 1, 9, 30, 23654 }, // ≫
    { 13, 10, 17, 2, 11, 33, 23684 }, // ⊃
    { 13, 14, 17, 2, 13, 46, 23717 }, // ⊄
    { 13, 14, 17, 2, 13, 46, 23763 }, // ⊅
    { 11, 12, 17, 3, 12, 33, 23809 }, // ⊆
    { 11, 12, 17, 3, 12, 33, 23842 }, // ⊇
    { 13, 12, 17, 2, 12, 39, 23875 }, // ⊕
    { 13, 12, 17, 2, 12, 39, 23914 }, // ⊖
    { 13, 12, 17, 2, 12, 39, 23953 }, // ⊗
    { 13, 12, 17, 2, 12, 39, 23992 }, // ⊘
    { 11, 12, 17, 3, 12, 33, 24031 }, // ⊥
    { 4, 3, 11, 3, 6, 3, 24064 }, // ⋅
    { 15, 3, 17, 1, 6, 12, 24067 }, // ⋯
    { 17, 16, 17, 0, 14, 68, 24079 }, // �
};

static const EpdUnicodeInterval bookerly_8_bolditalicIntervals[] = {
    { 0x0, 0x0, 0x0 },
    { 0x8, 0x9, 0x1 },
    { 0xD, 0xD, 0x3 },
    { 0x1D, 0x1D, 0x4 },
    { 0x20, 0x7E, 0x5 },
    { 0xA0, 0xFF, 0x64 },
    { 0x100, 0x17F, 0xC4 },
    { 0x300, 0x304, 0x144 },
    { 0x306, 0x30C, 0x149 },
    { 0x30F, 0x30F, 0x150 },
    { 0x311, 0x315, 0x151 },
    { 0x31B, 0x31B, 0x156 },
    { 0x323, 0x329, 0x157 },
    { 0x32D, 0x32E, 0x15E },
    { 0x330, 0x331, 0x160 },
    { 0x342, 0x342, 0x162 },
    { 0x344, 0x345, 0x163 },
    { 0x400, 0x45F, 0x165 },
    { 0x462, 0x463, 0x1C5 },
    { 0x472, 0x475, 0x1C7 },
    { 0x48A, 0x4FF, 0x1CB },
    { 0x2000, 0x2030, 0x241 },
    { 0x2032, 0x203C, 0x272 },
    { 0x203E, 0x203E, 0x27D },
    { 0x2043, 0x2044, 0x27E },
    { 0x2047, 0x2049, 0x280 },
    { 0x2053, 0x2053, 0x283 },
    { 0x2057, 0x2057, 0x284 },
    { 0x205F, 0x2064, 0x285 },
    { 0x2070, 0x2070, 0x28B },
    { 0x2074, 0x2079, 0x28C },
    { 0x207F, 0x2089, 0x292 },
    { 0x20A3, 0x20A4, 0x29D },
    { 0x20A7, 0x20A7, 0x29F },
    { 0x20AC, 0x20AC, 0x2A0 },
    { 0x2190, 0x2195, 0x2A1 },
    { 0x21A8, 0x21A8, 0x2A7 },
    { 0x21B2, 0x21B3, 0x2A8 },
    { 0x21B5, 0x21B5, 0x2AA },
    { 0x21D0, 0x21D4, 0x2AB },
    { 0x2200, 0x2200, 0x2B0 },
    { 0x2202, 0x2203, 0x2B1 },
    { 0x2205, 0x220D, 0x2B3 },
    { 0x220F, 0x220F, 0x2BC },
    { 0x2211, 0x2212, 0x2BD },
    { 0x2215, 0x221A, 0x2BF },
    { 0x221D, 0x2220, 0x2C5 },
    { 0x2223, 0x2223, 0x2C9 },
    { 0x2225, 0x2225, 0x2CA },
    { 0x2227, 0x222B, 0x2CB },
    { 0x2234, 0x2237, 0x2D0 },
    { 0x223C, 0x223C, 0x2D4 },
    { 0x2245, 0x2245, 0x2D5 },
    { 0x2248, 0x2248, 0x2D6 },
    { 0x224D, 0x224D, 0x2D7 },
    { 0x2260, 0x2261, 0x2D8 },
    { 0x2264, 0x2265, 0x2DA },
    { 0x226A, 0x226B, 0x2DC },
    { 0x2283, 0x2287, 0x2DE },
    { 0x2295, 0x2298, 0x2E3 },
    { 0x22A5, 0x22A5, 0x2E7 },
    { 0x22C5, 0x22C5, 0x2E8 },
    { 0x22EF, 0x22EF, 0x2E9 },
    { 0xFFFD, 0xFFFD, 0x2EA },
};

static const EpdFontData bookerly_8_bolditalic = {
    bookerly_8_bolditalicBitmaps,
    bookerly_8_bolditalicGlyphs,
    bookerly_8_bolditalicIntervals,
    64,
    22,
    18,
    -5,
    true,
};
