/**
 * generated by fontconvert.py
 * name: bookerly_8_italic
 * size: 8
 * mode: 2-bit
 * Command used: /Users/jesse/Documents/GitHub/crosspoint/crosspoint-reader/lib/EpdFont/scripts/fontconvert.py bookerly_8_italic 8 /Users/jesse/Documents/GitHub/crosspoint/crosspoint-reader/lib/EpdFont/builtinFonts/source/Bookerly/Bookerly-Italic.ttf --2bit
 */
#pragma once
#include "EpdFontData.h"

static const uint8_t bookerly_8_italicBitmaps[22802] = {
    0x07, 0x03, 0x80, 0xD0, 0x70, 0x28, 0x0D, 0x03, 0x00, 0xC0, 0x20, 0x00, 0x0F, 0x03, 0x80, 0x30,
    0xC7, 0x2C, 0xA2, 0x8D, 0x34, 0xC3, 0x00, 0x00, 0xC1, 0xC0, 0x03, 0x0A, 0x00, 0x1C, 0x34, 0x0F,
    0xFF, 0xFC, 0x03, 0x47, 0x00, 0x0C, 0x24, 0x0B, 0xFF, 0xFD, 0x02, 0x43, 0x00, 0x0C, 0x18, 0x00,
    0x30, 0xA0, 0x00, 0x00, 0x06, 0x00, 0x00, 0x90, 0x00, 0xBF, 0x40, 0x39, 0xED, 0x0B, 0x18, 0xE0,
    0xB2, 0x40, 0x03, 0xF0, 0x00, 0x0F, 0xD0, 0x00, 0x6F, 0x03, 0x09, 0x38, 0x70, 0xC3, 0x83, 0xED,
    0xF0, 0x0B, 0xF8, 0x00, 0x34, 0x00, 0x03, 0x00, 0x00, 0x60, 0x00, 0x0B, 0xD0, 0x03, 0x00, 0xE2,
    0xC0, 0x38, 0x07, 0x07, 0x02, 0xC0, 0x28, 0x1C, 0x0C, 0x00, 0xD0, 0xA0, 0xD0, 0x02, 0xC7, 0x0A,
    0x2F, 0x43, 0xF0, 0x72, 0xC7, 0x00, 0x03, 0x0C, 0x0D, 0x00, 0x34, 0x70, 0x30, 0x02, 0x82, 0xC1,
    0xC0, 0x1C, 0x07, 0x1D, 0x00, 0xD0, 0x0B, 0xD0, 0x06, 0x00, 0x00, 0x00, 0x00, 0x2F, 0x40, 0x00,
    0x0E, 0x2C, 0x00, 0x01, 0xC2, 0x80, 0x00, 0x2C, 0xE0, 0x04, 0x03, 0xE4, 0x02, 0xC0, 0xFC, 0x0B,
    0xE0, 0x35, 0xD3, 0xB0, 0x07, 0x0F, 0x03, 0x00, 0xA0, 0x38, 0xA0, 0x0B, 0x01, 0xFC, 0x00, 0x7D,
    0x6F, 0xC0, 0x01, 0xFE, 0x5F, 0x80, 0x00, 0x00, 0x2F, 0x40, 0x31, 0xCA, 0x34, 0xC0, 0x00, 0x0A,
    0x00, 0x38, 0x00, 0xD0, 0x03, 0x40, 0x0A, 0x00, 0x1C, 0x00, 0x2C, 0x00, 0x34, 0x00, 0x34, 0x00,
    0x34, 0x00, 0x34, 0x00, 0x38, 0x00, 0x1C, 0x00, 0x0E, 0x00, 0x03, 0x40, 0x01, 0x80, 0x00, 0xC0,
    0x00, 0xB0, 0x00, 0x38, 0x00, 0x1C, 0x00, 0x0D, 0x00, 0x0A, 0x00, 0x0B, 0x00, 0x0B, 0x00, 0x0E,
    0x00, 0x0D, 0x00, 0x1C, 0x00, 0x34, 0x00, 0xA0, 0x02, 0xC0, 0x0E, 0x00, 0x34, 0x00, 0x07, 0x0B,
    0xA0, 0x2E, 0xDF, 0x90, 0x07, 0x00, 0x00, 0x01, 0xC0, 0x01, 0xC0, 0x01, 0xC0, 0x3F, 0xFF, 0x16,
    0xD5, 0x01, 0xC0, 0x01, 0xC0, 0x00, 0x40, 0x01, 0x02, 0xD0, 0x70, 0x38, 0x2C, 0x04, 0x00, 0x3F,
    0xE1, 0x54, 0x02, 0xDB, 0x00, 0x00, 0x00, 0xE0, 0x00, 0x1C, 0x00, 0x03, 0x40, 0x00, 0xA0, 0x00,
    0x1C, 0x00, 0x03, 0x80, 0x00, 0x70, 0x00, 0x0D, 0x00, 0x02, 0xC0, 0x00, 0x30, 0x00, 0x0E, 0x00,
    0x01, 0xC0, 0x00, 0x34, 0x00, 0x00, 0x00, 0x7F, 0x80, 0x0B, 0x9F, 0x80, 0xB4, 0x0F, 0x03, 0x80,
    0x3C, 0x2C, 0x00, 0xF0, 0xE0, 0x03, 0xC7, 0x40, 0x0E, 0x1D, 0x00, 0x74, 0x74, 0x03, 0xC1, 0xE0,
    0x2C, 0x03, 0xE7, 0xD0, 0x03, 0xF8, 0x00, 0x00, 0x68, 0x2F, 0xD0, 0x0B, 0x00, 0x2C, 0x00, 0xE0,
    0x03, 0x80, 0x1D, 0x00, 0xB0, 0x03, 0xC0, 0x0E, 0x00, 0x78, 0x1F, 0xFC, 0x00, 0xBF, 0x40, 0x3E,
    0xBC, 0x0F, 0x01, 0xD0, 0x40, 0x2D, 0x00, 0x03, 0xC0, 0x00, 0xB4, 0x00, 0x2E, 0x00, 0x0B, 0x40,
    0x02, 0xD0, 0x00, 0xF0, 0x00, 0x7D, 0x55, 0x0B, 0xFF, 0xF0, 0x00, 0xBF, 0x00, 0x7D, 0xBC, 0x0A,
    0x02, 0xC0, 0x00, 0x3C, 0x00, 0x0F, 0x00, 0x1F, 0xC0, 0x01, 0x6F, 0x00, 0x00, 0x74, 0x00, 0x0B,
    0x40, 0x02, 0xF0, 0x5A, 0xFC, 0x07, 0xF9, 0x00, 0x00, 0x02, 0xC0, 0x00, 0xBC, 0x00, 0x2E, 0xC0,
    0x0B, 0x38, 0x02, 0xC3, 0x40, 0xB0, 0x70, 0x1D, 0x0B, 0x07, 0x95, 0xF5, 0xBF, 0xFF, 0xE0, 0x00,
    0xD0, 0x00, 0x1C, 0x00, 0x02, 0xC0, 0x00, 0xFF, 0xE0, 0x1D, 0x54, 0x03, 0xC0, 0x00, 0x38, 0x00,
    0x07, 0xE4, 0x00, 0x2B, 0xD0, 0x00, 0x0F, 0x00, 0x00, 0xB0, 0x00, 0x0F, 0x00, 0x02, 0xD0, 0x1A,
    0xF4, 0x03, 0xF8, 0x00, 0x00, 0x1B, 0xC0, 0x0F, 0x90, 0x07, 0xC0, 0x00, 0xF0, 0x00, 0x3E, 0x50,
    0x07, 0xFF, 0xC0, 0xB0, 0x1E, 0x0F, 0x00, 0xF0, 0xF0, 0x0F, 0x0F, 0x01, 0xD0, 0x7D, 0xB8, 0x01,
    0xFD, 0x00, 0x3F, 0xFF, 0x9D, 0x57, 0xDA, 0x01, 0xD0, 0x00, 0xE0, 0x00, 0xF0, 0x00, 0xB0, 0x00,
    0x74, 0x00, 0x3C, 0x00, 0x2D, 0x00, 0x0E, 0x00, 0x0B, 0x40, 0x02, 0xC0, 0x00, 0x00, 0x7F, 0x80,
    0x2E, 0x6E, 0x07, 0x80, 0xE0, 0x74, 0x0D, 0x03, 0xC7, 0x80, 0x1F, 0xD0, 0x07, 0xAE, 0x01, 0xD0,
    0xB4, 0x38, 0x03, 0x83, 0xC0, 0x78, 0x3E, 0x6F, 0x00, 0xBF, 0x40, 0x00, 0xBE, 0x00, 0x3E, 0xBC,
    0x0B, 0x01, 0xD0, 0xE0, 0x0E, 0x0E, 0x00, 0xD0, 0xF0, 0x2C, 0x07, 0xFF, 0xC0, 0x05, 0xB4, 0x00,
    0x1E, 0x00, 0x07, 0x80, 0x07, 0xE0, 0x0B, 0xE0, 0x00, 0x00, 0x0F, 0x1D, 0x00, 0x00, 0x00, 0x00,
    0xB4, 0xB0, 0x00, 0x00, 0x0F, 0x01, 0xD0, 0x00, 0x00, 0x00, 0x00, 0x01, 0x00, 0xB4, 0x07, 0x00,
    0xE0, 0x2C, 0x01, 0x00, 0x00, 0x09, 0x00, 0x7D, 0x07, 0xD0, 0x3D, 0x00, 0x3E, 0x00, 0x07, 0xD0,
    0x00, 0xBD, 0x00, 0x09, 0x3F, 0xFF, 0x2A, 0xA9, 0x00, 0x00, 0x3F, 0xFF, 0x2A, 0xA9, 0x34, 0x00,
    0x2F, 0x40, 0x02, 0xE0, 0x00, 0x2E, 0x00, 0x2E, 0x02, 0xE0, 0x2F, 0x40, 0x24, 0x00, 0x1F, 0x83,
    0xED, 0x00, 0xA0, 0x0E, 0x02, 0xC0, 0xB0, 0x28, 0x03, 0x90, 0x3C, 0x00, 0x00, 0x74, 0x07, 0x00,
    0x00, 0x0B, 0xFE, 0x40, 0x02, 0xF9, 0x6F, 0x80, 0x3D, 0x00, 0x0B, 0x43, 0x80, 0x00, 0x0E, 0x2C,
    0x0B, 0xEC, 0x2D, 0xC0, 0xB6, 0xE0, 0xBB, 0x07, 0x03, 0x42, 0xB8, 0x2C, 0x0C, 0x0D, 0xD0, 0xE0,
    0xF0, 0xB3, 0x43, 0x9A, 0xCB, 0x0E, 0x07, 0xC3, 0xE0, 0x2C, 0x00, 0x00, 0x00, 0x3C, 0x00, 0x04,
    0x00, 0x7E, 0x5A, 0xD0, 0x00, 0x2F, 0xF8, 0x00, 0x00, 0x00, 0x01, 0xC0, 0x00, 0x00, 0xF4, 0x00,
    0x00, 0xAE, 0x00, 0x00, 0x33, 0xC0, 0x00, 0x34, 0xB0, 0x00, 0x1C, 0x1C, 0x00, 0x0E, 0x5B, 0x40,
    0x0B, 0xFF, 0xE0, 0x03, 0x40, 0x3C, 0x03, 0x80, 0x0F, 0x02, 0xD0, 0x03, 0xD3, 0xFD, 0x03, 0xFD,
    0x02, 0xFF, 0xD0, 0x0B, 0xDB, 0xD0, 0x0E, 0x03, 0x80, 0x34, 0x0D, 0x01, 0xC0, 0xB0, 0x0B, 0xFF,
    0x00, 0x2C, 0x1F, 0x00, 0xE0, 0x1D, 0x03, 0x40, 0x74, 0x1C, 0x02, 0xC0, 0xB5, 0x6D, 0x0F, 0xFF,
    0x80, 0x00, 0x00, 0x00, 0x00, 0x6F, 0xE0, 0x0B, 0xEA, 0xE0, 0xB4, 0x03, 0x47, 0x40, 0x0C, 0x3C,
    0x00, 0x00, 0xE0, 0x00, 0x03, 0x40, 0x00, 0x0E, 0x00, 0x00, 0x3C, 0x00, 0x00, 0xF4, 0x01, 0x81,
    0xFE, 0xBC, 0x01, 0xBF, 0x80, 0x01, 0xFF, 0xE0, 0x00, 0xBD, 0xAF, 0x40, 0x0F, 0x00, 0xF0, 0x03,
    0x80, 0x1E, 0x01, 0xD0, 0x03, 0x80, 0xB0, 0x00, 0xE0, 0x2C, 0x00, 0x74, 0x0E, 0x00, 0x2C, 0x03,
    0x40, 0x0E, 0x01, 0xD0, 0x0F, 0x00, 0xB5, 0x6F, 0x00, 0xFF, 0xF9, 0x00, 0x00, 0x00, 0x00, 0x00,
    0x03, 0xFF, 0xFC, 0x00, 0xF5, 0x6C, 0x00, 0xE0, 0x18, 0x00, 0xD0, 0x00, 0x01, 0xD5, 0x40, 0x02,
    0xFF, 0xC0, 0x03, 0xC0, 0x00, 0x03, 0x80, 0x00, 0x03, 0x40, 0x10, 0x07, 0x00, 0x60, 0x0B, 0x55,
    0xE0, 0x3F, 0xFF, 0xC0, 0x03, 0xFF, 0xF8, 0x03, 0xD5, 0xD0, 0x0E, 0x03, 0x00, 0x34, 0x00, 0x01,
    0xC0, 0x00, 0x0B, 0xFF, 0x00, 0x3D, 0x54, 0x00, 0xE0, 0x00, 0x03, 0x40, 0x00, 0x1C, 0x00, 0x00,
    0xB4, 0x00, 0x0F, 0xF8, 0x00, 0x00, 0x6F, 0xE4, 0x02, 0xFA, 0xBC, 0x0B, 0x40, 0x2C, 0x1D, 0x00,
    0x14, 0x3C, 0x00, 0x00, 0x38, 0x00, 0x00, 0x34, 0x03, 0xFC, 0x38, 0x00, 0x74, 0x38, 0x00, 0x70,
    0x3D, 0x00, 0xB0, 0x1F, 0xA6, 0xF0, 0x02, 0xFF, 0x80, 0x03, 0xFE, 0x0B, 0xFC, 0x00, 0xF0, 0x02,
    0xD0, 0x00, 0xE0, 0x02, 0xC0, 0x00, 0xE0, 0x03, 0xC0, 0x01, 0xD0, 0x03, 0x80, 0x02, 0xFF, 0xFF,
    0x40, 0x03, 0xD5, 0x5B, 0x00, 0x03, 0x80, 0x0B, 0x00, 0x03, 0x40, 0x0E, 0x00, 0x07, 0x00, 0x0E,
    0x00, 0x0B, 0x40, 0x2E, 0x00, 0x3F, 0xD0, 0xFF, 0x80, 0x03, 0xFE, 0x00, 0xF4, 0x00, 0xF0, 0x00,
    0xE0, 0x01, 0xD0, 0x02, 0xC0, 0x03, 0xC0, 0x03, 0x80, 0x03, 0x40, 0x07, 0x00, 0x0B, 0x40, 0x3F,
    0xD0, 0x00, 0x3F, 0xE0, 0x00, 0xB4, 0x00, 0x0F, 0x00, 0x00, 0xE0, 0x00, 0x0D, 0x00, 0x01, 0xD0,
    0x00, 0x2C, 0x00, 0x03, 0xC0, 0x00, 0x38, 0x00, 0x07, 0x40, 0x00, 0x70, 0x00, 0x0F, 0x00, 0x00,
    0xD0, 0x0B, 0xBC, 0x00, 0x7E, 0x00, 0x00, 0x03, 0xFD, 0x3F, 0xD0, 0x0F, 0x41, 0xF4, 0x00, 0xF0,
    0x78, 0x00, 0x0E, 0x1D, 0x00, 0x01, 0xDB, 0x00, 0x00, 0x2F, 0xC0, 0x00, 0x03, 0xEC, 0x00, 0x00,
    0x38, 0xF0, 0x00, 0x03, 0x47, 0x80, 0x00, 0x70, 0x2E, 0x00, 0x0B, 0x40, 0xF8, 0x03, 0xFE, 0x03,
    0xF0, 0x00, 0x00, 0x00, 0x00, 0x03, 0xFE, 0x00, 0x03, 0xD0, 0x00, 0x0F, 0x00, 0x00, 0x38, 0x00,
    0x01, 0xD0, 0x00, 0x0B, 0x00, 0x00, 0x2C, 0x00, 0x00, 0xE0, 0x00, 0x03, 0x40, 0x20, 0x1D, 0x01,
    0xC0, 0xB5, 0x5E, 0x0F, 0xFF, 0xF0, 0x01, 0xFC, 0x00, 0xBF, 0x00, 0x2F, 0x40, 0x7E, 0x00, 0x0A,
    0xE0, 0x3B, 0x80, 0x03, 0x78, 0x1C, 0xD0, 0x00, 0xCB, 0x0D, 0x34, 0x00, 0xB2, 0xC7, 0x1D, 0x00,
    0x38, 0x73, 0x07, 0x00, 0x0C, 0x0F, 0x81, 0xC0, 0x07, 0x03, 0xC0, 0xB0, 0x03, 0x80, 0xD0, 0x2C,
    0x01, 0xE0, 0x00, 0x0F, 0x42, 0xFE, 0x00, 0x0F, 0xF0, 0x03, 0xF0, 0x0B, 0xF4, 0x03, 0xD0, 0x0B,
    0x00, 0x0F, 0xC0, 0x28, 0x00, 0x3F, 0x40, 0xD0, 0x01, 0xDE, 0x03, 0x40, 0x0B, 0x3C, 0x1C, 0x00,
    0x38, 0x78, 0xB0, 0x00, 0xD0, 0xF3, 0x80, 0x03, 0x01, 0xED, 0x00, 0x1C, 0x03, 0xF0, 0x00, 0xF0,
    0x07, 0xC0, 0x0F, 0xF0, 0x0E, 0x00, 0x00, 0x6F, 0xE0, 0x02, 0xFA, 0xFC, 0x0B, 0x40, 0x2D, 0x1E,
    0x00, 0x0F, 0x3C, 0x00, 0x0F, 0x38, 0x00, 0x0F, 0x34, 0x00, 0x0E, 0x78, 0x00, 0x1D, 0x38, 0x00,
    0x3C, 0x3C, 0x00, 0xF0, 0x1F, 0x9B, 0xD0, 0x07, 0xFE, 0x00, 0x01, 0xFF, 0xD0, 0x0F, 0xDB, 0xD0,
    0x0F, 0x03, 0x80, 0x38, 0x0E, 0x01, 0xD0, 0x74, 0x0B, 0x5B, 0x80, 0x2F, 0xE0, 0x00, 0xE0, 0x00,
    0x03, 0x40, 0x00, 0x1C, 0x00, 0x00, 0xF4, 0x00, 0x0F, 0xF8, 0x00, 0x00, 0x6F, 0xE0, 0x00, 0x0B,
    0xEB, 0xF0, 0x00, 0xB4, 0x02, 0xD0, 0x07, 0x80, 0x03, 0x80, 0x2C, 0x00, 0x0F, 0x00, 0xE0, 0x00,
    0x3C, 0x03, 0x40, 0x00, 0xE0, 0x1D, 0x00, 0x0B, 0x40, 0x38, 0x00, 0x3C, 0x00, 0xF0, 0x03, 0xC0,
    0x01, 0xF9, 0xBD, 0x00, 0x01, 0xFF, 0x80, 0x00, 0x00, 0xF4, 0x00, 0x00, 0x00, 0x7E, 0x00, 0x00,
    0x00, 0x2F, 0xEA, 0x00, 0x00, 0x06, 0xF8, 0x01, 0xFF, 0x80, 0x06, 0xF6, 0xF0, 0x00, 0xE0, 0x74,
    0x00, 0xE0, 0x34, 0x01, 0xD0, 0xB0, 0x02, 0xD7, 0xD0, 0x02, 0xFE, 0x00, 0x03, 0x8E, 0x00, 0x03,
    0x4B, 0x00, 0x07, 0x03, 0xC0, 0x0F, 0x40, 0xF0, 0x3F, 0xD0, 0x3C, 0x01, 0xFE, 0x02, 0xE6, 0xD1,
    0xD0, 0x34, 0x74, 0x08, 0x0F, 0x40, 0x02, 0xF8, 0x00, 0x1F, 0xC0, 0x00, 0xB8, 0xA0, 0x0E, 0x3C,
    0x03, 0x8F, 0x9B, 0xC0, 0xBF, 0x80, 0x3F, 0xFF, 0xF5, 0xD6, 0xD6, 0xCA, 0x0B, 0x07, 0x10, 0x38,
    0x04, 0x00, 0xD0, 0x00, 0x07, 0x40, 0x00, 0x2C, 0x00, 0x00, 0xF0, 0x00, 0x03, 0x80, 0x00, 0x0D,
    0x00, 0x00, 0xB8, 0x00, 0x0F, 0xF8, 0x00, 0x3F, 0xC0, 0xBF, 0x47, 0xC0, 0x0B, 0x00, 0xD0, 0x03,
    0x80, 0x74, 0x00, 0xD0, 0x2C, 0x00, 0x34, 0x0F, 0x00, 0x1C, 0x03, 0x80, 0x0B, 0x00, 0xD0, 0x03,
    0x80, 0x74, 0x00, 0xD0, 0x0E, 0x00, 0xF0, 0x03, 0xE6, 0xF0, 0x00, 0x2F, 0xE0, 0x00, 0xBF, 0xC1,
    0xFF, 0x2D, 0x00, 0xB8, 0x1D, 0x00, 0xF0, 0x1D, 0x01, 0xD0, 0x0E, 0x03, 0x80, 0x0E, 0x07, 0x00,
    0x0F, 0x0E, 0x00, 0x0B, 0x1C, 0x00, 0x07, 0x38, 0x00, 0x07, 0xB0, 0x00, 0x03, 0xD0, 0x00, 0x03,
    0xC0, 0x00, 0x7F, 0xC0, 0xA0, 0x3F, 0xD2, 0xE0, 0x0E, 0x00, 0xF0, 0x0D, 0x02, 0xF0, 0x0D, 0x00,
    0xE0, 0x3F, 0x02, 0xC0, 0x0E, 0x0B, 0xB0, 0x34, 0x00, 0xE0, 0xD7, 0x0B, 0x00, 0x0E, 0x2C, 0x70,
    0xD0, 0x00, 0xE3, 0x47, 0x5C, 0x00, 0x0E, 0xB0, 0x37, 0x40, 0x00, 0xBD, 0x03, 0xF0, 0x00, 0x0B,
    0xC0, 0x3D, 0x00, 0x00, 0xB4, 0x03, 0xC0, 0x00, 0x02, 0xFF, 0x1F, 0xF0, 0x02, 0xE0, 0x2E, 0x00,
    0x03, 0xC0, 0xE0, 0x00, 0x07, 0x4E, 0x00, 0x00, 0x0F, 0xE0, 0x00, 0x00, 0x1F, 0x00, 0x00, 0x00,
    0xFC, 0x00, 0x00, 0x0E, 0x74, 0x00, 0x00, 0xB0, 0xF0, 0x00, 0x0B, 0x01, 0xD0, 0x00, 0xB4, 0x03,
    0xD0, 0x0F, 0xF4, 0x3F, 0xD0, 0xFF, 0x87, 0xFC, 0x3D, 0x01, 0xE0, 0x1D, 0x03, 0x80, 0x0E, 0x0B,
    0x00, 0x0B, 0x1C, 0x00, 0x03, 0xB4, 0x00, 0x03, 0xE0, 0x00, 0x02, 0xC0, 0x00, 0x03, 0xC0, 0x00,
    0x03, 0x80, 0x00, 0x07, 0x80, 0x00, 0x3F, 0xF0, 0x00, 0x03, 0xFF, 0xF8, 0x1E, 0xAB, 0xD0, 0xA0,
    0x0E, 0x01, 0x00, 0xF0, 0x00, 0x0F, 0x00, 0x00, 0xB0, 0x00, 0x0B, 0x00, 0x00, 0xB4, 0x00, 0x07,
    0x40, 0x20, 0x78, 0x02, 0xC3, 0xEA, 0xAE, 0x0F, 0xFF, 0xF0, 0x00, 0x00, 0x00, 0x00, 0xFC, 0x03,
    0x00, 0x1C, 0x00, 0xA0, 0x03, 0x40, 0x0C, 0x00, 0x70, 0x02, 0x80, 0x0D, 0x00, 0x34, 0x01, 0xC0,
    0x0B, 0x00, 0x38, 0x00, 0xD0, 0x03, 0x00, 0x1F, 0x40, 0xA0, 0x01, 0xC0, 0x03, 0x40, 0x0B, 0x00,
    0x0C, 0x00, 0x38, 0x00, 0x70, 0x00, 0xD0, 0x02, 0x80, 0x07, 0x00, 0x0D, 0x00, 0x2C, 0x00, 0x30,
    0x00, 0xFC, 0x00, 0xE0, 0x03, 0x40, 0x0C, 0x00, 0x70, 0x02, 0x80, 0x0D, 0x00, 0x30, 0x01, 0xC0,
    0x0A, 0x00, 0x38, 0x00, 0xD0, 0x07, 0x00, 0x2C, 0x00, 0xE0, 0x1F, 0x40, 0x02, 0xC0, 0x00, 0xF8,
    0x00, 0x77, 0x00, 0x38, 0xD0, 0x0C, 0x2C, 0x0B, 0x07, 0x03, 0x40, 0xE1, 0xC0, 0x2C, 0xFF, 0xFF,
    0x80, 0x00, 0x00, 0x20, 0x38, 0x1D, 0x06, 0x01, 0xF9, 0xC0, 0x78, 0xF8, 0x0D, 0x03, 0x42, 0xC0,
    0x70, 0x34, 0x0F, 0x03, 0x41, 0xE0, 0x74, 0x7D, 0x53, 0xEC, 0xFC, 0x2F, 0x0B, 0x00, 0x1F, 0x80,
    0x00, 0xE0, 0x00, 0x34, 0x00, 0x0C, 0x00, 0x07, 0x2F, 0x02, 0xAE, 0xE0, 0xF8, 0x38, 0x3C, 0x0E,
    0x1D, 0x03, 0x4B, 0x01, 0xC3, 0x80, 0xE0, 0xE5, 0xF0, 0x7B, 0xE0, 0x00, 0x01, 0xF8, 0x0B, 0xAC,
    0x1D, 0x00, 0x38, 0x00, 0x34, 0x00, 0x74, 0x00, 0x38, 0x04, 0x3E, 0xB4, 0x1F, 0x80, 0x00, 0x07,
    0xE0, 0x00, 0x0D, 0x00, 0x01, 0xD0, 0x00, 0x1C, 0x00, 0xFB, 0xC0, 0x78, 0xF8, 0x0D, 0x03, 0x42,
    0xC0, 0x70, 0x34, 0x0F, 0x03, 0x41, 0xE0, 0x74, 0x7D, 0x53, 0xEC, 0xFC, 0x2F, 0x0B, 0x40, 0x01,
    0xFC, 0x0B, 0xAD, 0x1D, 0x0D, 0x3C, 0x3C, 0x3A, 0xE0, 0x7E, 0x00, 0x34, 0x08, 0x3E, 0xB4, 0x1F,
    0x90, 0x00, 0x00, 0xBD, 0x00, 0x02, 0x99, 0x00, 0x07, 0x00, 0x00, 0x0B, 0x00, 0x00, 0x7F, 0xF0,
    0x00, 0x1D, 0x00, 0x00, 0x1C, 0x00, 0x00, 0x2C, 0x00, 0x00, 0x2C, 0x00, 0x00, 0x38, 0x00, 0x00,
    0x34, 0x00, 0x00, 0x70, 0x00, 0x00, 0xB0, 0x00, 0x00, 0xE0, 0x00, 0x00, 0xD0, 0x00, 0xA6, 0xC0,
    0x00, 0x7E, 0x00, 0x00, 0x00, 0x2F, 0xFC, 0x00, 0xF6, 0xE4, 0x01, 0xC0, 0xD0, 0x02, 0x81, 0xC0,
    0x02, 0xDB, 0x80, 0x00, 0xFD, 0x00, 0x00, 0xE0, 0x00, 0x01, 0xD0, 0x00, 0x02, 0xFD, 0x00, 0x2D,
    0x1B, 0x80, 0x74, 0x02, 0xC0, 0x3D, 0x1B, 0x80, 0x1B, 0xF9, 0x00, 0x1F, 0x80, 0x00, 0x38, 0x00,
    0x03, 0x40, 0x00, 0x70, 0x00, 0x0B, 0x1F, 0x40, 0xE7, 0xB8, 0x0E, 0xC3, 0x80, 0xF0, 0x34, 0x1E,
    0x07, 0x02, 0xC0, 0xB0, 0x38, 0x0E, 0x13, 0x40, 0xFC, 0x70, 0x0F, 0x40, 0x00, 0x00, 0x2D, 0x02,
    0xC0, 0x00, 0x00, 0x02, 0xF0, 0x07, 0x00, 0xB0, 0x0E, 0x00, 0xD0, 0x1C, 0x02, 0xC4, 0x3F, 0x43,
    0xD0, 0x00, 0x00, 0x00, 0x00, 0x2C, 0x00, 0x03, 0xC0, 0x00, 0x00, 0x00, 0x00, 0x00, 0x02, 0xF0,
    0x00, 0x0B, 0x00, 0x00, 0xB0, 0x00, 0x0E, 0x00, 0x00, 0xD0, 0x00, 0x1C, 0x00, 0x02, 0xC0, 0x00,
    0x3C, 0x00, 0x03, 0x80, 0x00, 0x70, 0x00, 0x0E, 0x00, 0x3B, 0xC0, 0x02, 0xF0, 0x00, 0x0B, 0xC0,
    0x00, 0xB0, 0x00, 0x38, 0x00, 0x0D, 0x00, 0x07, 0x2F, 0x02, 0xF9, 0xD0, 0xB4, 0x30, 0x34, 0xB4,
    0x0F, 0xE0, 0x07, 0x34, 0x02, 0xCB, 0x00, 0xE0, 0xF4, 0x34, 0x0F, 0x40, 0x0F, 0xC0, 0xF0, 0x38,
    0x0D, 0x07, 0x02, 0xC0, 0xE0, 0x34, 0x1C, 0x0B, 0x03, 0x84, 0xFC, 0x3D, 0x00, 0x2F, 0x0B, 0x42,
    0xD0, 0x2C, 0xEE, 0x7B, 0x80, 0xAD, 0x3B, 0x4E, 0x03, 0xE0, 0xF4, 0x34, 0x0F, 0x03, 0x81, 0xC0,
    0x74, 0x1C, 0x0B, 0x02, 0xC0, 0xB0, 0x38, 0x4E, 0x03, 0x80, 0xFC, 0x34, 0x0D, 0x03, 0xD0, 0x2F,
    0x0B, 0x80, 0xB3, 0xBC, 0x0A, 0xD2, 0xC0, 0xF8, 0x38, 0x0F, 0x03, 0x41, 0xD0, 0x70, 0x2C, 0x0B,
    0x13, 0x80, 0xFE, 0x34, 0x0B, 0x40, 0x01, 0xFD, 0x02, 0xD2, 0xC1, 0xD0, 0x34, 0xF0, 0x0E, 0x38,
    0x07, 0x5D, 0x02, 0xC3, 0x40, 0xE0, 0xF5, 0xF0, 0x0F, 0xD0, 0x00, 0x0B, 0xC7, 0xD0, 0x0B, 0x7B,
    0xC0, 0x2F, 0x0B, 0x00, 0xF4, 0x2C, 0x03, 0x80, 0xF0, 0x1C, 0x03, 0x40, 0xB0, 0x2C, 0x02, 0xD2,
    0xD0, 0x0E, 0xF8, 0x00, 0x30, 0x00, 0x01, 0xC0, 0x00, 0x0B, 0x40, 0x00, 0xBF, 0x80, 0x00, 0x01,
    0xF9, 0xC0, 0xB5, 0xF8, 0x0D, 0x03, 0x42, 0xC0, 0x70, 0x34, 0x0F, 0x03, 0x41, 0xE0, 0x74, 0x7D,
    0x03, 0xED, 0xC0, 0x2F, 0x1C, 0x00, 0x02, 0xC0, 0x00, 0x28, 0x00, 0x03, 0x80, 0x02, 0xFE, 0x00,
    0x2F, 0x1D, 0x0B, 0x7D, 0x0A, 0xE4, 0x0F, 0x80, 0x0F, 0x00, 0x1E, 0x00, 0x1C, 0x00, 0x2C, 0x00,
    0x38, 0x00, 0x02, 0xF4, 0x3A, 0xE1, 0xC0, 0x07, 0xC0, 0x0B, 0xD0, 0x07, 0xC9, 0x0B, 0x3E, 0xB4,
    0x3F, 0x40, 0x02, 0x40, 0x0C, 0x03, 0xFF, 0x83, 0xC0, 0x0E, 0x00, 0x34, 0x01, 0xC0, 0x0B, 0x00,
    0x2C, 0x20, 0xFB, 0x81, 0xF4, 0x00, 0x2F, 0x01, 0xD0, 0xB0, 0x2C, 0x0B, 0x03, 0x80, 0xE0, 0x34,
    0x0D, 0x07, 0x01, 0xC0, 0xF0, 0x2C, 0x3F, 0x12, 0xEE, 0x7E, 0x1F, 0x47, 0x80, 0x7C, 0x0B, 0x1B,
    0x41, 0xD0, 0xE0, 0x70, 0x2C, 0x2C, 0x07, 0x0D, 0x01, 0xCA, 0x00, 0x3B, 0x00, 0x0F, 0x00, 0x03,
    0x00, 0x00, 0x7C, 0x0E, 0x07, 0x5B, 0x82, 0xC0, 0xE0, 0xF0, 0xB4, 0x38, 0x2C, 0x3D, 0x0C, 0x07,
    0x0F, 0x8B, 0x00, 0xCA, 0xA3, 0x40, 0x3B, 0x2F, 0x80, 0x0F, 0x07, 0xC0, 0x03, 0x41, 0x80, 0x00,
    0x07, 0xC0, 0xB4, 0x2B, 0x4B, 0x90, 0x0F, 0x70, 0x00, 0x1F, 0x00, 0x00, 0x38, 0x00, 0x02, 0xF0,
    0x00, 0x2C, 0xD0, 0x0E, 0xC3, 0xE8, 0x3C, 0x07, 0x80, 0x07, 0xD0, 0x74, 0x1B, 0x80, 0xE0, 0x0B,
    0x03, 0x40, 0x1C, 0x0C, 0x00, 0x34, 0xA0, 0x00, 0xD3, 0x40, 0x03, 0xA8, 0x00, 0x0E, 0xC0, 0x00,
    0x3D, 0x00, 0x00, 0xE0, 0x00, 0x0E, 0x00, 0x1A, 0xE0, 0x00, 0x7D, 0x00, 0x00, 0x1F, 0x8A, 0x3A,
    0xFD, 0x20, 0x38, 0x00, 0xE0, 0x03, 0x80, 0x0B, 0x00, 0x2C, 0x04, 0xBE, 0xAD, 0xD6, 0xF8, 0x00,
    0xF0, 0x0E, 0x40, 0x70, 0x02, 0x80, 0x0A, 0x00, 0x38, 0x01, 0xC0, 0x1D, 0x00, 0x38, 0x00, 0xA0,
    0x03, 0x40, 0x1C, 0x00, 0xA0, 0x03, 0x40, 0x0E, 0x40, 0x1F, 0x00, 0x02, 0x80, 0xD0, 0x30, 0x1C,
    0x0B, 0x02, 0x80, 0xD0, 0x30, 0x1C, 0x07, 0x02, 0x80, 0xD0, 0x30, 0x1C, 0x07, 0x02, 0x80, 0x00,
    0xF0, 0x01, 0xE0, 0x02, 0x80, 0x0D, 0x00, 0x70, 0x03, 0x80, 0x0E, 0x00, 0x2D, 0x01, 0xD0, 0x0A,
    0x00, 0x34, 0x00, 0xD0, 0x03, 0x40, 0x0C, 0x01, 0xF0, 0x1E, 0x00, 0x09, 0x01, 0x0F, 0xFB, 0xC6,
    0x0B, 0xD0, 0x02, 0xC0, 0x3C, 0x00, 0x00, 0x24, 0x03, 0x40, 0x30, 0x03, 0x00, 0x70, 0x0A, 0x00,
    0xE0, 0x1D, 0x02, 0xC0, 0x38, 0x00, 0x00, 0x1C, 0x00, 0x0A, 0x00, 0x03, 0x40, 0x07, 0xF8, 0x0B,
    0xFB, 0x0B, 0x18, 0x03, 0x49, 0x01, 0xC3, 0x00, 0xB0, 0xC0, 0x1D, 0x60, 0x43, 0xFA, 0xD0, 0x3F,
    0x80, 0x03, 0x00, 0x01, 0xC0, 0x00, 0xA0, 0x00, 0x34, 0x00, 0x00, 0x02, 0xF8, 0x00, 0x0E, 0x6C,
    0x00, 0x2C, 0x1C, 0x00, 0x34, 0x00, 0x00, 0x70, 0x00, 0x00, 0xF0, 0x00, 0x0B, 0xFF, 0xC0, 0x01,
    0xD0, 0x00, 0x02, 0xC0, 0x00, 0x03, 0x80, 0x00, 0x3F, 0xAA, 0xB0, 0x3F, 0xFF, 0xE0, 0x18, 0x00,
    0x20, 0x36, 0xFB, 0x80, 0x79, 0x78, 0x02, 0x80, 0xE0, 0x0D, 0x03, 0x40, 0x34, 0x0C, 0x00, 0xF5,
    0xF0, 0x0D, 0xFD, 0xD0, 0x80, 0x00, 0x80, 0x3F, 0xD2, 0xFD, 0x1F, 0x00, 0xF4, 0x0F, 0x01, 0xD0,
    0x07, 0x43, 0x40, 0x03, 0x8A, 0x00, 0x1F, 0xEF, 0xC0, 0x00, 0xF0, 0x00, 0x1F, 0xFF, 0x40, 0x00,
    0xD0, 0x00, 0x01, 0xC0, 0x00, 0x02, 0xD0, 0x00, 0x1F, 0xF8, 0x00, 0x02, 0x80, 0xD0, 0x30, 0x1C,
    0x0A, 0x03, 0x80, 0x00, 0x00, 0x00, 0x00, 0x02, 0x80, 0xD0, 0x30, 0x0C, 0x07, 0x02, 0x80, 0x01,
    0xF8, 0x0E, 0x1D, 0x2C, 0x08, 0x3A, 0x00, 0x63, 0x80, 0x30, 0xB0, 0x3C, 0x2C, 0x0F, 0x0C, 0x02,
    0xCD, 0x00, 0xAC, 0x90, 0x38, 0xF0, 0xB0, 0x7F, 0x80, 0x00, 0x07, 0x8F, 0x70, 0xE0, 0x00, 0xBF,
    0x90, 0x01, 0xD0, 0x1E, 0x01, 0xC0, 0x00, 0xA0, 0xC0, 0xBD, 0x0C, 0x70, 0xE6, 0x81, 0x98, 0x70,
    0x10, 0x66, 0x1C, 0x00, 0x19, 0xC3, 0x95, 0x06, 0x30, 0x7F, 0x43, 0x07, 0x00, 0x02, 0x80, 0xB4,
    0x07, 0x80, 0x02, 0xFE, 0x40, 0x03, 0xE8, 0x34, 0xC1, 0x83, 0x09, 0x28, 0x39, 0xE8, 0x79, 0xC0,
    0x00, 0x0F, 0xFC, 0x02, 0x87, 0x03, 0xCB, 0x43, 0xCB, 0x00, 0xE3, 0xC0, 0x1C, 0x38, 0x01, 0x83,
    0x00, 0x3F, 0xFF, 0x00, 0x0B, 0x00, 0x07, 0x00, 0x07, 0x3F, 0xE1, 0x54, 0x06, 0xF8, 0x01, 0xD0,
    0x74, 0x32, 0xF0, 0xC6, 0x15, 0x49, 0x51, 0xF0, 0x96, 0x17, 0x49, 0x33, 0xCD, 0xC1, 0xD0, 0x74,
    0x03, 0xF8, 0x00, 0x15, 0x43, 0xFE, 0x0F, 0xD0, 0xD1, 0xC3, 0x03, 0x0D, 0x1C, 0x1F, 0xC0, 0x01,
    0xC0, 0x01, 0xC0, 0x01, 0xC0, 0x3F, 0xFF, 0x16, 0xD5, 0x01, 0xC0, 0x01, 0xC0, 0x00, 0x40, 0x00,
    0x00, 0x3F, 0xFF, 0x2A, 0xA9, 0x03, 0xF0, 0x34, 0xE0, 0x43, 0x40, 0x38, 0x07, 0x40, 0xB4, 0x07,
    0xFF, 0x00, 0x07, 0xF0, 0x34, 0xD0, 0x07, 0x01, 0xF4, 0x00, 0xB0, 0x07, 0x43, 0xF4, 0x00, 0x06,
    0x0E, 0x38, 0x20, 0x02, 0x80, 0xB0, 0x0E, 0x03, 0x80, 0x34, 0x0D, 0x01, 0xC0, 0x70, 0x07, 0x02,
    0xC0, 0x2C, 0x0F, 0x00, 0xF0, 0x7C, 0x03, 0xFB, 0x7B, 0x0E, 0xF0, 0xF0, 0x70, 0x00, 0x02, 0xC0,
    0x00, 0x0E, 0x00, 0x00, 0x34, 0x00, 0x00, 0x00, 0x6F, 0xFC, 0x02, 0xFF, 0xE4, 0x07, 0xFD, 0xC0,
    0x0B, 0xFC, 0xC0, 0x0B, 0xFD, 0xC0, 0x0B, 0xF9, 0x80, 0x02, 0xF6, 0x40, 0x00, 0x33, 0x00, 0x00,
    0x33, 0x00, 0x00, 0x76, 0x00, 0x00, 0xA9, 0x00, 0x00, 0xDC, 0x00, 0x12, 0xF0, 0x00, 0x3E, 0x00,
    0x00, 0x01, 0xE7, 0x40, 0x1E, 0x0A, 0x28, 0x06, 0x86, 0xD0, 0x30, 0x1C, 0x0A, 0x03, 0x47, 0xF4,
    0x02, 0xF0, 0x2C, 0xA0, 0xC2, 0xC7, 0x0E, 0x0D, 0x70, 0x2F, 0x00, 0x00, 0x0F, 0xFC, 0x18, 0x30,
    0x03, 0x87, 0x00, 0x78, 0xF0, 0x1D, 0x3C, 0x1D, 0x38, 0x1C, 0x34, 0x00, 0x06, 0x80, 0x00, 0x50,
    0x06, 0xD0, 0x00, 0x34, 0x00, 0x30, 0x00, 0x38, 0x00, 0x1C, 0x00, 0x28, 0x00, 0x0A, 0x00, 0x1C,
    0x00, 0x03, 0x40, 0x0C, 0x02, 0xC7, 0xF4, 0x09, 0x02, 0xF0, 0x00, 0x0A, 0x03, 0xA8, 0x00, 0x07,
    0x07, 0x4D, 0x00, 0x03, 0x42, 0xFF, 0xD0, 0x03, 0x80, 0x00, 0xC0, 0x02, 0xC0, 0x00, 0x70, 0x00,
    0x80, 0x00, 0x00, 0x00, 0x06, 0x80, 0x00, 0x80, 0x06, 0xD0, 0x00, 0xE0, 0x00, 0x30, 0x00, 0xB0,
    0x00, 0x1C, 0x00, 0x70, 0x00, 0x0A, 0x00, 0x34, 0x00, 0x03, 0x40, 0x28, 0x1F, 0x87, 0xF4, 0x1C,
    0x1D, 0x34, 0x00, 0x0C, 0x00, 0x0C, 0x00, 0x0D, 0x00, 0x1D, 0x00, 0x0A, 0x00, 0x2C, 0x00, 0x07,
    0x00, 0x38, 0x00, 0x03, 0x40, 0x2F, 0xF8, 0x01, 0x80, 0x00, 0x00, 0x00, 0x07, 0xF0, 0x00, 0x24,
    0x00, 0xD3, 0x40, 0x07, 0x00, 0x00, 0x70, 0x00, 0xD0, 0x00, 0x7D, 0x00, 0x34, 0x00, 0x00, 0xB0,
    0x0A, 0x00, 0x00, 0x1D, 0x01, 0xC0, 0x2C, 0x3F, 0x40, 0x30, 0x0B, 0xC0, 0x00, 0x0D, 0x03, 0xA8,
    0x00, 0x02, 0xC1, 0xD3, 0x40, 0x00, 0x70, 0x2F, 0xFD, 0x00, 0x0D, 0x00, 0x03, 0x00, 0x03, 0x80,
    0x00, 0x70, 0x00, 0x30, 0x00, 0x00, 0x00, 0x00, 0xD0, 0x1D, 0x00, 0x00, 0x3C, 0x06, 0xC0, 0x28,
    0x0E, 0x03, 0x80, 0x70, 0x0A, 0x00, 0x7F, 0xC2, 0xF8, 0x00, 0x06, 0x00, 0x00, 0x02, 0xE0, 0x00,
    0x00, 0x1A, 0x00, 0x00, 0x00, 0x00, 0x00, 0x01, 0xC0, 0x00, 0x00, 0xF4, 0x00, 0x00, 0xAE, 0x00,
    0x00, 0x33, 0xC0, 0x00, 0x34, 0xB0, 0x00, 0x1C, 0x1C, 0x00, 0x0E, 0x5B, 0x40, 0x0B, 0xFF, 0xE0,
    0x03, 0x40, 0x3C, 0x03, 0x80, 0x0F, 0x02, 0xD0, 0x03, 0xD3, 0xFD, 0x03, 0xFD, 0x00, 0x00, 0x1C,
    0x00, 0x00, 0x2F, 0x00, 0x00, 0x39, 0x00, 0x00, 0x00, 0x00, 0x00, 0x01, 0xC0, 0x00, 0x00, 0xF4,
    0x00, 0x00, 0xAE, 0x00, 0x00, 0x33, 0xC0, 0x00, 0x34, 0xB0, 0x00, 0x1C, 0x1C, 0x00, 0x0E, 0x5B,
    0x40, 0x0B, 0xFF, 0xE0, 0x03, 0x40, 0x3C, 0x03, 0x80, 0x0F, 0x02, 0xD0, 0x03, 0xD3, 0xFD, 0x03,
    0xFD, 0x00, 0x00, 0xF0, 0x00, 0x00, 0xEF, 0x00, 0x00, 0xD0, 0xC0, 0x00, 0x00, 0x00, 0x00, 0x01,
    0xC0, 0x00, 0x00, 0xF4, 0x00, 0x00, 0xAE, 0x00, 0x00, 0x33, 0xC0, 0x00, 0x34, 0xB0, 0x00, 0x1C,
    0x1C, 0x00, 0x0E, 0x5B, 0x40, 0x0B, 0xFF, 0xE0, 0x03, 0x40, 0x3C, 0x03, 0x80, 0x0F, 0x02, 0xD0,
    0x03, 0xD3, 0xFD, 0x03, 0xFD, 0x00, 0x01, 0x00, 0x00, 0x03, 0xFB, 0x00, 0x00, 0xCB, 0x80, 0x00,
    0x00, 0x00, 0x00, 0x01, 0xC0, 0x00, 0x00, 0xF4, 0x00, 0x00, 0xAE, 0x00, 0x00, 0x33, 0xC0, 0x00,
    0x34, 0xB0, 0x00, 0x1C, 0x1C, 0x00, 0x0E, 0x5B, 0x40, 0x0B, 0xFF, 0xE0, 0x03, 0x40, 0x3C, 0x03,
    0x80, 0x0F, 0x02, 0xD0, 0x03, 0xD3, 0xFD, 0x03, 0xFD, 0x00, 0x00, 0x00, 0x00, 0x03, 0xCB, 0x40,
    0x00, 0xE2, 0xC0, 0x00, 0x00, 0x00, 0x00, 0x01, 0xC0, 0x00, 0x00, 0xF4, 0x00, 0x00, 0xAE, 0x00,
    0x00, 0x33, 0xC0, 0x00, 0x34, 0xB0, 0x00, 0x1C, 0x1C, 0x00, 0x0E, 0x5B, 0x40, 0x0B, 0xFF, 0xE0,
    0x03, 0x40, 0x3C, 0x03, 0x80, 0x0F, 0x02, 0xD0, 0x03, 0xD3, 0xFD, 0x03, 0xFD, 0x00, 0x02, 0xF0,
    0x00, 0x01, 0xCA, 0x00, 0x00, 0x72, 0x40, 0x00, 0x0F, 0x80, 0x00, 0x00, 0x00, 0x00, 0x00, 0x70,
    0x00, 0x00, 0x3D, 0x00, 0x00, 0x2B, 0x80, 0x00, 0x0C, 0xF0, 0x00, 0x0D, 0x2C, 0x00, 0x07, 0x07,
    0x00, 0x03, 0x96, 0xD0, 0x02, 0xFF, 0xF8, 0x00, 0xD0, 0x0F, 0x00, 0xE0, 0x03, 0xC0, 0xB4, 0x00,
    0xF4, 0xFF, 0x40, 0xFF, 0x40, 0x00, 0x00, 0xBF, 0xFF, 0xC0, 0x00, 0x02, 0xF5, 0x6C, 0x00, 0x00,
    0x6F, 0x01, 0x80, 0x00, 0x1C, 0xE0, 0x00, 0x00, 0x03, 0x1E, 0x54, 0x00, 0x00, 0xD1, 0xFF, 0x80,
    0x00, 0x2D, 0x7C, 0x00, 0x00, 0x07, 0xFF, 0x80, 0x00, 0x00, 0xD0, 0x38, 0x01, 0x00, 0x34, 0x07,
    0x40, 0xA0, 0x0F, 0x00, 0xB9, 0x6D, 0x03, 0xFC, 0x3F, 0xFF, 0xC0, 0x00, 0x6F, 0xE0, 0x0B, 0xEA,
    0xE0, 0xB4, 0x03, 0x47, 0x40, 0x0C, 0x3C, 0x00, 0x00, 0xE0, 0x00, 0x03, 0x40, 0x00, 0x0E, 0x00,
    0x00, 0x3C, 0x00, 0x00, 0xF4, 0x01, 0x81, 0xFE, 0xBC, 0x01, 0xBF, 0x80, 0x00, 0x00, 0x00, 0x03,
    0xD0, 0x00, 0x03, 0x40, 0x00, 0x74, 0x00, 0x00, 0x08, 0x00, 0x00, 0x0F, 0x40, 0x00, 0x02, 0xC0,
    0x00, 0x00, 0x00, 0x03, 0xFF, 0xFC, 0x00, 0xF5, 0x6C, 0x00, 0xE0, 0x18, 0x00, 0xD0, 0x00, 0x01,
    0xD5, 0x40, 0x02, 0xFF, 0xC0, 0x03, 0xC0, 0x00, 0x03, 0x80, 0x00, 0x03, 0x40, 0x10, 0x07, 0x00,
    0x60, 0x0B, 0x55, 0xE0, 0x3F, 0xFF, 0xC0, 0x00, 0x00, 0x24, 0x00, 0x01, 0xF4, 0x00, 0x07, 0x80,
    0x00, 0x00, 0x00, 0x03, 0xFF, 0xFC, 0x00, 0xF5, 0x6C, 0x00, 0xE0, 0x18, 0x00, 0xD0, 0x00, 0x01,
    0xD5, 0x40, 0x02, 0xFF, 0xC0, 0x03, 0xC0, 0x00, 0x03, 0x80, 0x00, 0x03, 0x40, 0x10, 0x07, 0x00,
    0x60, 0x0B, 0x55, 0xE0, 0x3F, 0xFF, 0xC0, 0x00, 0x01, 0xD0, 0x00, 0x0B, 0xB4, 0x00, 0x2C, 0x18,
    0x00, 0x00, 0x00, 0x03, 0xFF, 0xFC, 0x00, 0xF5, 0x6C, 0x00, 0xE0, 0x18, 0x00, 0xD0, 0x00, 0x01,
    0xD5, 0x40, 0x02, 0xFF, 0xC0, 0x03, 0xC0, 0x00, 0x03, 0x80, 0x00, 0x03, 0x40, 0x10, 0x07, 0x00,
    0x60, 0x0B, 0x55, 0xE0, 0x3F, 0xFF, 0xC0, 0x00, 0x00, 0x00, 0x00, 0x2D, 0x3C, 0x00, 0x2C, 0x38,
    0x00, 0x00, 0x00, 0x03, 0xFF, 0xFC, 0x00, 0xF5, 0x6C, 0x00, 0xE0, 0x18, 0x00, 0xD0, 0x00, 0x01,
    0xD5, 0x40, 0x02, 0xFF, 0xC0, 0x03, 0xC0, 0x00, 0x03, 0x80, 0x00, 0x03, 0x40, 0x10, 0x07, 0x00,
    0x60, 0x0B, 0x55, 0xE0, 0x3F, 0xFF, 0xC0, 0x00, 0xC0, 0x00, 0xF0, 0x00, 0x2C, 0x00, 0x00, 0x03,
    0xFE, 0x00, 0xF4, 0x00, 0xF0, 0x00, 0xE0, 0x01, 0xD0, 0x02, 0xC0, 0x03, 0xC0, 0x03, 0x80, 0x03,
    0x40, 0x07, 0x00, 0x0B, 0x40, 0x3F, 0xD0, 0x00, 0x02, 0x40, 0x07, 0xC0, 0x0B, 0x40, 0x00, 0x00,
    0x03, 0xFE, 0x00, 0x3D, 0x00, 0x0F, 0x00, 0x03, 0x80, 0x01, 0xD0, 0x00, 0xB0, 0x00, 0x3C, 0x00,
    0x0E, 0x00, 0x03, 0x40, 0x01, 0xC0, 0x00, 0xB4, 0x00, 0xFF, 0x40, 0x00, 0x2D, 0x00, 0x2E, 0xC0,
    0x28, 0x24, 0x00, 0x00, 0x03, 0xFE, 0x00, 0x3D, 0x00, 0x0F, 0x00, 0x03, 0x80, 0x01, 0xD0, 0x00,
    0xB0, 0x00, 0x3C, 0x00, 0x0E, 0x00, 0x03, 0x40, 0x01, 0xC0, 0x00, 0xB4, 0x00, 0xFF, 0x40, 0x00,
    0x00, 0x00, 0xB0, 0xE0, 0x2C, 0x34, 0x00, 0x00, 0x03, 0xFE, 0x00, 0x3D, 0x00, 0x0F, 0x00, 0x03,
    0x80, 0x01, 0xD0, 0x00, 0xB0, 0x00, 0x3C, 0x00, 0x0E, 0x00, 0x03, 0x40, 0x01, 0xC0, 0x00, 0xB4,
    0x00, 0xFF, 0x40, 0x01, 0xFF, 0xE0, 0x00, 0xBD, 0xAF, 0x40, 0x0E, 0x00, 0xF0, 0x03, 0x40, 0x1E,
    0x01, 0xC0, 0x03, 0x87, 0xFF, 0xC0, 0xE0, 0x3C, 0x00, 0x74, 0x0E, 0x00, 0x2C, 0x03, 0x40, 0x0E,
    0x01, 0xC0, 0x0F, 0x00, 0xB9, 0xBF, 0x00, 0xFF, 0xF9, 0x00, 0x00, 0x00, 0x40, 0x00, 0x00, 0x1F,
    0xB8, 0x00, 0x00, 0x97, 0xC0, 0x00, 0x00, 0x00, 0x00, 0x03, 0xF0, 0x0B, 0xF4, 0x03, 0xD0, 0x0B,
    0x00, 0x0F, 0xC0, 0x28, 0x00, 0x3F, 0x40, 0xD0, 0x01, 0xDE, 0x03, 0x40, 0x0B, 0x3C, 0x1C, 0x00,
    0x38, 0x78, 0xB0, 0x00, 0xD0, 0xF3, 0x80, 0x03, 0x01, 0xED, 0x00, 0x1C, 0x03, 0xF0, 0x00, 0xF0,
    0x07, 0xC0, 0x0F, 0xF0, 0x0E, 0x00, 0x00, 0x18, 0x00, 0x00, 0x1F, 0x00, 0x00, 0x06, 0x80, 0x00,
    0x00, 0x00, 0x00, 0x6F, 0xE0, 0x02, 0xFA, 0xFC, 0x0B, 0x40, 0x2D, 0x1E, 0x00, 0x0F, 0x3C, 0x00,
    0x0F, 0x38, 0x00, 0x0F, 0x34, 0x00, 0x0E, 0x78, 0x00, 0x1D, 0x38, 0x00, 0x3C, 0x3C, 0x00, 0xF0,
    0x1F, 0x9B, 0xD0, 0x07, 0xFE, 0x00, 0x00, 0x00, 0x30, 0x00, 0x02, 0xF0, 0x00, 0x0E, 0x40, 0x00,
    0x00, 0x00, 0x00, 0x6F, 0xE0, 0x02, 0xFA, 0xFC, 0x0B, 0x40, 0x2D, 0x1E, 0x00, 0x0F, 0x3C, 0x00,
    0x0F, 0x38, 0x00, 0x0F, 0x34, 0x00, 0x0E, 0x78, 0x00, 0x1D, 0x38, 0x00, 0x3C, 0x3C, 0x00, 0xF0,
    0x1F, 0x9B, 0xD0, 0x07, 0xFE, 0x00, 0x00, 0x03, 0xC0, 0x00, 0x0E, 0xF0, 0x00, 0x38, 0x30, 0x00,
    0x00, 0x00, 0x00, 0x6F, 0xE0, 0x02, 0xFA, 0xFC, 0x0B, 0x40, 0x2D, 0x1E, 0x00, 0x0F, 0x3C, 0x00,
    0x0F, 0x38, 0x00, 0x0F, 0x34, 0x00, 0x0E, 0x78, 0x00, 0x1D, 0x38, 0x00, 0x3C, 0x3C, 0x00, 0xF0,
    0x1F, 0x9B, 0xD0, 0x07, 0xFE, 0x00, 0x00, 0x04, 0x00, 0x00, 0x2F, 0xB4, 0x00, 0x32, 0xE0, 0x00,
    0x00, 0x00, 0x00, 0x6F, 0xE0, 0x02, 0xFA, 0xFC, 0x0B, 0x40, 0x2D, 0x1E, 0x00, 0x0F, 0x3C, 0x00,
    0x0F, 0x38, 0x00, 0x0F, 0x34, 0x00, 0x0E, 0x78, 0x00, 0x1D, 0x38, 0x00, 0x3C, 0x3C, 0x00, 0xF0,
    0x1F, 0x9B, 0xD0, 0x07, 0xFE, 0x00, 0x00, 0x00, 0x00, 0x00, 0x3C, 0x74, 0x00, 0x38, 0x70, 0x00,
    0x00, 0x00, 0x00, 0x6F, 0xE0, 0x02, 0xFA, 0xFC, 0x0B, 0x40, 0x2D, 0x1E, 0x00, 0x0F, 0x3C, 0x00,
    0x0F, 0x38, 0x00, 0x0F, 0x34, 0x00, 0x0E, 0x78, 0x00, 0x1D, 0x38, 0x00, 0x3C, 0x3C, 0x00, 0xF0,
    0x1F, 0x9B, 0xD0, 0x07, 0xFE, 0x00, 0x90, 0x21, 0xD2, 0xC1, 0xEC, 0x02, 0xD0, 0x1E, 0xC1, 0xD2,
    0xC9, 0x02, 0x00, 0x00, 0x0B, 0xF8, 0x90, 0x0B, 0xEA, 0xFC, 0x02, 0xD0, 0x0F, 0x40, 0x78, 0x02,
    0xBC, 0x0F, 0x00, 0xE3, 0xC0, 0xE0, 0x34, 0x3C, 0x0E, 0x0D, 0x03, 0x81, 0xD3, 0x40, 0x74, 0x0F,
    0xD0, 0x0F, 0x00, 0xF4, 0x03, 0xC0, 0x1F, 0xE6, 0xF4, 0x03, 0x0B, 0xF4, 0x00, 0x00, 0x24, 0x00,
    0x00, 0x0F, 0x40, 0x00, 0x00, 0x70, 0x00, 0x00, 0x00, 0x00, 0x3F, 0xC0, 0xBF, 0x47, 0xC0, 0x0B,
    0x00, 0xD0, 0x03, 0x80, 0x74, 0x00, 0xD0, 0x2C, 0x00, 0x34, 0x0F, 0x00, 0x1C, 0x03, 0x80, 0x0B,
    0x00, 0xD0, 0x03, 0x80, 0x74, 0x00, 0xD0, 0x0E, 0x00, 0xF0, 0x03, 0xE6, 0xF0, 0x00, 0x2F, 0xE0,
    0x00, 0x00, 0x00, 0x60, 0x00, 0x01, 0xF8, 0x00, 0x00, 0xE0, 0x00, 0x00, 0x00, 0x00, 0x3F, 0xC0,
    0xBF, 0x47, 0xC0, 0x0B, 0x00, 0xD0, 0x03, 0x80, 0x74, 0x00, 0xD0, 0x2C, 0x00, 0x34, 0x0F, 0x00,
    0x1C, 0x03, 0x80, 0x0B, 0x00, 0xD0, 0x03, 0x80, 0x74, 0x00, 0xD0, 0x0E, 0x00, 0xF0, 0x03, 0xE6,
    0xF0, 0x00, 0x2F, 0xE0, 0x00, 0x00, 0x07, 0x80, 0x00, 0x07, 0xB8, 0x00, 0x07, 0x47, 0x00, 0x00,
    0x00, 0x00, 0x3F, 0xC0, 0xBF, 0x47, 0xC0, 0x0B, 0x00, 0xD0, 0x03, 0x80, 0x74, 0x00, 0xD0, 0x2C,
    0x00, 0x34, 0x0F, 0x00, 0x1C, 0x03, 0x80, 0x0B, 0x00, 0xD0, 0x03, 0x80, 0x74, 0x00, 0xD0, 0x0E,
    0x00, 0xF0, 0x03, 0xE6, 0xF0, 0x00, 0x2F, 0xE0, 0x00, 0x00, 0x00, 0x00, 0x00, 0x1E, 0x3C, 0x00,
    0x07, 0x4E, 0x00, 0x00, 0x00, 0x00, 0x3F, 0xC0, 0xBF, 0x47, 0xC0, 0x0B, 0x00, 0xD0, 0x03, 0x80,
    0x74, 0x00, 0xD0, 0x2C, 0x00, 0x34, 0x0F, 0x00, 0x1C, 0x03, 0x80, 0x0B, 0x00, 0xD0, 0x03, 0x80,
    0x74, 0x00, 0xD0, 0x0E, 0x00, 0xF0, 0x03, 0xE6, 0xF0, 0x00, 0x2F, 0xE0, 0x00, 0x00, 0x01, 0x80,
    0x00, 0x1F, 0x80, 0x00, 0x39, 0x00, 0x00, 0x00, 0x00, 0xFF, 0x87, 0xFC, 0x3D, 0x01, 0xE0, 0x1D,
    0x03, 0x80, 0x0E, 0x0B, 0x00, 0x0B, 0x1C, 0x00, 0x03, 0xB4, 0x00, 0x03, 0xE0, 0x00, 0x02, 0xC0,
    0x00, 0x03, 0xC0, 0x00, 0x03, 0x80, 0x00, 0x07, 0x80, 0x00, 0x3F, 0xF0, 0x00, 0x03, 0xFD, 0x00,
    0x03, 0xC0, 0x00, 0x0F, 0xF8, 0x00, 0x34, 0x7C, 0x01, 0xC0, 0x74, 0x0B, 0x01, 0xD0, 0x38, 0x0B,
    0x00, 0xE1, 0xF4, 0x03, 0xFE, 0x00, 0x1C, 0x00, 0x00, 0xB0, 0x00, 0x0F, 0xF0, 0x00, 0x00, 0x00,
    0x7F, 0x40, 0x00, 0x1D, 0x2C, 0x00, 0x03, 0x41, 0xC0, 0x00, 0x70, 0x28, 0x00, 0x0B, 0x03, 0x00,
    0x00, 0xE0, 0xC0, 0x00, 0x0D, 0x1C, 0x00, 0x01, 0xC1, 0xE0, 0x00, 0x2C, 0x07, 0x80, 0x03, 0x80,
    0x2C, 0x00, 0x34, 0x01, 0xC0, 0x07, 0x3D, 0x74, 0x00, 0xB1, 0xFD, 0x00, 0x0F, 0x00, 0x00, 0x00,
    0xD0, 0x00, 0x06, 0x2C, 0x00, 0x00, 0x3E, 0x00, 0x00, 0x00, 0x00, 0x90, 0x00, 0x0F, 0x00, 0x00,
    0x38, 0x00, 0x00, 0x80, 0x00, 0x00, 0x00, 0x1F, 0x9C, 0x07, 0x8F, 0x80, 0xD0, 0x34, 0x2C, 0x07,
    0x03, 0x40, 0xF0, 0x34, 0x1E, 0x07, 0x47, 0xD5, 0x3E, 0xCF, 0xC2, 0xF0, 0xB0, 0x00, 0x02, 0x40,
    0x00, 0x70, 0x00, 0x0D, 0x00, 0x02, 0x40, 0x00, 0x00, 0x00, 0x1F, 0x9C, 0x07, 0x8F, 0x80, 0xD0,
    0x34, 0x2C, 0x07, 0x03, 0x40, 0xF0, 0x34, 0x1E, 0x07, 0x47, 0xD5, 0x3E, 0xCF, 0xC2, 0xF0, 0xB0,
    0x00, 0x04, 0x00, 0x02, 0xF0, 0x00, 0xB7, 0x40, 0x1C, 0x24, 0x00, 0x00, 0x00, 0x1F, 0x9C, 0x07,
    0x8F, 0x80, 0xD0, 0x34, 0x2C, 0x07, 0x03, 0x40, 0xF0, 0x34, 0x1E, 0x07, 0x47, 0xD5, 0x3E, 0xCF,
    0xC2, 0xF0, 0xB0, 0x00, 0x10, 0x00, 0x0F, 0xEC, 0x00, 0x8F, 0x40, 0x00, 0x00, 0x00, 0x00, 0x00,
    0x1F, 0x9C, 0x07, 0x8F, 0x80, 0xD0, 0x34, 0x2C, 0x07, 0x03, 0x40, 0xF0, 0x34, 0x1E, 0x07, 0x47,
    0xD5, 0x3E, 0xCF, 0xC2, 0xF0, 0xB0, 0x00, 0x00, 0x00, 0x0E, 0x3C, 0x01, 0xD3, 0x80, 0x00, 0x00,
    0x00, 0x00, 0x00, 0x1F, 0x9C, 0x07, 0x8F, 0x80, 0xD0, 0x34, 0x2C, 0x07, 0x03, 0x40, 0xF0, 0x34,
    0x1E, 0x07, 0x47, 0xD5, 0x3E, 0xCF, 0xC2, 0xF0, 0xB0, 0x00, 0x2E, 0x00, 0x0A, 0x34, 0x00, 0xA3,
    0x00, 0x07, 0xD0, 0x00, 0x00, 0x00, 0x1F, 0x9C, 0x07, 0x8F, 0x80, 0xD0, 0x34, 0x2C, 0x07, 0x03,
    0x40, 0xF0, 0x34, 0x1E, 0x07, 0x47, 0xD5, 0x3E, 0xCF, 0xC2, 0xF0, 0xB0, 0x00, 0xBD, 0x6F, 0x01,
    0xE1, 0xF9, 0xE0, 0xD0, 0x34, 0x34, 0xB0, 0x2C, 0x3C, 0x34, 0x0F, 0xBC, 0x0D, 0x0F, 0xE4, 0x07,
    0x47, 0xD0, 0x20, 0xFB, 0x3E, 0xB8, 0x2F, 0x07, 0xF4, 0x00, 0x01, 0xF8, 0x0B, 0xAC, 0x1D, 0x00,
    0x38, 0x00, 0x34, 0x00, 0x74, 0x00, 0x38, 0x04, 0x3E, 0xB4, 0x1F, 0x80, 0x00, 0x00, 0x0F, 0x40,
    0x03, 0x40, 0x1D, 0x00, 0x01, 0x80, 0x02, 0xD0, 0x00, 0xB0, 0x00, 0x20, 0x00, 0x00, 0x01, 0xFC,
    0x0B, 0xAD, 0x1D, 0x0D, 0x3C, 0x3C, 0x3A, 0xE0, 0x7E, 0x00, 0x34, 0x08, 0x3E, 0xB4, 0x1F, 0x90,
    0x00, 0x06, 0x00, 0x0E, 0x00, 0x38, 0x00, 0x20, 0x00, 0x00, 0x01, 0xFC, 0x0B, 0xAD, 0x1D, 0x0D,
    0x3C, 0x3C, 0x3A, 0xE0, 0x7E, 0x00, 0x34, 0x08, 0x3E, 0xB4, 0x1F, 0x90, 0x00, 0x14, 0x00, 0x7C,
    0x01, 0xDE, 0x03, 0x42, 0x00, 0x00, 0x01, 0xFC, 0x0B, 0xAD, 0x1D, 0x0D, 0x3C, 0x3C, 0x3A, 0xE0,
    0x7E, 0x00, 0x34, 0x08, 0x3E, 0xB4, 0x1F, 0x90, 0x00, 0x00, 0x00, 0xF2, 0xD0, 0x38, 0xB0, 0x00,
    0x00, 0x00, 0x00, 0x00, 0x7F, 0x00, 0xBA, 0xD0, 0x74, 0x34, 0x3C, 0x3C, 0x0E, 0xB8, 0x07, 0xE0,
    0x00, 0xD0, 0x20, 0x3E, 0xB4, 0x07, 0xE4, 0x00, 0x09, 0x03, 0xC0, 0x38, 0x02, 0x00, 0x0B, 0xC0,
    0x70, 0x2C, 0x0E, 0x03, 0x41, 0xC0, 0xB1, 0x3F, 0x4F, 0x40, 0x00, 0x20, 0x02, 0xC0, 0x0D, 0x00,
    0x90, 0x00, 0x00, 0xBC, 0x00, 0x70, 0x02, 0xC0, 0x0E, 0x00, 0x34, 0x01, 0xC0, 0x0B, 0x10, 0x3F,
    0x40, 0xF4, 0x00, 0x00, 0x40, 0x0B, 0xC0, 0xB7, 0x47, 0x09, 0x00, 0x00, 0xBC, 0x00, 0x70, 0x02,
    0xC0, 0x0E, 0x00, 0x34, 0x01, 0xC0, 0x0B, 0x10, 0x3F, 0x40, 0xF4, 0x00, 0x00, 0x00, 0x78, 0xF1,
    0xC3, 0x80, 0x00, 0x00, 0x00, 0xBC, 0x00, 0x70, 0x02, 0xC0, 0x0E, 0x00, 0x34, 0x01, 0xC0, 0x0B,
    0x10, 0x3F, 0x40, 0xF4, 0x00, 0x00, 0xA1, 0x40, 0x0F, 0x40, 0x0A, 0xD0, 0x00, 0x1C, 0x02, 0xFB,
    0x43, 0xD7, 0xD2, 0xC0, 0x38, 0xE0, 0x0D, 0x74, 0x03, 0x5C, 0x01, 0xC7, 0x40, 0xE0, 0xF5, 0xF0,
    0x0F, 0xE0, 0x00, 0x00, 0x10, 0x00, 0x0F, 0xEC, 0x00, 0x8F, 0x40, 0x00, 0x00, 0x00, 0x00, 0x02,
    0xF0, 0xB8, 0x0B, 0x3B, 0xC0, 0xAD, 0x2C, 0x0F, 0x83, 0x80, 0xF0, 0x34, 0x1D, 0x07, 0x02, 0xC0,
    0xB1, 0x38, 0x0F, 0xE3, 0x40, 0xB4, 0x00, 0x90, 0x00, 0x3C, 0x00, 0x03, 0x80, 0x00, 0x30, 0x00,
    0x00, 0x00, 0x7F, 0x40, 0xB4, 0xB0, 0x74, 0x0D, 0x3C, 0x03, 0x8E, 0x01, 0xD7, 0x40, 0xB0, 0xD0,
    0x38, 0x3D, 0x7C, 0x03, 0xF4, 0x00, 0x00, 0x02, 0x40, 0x01, 0xD0, 0x00, 0xD0, 0x00, 0x90, 0x00,
    0x00, 0x00, 0x7F, 0x40, 0xB4, 0xB0, 0x74, 0x0D, 0x3C, 0x03, 0x8E, 0x01, 0xD7, 0x40, 0xB0, 0xD0,
    0x38, 0x3D, 0x7C, 0x03, 0xF4, 0x00, 0x00, 0x04, 0x00, 0x0B, 0xC0, 0x0B, 0x74, 0x07, 0x09, 0x00,
    0x00, 0x00, 0x7F, 0x40, 0xB4, 0xB0, 0x74, 0x0D, 0x3C, 0x03, 0x8E, 0x01, 0xD7, 0x40, 0xB0, 0xD0,
    0x38, 0x3D, 0x7C, 0x03, 0xF4, 0x00, 0x00, 0x10, 0x00, 0x3F, 0xB0, 0x08, 0xF4, 0x00, 0x00, 0x00,
    0x00, 0x00, 0x7F, 0x40, 0xB4, 0xB0, 0x74, 0x0D, 0x3C, 0x03, 0x8E, 0x01, 0xD7, 0x40, 0xB0, 0xD0,
    0x38, 0x3D, 0x7C, 0x03, 0xF4, 0x00, 0x00, 0x00, 0x00, 0x0E, 0x3C, 0x01, 0xD3, 0x80, 0x00, 0x00,
    0x00, 0x00, 0x00, 0x1F, 0xD0, 0x0B, 0x4B, 0x01, 0xD0, 0x34, 0x3C, 0x03, 0x83, 0x80, 0x74, 0x74,
    0x0B, 0x03, 0x40, 0xE0, 0x3D, 0x7C, 0x00, 0xFD, 0x00, 0x02, 0xC0, 0x02, 0xC0, 0x00, 0x00, 0x3F,
    0xFF, 0x2A, 0xA9, 0x00, 0x00, 0x02, 0xC0, 0x02, 0xC0, 0x00, 0x7F, 0x54, 0x0B, 0x4B, 0xC0, 0x74,
    0x2D, 0x03, 0xC3, 0xB8, 0x0E, 0x75, 0xD0, 0x7B, 0x0B, 0x00, 0xF0, 0x38, 0x0B, 0xD7, 0xC0, 0x53,
    0xF8, 0x00, 0x00, 0x50, 0x00, 0x0B, 0x00, 0x00, 0x38, 0x00, 0x00, 0x80, 0x00, 0x00, 0x02, 0xF0,
    0x1D, 0x0B, 0x02, 0xC0, 0xB0, 0x38, 0x0E, 0x03, 0x40, 0xD0, 0x70, 0x1C, 0x0F, 0x02, 0xC3, 0xF1,
    0x2E, 0xE7, 0xE1, 0xF4, 0x78, 0x00, 0x02, 0x40, 0x00, 0x74, 0x00, 0x0D, 0x00, 0x01, 0x40, 0x00,
    0x00, 0x02, 0xF0, 0x1D, 0x0B, 0x02, 0xC0, 0xB0, 0x38, 0x0E, 0x03, 0x40, 0xD0, 0x70, 0x1C, 0x0F,
    0x02, 0xC3, 0xF1, 0x2E, 0xE7, 0xE1, 0xF4, 0x78, 0x00, 0x05, 0x00, 0x02, 0xF0, 0x00, 0x77, 0x40,
    0x0C, 0x18, 0x00, 0x00, 0x02, 0xF0, 0x1D, 0x0B, 0x02, 0xC0, 0xB0, 0x38, 0x0E, 0x03, 0x40, 0xD0,
    0x70, 0x1C, 0x0F, 0x02, 0xC3, 0xF1, 0x2E, 0xE7, 0xE1, 0xF4, 0x78, 0x00, 0x00, 0x00, 0x0E, 0x2C,
    0x00, 0xD3, 0x80, 0x00, 0x00, 0x00, 0x00, 0x02, 0xF0, 0x1D, 0x0B, 0x02, 0xC0, 0xB0, 0x38, 0x0E,
    0x03, 0x40, 0xD0, 0x70, 0x1C, 0x0F, 0x02, 0xC3, 0xF1, 0x2E, 0xE7, 0xE1, 0xF4, 0x78, 0x00, 0x00,
    0x80, 0x00, 0x0B, 0x00, 0x00, 0x74, 0x00, 0x02, 0x40, 0x00, 0x00, 0x00, 0x1F, 0x41, 0xD0, 0x6E,
    0x03, 0x80, 0x2C, 0x0D, 0x00, 0x70, 0x30, 0x00, 0xD2, 0x80, 0x03, 0x4D, 0x00, 0x0E, 0xA0, 0x00,
    0x3B, 0x00, 0x00, 0xF4, 0x00, 0x03, 0x80, 0x00, 0x38, 0x00, 0x6B, 0x80, 0x01, 0xF4, 0x00, 0x00,
    0x01, 0xF8, 0x00, 0x00, 0xE0, 0x00, 0x03, 0x40, 0x00, 0x1C, 0x00, 0x00, 0xB2, 0xF0, 0x02, 0xAE,
    0xE0, 0x0F, 0x83, 0x80, 0x3C, 0x0E, 0x01, 0xD0, 0x34, 0x0B, 0x01, 0xC0, 0x38, 0x0E, 0x00, 0xF5,
    0xF0, 0x07, 0xBE, 0x00, 0x2C, 0x00, 0x00, 0xE0, 0x00, 0x03, 0x80, 0x00, 0x3F, 0xD0, 0x00, 0x00,
    0x00, 0x00, 0x01, 0xE3, 0xC0, 0x07, 0x0E, 0x00, 0x00, 0x00, 0x00, 0x00, 0x00, 0x1F, 0x41, 0xD0,
    0x6E, 0x03, 0x80, 0x2C, 0x0D, 0x00, 0x70, 0x30, 0x00, 0xD2, 0x80, 0x03, 0x4D, 0x00, 0x0E, 0xA0,
    0x00, 0x3B, 0x00, 0x00, 0xF4, 0x00, 0x03, 0x80, 0x00, 0x38, 0x00, 0x6B, 0x80, 0x01, 0xF4, 0x00,
    0x00, 0x00, 0x05, 0x54, 0x00, 0x03, 0xFF, 0x00, 0x00, 0x00, 0x00, 0x00, 0x07, 0x00, 0x00, 0x03,
    0xD0, 0x00, 0x02, 0xB8, 0x00, 0x00, 0xCF, 0x00, 0x00, 0xD2, 0xC0, 0x00, 0x70, 0x70, 0x00, 0x39,
    0x6D, 0x00, 0x2F, 0xFF, 0x80, 0x0D, 0x00, 0xF0, 0x0E, 0x00, 0x3C, 0x0B, 0x40, 0x0F, 0x4F, 0xF4,
    0x0F, 0xF4, 0x00, 0x55, 0x00, 0x0F, 0xFC, 0x00, 0x00, 0x00, 0x00, 0x00, 0x01, 0xF9, 0xC0, 0x78,
    0xF8, 0x0D, 0x03, 0x42, 0xC0, 0x70, 0x34, 0x0F, 0x03, 0x41, 0xE0, 0x74, 0x7D, 0x53, 0xEC, 0xFC,
    0x2F, 0x0B, 0x00, 0x00, 0x09, 0x04, 0x00, 0x03, 0xDB, 0x00, 0x00, 0x3E, 0x00, 0x00, 0x00, 0x00,
    0x00, 0x01, 0xC0, 0x00, 0x00, 0xF4, 0x00, 0x00, 0xAE, 0x00, 0x00, 0x33, 0xC0, 0x00, 0x34, 0xB0,
    0x00, 0x1C, 0x1C, 0x00, 0x0E, 0x5B, 0x40, 0x0B, 0xFF, 0xE0, 0x03, 0x40, 0x3C, 0x03, 0x80, 0x0F,
    0x02, 0xD0, 0x03, 0xD3, 0xFD, 0x03, 0xFD, 0x00, 0xC0, 0x40, 0x0E, 0x68, 0x00, 0x7E, 0x00, 0x00,
    0x00, 0x01, 0xF9, 0xC0, 0x78, 0xF8, 0x0D, 0x03, 0x42, 0xC0, 0x70, 0x34, 0x0F, 0x03, 0x41, 0xE0,
    0x74, 0x7D, 0x53, 0xEC, 0xFC, 0x2F, 0x0B, 0x00, 0x00, 0x01, 0xC0, 0x00, 0x00, 0xF4, 0x00, 0x00,
    0xAE, 0x00, 0x00, 0x33, 0xC0, 0x00, 0x34, 0xB0, 0x00, 0x1C, 0x1C, 0x00, 0x0E, 0x5B, 0x40, 0x0B,
    0xFF, 0xE0, 0x03, 0x40, 0x3C, 0x03, 0x80, 0x0F, 0x02, 0xD0, 0x03, 0xD3, 0xFD, 0x03, 0xFD, 0x00,
    0x00, 0x1C, 0x00, 0x00, 0x0C, 0x00, 0x00, 0x07, 0x40, 0x00, 0x00, 0xF8, 0x01, 0xF9, 0xC0, 0x78,
    0xF8, 0x0D, 0x03, 0x42, 0xC0, 0x70, 0x34, 0x0F, 0x03, 0x41, 0xE0, 0x74, 0x7D, 0x53, 0xEC, 0xFC,
    0x2F, 0x0B, 0x40, 0x00, 0x90, 0x00, 0x0C, 0x00, 0x01, 0xD4, 0x00, 0x0F, 0x40, 0x00, 0x00, 0x20,
    0x00, 0x0B, 0xC0, 0x00, 0xA4, 0x00, 0x00, 0x00, 0x00, 0x6F, 0xE0, 0x0B, 0xEA, 0xE0, 0xB4, 0x03,
    0x47, 0x40, 0x0C, 0x3C, 0x00, 0x00, 0xE0, 0x00, 0x03, 0x40, 0x00, 0x0E, 0x00, 0x00, 0x3C, 0x00,
    0x00, 0xF4, 0x01, 0x81, 0xFE, 0xBC, 0x01, 0xBF, 0x80, 0x00, 0x06, 0x00, 0x0E, 0x00, 0x38, 0x00,
    0x20, 0x00, 0x00, 0x01, 0xF8, 0x0B, 0xAC, 0x1D, 0x00, 0x38, 0x00, 0x34, 0x00, 0x74, 0x00, 0x38,
    0x04, 0x3E, 0xB4, 0x1F, 0x80, 0x00, 0x02, 0xC0, 0x00, 0x3F, 0xC0, 0x03, 0x82, 0x40, 0x00, 0x00,
    0x00, 0x6F, 0xE0, 0x0B, 0xEA, 0xE0, 0xB4, 0x03, 0x47, 0x40, 0x0C, 0x3C, 0x00, 0x00, 0xE0, 0x00,
    0x03, 0x40, 0x00, 0x0E, 0x00, 0x00, 0x3C, 0x00, 0x00, 0xF4, 0x01, 0x81, 0xFE, 0xBC, 0x01, 0xBF,
    0x80, 0x00, 0x14, 0x00, 0x7C, 0x01, 0xDE, 0x03, 0x42, 0x00, 0x00, 0x01, 0xF8, 0x0B, 0xAC, 0x1D,
    0x00, 0x38, 0x00, 0x34, 0x00, 0x74, 0x00, 0x38, 0x04, 0x3E, 0xB4, 0x1F, 0x80, 0x00, 0x00, 0x00,
    0x00, 0x0F, 0x00, 0x00, 0x74, 0x00, 0x00, 0x00, 0x00, 0x6F, 0xE0, 0x0B, 0xEA, 0xE0, 0xB4, 0x03,
    0x47, 0x40, 0x0C, 0x3C, 0x00, 0x00, 0xE0, 0x00, 0x03, 0x40, 0x00, 0x0E, 0x00, 0x00, 0x3C, 0x00,
    0x00, 0xF4, 0x01, 0x81, 0xFE, 0xBC, 0x01, 0xBF, 0x80, 0x00, 0x00, 0x00, 0x78, 0x00, 0x74, 0x00,
    0x00, 0x00, 0x00, 0x01, 0xF8, 0x0B, 0xAC, 0x1D, 0x00, 0x38, 0x00, 0x34, 0x00, 0x74, 0x00, 0x38,
    0x04, 0x3E, 0xB4, 0x1F, 0x80, 0x00, 0x34, 0x28, 0x00, 0x2E, 0xE0, 0x00, 0x0B, 0x40, 0x00, 0x00,
    0x00, 0x00, 0x6F, 0xE0, 0x02, 0xFA, 0xB8, 0x0B, 0x40, 0x34, 0x1D, 0x00, 0x30, 0x3C, 0x00, 0x00,
    0x38, 0x00, 0x00, 0x34, 0x00, 0x00, 0x38, 0x00, 0x00, 0x3C, 0x00, 0x00, 0x3D, 0x00, 0x60, 0x1F,
    0xEB, 0xC0, 0x06, 0xFE, 0x00, 0x00, 0x01, 0x00, 0xA2, 0xC0, 0x1E, 0xC0, 0x02, 0xC0, 0x00, 0x00,
    0x00, 0x7E, 0x00, 0xBA, 0xC0, 0x74, 0x00, 0x38, 0x00, 0x0D, 0x00, 0x07, 0x40, 0x00, 0xE0, 0x10,
    0x3E, 0xB4, 0x07, 0xE0, 0x00, 0x00, 0x0C, 0x1D, 0x00, 0x03, 0xED, 0x00, 0x00, 0x3C, 0x00, 0x00,
    0x00, 0x00, 0x01, 0xFF, 0xE0, 0x00, 0xBD, 0xAF, 0x40, 0x0F, 0x00, 0xF0, 0x03, 0x80, 0x1E, 0x01,
    0xD0, 0x03, 0x80, 0xB0, 0x00, 0xE0, 0x2C, 0x00, 0x74, 0x0E, 0x00, 0x2C, 0x03, 0x40, 0x0E, 0x01,
    0xD0, 0x0F, 0x00, 0xB5, 0x6F, 0x00, 0xFF, 0xF9, 0x00, 0x00, 0x00, 0x00, 0x00, 0x00, 0x00, 0x03,
    0x40, 0x01, 0xF8, 0xD0, 0x00, 0x0D, 0x30, 0x00, 0x07, 0x58, 0x00, 0x01, 0xC0, 0x00, 0x3E, 0xF0,
    0x00, 0x78, 0xF8, 0x00, 0x34, 0x0D, 0x00, 0x2C, 0x07, 0x00, 0x0D, 0x03, 0xC0, 0x03, 0x41, 0xE0,
    0x01, 0xD1, 0xF5, 0x40, 0x3E, 0xCF, 0xC0, 0x0B, 0xC2, 0xD0, 0x00, 0x01, 0xFF, 0xE0, 0x00, 0xBD,
    0xAF, 0x40, 0x0E, 0x00, 0xF0, 0x03, 0x40, 0x1E, 0x01, 0xC0, 0x03, 0x87, 0xFF, 0xC0, 0xE0, 0x3C,
    0x00, 0x74, 0x0E, 0x00, 0x2C, 0x03, 0x40, 0x0E, 0x01, 0xC0, 0x0F, 0x00, 0xB9, 0xBF, 0x00, 0xFF,
    0xF9, 0x00, 0x00, 0x07, 0xE0, 0x00, 0x07, 0x40, 0x02, 0xFF, 0x40, 0x00, 0xB0, 0x01, 0xFB, 0x80,
    0x1D, 0x7D, 0x00, 0xD0, 0x30, 0x0B, 0x01, 0xC0, 0x34, 0x0F, 0x00, 0xD0, 0x78, 0x07, 0x47, 0xD5,
    0x0F, 0xB3, 0xF0, 0x2F, 0x0B, 0x40, 0x00, 0x05, 0x50, 0x00, 0x1F, 0xF8, 0x00, 0x00, 0x00, 0x03,
    0xFF, 0xFC, 0x00, 0xF5, 0x6C, 0x00, 0xE0, 0x18, 0x00, 0xD0, 0x00, 0x01, 0xD5, 0x40, 0x02, 0xFF,
    0xC0, 0x03, 0xC0, 0x00, 0x03, 0x80, 0x00, 0x03, 0x40, 0x10, 0x07, 0x00, 0x60, 0x0B, 0x55, 0xE0,
    0x3F, 0xFF, 0xC0, 0x00, 0x55, 0x00, 0xFF, 0xC0, 0x00, 0x00, 0x00, 0x00, 0x01, 0xFC, 0x02, 0xEB,
    0x41, 0xD0, 0xD0, 0xF0, 0xF0, 0x3A, 0xE0, 0x1F, 0x80, 0x03, 0x40, 0x80, 0xFA, 0xD0, 0x1F, 0x90,
    0x00, 0x00, 0x0C, 0x04, 0x00, 0x0E, 0x74, 0x00, 0x0B, 0xD0, 0x00, 0x00, 0x00, 0x03, 0xFF, 0xFC,
    0x00, 0xF5, 0x6C, 0x00, 0xE0, 0x18, 0x00, 0xD0, 0x00, 0x01, 0xD5, 0x40, 0x02, 0xFF, 0xC0, 0x03,
    0xC0, 0x00, 0x03, 0x80, 0x00, 0x03, 0x40, 0x10, 0x07, 0x00, 0x60, 0x0B, 0x55, 0xE0, 0x3F, 0xFF,
    0xC0, 0x02, 0x40, 0x40, 0xB6, 0xC0, 0x0F, 0x80, 0x00, 0x00, 0x01, 0xFC, 0x02, 0xEB, 0x41, 0xD0,
    0xD0, 0xF0, 0xF0, 0x3A, 0xE0, 0x1F, 0x80, 0x03, 0x40, 0x80, 0xFA, 0xD0, 0x1F, 0x90, 0x00, 0x00,
    0x00, 0x00, 0x00, 0x03, 0xC0, 0x00, 0x03, 0xC0, 0x00, 0x00, 0x00, 0x03, 0xFF, 0xFC, 0x00, 0xF5,
    0x6C, 0x00, 0xE0, 0x18, 0x00, 0xD0, 0x00, 0x01, 0xD5, 0x40, 0x02, 0xFF, 0xC0, 0x03, 0xC0, 0x00,
    0x03, 0x80, 0x00, 0x03, 0x40, 0x10, 0x07, 0x00, 0x60, 0x0B, 0x55, 0xE0, 0x3F, 0xFF, 0xC0, 0x00,
    0x00, 0x00, 0x78, 0x00, 0x74, 0x00, 0x00, 0x00, 0x00, 0x01, 0xFC, 0x0B, 0xAD, 0x1D, 0x0D, 0x3C,
    0x3C, 0x3A, 0xE0, 0x7E, 0x00, 0x34, 0x08, 0x3E, 0xB4, 0x1F, 0x90, 0x03, 0xFF, 0xFC, 0x00, 0xF5,
    0x6C, 0x00, 0xE0, 0x18, 0x00, 0xD0, 0x00, 0x01, 0xD5, 0x40, 0x02, 0xFF, 0xC0, 0x03, 0xC0, 0x00,
    0x03, 0x80, 0x00, 0x03, 0x40, 0x10, 0x07, 0x00, 0x60, 0x0B, 0x55, 0xE0, 0x3F, 0xFF, 0xC0, 0x00,
    0x03, 0x40, 0x00, 0x0E, 0x00, 0x00, 0x0E, 0x00, 0x00, 0x07, 0xC0, 0x01, 0xFC, 0x0B, 0xAD, 0x1C,
    0x0D, 0x38, 0x3C, 0x3B, 0xE0, 0x7E, 0x00, 0x34, 0x08, 0x3E, 0xB8, 0x1F, 0xD0, 0x02, 0x80, 0x03,
    0x00, 0x03, 0x90, 0x03, 0xD0, 0x00, 0x18, 0x1C, 0x00, 0x0F, 0xF0, 0x00, 0x07, 0x80, 0x00, 0x00,
    0x00, 0x03, 0xFF, 0xFC, 0x00, 0xF5, 0x6C, 0x00, 0xE0, 0x18, 0x00, 0xD0, 0x00, 0x01, 0xD5, 0x40,
    0x02, 0xFF, 0xC0, 0x03, 0xC0, 0x00, 0x03, 0x80, 0x00, 0x03, 0x40, 0x10, 0x07, 0x00, 0x60, 0x0B,
    0x55, 0xE0, 0x3F, 0xFF, 0xC0, 0x00, 0x01, 0x00, 0xA2, 0xC0, 0x1E, 0xC0, 0x02, 0xC0, 0x00, 0x00,
    0x00, 0x7F, 0x00, 0xBA, 0xD0, 0x74, 0x34, 0x3C, 0x3C, 0x0E, 0xB8, 0x07, 0xE0, 0x00, 0xD0, 0x20,
    0x3E, 0xB4, 0x07, 0xE4, 0x00, 0x00, 0x0B, 0x40, 0x00, 0xBB, 0x00, 0x0A, 0x09, 0x00, 0x00, 0x00,
    0x00, 0xBF, 0xE0, 0x1F, 0x9B, 0xD1, 0xE0, 0x03, 0x0F, 0x00, 0x08, 0x74, 0x00, 0x02, 0xC0, 0x00,
    0x0F, 0x00, 0xBF, 0x7C, 0x00, 0x7C, 0xB0, 0x00, 0xE1, 0xE0, 0x03, 0x43, 0xF9, 0xBC, 0x02, 0xFF,
    0x90, 0x00, 0x00, 0x40, 0x00, 0x03, 0xF0, 0x00, 0x0B, 0x74, 0x00, 0x1C, 0x24, 0x00, 0x00, 0x00,
    0x00, 0x2F, 0xFC, 0x00, 0xF6, 0xE4, 0x01, 0xC0, 0xD0, 0x02, 0x81, 0xC0, 0x02, 0xDB, 0x80, 0x00,
    0xFD, 0x00, 0x00, 0xE0, 0x00, 0x01, 0xD0, 0x00, 0x02, 0xFD, 0x00, 0x2D, 0x1B, 0x80, 0x74, 0x02,
    0xC0, 0x3D, 0x1B, 0x80, 0x1B, 0xF9, 0x00, 0x00, 0x60, 0x10, 0x01, 0xE7, 0x40, 0x02, 0xF4, 0x00,
    0x00, 0x00, 0x00, 0xBF, 0xE0, 0x1F, 0x9B, 0xD1, 0xE0, 0x03, 0x0F, 0x00, 0x08, 0x74, 0x00, 0x02,
    0xC0, 0x00, 0x0F, 0x00, 0xBF, 0x7C, 0x00, 0x7C, 0xB0, 0x00, 0xE1, 0xE0, 0x03, 0x43, 0xF9, 0xBC,
    0x02, 0xFF, 0x90, 0x00, 0x0C, 0x04, 0x00, 0x0E, 0x68, 0x00, 0x07, 0xE0, 0x00, 0x00, 0x00, 0x00,
    0x2F, 0xFC, 0x00, 0xF6, 0xE4, 0x01, 0xC0, 0xD0, 0x02, 0x81, 0xC0, 0x02, 0xDB, 0x80, 0x00, 0xFD,
    0x00, 0x00, 0xE0, 0x00, 0x01, 0xD0, 0x00, 0x02, 0xFD, 0x00, 0x2D, 0x1B, 0x80, 0x74, 0x02, 0xC0,
    0x3D, 0x1B, 0x80, 0x1B, 0xF9, 0x00, 0x00, 0x00, 0x00, 0x00, 0x3C, 0x00, 0x00, 0xE0, 0x00, 0x00,
    0x00, 0x00, 0xBF, 0xE0, 0x1F, 0x9B, 0xD1, 0xE0, 0x03, 0x0F, 0x00, 0x08, 0x74, 0x00, 0x02, 0xC0,
    0x00, 0x0F, 0x00, 0xBF, 0x7C, 0x00, 0x7C, 0xB0, 0x00, 0xE1, 0xE0, 0x03, 0x43, 0xF9, 0xBC, 0x02,
    0xFF, 0x90, 0x00, 0x00, 0x00, 0x00, 0x02, 0xC0, 0x00, 0x03, 0xC0, 0x00, 0x00, 0x00, 0x00, 0x00,
    0x00, 0x00, 0x2F, 0xFC, 0x00, 0xF6, 0xE4, 0x01, 0xC0, 0xD0, 0x02, 0x81, 0xC0, 0x02, 0xDB, 0x80,
    0x00, 0xFD, 0x00, 0x00, 0xE0, 0x00, 0x01, 0xD0, 0x00, 0x02, 0xFD, 0x00, 0x2D, 0x1B, 0x80, 0x74,
    0x02, 0xC0, 0x3D, 0x1B, 0x80, 0x1B, 0xF9, 0x00, 0x00, 0xBF, 0xE0, 0x1F, 0x9B, 0xD1, 0xE0, 0x03,
    0x0F, 0x00, 0x08, 0x74, 0x00, 0x02, 0xC0, 0x00, 0x0F, 0x00, 0xBF, 0x7C, 0x00, 0x7C, 0xB0, 0x00,
    0xE1, 0xE0, 0x03, 0x43, 0xF9, 0xBC, 0x02, 0xFF, 0x90, 0x00, 0x00, 0x00, 0x03, 0x40, 0x00, 0x0D,
    0x00, 0x00, 0x70, 0x00, 0x03, 0x40, 0x00, 0x00, 0x00, 0x90, 0x00, 0x01, 0xC0, 0x00, 0x03, 0x40,
    0x00, 0x03, 0x40, 0x00, 0x03, 0x80, 0x00, 0x00, 0x00, 0x00, 0x2F, 0xFC, 0x00, 0xF6, 0xE4, 0x01,
    0xC0, 0xD0, 0x02, 0x81, 0xC0, 0x02, 0xDB, 0x80, 0x00, 0xFD, 0x00, 0x00, 0xE0, 0x00, 0x01, 0xD0,
    0x00, 0x02, 0xFD, 0x00, 0x2D, 0x1B, 0x80, 0x74, 0x02, 0xC0, 0x3D, 0x1B, 0x80, 0x1B, 0xF9, 0x00,
    0x00, 0x00, 0x3C, 0x00, 0x00, 0x00, 0xEF, 0x00, 0x00, 0x03, 0x43, 0x00, 0x00, 0x00, 0x00, 0x00,
    0x03, 0xFE, 0x0B, 0xFC, 0x00, 0xF0, 0x02, 0xD0, 0x00, 0xE0, 0x02, 0xC0, 0x00, 0xE0, 0x03, 0xC0,
    0x01, 0xD0, 0x03, 0x80, 0x02, 0xFF, 0xFF, 0x40, 0x03, 0xD5, 0x5B, 0x00, 0x03, 0x80, 0x0B, 0x00,
    0x03, 0x40, 0x0E, 0x00, 0x07, 0x00, 0x0E, 0x00, 0x0B, 0x40, 0x2E, 0x00, 0x3F, 0xD0, 0xFF, 0x80,
    0x00, 0xF0, 0x00, 0x3B, 0xC0, 0x0D, 0x0C, 0x00, 0x00, 0x00, 0x1F, 0x80, 0x00, 0x38, 0x00, 0x03,
    0x40, 0x00, 0x70, 0x00, 0x0B, 0x1F, 0x40, 0xE7, 0xB8, 0x0E, 0xC3, 0x80, 0xF0, 0x34, 0x1E, 0x07,
    0x02, 0xC0, 0xB0, 0x38, 0x0E, 0x13, 0x40, 0xFC, 0x70, 0x0F, 0x40, 0x03, 0xFE, 0x0B, 0xFC, 0x00,
    0xF4, 0x02, 0xD0, 0x00, 0xF0, 0x02, 0xC0, 0x0F, 0xFF, 0xFF, 0xF8, 0x01, 0xD0, 0x03, 0x80, 0x01,
    0xFF, 0xFF, 0x40, 0x02, 0xD5, 0x5B, 0x00, 0x03, 0x80, 0x0B, 0x00, 0x03, 0x40, 0x0E, 0x00, 0x07,
    0x00, 0x0E, 0x00, 0x0B, 0x40, 0x2E, 0x00, 0x3F, 0xD0, 0xFF, 0x80, 0x1F, 0x80, 0x00, 0x38, 0x00,
    0x3F, 0xF4, 0x00, 0x70, 0x00, 0x0B, 0x1F, 0x40, 0xEB, 0xB8, 0x0E, 0xC3, 0x81, 0xF0, 0x34, 0x1E,
    0x07, 0x02, 0xC0, 0xB0, 0x38, 0x0E, 0x13, 0x40, 0xFC, 0x70, 0x0F, 0x40, 0x00, 0x10, 0x00, 0x7E,
    0xE0, 0x25, 0xF0, 0x00, 0x00, 0x03, 0xFE, 0x00, 0x3D, 0x00, 0x0F, 0x00, 0x03, 0x80, 0x01, 0xD0,
    0x00, 0xB0, 0x00, 0x3C, 0x00, 0x0E, 0x00, 0x03, 0x40, 0x01, 0xC0, 0x00, 0xB4, 0x00, 0xFF, 0x40,
    0x01, 0x00, 0x3F, 0xB1, 0x8F, 0x40, 0x00, 0x00, 0x00, 0xBC, 0x00, 0x70, 0x02, 0xC0, 0x0E, 0x00,
    0x34, 0x01, 0xC0, 0x0B, 0x10, 0x3F, 0x40, 0xF4, 0x00, 0x00, 0x55, 0x00, 0xBF, 0xD0, 0x00, 0x00,
    0x0F, 0xF8, 0x00, 0xF4, 0x00, 0x3C, 0x00, 0x0E, 0x00, 0x07, 0x40, 0x02, 0xC0, 0x00, 0xF0, 0x00,
    0x38, 0x00, 0x0D, 0x00, 0x07, 0x00, 0x02, 0xD0, 0x03, 0xFD, 0x00, 0x05, 0x50, 0x3F, 0xE0, 0x00,
    0x00, 0x00, 0x2F, 0x00, 0x1C, 0x00, 0xB0, 0x03, 0x80, 0x0D, 0x00, 0x70, 0x02, 0xC4, 0x0F, 0xD0,
    0x3D, 0x00, 0x01, 0x80, 0x40, 0x79, 0xD0, 0x0B, 0xD0, 0x00, 0x00, 0x03, 0xFE, 0x00, 0x3D, 0x00,
    0x0F, 0x00, 0x03, 0x80, 0x01, 0xD0, 0x00, 0xB0, 0x00, 0x3C, 0x00, 0x0E, 0x00, 0x03, 0x40, 0x01,
    0xC0, 0x00, 0xB4, 0x00, 0xFF, 0x40, 0x0C, 0x04, 0x39, 0xA0, 0x7E, 0x00, 0x00, 0x2F, 0x00, 0x1C,
    0x00, 0xB0, 0x03, 0x80, 0x0D, 0x00, 0x70, 0x02, 0xC4, 0x0F, 0xD0, 0x3D, 0x00, 0x03, 0xFE, 0x00,
    0xF4, 0x00, 0xF0, 0x00, 0xE0, 0x01, 0xD0, 0x02, 0xC0, 0x03, 0xC0, 0x03, 0x80, 0x03, 0x40, 0x07,
    0x00, 0x0B, 0x40, 0x3F, 0xD0, 0x02, 0x40, 0x0A, 0x00, 0x0F, 0x00, 0x07, 0xD0, 0x00, 0x00, 0x2D,
    0x02, 0xC0, 0x00, 0x00, 0x02, 0xF0, 0x07, 0x00, 0xB0, 0x0E, 0x00, 0xD0, 0x1C, 0x02, 0xC4, 0x3F,
    0x43, 0xD0, 0x18, 0x03, 0x00, 0x39, 0x03, 0xE0, 0x00, 0x00, 0x00, 0x3C, 0x00, 0x38, 0x00, 0x00,
    0x03, 0xFE, 0x00, 0xF4, 0x00, 0xF0, 0x00, 0xE0, 0x01, 0xD0, 0x02, 0xC0, 0x03, 0xC0, 0x03, 0x80,
    0x03, 0x40, 0x07, 0x00, 0x0B, 0x40, 0x3F, 0xD0, 0x2F, 0x01, 0xC0, 0xB0, 0x38, 0x0D, 0x07, 0x02,
    0xC4, 0xFD, 0x3D, 0x00, 0x03, 0xFE, 0x2F, 0xF0, 0x03, 0xD0, 0x1E, 0x00, 0x0F, 0x00, 0x70, 0x00,
    0x38, 0x02, 0xC0, 0x01, 0xD0, 0x0F, 0x00, 0x0B, 0x00, 0x38, 0x00, 0x3C, 0x01, 0xD0, 0x00, 0xE0,
    0x07, 0x00, 0x03, 0x40, 0x2C, 0x00, 0x1C, 0x00, 0xF0, 0x00, 0xB4, 0x03, 0x80, 0x0F, 0xF4, 0x1C,
    0x00, 0x00, 0x00, 0xF0, 0x00, 0x01, 0xEF, 0x40, 0x00, 0x03, 0xF4, 0x00, 0x00, 0x00, 0x00, 0x00,
    0x0B, 0x40, 0xE0, 0x2C, 0x07, 0x40, 0x00, 0x00, 0x00, 0x00, 0x00, 0xBC, 0x1F, 0x80, 0x70, 0x0E,
    0x02, 0xC0, 0x34, 0x0E, 0x01, 0xC0, 0x34, 0x07, 0x01, 0xC0, 0x2C, 0x0B, 0x10, 0xE0, 0x3F, 0x43,
    0x40, 0xF4, 0x2C, 0x00, 0x00, 0xE0, 0x00, 0x07, 0x00, 0x07, 0xB8, 0x00, 0x0F, 0x80, 0x00, 0x00,
    0x02, 0xD0, 0x00, 0x2E, 0xD0, 0x02, 0xC1, 0x80, 0x00, 0x00, 0x00, 0x3F, 0xE0, 0x00, 0x2D, 0x00,
    0x00, 0xF0, 0x00, 0x03, 0x80, 0x00, 0x0D, 0x00, 0x00, 0x74, 0x00, 0x02, 0xC0, 0x00, 0x0F, 0x00,
    0x00, 0x38, 0x00, 0x01, 0xD0, 0x00, 0x07, 0x00, 0x00, 0x3C, 0x00, 0x00, 0xD0, 0x02, 0xEF, 0x00,
    0x07, 0xE0, 0x00, 0x00, 0x00, 0x00, 0x40, 0x00, 0x0F, 0x80, 0x00, 0xA7, 0x00, 0x0A, 0x09, 0x00,
    0x00, 0x00, 0x00, 0xBC, 0x00, 0x00, 0xB0, 0x00, 0x02, 0xC0, 0x00, 0x0E, 0x00, 0x00, 0x34, 0x00,
    0x01, 0xC0, 0x00, 0x0B, 0x00, 0x00, 0x3C, 0x00, 0x00, 0xE0, 0x00, 0x07, 0x00, 0x00, 0x38, 0x00,
    0x3B, 0xC0, 0x00, 0xBC, 0x00, 0x00, 0x03, 0xFD, 0x3F, 0xD0, 0x0F, 0x41, 0xF4, 0x00, 0xF0, 0x78,
    0x00, 0x0E, 0x1D, 0x00, 0x01, 0xDB, 0x00, 0x00, 0x2F, 0xC0, 0x00, 0x03, 0xEC, 0x00, 0x00, 0x38,
    0xF0, 0x00, 0x03, 0x47, 0x80, 0x00, 0x70, 0x2E, 0x00, 0x0B, 0x40, 0xF8, 0x03, 0xFE, 0x03, 0xF0,
    0x00, 0x00, 0x00, 0x00, 0x01, 0xC0, 0x00, 0x00, 0x1D, 0x00, 0x00, 0x02, 0xC0, 0x00, 0x00, 0x30,
    0x00, 0x00, 0x0B, 0xC0, 0x00, 0xB0, 0x00, 0x38, 0x00, 0x0D, 0x00, 0x07, 0x2F, 0x02, 0xF9, 0xD0,
    0xB4, 0x30, 0x34, 0xB4, 0x0F, 0xE0, 0x07, 0x34, 0x02, 0xCB, 0x00, 0xE0, 0xF4, 0x34, 0x0F, 0x40,
    0x00, 0x00, 0x2C, 0x00, 0x0B, 0x00, 0x03, 0x80, 0x01, 0x80, 0x00, 0x2F, 0x0B, 0x82, 0xCB, 0xA0,
    0xAA, 0x00, 0x3A, 0x00, 0x0F, 0xC0, 0x07, 0x34, 0x02, 0xCB, 0x04, 0xE0, 0xFD, 0x34, 0x2E, 0x00,
    0x00, 0x02, 0x40, 0x00, 0x7C, 0x00, 0x0B, 0x40, 0x00, 0x00, 0x00, 0x03, 0xFE, 0x00, 0x03, 0xD0,
    0x00, 0x0F, 0x00, 0x00, 0x38, 0x00, 0x01, 0xD0, 0x00, 0x0B, 0x00, 0x00, 0x2C, 0x00, 0x00, 0xE0,
    0x00, 0x03, 0x40, 0x20, 0x1D, 0x01, 0xC0, 0xB5, 0x5E, 0x0F, 0xFF, 0xF0, 0x00, 0x24, 0x0B, 0xD0,
    0xE4, 0x00, 0x00, 0x0F, 0xC0, 0x0F, 0x00, 0x38, 0x00, 0xD0, 0x07, 0x00, 0x2C, 0x00, 0xE0, 0x03,
    0x40, 0x1C, 0x00, 0xB0, 0x03, 0x84, 0x0F, 0xC0, 0x3D, 0x00, 0x03, 0xFE, 0x00, 0x03, 0xD0, 0x00,
    0x0F, 0x00, 0x00, 0x38, 0x00, 0x01, 0xD0, 0x00, 0x0B, 0x00, 0x00, 0x2C, 0x00, 0x00, 0xE0, 0x00,
    0x03, 0x40, 0x20, 0x1D, 0x01, 0xC0, 0xB5, 0x5E, 0x0F, 0xFF, 0xF0, 0x00, 0x00, 0x00, 0x02, 0xC0,
    0x00, 0x0B, 0x00, 0x00, 0x28, 0x00, 0x01, 0x80, 0x00, 0x03, 0xF0, 0x0F, 0x00, 0xE0, 0x0D, 0x01,
    0xC0, 0x2C, 0x03, 0x80, 0x34, 0x07, 0x00, 0xB0, 0x0E, 0x10, 0xFC, 0x0F, 0x40, 0x00, 0x1C, 0x00,
    0xD0, 0x1C, 0x03, 0x00, 0x00, 0x00, 0x34, 0x0F, 0xF8, 0xD0, 0x0F, 0x47, 0x00, 0x3C, 0x14, 0x00,
    0xE0, 0x00, 0x07, 0x40, 0x00, 0x2C, 0x00, 0x00, 0xB0, 0x00, 0x03, 0x80, 0x00, 0x0D, 0x00, 0x80,
    0x74, 0x07, 0x02, 0xD5, 0x78, 0x3F, 0xFF, 0xC0, 0x00, 0x06, 0x0F, 0xCA, 0x03, 0xCD, 0x03, 0x8C,
    0x03, 0x40, 0x07, 0x00, 0x0B, 0x00, 0x0E, 0x00, 0x0D, 0x00, 0x1C, 0x00, 0x2C, 0x00, 0x38, 0x40,
    0x3F, 0x00, 0x3D, 0x00, 0x03, 0xFE, 0x00, 0x03, 0xD0, 0x00, 0x0F, 0x00, 0x00, 0x38, 0x00, 0x01,
    0xD0, 0x00, 0x0B, 0x02, 0xD0, 0x2C, 0x0B, 0x00, 0xE0, 0x00, 0x03, 0x40, 0x20, 0x1D, 0x01, 0xC0,
    0xB5, 0x5E, 0x0F, 0xFF, 0xF0, 0x0F, 0xC0, 0x03, 0xC0, 0x03, 0x80, 0x03, 0x40, 0x07, 0x00, 0x0B,
    0x2D, 0x0E, 0x2C, 0x0D, 0x00, 0x1C, 0x00, 0x2C, 0x00, 0x38, 0x40, 0x3F, 0x00, 0x3D, 0x00, 0x03,
    0xFE, 0x00, 0x03, 0xD0, 0x00, 0x0F, 0x00, 0x00, 0x38, 0x00, 0x01, 0xDA, 0x00, 0x0B, 0xD0, 0x01,
    0xBC, 0x00, 0x09, 0xE0, 0x00, 0x03, 0x40, 0x20, 0x1D, 0x01, 0xC0, 0xB5, 0x5E, 0x0F, 0xFF, 0xF0,
    0x03, 0xF0, 0x03, 0x80, 0x0E, 0x00, 0x34, 0x01, 0xC0, 0x0B, 0xD0, 0x3C, 0x0B, 0xD0, 0x17, 0x00,
    0x2C, 0x00, 0xE1, 0x03, 0xF0, 0x0F, 0x40, 0x00, 0x00, 0x09, 0x00, 0x00, 0x02, 0xF0, 0x00, 0x00,
    0x29, 0x00, 0x00, 0x00, 0x00, 0x00, 0x03, 0xF0, 0x0B, 0xF4, 0x03, 0xD0, 0x0B, 0x00, 0x0F, 0xC0,
    0x28, 0x00, 0x3F, 0x40, 0xD0, 0x01, 0xDE, 0x03, 0x40, 0x0B, 0x3C, 0x1C, 0x00, 0x38, 0x78, 0xB0,
    0x00, 0xD0, 0xF3, 0x80, 0x03, 0x01, 0xED, 0x00, 0x1C, 0x03, 0xF0, 0x00, 0xF0, 0x07, 0xC0, 0x0F,
    0xF0, 0x0E, 0x00, 0x00, 0x02, 0x40, 0x00, 0xB0, 0x00, 0x0D, 0x00, 0x02, 0x40, 0x00, 0x00, 0x02,
    0xF0, 0xB8, 0x0B, 0x3B, 0xC0, 0xAD, 0x2C, 0x0F, 0x83, 0x80, 0xF0, 0x34, 0x1D, 0x07, 0x02, 0xC0,
    0xB1, 0x38, 0x0F, 0xE3, 0x40, 0xB4, 0x03, 0xF0, 0x0B, 0xF4, 0x03, 0xD0, 0x0B, 0x00, 0x0F, 0xC0,
    0x28, 0x00, 0x3F, 0x40, 0xD0, 0x01, 0xDE, 0x03, 0x40, 0x0B, 0x3C, 0x1C, 0x00, 0x38, 0x78, 0xB0,
    0x00, 0xD0, 0xF3, 0x80, 0x03, 0x01, 0xED, 0x00, 0x1C, 0x03, 0xF0, 0x00, 0xF0, 0x07, 0xC0, 0x0F,
    0xF0, 0x0E, 0x00, 0x00, 0x00, 0x00, 0x00, 0x00, 0x74, 0x00, 0x00, 0x01, 0xD0, 0x00, 0x00, 0x07,
    0x00, 0x00, 0x00, 0x30, 0x00, 0x00, 0x2F, 0x0B, 0x80, 0xB3, 0xBC, 0x0A, 0xD2, 0xC0, 0xF8, 0x38,
    0x0F, 0x03, 0x41, 0xD0, 0x70, 0x2C, 0x0B, 0x13, 0x80, 0xFE, 0x34, 0x0B, 0x40, 0x00, 0x00, 0x01,
    0xC0, 0x00, 0x1D, 0x00, 0x01, 0xC0, 0x00, 0x30, 0x00, 0x00, 0x0A, 0x0B, 0x00, 0x00, 0x1E, 0xE0,
    0x00, 0x00, 0x1E, 0x00, 0x00, 0x00, 0x00, 0x00, 0x03, 0xF0, 0x0B, 0xF4, 0x03, 0xD0, 0x0B, 0x00,
    0x0F, 0xC0, 0x28, 0x00, 0x3F, 0x40, 0xD0, 0x01, 0xDE, 0x03, 0x40, 0x0B, 0x3C, 0x1C, 0x00, 0x38,
    0x78, 0xB0, 0x00, 0xD0, 0xF3, 0x80, 0x03, 0x01, 0xED, 0x00, 0x1C, 0x03, 0xF0, 0x00, 0xF0, 0x07,
    0xC0, 0x0F, 0xF0, 0x0E, 0x00, 0x00, 0x40, 0x40, 0x0D, 0x38, 0x00, 0xBA, 0x00, 0x03, 0xC0, 0x00,
    0x00, 0x02, 0xF0, 0xB8, 0x0B, 0x3B, 0xC0, 0xAD, 0x2C, 0x0F, 0x83, 0x80, 0xF0, 0x34, 0x1D, 0x07,
    0x02, 0xC0, 0xB1, 0x38, 0x0F, 0xE3, 0x40, 0xB4, 0x2C, 0x00, 0x00, 0x0B, 0x40, 0x00, 0x02, 0xC0,
    0x00, 0x00, 0xD0, 0x00, 0x00, 0xA1, 0xF4, 0x7D, 0x00, 0x0D, 0xBB, 0x80, 0x03, 0xB0, 0xD0, 0x01,
    0xF0, 0x30, 0x00, 0xB4, 0x1C, 0x00, 0x3C, 0x0E, 0x00, 0x0E, 0x03, 0x50, 0x03, 0x40, 0xFC, 0x01,
    0xC0, 0x3C, 0x00, 0x03, 0xF0, 0x0B, 0xF4, 0x03, 0xD0, 0x0B, 0x00, 0x0F, 0xC0, 0x28, 0x00, 0x3F,
    0x40, 0xD0, 0x01, 0xCE, 0x03, 0x40, 0x0B, 0x2C, 0x1C, 0x00, 0x38, 0x38, 0xB0, 0x00, 0xD0, 0xB3,
    0x80, 0x03, 0x01, 0xED, 0x00, 0x1C, 0x03, 0xF0, 0x00, 0xF0, 0x07, 0xC0, 0x0F, 0xF0, 0x0E, 0x00,
    0x00, 0x00, 0x30, 0x00, 0x00, 0x7B, 0x80, 0x00, 0x01, 0xF8, 0x00, 0x00, 0x2F, 0x0B, 0x80, 0xB3,
    0xBC, 0x0A, 0xD2, 0xC0, 0xF8, 0x38, 0x0F, 0x03, 0x41, 0xD0, 0x70, 0x2C, 0x0B, 0x03, 0x80, 0xE0,
    0x34, 0x0D, 0x00, 0x01, 0xC0, 0x00, 0x38, 0x00, 0xEF, 0x00, 0x0F, 0x80, 0x00, 0x00, 0x05, 0x50,
    0x00, 0x3F, 0xF0, 0x00, 0x00, 0x00, 0x00, 0x6F, 0xE0, 0x02, 0xFA, 0xFC, 0x0B, 0x40, 0x2D, 0x1E,
    0x00, 0x0F, 0x3C, 0x00, 0x0F, 0x38, 0x00, 0x0F, 0x34, 0x00, 0x0E, 0x78, 0x00, 0x1D, 0x38, 0x00,
    0x3C, 0x3C, 0x00, 0xF0, 0x1F, 0x9B, 0xD0, 0x07, 0xFE, 0x00, 0x00, 0x55, 0x00, 0x3F, 0xF0, 0x00,
    0x00, 0x00, 0x00, 0x01, 0xFD, 0x02, 0xD2, 0xC1, 0xD0, 0x34, 0xF0, 0x0E, 0x38, 0x07, 0x5D, 0x02,
    0xC3, 0x40, 0xE0, 0xF5, 0xF0, 0x0F, 0xD0, 0x00, 0x00, 0x14, 0x04, 0x00, 0x2D, 0xB0, 0x00, 0x0F,
    0xC0, 0x00, 0x00, 0x00, 0x00, 0x6F, 0xE0, 0x02, 0xFA, 0xFC, 0x0B, 0x40, 0x2D, 0x1E, 0x00, 0x0F,
    0x3C, 0x00, 0x0F, 0x38, 0x00, 0x0F, 0x34, 0x00, 0x0E, 0x78, 0x00, 0x1D, 0x38, 0x00, 0x3C, 0x3C,
    0x00, 0xF0, 0x1F, 0x9B, 0xD0, 0x07, 0xFE, 0x00, 0x00, 0xC0, 0x40, 0x0E, 0x68, 0x00, 0x7E, 0x00,
    0x00, 0x00, 0x01, 0xFD, 0x00, 0xB4, 0xB0, 0x1D, 0x03, 0x43, 0xC0, 0x38, 0x38, 0x07, 0x47, 0x40,
    0xB0, 0x34, 0x0E, 0x03, 0xD7, 0xC0, 0x0F, 0xD0, 0x00, 0x00, 0x01, 0x41, 0x40, 0x02, 0xE2, 0xD0,
    0x02, 0xE2, 0xD0, 0x00, 0x81, 0x80, 0x00, 0x00, 0x00, 0x00, 0x1B, 0xF8, 0x00, 0x2F, 0xAF, 0xC0,
    0x2D, 0x00, 0xB4, 0x1E, 0x00, 0x0F, 0x0F, 0x00, 0x03, 0xC3, 0x80, 0x00, 0xF0, 0xD0, 0x00, 0x38,
    0x78, 0x00, 0x1D, 0x0E, 0x00, 0x0F, 0x03, 0xC0, 0x0F, 0x00, 0x7E, 0x6F, 0x40, 0x07, 0xFE, 0x00,
    0x00, 0x00, 0x24, 0x90, 0x03, 0x8E, 0x00, 0xE3, 0xC0, 0x18, 0x20, 0x00, 0x00, 0x00, 0x1F, 0xD0,
    0x0B, 0x4B, 0x01, 0xD0, 0x34, 0x3C, 0x03, 0x83, 0x80, 0x74, 0x74, 0x0B, 0x03, 0x40, 0xE0, 0x3D,
    0x7C, 0x00, 0xFD, 0x00, 0x00, 0x2F, 0xFF, 0xFF, 0x00, 0xBE, 0x5F, 0x56, 0xC0, 0xB8, 0x03, 0x80,
    0x60, 0x78, 0x00, 0xD0, 0x00, 0x2C, 0x00, 0x75, 0x50, 0x0E, 0x00, 0x2F, 0xFC, 0x03, 0x40, 0x0B,
    0x00, 0x01, 0xE0, 0x03, 0x80, 0x00, 0x38, 0x00, 0xD0, 0x04, 0x0F, 0x40, 0x70, 0x06, 0x01, 0xFA,
    0x6D, 0x57, 0x80, 0x1F, 0xFF, 0xFF, 0xC0, 0x01, 0xFD, 0x1F, 0x80, 0xB4, 0xBB, 0x6D, 0x1D, 0x03,
    0xC0, 0xC3, 0xC0, 0x38, 0x38, 0x38, 0x07, 0xAE, 0x07, 0x40, 0xBE, 0x00, 0x34, 0x0F, 0x00, 0x43,
    0xD7, 0xFE, 0xB4, 0x0F, 0xE2, 0xF8, 0x00, 0x00, 0x00, 0x60, 0x00, 0x07, 0xE0, 0x00, 0x0E, 0x00,
    0x00, 0x00, 0x00, 0x01, 0xFF, 0x80, 0x06, 0xF6, 0xF0, 0x00, 0xE0, 0x74, 0x00, 0xE0, 0x34, 0x01,
    0xD0, 0xB0, 0x02, 0xD7, 0xD0, 0x02, 0xFE, 0x00, 0x03, 0x8E, 0x00, 0x03, 0x4B, 0x00, 0x07, 0x03,
    0xC0, 0x0F, 0x40, 0xF0, 0x3F, 0xD0, 0x3C, 0x00, 0x09, 0x00, 0x1D, 0x00, 0x38, 0x00, 0x50, 0x00,
    0x00, 0x2F, 0x1D, 0x0B, 0x7D, 0x0A, 0xE4, 0x0F, 0x80, 0x0F, 0x00, 0x1E, 0x00, 0x1C, 0x00, 0x2C,
    0x00, 0x38, 0x00, 0x01, 0xFF, 0x80, 0x06, 0xF6, 0xF0, 0x00, 0xE0, 0x74, 0x00, 0xE0, 0x34, 0x01,
    0xD0, 0xB0, 0x02, 0xD7, 0xD0, 0x02, 0xFE, 0x00, 0x03, 0x8E, 0x00, 0x03, 0x4B, 0x00, 0x07, 0x03,
    0xC0, 0x0F, 0x40, 0xF0, 0x3F, 0xD0, 0x3C, 0x00, 0x00, 0x00, 0x00, 0x38, 0x00, 0x00, 0x38, 0x00,
    0x00, 0x34, 0x00, 0x00, 0x90, 0x00, 0x0B, 0xC7, 0x40, 0xB7, 0xD0, 0x2B, 0x90, 0x0F, 0x80, 0x03,
    0xC0, 0x01, 0xE0, 0x00, 0x70, 0x00, 0x2C, 0x00, 0x0E, 0x00, 0x00, 0x00, 0x01, 0xC0, 0x00, 0x74,
    0x00, 0x2C, 0x00, 0x0C, 0x00, 0x00, 0x00, 0x70, 0x70, 0x00, 0x3E, 0xD0, 0x00, 0x0F, 0x00, 0x00,
    0x00, 0x00, 0x01, 0xFF, 0x80, 0x06, 0xF6, 0xF0, 0x00, 0xE0, 0x74, 0x00, 0xE0, 0x34, 0x01, 0xD0,
    0xB0, 0x02, 0xD7, 0xD0, 0x02, 0xFE, 0x00, 0x03, 0x8E, 0x00, 0x03, 0x4B, 0x00, 0x07, 0x03, 0xC0,
    0x0F, 0x40, 0xF0, 0x3F, 0xD0, 0x3C, 0x01, 0x01, 0x00, 0xD2, 0x80, 0x1E, 0xC0, 0x03, 0xC0, 0x00,
    0x00, 0x0B, 0xC7, 0x40, 0xB7, 0xD0, 0x2B, 0x90, 0x0F, 0x80, 0x03, 0xC0, 0x01, 0xE0, 0x00, 0x70,
    0x00, 0x2C, 0x00, 0x0E, 0x00, 0x00, 0x00, 0x02, 0x40, 0x07, 0xD0, 0x07, 0x40, 0x00, 0x00, 0x01,
    0xFE, 0x02, 0xE6, 0xD1, 0xD0, 0x34, 0x74, 0x08, 0x0F, 0x40, 0x02, 0xF8, 0x00, 0x1F, 0xC0, 0x00,
    0xB8, 0xA0, 0x0E, 0x3C, 0x03, 0x8F, 0x9B, 0xC0, 0xBF, 0x80, 0x00, 0x0C, 0x00, 0x2C, 0x00, 0x70,
    0x00, 0x80, 0x00, 0x00, 0x02, 0xF4, 0x0E, 0xB8, 0x1C, 0x00, 0x1F, 0x00, 0x0B, 0xD0, 0x01, 0xF0,
    0x90, 0xB0, 0xFA, 0xD0, 0x3F, 0x40, 0x00, 0x2D, 0x00, 0x2E, 0xC0, 0x28, 0x28, 0x00, 0x00, 0x01,
    0xFE, 0x02, 0xE6, 0xD1, 0xD0, 0x34, 0x74, 0x08, 0x0F, 0x40, 0x02, 0xF8, 0x00, 0x1F, 0xC0, 0x00,
    0xB8, 0xA0, 0x0E, 0x3C, 0x03, 0x8F, 0x9B, 0xC0, 0xBF, 0x80, 0x00, 0x10, 0x00, 0xF8, 0x03, 0x9C,
    0x0A, 0x0C, 0x00, 0x00, 0x02, 0xF4, 0x0E, 0xB8, 0x1C, 0x00, 0x1F, 0x00, 0x0B, 0xD0, 0x01, 0xF0,
    0x90, 0xB0, 0xFA, 0xD0, 0x3F, 0x40, 0x01, 0xFE, 0x02, 0xE6, 0xD1, 0xD0, 0x34, 0x74, 0x08, 0x0F,
    0x40, 0x02, 0xF8, 0x00, 0x1F, 0xC0, 0x00, 0xB8, 0xA0, 0x0E, 0x3C, 0x03, 0x8F, 0x9B, 0xC0, 0xBF,
    0x80, 0x00, 0x00, 0x01, 0xE0, 0x00, 0x28, 0x00, 0x28, 0x00, 0x02, 0xF4, 0x3A, 0xE1, 0xC0, 0x07,
    0xC0, 0x0B, 0xD0, 0x07, 0xC9, 0x0B, 0x3E, 0xB4, 0x3F, 0x40, 0x00, 0x01, 0xE0, 0x02, 0xC0, 0x28,
    0x00, 0x02, 0x82, 0xC0, 0x1E, 0xF0, 0x00, 0x78, 0x00, 0x00, 0x00, 0x01, 0xFE, 0x00, 0xB9, 0xB4,
    0x1D, 0x03, 0x41, 0xD0, 0x20, 0x0F, 0x40, 0x00, 0xBE, 0x00, 0x01, 0xFC, 0x00, 0x02, 0xE0, 0xA0,
    0x0E, 0x0F, 0x00, 0xE0, 0xF9, 0xBC, 0x02, 0xFE, 0x00, 0x01, 0x01, 0x03, 0x0D, 0x03, 0xB4, 0x01,
    0xE0, 0x00, 0x00, 0x02, 0xF4, 0x0E, 0xB8, 0x1C, 0x00, 0x1F, 0x00, 0x0B, 0xD0, 0x01, 0xF0, 0x90,
    0xB0, 0xFA, 0xD0, 0x3F, 0x40, 0x3F, 0xFF, 0xF5, 0xD6, 0xD6, 0xCA, 0x0B, 0x07, 0x10, 0x38, 0x04,
    0x00, 0xD0, 0x00, 0x07, 0x40, 0x00, 0x2C, 0x00, 0x00, 0xF0, 0x00, 0x03, 0x80, 0x00, 0x0D, 0x00,
    0x00, 0xB8, 0x00, 0x0F, 0xF8, 0x00, 0x00, 0x00, 0x00, 0x3C, 0x00, 0x00, 0xB0, 0x00, 0x0A, 0x00,
    0x00, 0x02, 0x40, 0x0C, 0x03, 0xFF, 0x83, 0xC0, 0x0E, 0x00, 0x34, 0x01, 0xC0, 0x0B, 0x00, 0x2C,
    0x20, 0xFB, 0x81, 0xF4, 0x00, 0x00, 0x2E, 0x00, 0x34, 0x03, 0x80, 0x00, 0x01, 0xC1, 0xC0, 0x03,
    0xEC, 0x00, 0x03, 0xC0, 0x00, 0x00, 0x00, 0x3F, 0xFF, 0xF5, 0xD6, 0xD6, 0xCA, 0x0B, 0x07, 0x10,
    0x38, 0x04, 0x00, 0xD0, 0x00, 0x07, 0x40, 0x00, 0x2C, 0x00, 0x00, 0xF0, 0x00, 0x03, 0x80, 0x00,
    0x0D, 0x00, 0x00, 0xB8, 0x00, 0x0F, 0xF8, 0x00, 0x00, 0x0C, 0x00, 0x1C, 0x02, 0x68, 0x03, 0x10,
    0x3F, 0xF8, 0x0F, 0x00, 0x0E, 0x00, 0x0D, 0x00, 0x1C, 0x00, 0x2C, 0x00, 0x2C, 0x20, 0x3E, 0xE0,
    0x1F, 0x40, 0x3F, 0xFF, 0xF5, 0xD6, 0xD6, 0xCA, 0x0F, 0x07, 0x10, 0x38, 0x04, 0x00, 0xD0, 0x00,
    0x3F, 0xF0, 0x00, 0x2C, 0x00, 0x00, 0xF0, 0x00, 0x03, 0x80, 0x00, 0x1D, 0x00, 0x00, 0xB8, 0x00,
    0x0F, 0xF8, 0x00, 0x02, 0x40, 0x0C, 0x03, 0xFF, 0x83, 0xC0, 0x0E, 0x03, 0xFF, 0xC1, 0xC0, 0x0B,
    0x00, 0x2C, 0x20, 0xFB, 0x81, 0xF4, 0x00, 0x00, 0x04, 0x00, 0x00, 0x0F, 0xEC, 0x00, 0x06, 0x3D,
    0x00, 0x00, 0x00, 0x00, 0x3F, 0xC0, 0xBF, 0x47, 0xC0, 0x0B, 0x00, 0xD0, 0x03, 0x80, 0x74, 0x00,
    0xD0, 0x2C, 0x00, 0x34, 0x0F, 0x00, 0x1C, 0x03, 0x80, 0x0B, 0x00, 0xD0, 0x03, 0x80, 0x74, 0x00,
    0xD0, 0x0E, 0x00, 0xF0, 0x03, 0xE6, 0xF0, 0x00, 0x2F, 0xE0, 0x00, 0x00, 0x10, 0x00, 0x0F, 0xDC,
    0x00, 0xCB, 0x40, 0x00, 0x00, 0x00, 0x00, 0x02, 0xF0, 0x1D, 0x0B, 0x02, 0xC0, 0xB0, 0x38, 0x0E,
    0x03, 0x40, 0xD0, 0x70, 0x1C, 0x0F, 0x02, 0xC3, 0xF1, 0x2E, 0xE7, 0xE1, 0xF4, 0x78, 0x00, 0x15,
    0x40, 0x00, 0x0F, 0xF8, 0x00, 0x00, 0x00, 0x00, 0xFF, 0x02, 0xFD, 0x1F, 0x00, 0x2C, 0x03, 0x40,
    0x0E, 0x01, 0xD0, 0x03, 0x40, 0xB0, 0x00, 0xD0, 0x3C, 0x00, 0x70, 0x0E, 0x00, 0x2C, 0x03, 0x40,
    0x0E, 0x01, 0xD0, 0x03, 0x40, 0x38, 0x03, 0xC0, 0x0F, 0x9B, 0xC0, 0x00, 0xBF, 0x80, 0x00, 0x00,
    0x55, 0x00, 0x0F, 0xFC, 0x00, 0x00, 0x00, 0x00, 0x00, 0x2F, 0x01, 0xD0, 0xB0, 0x2C, 0x0B, 0x03,
    0x80, 0xE0, 0x34, 0x0D, 0x07, 0x01, 0xC0, 0xF0, 0x2C, 0x3F, 0x12, 0xEE, 0x7E, 0x1F, 0x47, 0x80,
    0x00, 0x30, 0x10, 0x00, 0x0E, 0x68, 0x00, 0x01, 0xF8, 0x00, 0x00, 0x00, 0x00, 0x3F, 0xC0, 0xBF,
    0x47, 0xC0, 0x0B, 0x00, 0xD0, 0x03, 0x80, 0x74, 0x00, 0xD0, 0x2C, 0x00, 0x34, 0x0F, 0x00, 0x1C,
    0x03, 0x80, 0x0B, 0x00, 0xD0, 0x03, 0x80, 0x74, 0x00, 0xD0, 0x0E, 0x00, 0xF0, 0x03, 0xE6, 0xF0,
    0x00, 0x2F, 0xE0, 0x00, 0x00, 0x80, 0x40, 0x0F, 0x68, 0x00, 0x7E, 0x00, 0x00, 0x00, 0x2F, 0x01,
    0xD0, 0xB0, 0x2C, 0x0B, 0x03, 0x80, 0xE0, 0x34, 0x0D, 0x07, 0x01, 0xC0, 0xF0, 0x2C, 0x3F, 0x12,
    0xEE, 0x7E, 0x1F, 0x47, 0x80, 0x00, 0x0B, 0x80, 0x00, 0x0A, 0x34, 0x00, 0x02, 0x8C, 0x00, 0x00,
    0x3D, 0x00, 0x00, 0x00, 0x00, 0x0F, 0xF0, 0x2F, 0xD1, 0xF0, 0x02, 0xC0, 0x34, 0x00, 0xE0, 0x1D,
    0x00, 0x34, 0x0B, 0x00, 0x0D, 0x03, 0xC0, 0x07, 0x00, 0xE0, 0x02, 0xC0, 0x34, 0x00, 0xE0, 0x1D,
    0x00, 0x34, 0x03, 0x80, 0x3C, 0x00, 0xF9, 0xBC, 0x00, 0x0B, 0xF8, 0x00, 0x00, 0x00, 0x2F, 0x00,
    0x06, 0x34, 0x00, 0xA3, 0x40, 0x03, 0xE0, 0x00, 0x00, 0x02, 0xF0, 0x1D, 0x0B, 0x02, 0xC0, 0xB0,
    0x38, 0x0E, 0x03, 0x40, 0xD0, 0x70, 0x1C, 0x0F, 0x02, 0xC3, 0xF1, 0x2E, 0xE7, 0xE1, 0xF4, 0x78,
    0x00, 0x02, 0x02, 0x00, 0x03, 0xC3, 0xC0, 0x03, 0xD3, 0xC0, 0x02, 0x42, 0x40, 0x00, 0x00, 0x00,
    0x0F, 0xF0, 0x2F, 0xD1, 0xF0, 0x02, 0xC0, 0x34, 0x00, 0xE0, 0x1D, 0x00, 0x34, 0x0B, 0x00, 0x0D,
    0x03, 0xC0, 0x07, 0x00, 0xE0, 0x02, 0xC0, 0x34, 0x00, 0xE0, 0x1D, 0x00, 0x34, 0x03, 0x80, 0x3C,
    0x00, 0xF9, 0xBC, 0x00, 0x0B, 0xF8, 0x00, 0x00, 0x00, 0x14, 0x60, 0x03, 0x8E, 0x00, 0xF3, 0xC0,
    0x08, 0x20, 0x00, 0x00, 0x02, 0xF0, 0x1D, 0x0B, 0x02, 0xC0, 0xB0, 0x38, 0x0E, 0x03, 0x40, 0xD0,
    0x70, 0x1C, 0x0F, 0x02, 0xC3, 0xF1, 0x2E, 0xE7, 0xE1, 0xF4, 0x78, 0x3F, 0xC0, 0xBF, 0x47, 0xC0,
    0x0B, 0x00, 0xD0, 0x03, 0x80, 0x74, 0x00, 0xD0, 0x2C, 0x00, 0x34, 0x0F, 0x00, 0x1C, 0x03, 0x80,
    0x0B, 0x00, 0xD0, 0x03, 0x80, 0x74, 0x00, 0xD0, 0x0E, 0x00, 0xF0, 0x03, 0xE6, 0xF0, 0x00, 0x2F,
    0xE0, 0x00, 0x00, 0xD0, 0x00, 0x00, 0xB0, 0x00, 0x00, 0x2C, 0x00, 0x00, 0x03, 0xD0, 0x00, 0x2F,
    0x01, 0xD0, 0xB0, 0x2C, 0x0B, 0x03, 0x80, 0xE0, 0x34, 0x0D, 0x07, 0x01, 0xC0, 0xF0, 0x2C, 0x3F,
    0x12, 0xEE, 0x7E, 0x1F, 0x43, 0x80, 0x00, 0x30, 0x00, 0x0D, 0x00, 0x00, 0xE4, 0x00, 0x0B, 0x80,
    0x00, 0x00, 0x3C, 0x00, 0x00, 0x00, 0x0E, 0xF0, 0x00, 0x00, 0x03, 0x43, 0x00, 0x00, 0x00, 0x00,
    0x00, 0x00, 0x7F, 0xC0, 0xA0, 0x3F, 0xD2, 0xE0, 0x0E, 0x00, 0xF0, 0x0D, 0x02, 0xF0, 0x0D, 0x00,
    0xE0, 0x3F, 0x02, 0xC0, 0x0E, 0x0B, 0xB0, 0x34, 0x00, 0xE0, 0xD7, 0x0B, 0x00, 0x0E, 0x2C, 0x70,
    0xD0, 0x00, 0xE3, 0x47, 0x5C, 0x00, 0x0E, 0xB0, 0x37, 0x40, 0x00, 0xBD, 0x03, 0xF0, 0x00, 0x0B,
    0xC0, 0x3D, 0x00, 0x00, 0xB4, 0x03, 0xC0, 0x00, 0x00, 0x01, 0x00, 0x00, 0x03, 0xF0, 0x00, 0x02,
    0xDD, 0x00, 0x01, 0xC2, 0x40, 0x00, 0x00, 0x00, 0x1F, 0x03, 0x81, 0xD6, 0xE0, 0xB0, 0x38, 0x3C,
    0x2D, 0x0E, 0x0B, 0x0F, 0x43, 0x01, 0xC3, 0xE2, 0xC0, 0x32, 0xA8, 0xD0, 0x0E, 0xCB, 0xE0, 0x03,
    0xC1, 0xF0, 0x00, 0xD0, 0x60, 0x00, 0x00, 0x1E, 0x00, 0x00, 0x7B, 0x80, 0x01, 0xD1, 0xC0, 0x00,
    0x00, 0x00, 0xFF, 0x87, 0xFC, 0x3D, 0x01, 0xE0, 0x1D, 0x03, 0x80, 0x0E, 0x0B, 0x00, 0x0B, 0x1C,
    0x00, 0x03, 0xB4, 0x00, 0x03, 0xE0, 0x00, 0x02, 0xC0, 0x00, 0x03, 0xC0, 0x00, 0x03, 0x80, 0x00,
    0x07, 0x80, 0x00, 0x3F, 0xF0, 0x00, 0x00, 0x01, 0x00, 0x00, 0x2F, 0x00, 0x02, 0xDD, 0x00, 0x1C,
    0x24, 0x00, 0x00, 0x00, 0x1F, 0x41, 0xD0, 0x6E, 0x03, 0x80, 0x2C, 0x0D, 0x00, 0x70, 0x30, 0x00,
    0xD2, 0x80, 0x03, 0x4D, 0x00, 0x0E, 0xA0, 0x00, 0x3B, 0x00, 0x00, 0xF4, 0x00, 0x03, 0x80, 0x00,
    0x38, 0x00, 0x6B, 0x80, 0x01, 0xF4, 0x00, 0x00, 0x00, 0x00, 0x00, 0x01, 0xE3, 0xC0, 0x01, 0xD3,
    0x80, 0x00, 0x00, 0x00, 0xFF, 0x87, 0xFC, 0x3D, 0x01, 0xE0, 0x1D, 0x03, 0x80, 0x0E, 0x0B, 0x00,
    0x0B, 0x1C, 0x00, 0x03, 0xB4, 0x00, 0x03, 0xE0, 0x00, 0x02, 0xC0, 0x00, 0x03, 0xC0, 0x00, 0x03,
    0x80, 0x00, 0x07, 0x80, 0x00, 0x3F, 0xF0, 0x00, 0x00, 0x00, 0x90, 0x00, 0x1F, 0x40, 0x01, 0xE0,
    0x00, 0x00, 0x00, 0x03, 0xFF, 0xF8, 0x1E, 0xAB, 0xD0, 0xA0, 0x0E, 0x01, 0x00, 0xF0, 0x00, 0x0F,
    0x00, 0x00, 0xB0, 0x00, 0x0B, 0x00, 0x00, 0xB4, 0x00, 0x07, 0x40, 0x20, 0x78, 0x02, 0xC3, 0xEA,
    0xAE, 0x0F, 0xFF, 0xF0, 0x00, 0x00, 0x00, 0x00, 0x0C, 0x00, 0x2C, 0x00, 0x70, 0x00, 0x80, 0x00,
    0x00, 0x1F, 0x8A, 0x3A, 0xFD, 0x20, 0x38, 0x00, 0xE0, 0x03, 0x80, 0x0B, 0x00, 0x2C, 0x04, 0xBE,
    0xAD, 0xD6, 0xF8, 0x00, 0x00, 0x00, 0x00, 0x3C, 0x00, 0x00, 0xF0, 0x00, 0x00, 0x00, 0x03, 0xFF,
    0xF8, 0x1E, 0xAB, 0xD0, 0xA0, 0x0E, 0x01, 0x00, 0xF0, 0x00, 0x0F, 0x00, 0x00, 0xB0, 0x00, 0x0B,
    0x00, 0x00, 0xB4, 0x00, 0x07, 0x40, 0x20, 0x78, 0x02, 0xC3, 0xEA, 0xAE, 0x0F, 0xFF, 0xF0, 0x00,
    0x00, 0x00, 0x00, 0x00, 0x00, 0xF0, 0x00, 0xE0, 0x00, 0x00, 0x00, 0x00, 0x1F, 0x8A, 0x3A, 0xFD,
    0x20, 0x38, 0x00, 0xE0, 0x03, 0x80, 0x0B, 0x00, 0x2C, 0x04, 0xBE, 0xAD, 0xD6, 0xF8, 0x00, 0x60,
    0xB0, 0x00, 0xEF, 0x00, 0x01, 0xE0, 0x00, 0x00, 0x00, 0x03, 0xFF, 0xF8, 0x1E, 0xAB, 0xD0, 0xA0,
    0x0E, 0x01, 0x00, 0xF0, 0x00, 0x0F, 0x00, 0x00, 0xB0, 0x00, 0x0B, 0x00, 0x00, 0xB4, 0x00, 0x07,
    0x40, 0x20, 0x78, 0x02, 0xC3, 0xEA, 0xAE, 0x0F, 0xFF, 0xF0, 0x00, 0x00, 0x00, 0x01, 0x01, 0x00,
    0xC3, 0x40, 0x3B, 0x40, 0x03, 0x80, 0x00, 0x00, 0x07, 0xE2, 0x83, 0xAF, 0xD0, 0x80, 0xE0, 0x00,
    0xE0, 0x00, 0xE0, 0x00, 0xB0, 0x00, 0xB0, 0x10, 0xBE, 0xAD, 0x35, 0xBE, 0x00, 0x00, 0x00, 0xBD,
    0x00, 0x02, 0xDA, 0x00, 0x03, 0x00, 0x00, 0x0B, 0x00, 0x00, 0x0E, 0x00, 0x00, 0x0D, 0x00, 0x00,
    0x0D, 0x00, 0x00, 0x1C, 0x00, 0x00, 0x2C, 0x00, 0x00, 0x38, 0x00, 0x00, 0x34, 0x00, 0x00, 0x70,
    0x00, 0x00, 0xB0, 0x00, 0x00, 0xA0, 0x00, 0x00, 0xD0, 0x00, 0xA6, 0xC0, 0x00, 0x7E, 0x00, 0x00,
    0x20, 0x38, 0x1D, 0x06, 0x0C, 0x3C, 0x70, 0x80, 0x01, 0x00, 0xF8, 0x39, 0xCA, 0x0C, 0x00, 0x07,
    0xEA, 0x57, 0xC0, 0x15, 0x47, 0xFD, 0x20, 0x17, 0x9D, 0x2F, 0x40, 0x00, 0x3C, 0x38, 0x00, 0x0B,
    0x4E, 0xB0, 0xD0, 0x2E, 0x29, 0xC4, 0xB0, 0xB0, 0x30, 0x00, 0x0F, 0x43, 0x5C, 0x35, 0xC2, 0xF0,
    0x08, 0x20, 0xB2, 0xC3, 0x4D, 0x24, 0x90, 0x10, 0x17, 0x0D, 0x3B, 0x41, 0xE0, 0x20, 0x83, 0x5C,
    0x28, 0xD0, 0x85, 0x01, 0x03, 0xFC, 0x90, 0xC0, 0x0D, 0x28, 0x34, 0x74, 0x74, 0x0E, 0x0F, 0x0E,
    0x1C, 0x30, 0x7A, 0xCA, 0x0C, 0x1C, 0xB3, 0x4C, 0x00, 0x1D, 0x1C, 0x38, 0x50, 0x2C, 0x3C, 0x00,
    0x70, 0xEB, 0x1E, 0x00, 0x00, 0x3D, 0x96, 0x96, 0x7C, 0x2C, 0x1C, 0x28, 0x60, 0x2D, 0x0D, 0x74,
    0x14, 0x30, 0xA0, 0xB4, 0x7C, 0x1C, 0x28, 0x34, 0x00, 0x00, 0x0F, 0x80, 0xBB, 0x0A, 0x09, 0x60,
    0x57, 0xF8, 0x04, 0x00, 0x3D, 0x5A, 0xBD, 0x01, 0x00, 0x7F, 0xD1, 0x54, 0x01, 0x03, 0xFC, 0x90,
    0xC0, 0x00, 0x24, 0x01, 0xD0, 0x0D, 0x00, 0x50, 0x00, 0x00, 0xE1, 0xC3, 0x8B, 0x00, 0xB3, 0x8B,
    0x40, 0x00, 0x08, 0x00, 0x00, 0x0F, 0x40, 0x00, 0x02, 0xC0, 0x00, 0x00, 0x00, 0x03, 0xFF, 0xFC,
    0x00, 0xF5, 0x6C, 0x00, 0xE0, 0x18, 0x00, 0xD0, 0x00, 0x01, 0xD5, 0x40, 0x02, 0xFF, 0xC0, 0x03,
    0xC0, 0x00, 0x03, 0x80, 0x00, 0x03, 0x40, 0x10, 0x07, 0x00, 0x60, 0x0B, 0x55, 0xE0, 0x3F, 0xFF,
    0xC0, 0x00, 0x00, 0x00, 0x00, 0x2D, 0x3C, 0x00, 0x2C, 0x38, 0x00, 0x00, 0x00, 0x03, 0xFF, 0xFC,
    0x00, 0xF5, 0x6C, 0x00, 0xE0, 0x18, 0x00, 0xD0, 0x00, 0x01, 0xD5, 0x40, 0x02, 0xFF, 0xC0, 0x03,
    0xC0, 0x00, 0x03, 0x80, 0x00, 0x03, 0x40, 0x10, 0x07, 0x00, 0x60, 0x0B, 0x55, 0xE0, 0x3F, 0xFF,
    0xC0, 0x3F, 0xFF, 0xF5, 0xD7, 0xD6, 0xCA, 0x0E, 0x07, 0x00, 0x38, 0x00, 0x01, 0xD0, 0x00, 0x0B,
    0xBF, 0x40, 0x2E, 0x6F, 0x00, 0xE0, 0x1D, 0x03, 0x40, 0x38, 0x1D, 0x00, 0xE0, 0xB4, 0x07, 0x5F,
    0xF0, 0x2C, 0x00, 0x01, 0xD0, 0x07, 0xAE, 0x00, 0x0F, 0xD0, 0x00, 0x00, 0x00, 0x24, 0x00, 0x01,
    0xF4, 0x00, 0x07, 0x80, 0x00, 0x00, 0x00, 0x03, 0xFF, 0xFC, 0x00, 0xF5, 0x6C, 0x00, 0xE0, 0x28,
    0x00, 0xE0, 0x24, 0x01, 0xD0, 0x00, 0x02, 0xC0, 0x00, 0x03, 0xC0, 0x00, 0x03, 0x80, 0x00, 0x03,
    0x40, 0x00, 0x07, 0x00, 0x00, 0x0B, 0x40, 0x00, 0x3F, 0xE0, 0x00, 0x00, 0x6F, 0xE0, 0x0B, 0x9B,
    0xE0, 0xB4, 0x03, 0x47, 0x40, 0x0C, 0x3C, 0x00, 0x00, 0xFF, 0xF0, 0x03, 0x40, 0x00, 0x0E, 0x00,
    0x00, 0x3C, 0x00, 0x00, 0xF4, 0x03, 0x81, 0xF9, 0xBD, 0x01, 0xBF, 0x80, 0x01, 0xFE, 0x02, 0xE6,
    0xD1, 0xD0, 0x34, 0x74, 0x08, 0x0F, 0x40, 0x02, 0xF8, 0x00, 0x1F, 0xC0, 0x00, 0xB8, 0xA0, 0x0E,
    0x3C, 0x03, 0x8F, 0x9B, 0xC0, 0xBF, 0x80, 0x03, 0xFE, 0x00, 0xF4, 0x00, 0xF0, 0x00, 0xE0, 0x01,
    0xD0, 0x02, 0xC0, 0x03, 0xC0, 0x03, 0x80, 0x03, 0x40, 0x07, 0x00, 0x0B, 0x40, 0x3F, 0xD0, 0x00,
    0x00, 0x00, 0xB0, 0xE0, 0x2C, 0x34, 0x00, 0x00, 0x03, 0xFE, 0x00, 0x3D, 0x00, 0x0F, 0x00, 0x03,
    0x80, 0x01, 0xD0, 0x00, 0xB0, 0x00, 0x3C, 0x00, 0x0E, 0x00, 0x03, 0x40, 0x01, 0xC0, 0x00, 0xB4,
    0x00, 0xFF, 0x40, 0x00, 0x3F, 0xE0, 0x00, 0xB4, 0x00, 0x0F, 0x00, 0x00, 0xE0, 0x00, 0x0D, 0x00,
    0x01, 0xD0, 0x00, 0x2C, 0x00, 0x03, 0xC0, 0x00, 0x38, 0x00, 0x07, 0x40, 0x00, 0x70, 0x00, 0x0F,
    0x00, 0x00, 0xD0, 0x0B, 0xBC, 0x00, 0x7E, 0x00, 0x00, 0x00, 0x7F, 0xFF, 0xC0, 0x00, 0x1E, 0x6D,
    0x00, 0x00, 0x1C, 0x1C, 0x00, 0x00, 0x2C, 0x2C, 0x00, 0x00, 0x34, 0x38, 0x00, 0x00, 0x30, 0x3F,
    0xE0, 0x00, 0xB0, 0x79, 0xBC, 0x00, 0xD0, 0xB0, 0x1D, 0x01, 0xC0, 0xF0, 0x1D, 0x03, 0x40, 0xE0,
    0x2C, 0xAE, 0x01, 0xE5, 0xB4, 0xB8, 0x0F, 0xFF, 0x90, 0x00, 0x00, 0x00, 0x00, 0x03, 0xFD, 0x2F,
    0xF0, 0x00, 0x3D, 0x02, 0xD0, 0x00, 0x0E, 0x00, 0xB0, 0x00, 0x03, 0x80, 0x38, 0x00, 0x01, 0xD0,
    0x0D, 0x00, 0x00, 0xBF, 0xFF, 0xFE, 0x00, 0x3D, 0x56, 0xD6, 0xF0, 0x0E, 0x00, 0xB0, 0x2C, 0x03,
    0x40, 0x38, 0x0B, 0x01, 0xC0, 0x0D, 0x03, 0xC0, 0xB4, 0x07, 0x97, 0xD0, 0xFF, 0x0F, 0xFF, 0x80,
    0x00, 0x00, 0x00, 0x00, 0x00, 0x3F, 0xFF, 0xF4, 0x75, 0xF5, 0xB0, 0xA0, 0xE0, 0x70, 0x00, 0xE0,
    0x00, 0x01, 0xD0, 0x00, 0x02, 0xEF, 0xE0, 0x02, 0xF9, 0xF4, 0x03, 0x80, 0x34, 0x03, 0x80, 0x74,
    0x07, 0x40, 0xB0, 0x0B, 0x40, 0xF4, 0x7F, 0xC3, 0xFC, 0x00, 0x00, 0x09, 0x00, 0x00, 0x1F, 0x00,
    0x00, 0x2D, 0x00, 0x00, 0x00, 0x00, 0x03, 0xFD, 0x0B, 0x80, 0x3D, 0x0F, 0xA0, 0x0E, 0x0F, 0x00,
    0x03, 0x8B, 0x00, 0x01, 0xD7, 0x00, 0x00, 0xBF, 0x80, 0x00, 0x3C, 0xB0, 0x00, 0x0E, 0x1D, 0x00,
    0x03, 0x43, 0xC0, 0x01, 0xC0, 0x74, 0x00, 0xB4, 0x0F, 0x00, 0xFF, 0x81, 0xF0, 0x00, 0x02, 0x40,
    0x00, 0x00, 0x03, 0xD0, 0x00, 0x00, 0x00, 0xB0, 0x00, 0x00, 0x00, 0x00, 0x00, 0x03, 0xFE, 0x0B,
    0xFC, 0x00, 0xF4, 0x02, 0xD0, 0x00, 0xF0, 0x03, 0xC0, 0x00, 0xE0, 0x0F, 0xC0, 0x01, 0xD0, 0x77,
    0x80, 0x02, 0xC1, 0xC7, 0x40, 0x03, 0xC7, 0x07, 0x00, 0x03, 0xAC, 0x0B, 0x00, 0x03, 0xE0, 0x0E,
    0x00, 0x07, 0x80, 0x0E, 0x00, 0x0B, 0x40, 0x2E, 0x00, 0x3F, 0xD0, 0xFF, 0x80, 0x00, 0x00, 0x00,
    0x00, 0x28, 0x08, 0x00, 0x0F, 0x0D, 0x00, 0x01, 0xFD, 0x00, 0x00, 0x00, 0x00, 0x0F, 0xF4, 0x3F,
    0xC0, 0xF0, 0x07, 0x80, 0x2C, 0x02, 0xC0, 0x07, 0x40, 0xC0, 0x00, 0xE0, 0xE0, 0x00, 0x3C, 0x70,
    0x00, 0x07, 0x30, 0x00, 0x00, 0xF8, 0x00, 0x00, 0x3C, 0x00, 0x00, 0x0C, 0x00, 0x01, 0xED, 0x00,
    0x00, 0x3D, 0x00, 0x00, 0x00, 0x03, 0xFE, 0x1F, 0xF0, 0x03, 0xD0, 0x1E, 0x00, 0x0F, 0x00, 0x70,
    0x00, 0x38, 0x02, 0xC0, 0x01, 0xD0, 0x0F, 0x00, 0x0B, 0x00, 0x38, 0x00, 0x2C, 0x01, 0xD0, 0x00,
    0xE0, 0x07, 0x00, 0x03, 0x40, 0x2C, 0x00, 0x1C, 0x00, 0xE0, 0x00, 0xB5, 0x5B, 0x80, 0x0F, 0xFF,
    0xFF, 0xC0, 0x00, 0x3C, 0x00, 0x00, 0x00, 0xE0, 0x00, 0x00, 0x03, 0x40, 0x00, 0x00, 0x0C, 0x00,
    0x00, 0x00, 0x01, 0xC0, 0x00, 0x00, 0xF4, 0x00, 0x00, 0xAE, 0x00, 0x00, 0x33, 0xC0, 0x00, 0x34,
    0xB0, 0x00, 0x1C, 0x1C, 0x00, 0x0E, 0x5B, 0x40, 0x0B, 0xFF, 0xE0, 0x03, 0x40, 0x3C, 0x03, 0x80,
    0x0F, 0x02, 0xD0, 0x03, 0xD3, 0xFD, 0x03, 0xFD, 0x03, 0xFF, 0xFC, 0x03, 0xD5, 0xE0, 0x0E, 0x02,
    0x40, 0x38, 0x00, 0x01, 0xD0, 0x00, 0x0B, 0xFE, 0x00, 0x3D, 0x6F, 0x00, 0xE0, 0x1D, 0x03, 0x40,
    0x74, 0x1D, 0x02, 0xC0, 0xB5, 0x7D, 0x0F, 0xFF, 0x80, 0x00, 0x00, 0x00, 0x02, 0xFF, 0xD0, 0x0B,
    0xDB, 0xD0, 0x0E, 0x03, 0x80, 0x34, 0x0D, 0x01, 0xC0, 0xB0, 0x0B, 0xFF, 0x00, 0x2C, 0x1F, 0x00,
    0xE0, 0x1D, 0x03, 0x40, 0x74, 0x1C, 0x02, 0xC0, 0xB5, 0x6D, 0x0F, 0xFF, 0x80, 0x00, 0x00, 0x00,
    0x03, 0xFF, 0xFC, 0x00, 0xF5, 0x6C, 0x00, 0xE0, 0x28, 0x00, 0xE0, 0x24, 0x01, 0xD0, 0x00, 0x02,
    0xC0, 0x00, 0x03, 0xC0, 0x00, 0x03, 0x80, 0x00, 0x03, 0x40, 0x00, 0x07, 0x00, 0x00, 0x0B, 0x40,
    0x00, 0x3F, 0xE0, 0x00, 0x00, 0x3F, 0xFF, 0xD0, 0x00, 0xE5, 0xF0, 0x00, 0x0D, 0x0E, 0x00, 0x01,
    0xC0, 0xD0, 0x00, 0x28, 0x1C, 0x00, 0x03, 0x02, 0xC0, 0x00, 0xB0, 0x38, 0x00, 0x0D, 0x03, 0x40,
    0x02, 0xC0, 0x70, 0x00, 0x70, 0x0B, 0x00, 0x2F, 0x55, 0xF4, 0x0B, 0xFF, 0xFF, 0xD0, 0xF0, 0x00,
    0x1C, 0x0D, 0x00, 0x02, 0xC0, 0xC0, 0x00, 0x24, 0x00, 0x03, 0xFF, 0xFC, 0x00, 0xF5, 0x6C, 0x00,
    0xE0, 0x18, 0x00, 0xD0, 0x00, 0x01, 0xD5, 0x40, 0x02, 0xFF, 0xC0, 0x03, 0xC0, 0x00, 0x03, 0x80,
    0x00, 0x03, 0x40, 0x10, 0x07, 0x00, 0x60, 0x0B, 0x55, 0xE0, 0x3F, 0xFF, 0xC0, 0x01, 0xF0, 0x3F,
    0xC0, 0xB4, 0x06, 0xE0, 0x7C, 0x0E, 0x90, 0x00, 0xD0, 0xD0, 0xD0, 0x00, 0x02, 0x87, 0x0D, 0x00,
    0x00, 0x03, 0x2C, 0xA0, 0x00, 0x00, 0x2F, 0xFF, 0x00, 0x00, 0x01, 0xE3, 0x8E, 0x00, 0x00, 0x0F,
    0x0D, 0x2C, 0x00, 0x00, 0xF0, 0x70, 0x38, 0x00, 0x0F, 0x42, 0xC0, 0xF0, 0x00, 0xF8, 0x0F, 0x01,
    0xF0, 0x0B, 0x40, 0xFF, 0x02, 0xE0, 0x06, 0xFD, 0x03, 0xE7, 0xC0, 0xC0, 0x34, 0x20, 0x1C, 0x00,
    0x0E, 0x00, 0xFF, 0x00, 0x17, 0xE0, 0x00, 0x3C, 0x00, 0x0B, 0x38, 0x03, 0x8B, 0x9B, 0xC0, 0xBF,
    0x40, 0x03, 0xFE, 0x0B, 0xFC, 0x00, 0xF4, 0x02, 0xD0, 0x00, 0xF0, 0x03, 0xC0, 0x00, 0xE0, 0x0F,
    0xC0, 0x01, 0xD0, 0x77, 0x80, 0x02, 0xC1, 0xC7, 0x40, 0x03, 0xC7, 0x07, 0x00, 0x03, 0xAC, 0x0B,
    0x00, 0x03, 0xE0, 0x0E, 0x00, 0x07, 0x80, 0x0E, 0x00, 0x0B, 0x40, 0x2E, 0x00, 0x3F, 0xD0, 0xFF,
    0x80, 0x00, 0x00, 0x00, 0x00, 0x00, 0x07, 0x03, 0x00, 0x00, 0x0B, 0x0A, 0x00, 0x00, 0x02, 0xF8,
    0x00, 0x00, 0x00, 0x00, 0x00, 0x03, 0xFE, 0x0B, 0xFC, 0x00, 0xF4, 0x02, 0xD0, 0x00, 0xF0, 0x03,
    0xC0, 0x00, 0xE0, 0x0F, 0xC0, 0x01, 0xD0, 0x77, 0x80, 0x02, 0xC1, 0xC7, 0x40, 0x03, 0xC7, 0x07,
    0x00, 0x03, 0xAC, 0x0B, 0x00, 0x03, 0xE0, 0x0E, 0x00, 0x07, 0x80, 0x0E, 0x00, 0x0B, 0x40, 0x2E,
    0x00, 0x3F, 0xD0, 0xFF, 0x80, 0x03, 0xFD, 0x0B, 0x80, 0x3D, 0x0F, 0xA0, 0x0E, 0x0F, 0x00, 0x03,
    0x8B, 0x00, 0x01, 0xD7, 0x00, 0x00, 0xBF, 0x80, 0x00, 0x3C, 0xB0, 0x00, 0x0E, 0x1D, 0x00, 0x03,
    0x43, 0xC0, 0x01, 0xC0, 0x74, 0x00, 0xB4, 0x0F, 0x00, 0xFF, 0x81, 0xF0, 0x00, 0x7F, 0xFF, 0xC0,
    0x01, 0xE6, 0xE0, 0x00, 0x1C, 0x1C, 0x00, 0x02, 0xC2, 0xC0, 0x00, 0x34, 0x38, 0x00, 0x03, 0x03,
    0x80, 0x00, 0xB0, 0x74, 0x00, 0x0D, 0x0B, 0x00, 0x02, 0xC0, 0xF0, 0x00, 0x34, 0x0E, 0x00, 0xAE,
    0x01, 0xE0, 0x0B, 0x80, 0xFF, 0x80, 0x01, 0xFC, 0x00, 0xBF, 0x00, 0x2F, 0x40, 0x7E, 0x00, 0x0A,
    0xE0, 0x3B, 0x80, 0x03, 0x78, 0x1C, 0xD0, 0x00, 0xCB, 0x0D, 0x34, 0x00, 0xB2, 0xC7, 0x1D, 0x00,
    0x38, 0x73, 0x07, 0x00, 0x0C, 0x0F, 0x81, 0xC0, 0x07, 0x03, 0xC0, 0xB0, 0x03, 0x80, 0xD0, 0x2C,
    0x01, 0xE0, 0x00, 0x0F, 0x42, 0xFE, 0x00, 0x0F, 0xF0, 0x03, 0xFE, 0x0B, 0xFC, 0x00, 0xF0, 0x02,
    0xD0, 0x00, 0xE0, 0x02, 0xC0, 0x00, 0xE0, 0x03, 0xC0, 0x01, 0xD0, 0x03, 0x80, 0x02, 0xFF, 0xFF,
    0x40, 0x03, 0xD5, 0x5B, 0x00, 0x03, 0x80, 0x0B, 0x00, 0x03, 0x40, 0x0E, 0x00, 0x07, 0x00, 0x0E,
    0x00, 0x0B, 0x40, 0x2E, 0x00, 0x3F, 0xD0, 0xFF, 0x80, 0x00, 0x6F, 0xE0, 0x02, 0xFA, 0xFC, 0x0B,
    0x40, 0x2D, 0x1E, 0x00, 0x0F, 0x3C, 0x00, 0x0F, 0x38, 0x00, 0x0F, 0x34, 0x00, 0x0E, 0x78, 0x00,
    0x1D, 0x38, 0x00, 0x3C, 0x3C, 0x00, 0xF0, 0x1F, 0x9B, 0xD0, 0x07, 0xFE, 0x00, 0x03, 0xFF, 0xFF,
    0xF0, 0x03, 0xD5, 0x6E, 0x00, 0x0E, 0x00, 0x74, 0x00, 0x38, 0x02, 0xC0, 0x01, 0xD0, 0x0F, 0x00,
    0x0B, 0x00, 0x38, 0x00, 0x3C, 0x00, 0xD0, 0x00, 0xE0, 0x07, 0x00, 0x03, 0x40, 0x2C, 0x00, 0x1C,
    0x00, 0xF0, 0x00, 0xB4, 0x07, 0x80, 0x0F, 0xF4, 0xBF, 0xC0, 0x01, 0xFF, 0xD0, 0x0F, 0xDB, 0xD0,
    0x0F, 0x03, 0x80, 0x38, 0x0E, 0x01, 0xD0, 0x74, 0x0B, 0x5B, 0x80, 0x2F, 0xE0, 0x00, 0xE0, 0x00,
    0x03, 0x40, 0x00, 0x1C, 0x00, 0x00, 0xF4, 0x00, 0x0F, 0xF8, 0x00, 0x00, 0x6F, 0xE0, 0x0B, 0xEA,
    0xE0, 0xB4, 0x03, 0x47, 0x40, 0x0C, 0x3C, 0x00, 0x00, 0xE0, 0x00, 0x03, 0x40, 0x00, 0x0E, 0x00,
    0x00, 0x3C, 0x00, 0x00, 0xF4, 0x01, 0x81, 0xFE, 0xBC, 0x01, 0xBF, 0x80, 0x3F, 0xFF, 0xF5, 0xD6,
    0xD6, 0xCA, 0x0B, 0x07, 0x10, 0x38, 0x04, 0x00, 0xD0, 0x00, 0x07, 0x40, 0x00, 0x2C, 0x00, 0x00,
    0xF0, 0x00, 0x03, 0x80, 0x00, 0x0D, 0x00, 0x00, 0xB8, 0x00, 0x0F, 0xF8, 0x00, 0x3F, 0xD0, 0xFF,
    0x03, 0xC0, 0x1E, 0x00, 0xB0, 0x0B, 0x00, 0x1D, 0x03, 0x00, 0x03, 0x83, 0x80, 0x00, 0xF1, 0xC0,
    0x00, 0x1C, 0xC0, 0x00, 0x03, 0xE0, 0x00, 0x00, 0xF0, 0x00, 0x00, 0x30, 0x00, 0x07, 0xB4, 0x00,
    0x00, 0xF4, 0x00, 0x00, 0x00, 0x2F, 0xD0, 0x00, 0x0B, 0x00, 0x01, 0xFF, 0xF4, 0x0F, 0x5E, 0x7D,
    0x3C, 0x0D, 0x0F, 0x74, 0x1C, 0x0F, 0x70, 0x2C, 0x0E, 0x74, 0x38, 0x2D, 0x3D, 0x79, 0xF4, 0x0B,
    0xFF, 0x80, 0x00, 0xB0, 0x00, 0x03, 0xFC, 0x00, 0x02, 0xFF, 0x1F, 0xF0, 0x02, 0xE0, 0x2E, 0x00,
    0x03, 0xC0, 0xE0, 0x00, 0x07, 0x4E, 0x00, 0x00, 0x0F, 0xE0, 0x00, 0x00, 0x1F, 0x00, 0x00, 0x00,
    0xFC, 0x00, 0x00, 0x0E, 0x74, 0x00, 0x00, 0xB0, 0xF0, 0x00, 0x0B, 0x01, 0xD0, 0x00, 0xB4, 0x03,
    0xD0, 0x0F, 0xF4, 0x3F, 0xD0, 0x03, 0xFE, 0x1F, 0xF0, 0x03, 0xD0, 0x1E, 0x00, 0x0F, 0x00, 0x70,
    0x00, 0x38, 0x02, 0xC0, 0x01, 0xD0, 0x0F, 0x00, 0x0B, 0x00, 0x38, 0x00, 0x2C, 0x01, 0xD0, 0x00,
    0xE0, 0x0B, 0x00, 0x03, 0x40, 0x2C, 0x00, 0x1C, 0x00, 0xE0, 0x00, 0xB5, 0x57, 0x80, 0x0F, 0xFF,
    0xFF, 0xC0, 0x00, 0x00, 0x0B, 0x00, 0x00, 0x00, 0x34, 0x00, 0x00, 0x00, 0xC0, 0x00, 0xFF, 0x8B,
    0xFC, 0xB4, 0x0B, 0x42, 0xC0, 0x2C, 0x0E, 0x00, 0xF0, 0x38, 0x03, 0x80, 0xF9, 0xBD, 0x00, 0xFF,
    0xF0, 0x00, 0x03, 0xC0, 0x00, 0x0E, 0x00, 0x00, 0x34, 0x00, 0x02, 0xE0, 0x00, 0x3F, 0xE0, 0x03,
    0xFC, 0x7F, 0x4F, 0xF0, 0x03, 0xC0, 0xB4, 0x1E, 0x00, 0x0E, 0x02, 0xC0, 0x74, 0x00, 0x38, 0x0F,
    0x02, 0xC0, 0x01, 0xD0, 0x38, 0x0F, 0x00, 0x0B, 0x00, 0xD0, 0x38, 0x00, 0x3C, 0x07, 0x00, 0xD0,
    0x00, 0xE0, 0x2C, 0x07, 0x00, 0x03, 0x40, 0xE0, 0x2C, 0x00, 0x1C, 0x03, 0x40, 0xF0, 0x00, 0xB9,
    0x6E, 0x5B, 0x80, 0x0F, 0xFF, 0xFF, 0xFF, 0xC0, 0x03, 0xFC, 0x7F, 0x4F, 0xF0, 0x03, 0xC0, 0xB4,
    0x1E, 0x00, 0x0E, 0x02, 0xC0, 0x74, 0x00, 0x38, 0x0F, 0x02, 0xC0, 0x01, 0xD0, 0x38, 0x0F, 0x00,
    0x0B, 0x00, 0xD0, 0x38, 0x00, 0x3C, 0x07, 0x00, 0xD0, 0x00, 0xE0, 0x2C, 0x07, 0x00, 0x03, 0x40,
    0xE0, 0x2C, 0x00, 0x1C, 0x03, 0x40, 0xE0, 0x00, 0xB9, 0x6E, 0x5B, 0xD0, 0x0F, 0xFF, 0xFF, 0xFF,
    0xC0, 0x00, 0x00, 0x00, 0x0B, 0x00, 0x00, 0x00, 0x00, 0x38, 0x00, 0x00, 0x00, 0x00, 0xC0, 0x00,
    0x3F, 0xFE, 0x01, 0xD7, 0xC0, 0x0A, 0x0F, 0x00, 0x10, 0x38, 0x00, 0x01, 0xD0, 0x00, 0x07, 0xFE,
    0x00, 0x2D, 0x6F, 0x00, 0xE0, 0x2C, 0x03, 0x80, 0x70, 0x1D, 0x03, 0xC0, 0xB9, 0xBD, 0x0F, 0xFF,
    0x80, 0x00, 0x00, 0x00, 0x03, 0xFE, 0x00, 0xFF, 0x80, 0x3D, 0x00, 0x0B, 0x40, 0x0F, 0x00, 0x03,
    0xC0, 0x03, 0x80, 0x00, 0xE0, 0x01, 0xD0, 0x00, 0x34, 0x00, 0xBF, 0xD0, 0x1C, 0x00, 0x3D, 0x7E,
    0x0B, 0x00, 0x0E, 0x03, 0xC3, 0xC0, 0x03, 0x40, 0xB0, 0xE0, 0x01, 0xD0, 0x38, 0x74, 0x00, 0xB5,
    0xBC, 0x2D, 0x00, 0xFF, 0xF8, 0x3F, 0xD0, 0x00, 0x00, 0x00, 0x00, 0x00, 0x03, 0xFE, 0x00, 0x03,
    0xD0, 0x00, 0x0F, 0x00, 0x00, 0x38, 0x00, 0x01, 0xD0, 0x00, 0x0B, 0xFE, 0x00, 0x3D, 0x6F, 0x00,
    0xE0, 0x1D, 0x03, 0x40, 0x74, 0x1D, 0x02, 0xC0, 0xB5, 0x7D, 0x0F, 0xFF, 0x80, 0x00, 0x00, 0x00,
    0x06, 0xFE, 0x00, 0xF9, 0xBC, 0x0C, 0x02, 0xD0, 0x80, 0x0E, 0x00, 0x00, 0xF0, 0x2F, 0xFE, 0x00,
    0x55, 0xE0, 0x00, 0x2D, 0x00, 0x03, 0xCE, 0x00, 0xF0, 0xB9, 0xBD, 0x02, 0xFE, 0x00, 0x03, 0xFE,
    0x06, 0xFD, 0x00, 0x0F, 0x42, 0xFA, 0xF8, 0x00, 0xE0, 0x74, 0x03, 0xC0, 0x0D, 0x0E, 0x00, 0x2C,
    0x01, 0xD1, 0xC0, 0x01, 0xD0, 0x2F, 0xFC, 0x00, 0x1D, 0x03, 0xD7, 0x80, 0x01, 0xC0, 0x38, 0x3C,
    0x00, 0x3C, 0x03, 0x43, 0xC0, 0x07, 0x40, 0x70, 0x2E, 0x00, 0xF0, 0x0B, 0x40, 0xF9, 0xBC, 0x03,
    0xFD, 0x02, 0xFD, 0x00, 0x00, 0x1F, 0xFF, 0x00, 0x2E, 0x5E, 0x00, 0x1D, 0x03, 0x40, 0x0B, 0x01,
    0xC0, 0x02, 0xC0, 0xB0, 0x00, 0x7D, 0x38, 0x00, 0x07, 0xFD, 0x00, 0x02, 0xC7, 0x00, 0x01, 0xD2,
    0xC0, 0x01, 0xE0, 0xB0, 0x0A, 0xF0, 0x7C, 0x02, 0xE0, 0xBF, 0xC0, 0x01, 0xF9, 0xC0, 0x78, 0xF8,
    0x0D, 0x03, 0x42, 0xC0, 0x70, 0x34, 0x0F, 0x03, 0x41, 0xE0, 0x74, 0x7D, 0x53, 0xEC, 0xFC, 0x2F,
    0x0B, 0x00, 0x00, 0x00, 0x60, 0x01, 0xBE, 0x00, 0xF9, 0x40, 0x38, 0x00, 0x0B, 0x00, 0x00, 0xDB,
    0xD0, 0x1F, 0x4B, 0x03, 0xC0, 0x34, 0x38, 0x03, 0x43, 0x40, 0x70, 0x34, 0x0F, 0x03, 0xD7, 0xC0,
    0x0B, 0xE0, 0x00, 0x01, 0xBD, 0x07, 0x9F, 0x0D, 0x0B, 0x38, 0x2C, 0x3F, 0xBD, 0x74, 0x0E, 0x34,
    0x0E, 0x3D, 0xBC, 0x1F, 0xD0, 0x0B, 0xF0, 0xA5, 0xF0, 0x03, 0x80, 0x7C, 0x0B, 0x40, 0xF0, 0x07,
    0x01, 0x5F, 0xBC, 0x2F, 0x80, 0x02, 0xF8, 0x02, 0x9B, 0xC0, 0x00, 0x74, 0x00, 0x0E, 0x01, 0xFB,
    0x82, 0xE7, 0xE1, 0xD0, 0x38, 0xF0, 0x0D, 0x34, 0x07, 0x1D, 0x02, 0xC3, 0x40, 0xD0, 0xF5, 0xE0,
    0x0F, 0xD0, 0x00, 0x01, 0xFC, 0x0B, 0xAD, 0x1D, 0x0D, 0x3C, 0x3C, 0x3A, 0xE0, 0x7E, 0x00, 0x34,
    0x08, 0x3E, 0xB4, 0x1F, 0x90, 0x0B, 0xC0, 0xC0, 0xB8, 0xBB, 0x4B, 0x0E, 0xA1, 0x0A, 0x38, 0xA0,
    0x00, 0x2A, 0xD7, 0x00, 0x00, 0xF7, 0x78, 0x00, 0x03, 0x5E, 0xA0, 0x00, 0x28, 0xB2, 0x82, 0x2B,
    0xC3, 0x8B, 0xB8, 0xB8, 0x0C, 0x0F, 0x80, 0x07, 0xF4, 0x1E, 0x7C, 0x10, 0x2C, 0x01, 0xB0, 0x07,
    0xF0, 0x00, 0x38, 0x40, 0x38, 0xF5, 0xF0, 0x7F, 0x80, 0x2F, 0x01, 0xD0, 0xB0, 0x2C, 0x0B, 0x03,
    0x80, 0xE0, 0x34, 0x0D, 0x07, 0x01, 0xC0, 0xF0, 0x2C, 0x3F, 0x12, 0xEE, 0x7E, 0x1F, 0x47, 0x80,
    0x00, 0x00, 0x00, 0x04, 0x08, 0x00, 0xD1, 0xC0, 0x0B, 0xE0, 0x00, 0x00, 0x02, 0xF0, 0x1D, 0x0B,
    0x02, 0xC0, 0xB0, 0x38, 0x0E, 0x03, 0x40, 0xD0, 0x70, 0x1C, 0x0F, 0x02, 0xC3, 0xF1, 0x2E, 0xE7,
    0xE1, 0xF4, 0x78, 0x2F, 0x07, 0xC2, 0xC7, 0xA0, 0xA3, 0x00, 0x37, 0x00, 0x0F, 0xC0, 0x07, 0x78,
    0x02, 0xCB, 0x04, 0xE0, 0xFD, 0x34, 0x1E, 0x00, 0x00, 0x0B, 0xF0, 0x00, 0xB7, 0xC0, 0x03, 0x0E,
    0x00, 0x28, 0x34, 0x00, 0xD1, 0xC0, 0x03, 0x0B, 0x00, 0x28, 0x38, 0x4E, 0xC0, 0xFD, 0x3D, 0x03,
    0xD0, 0x0B, 0xD0, 0x1F, 0x00, 0xBC, 0x0F, 0x80, 0x2B, 0x0A, 0xD0, 0x0C, 0xD3, 0x30, 0x03, 0x3A,
    0x5C, 0x01, 0xCA, 0xCB, 0x00, 0x92, 0xD2, 0x86, 0xB0, 0xB0, 0xBD, 0xB4, 0x10, 0x2D, 0x00, 0x2F,
    0x01, 0xC0, 0xB0, 0x1C, 0x0B, 0x02, 0xC0, 0xE0, 0x38, 0x0F, 0xFF, 0x41, 0xC0, 0x70, 0x2C, 0x0B,
    0x13, 0x80, 0xBE, 0x34, 0x0B, 0x80, 0x01, 0xFD, 0x02, 0xD2, 0xC1, 0xD0, 0x34, 0xF0, 0x0E, 0x38,
    0x07, 0x5D, 0x02, 0xC3, 0x40, 0xE0, 0xF5, 0xF0, 0x0F, 0xD0, 0x00, 0x2F, 0x0B, 0x80, 0xB3, 0xBC,
    0x0A, 0xD2, 0xC0, 0xF8, 0x38, 0x0F, 0x03, 0x41, 0xD0, 0x70, 0x2C, 0x0B, 0x13, 0x80, 0xFE, 0x34,
    0x0B, 0x40, 0x0B, 0xC7, 0xD0, 0x0B, 0x7B, 0xC0, 0x2F, 0x0B, 0x00, 0xF4, 0x2C, 0x03, 0x80, 0xF0,
    0x1C, 0x03, 0x40, 0xB0, 0x2C, 0x02, 0xD2, 0xD0, 0x0E, 0xF8, 0x00, 0x30, 0x00, 0x01, 0xC0, 0x00,
    0x0B, 0x40, 0x00, 0xBF, 0x80, 0x00, 0x01, 0xF8, 0x0B, 0xAC, 0x1D, 0x00, 0x38, 0x00, 0x34, 0x00,
    0x74, 0x00, 0x38, 0x04, 0x3E, 0xB4, 0x1F, 0x80, 0x2F, 0x0B, 0x42, 0xD0, 0x2C, 0xEE, 0x7B, 0x80,
    0xAD, 0x3B, 0x4E, 0x03, 0xE0, 0xF4, 0x34, 0x0F, 0x03, 0x81, 0xC0, 0x74, 0x1C, 0x0B, 0x02, 0xC0,
    0xB0, 0x38, 0x4E, 0x03, 0x80, 0xFC, 0x34, 0x0D, 0x03, 0xD0, 0x07, 0xD0, 0x74, 0x1B, 0x80, 0xE0,
    0x0B, 0x03, 0x40, 0x1C, 0x0C, 0x00, 0x34, 0xA0, 0x00, 0xD3, 0x40, 0x03, 0xA8, 0x00, 0x0E, 0xC0,
    0x00, 0x3D, 0x00, 0x00, 0xE0, 0x00, 0x0E, 0x00, 0x1A, 0xE0, 0x00, 0x7D, 0x00, 0x00, 0x00, 0x01,
    0xF8, 0x00, 0x03, 0xAC, 0x00, 0x0E, 0x00, 0x00, 0x0D, 0x00, 0x01, 0xBF, 0xD0, 0x0B, 0xAD, 0xF4,
    0x1D, 0x2C, 0x3C, 0x38, 0x28, 0x2C, 0x34, 0x38, 0x2C, 0x74, 0x34, 0x38, 0x38, 0x30, 0xB0, 0x2E,
    0xBB, 0xD0, 0x07, 0xFE, 0x00, 0x00, 0xB0, 0x00, 0x00, 0xD0, 0x00, 0x3A, 0xC0, 0x00, 0x3E, 0x00,
    0x00, 0x07, 0xC0, 0xB4, 0x2B, 0x4B, 0x90, 0x0F, 0x70, 0x00, 0x1F, 0x00, 0x00, 0x38, 0x00, 0x02,
    0xF0, 0x00, 0x2C, 0xD0, 0x0E, 0xC3, 0xE8, 0x3C, 0x07, 0x80, 0x2F, 0x01, 0xD0, 0x70, 0x2C, 0x0B,
    0x03, 0xC0, 0xE0, 0x38, 0x0D, 0x07, 0x41, 0xC0, 0xF0, 0x2C, 0x3F, 0x22, 0xEE, 0x7E, 0x1F, 0x47,
    0x90, 0x00, 0x0A, 0x00, 0x00, 0xD0, 0x00, 0x28, 0x3F, 0x02, 0xC0, 0xB0, 0x38, 0x0E, 0x03, 0x40,
    0xD0, 0x70, 0x0F, 0x6F, 0x00, 0x7E, 0xE0, 0x00, 0x0D, 0x40, 0x00, 0xFC, 0x00, 0x0F, 0x00, 0x2F,
    0x02, 0xC1, 0xC2, 0xB0, 0x38, 0x2C, 0x0B, 0x07, 0x03, 0x80, 0xE0, 0xB0, 0x34, 0x0D, 0x0E, 0x07,
    0x01, 0xC1, 0xD0, 0xF0, 0x2C, 0x3D, 0x2F, 0x12, 0xED, 0xFE, 0xBE, 0x1F, 0x0B, 0x87, 0x40, 0x2F,
    0x02, 0xC1, 0xC2, 0xB0, 0x38, 0x2C, 0x0B, 0x07, 0x03, 0x80, 0xE0, 0xB0, 0x34, 0x0D, 0x0E, 0x07,
    0x01, 0xC1, 0xD0, 0xF0, 0x2C, 0x3D, 0x2F, 0x22, 0xED, 0xFE, 0x7E, 0x1F, 0x0B, 0x87, 0x90, 0x00,
    0x00, 0x0D, 0x00, 0x00, 0x00, 0xD0, 0x00, 0x00, 0x38, 0x2F, 0xFE, 0x1E, 0xAE, 0x07, 0x09, 0x00,
    0x4B, 0xF8, 0x03, 0x5F, 0x02, 0x80, 0xD0, 0xE0, 0x70, 0x2D, 0xB8, 0x03, 0xF4, 0x00, 0x2F, 0x00,
    0x0D, 0x0B, 0x80, 0x07, 0x00, 0xD0, 0x01, 0xC0, 0x3F, 0xE0, 0xB0, 0x1E, 0x6D, 0x38, 0x0A, 0x03,
    0x4D, 0x03, 0x81, 0xC7, 0x10, 0xB6, 0xE1, 0xFC, 0x0F, 0xD0, 0x78, 0x00, 0x2E, 0x00, 0x6E, 0x00,
    0x0D, 0x00, 0x0E, 0xF8, 0x1E, 0x6D, 0x28, 0x0D, 0x38, 0x1D, 0x3D, 0xB8, 0x0F, 0xD0, 0x07, 0xF4,
    0x1D, 0x7C, 0x10, 0x1D, 0x00, 0x0D, 0x07, 0xFD, 0x01, 0x6C, 0x50, 0x2C, 0xB5, 0xB0, 0x3F, 0x80,
    0x2F, 0x00, 0xBD, 0x0B, 0xC1, 0xE2, 0xD0, 0xB0, 0xE0, 0x38, 0x38, 0xB0, 0x0E, 0x0F, 0xF8, 0x03,
    0x47, 0xAE, 0x01, 0xC2, 0xC3, 0x80, 0xE0, 0xE0, 0xF5, 0xF0, 0x34, 0x0F, 0xE0, 0x00, 0x00, 0x7F,
    0xC0, 0x2E, 0x6C, 0x03, 0x82, 0x80, 0x38, 0x38, 0x01, 0xFF, 0x40, 0x0D, 0x70, 0x03, 0x8B, 0x13,
    0xB0, 0xFD, 0x3D, 0x0B, 0x40, 0x01, 0x80, 0x02, 0xD0, 0x00, 0xB0, 0x00, 0x20, 0x00, 0x00, 0x01,
    0xFC, 0x0B, 0xAD, 0x1D, 0x0D, 0x3C, 0x3C, 0x3A, 0xE0, 0x7E, 0x00, 0x34, 0x08, 0x3E, 0xB4, 0x1F,
    0x90, 0x00, 0x00, 0x00, 0xF2, 0xD0, 0x38, 0xB0, 0x00, 0x00, 0x00, 0x00, 0x00, 0x7F, 0x00, 0xBA,
    0xD0, 0x74, 0x34, 0x3C, 0x3C, 0x0E, 0xB8, 0x07, 0xE0, 0x00, 0xD0, 0x20, 0x3E, 0xB4, 0x07, 0xE4,
    0x00, 0x1F, 0x80, 0x00, 0xE0, 0x02, 0xFF, 0xD0, 0x1C, 0x00, 0x0B, 0x00, 0x03, 0x8B, 0xC0, 0xDF,
    0xB4, 0x7E, 0x0D, 0x1E, 0x03, 0x4B, 0x00, 0xD3, 0x80, 0x70, 0xD0, 0x2C, 0x70, 0x0E, 0x00, 0x07,
    0x00, 0x03, 0x80, 0x76, 0xC0, 0x1F, 0x80, 0x00, 0x00, 0x0C, 0x00, 0x3C, 0x00, 0xB0, 0x00, 0xC0,
    0x00, 0x00, 0x0B, 0xF0, 0x29, 0x78, 0x00, 0x38, 0x01, 0xF0, 0x0B, 0x40, 0x38, 0x00, 0x70, 0x14,
    0x7E, 0xF0, 0x2F, 0x80, 0x01, 0xFC, 0x0B, 0xAD, 0x1C, 0x00, 0x38, 0x10, 0x3F, 0xF0, 0x70, 0x00,
    0x34, 0x08, 0x3E, 0xB8, 0x1F, 0x90, 0x02, 0xF4, 0x3A, 0xE1, 0xC0, 0x07, 0xC0, 0x0B, 0xD0, 0x07,
    0xC9, 0x0B, 0x3E, 0xB4, 0x3F, 0x40, 0x00, 0x00, 0x2D, 0x02, 0xC0, 0x00, 0x00, 0x02, 0xF0, 0x07,
    0x00, 0xB0, 0x0E, 0x00, 0xD0, 0x1C, 0x02, 0xC4, 0x3F, 0x43, 0xD0, 0x00, 0x00, 0x78, 0xF1, 0xC3,
    0x80, 0x00, 0x00, 0x00, 0xBC, 0x00, 0x70, 0x02, 0xC0, 0x0E, 0x00, 0x34, 0x01, 0xC0, 0x0B, 0x10,
    0x3F, 0x40, 0xF4, 0x00, 0x00, 0x00, 0x00, 0x00, 0x2C, 0x00, 0x03, 0xC0, 0x00, 0x00, 0x00, 0x00,
    0x00, 0x02, 0xF0, 0x00, 0x0B, 0x00, 0x00, 0xB0, 0x00, 0x0E, 0x00, 0x00, 0xD0, 0x00, 0x1C, 0x00,
    0x02, 0xC0, 0x00, 0x3C, 0x00, 0x03, 0x80, 0x00, 0x70, 0x00, 0x0E, 0x00, 0x3B, 0xC0, 0x02, 0xF0,
    0x00, 0x00, 0x07, 0xF0, 0x00, 0x0B, 0x6C, 0x00, 0x03, 0x0D, 0x00, 0x01, 0x83, 0x00, 0x00, 0xD2,
    0xFF, 0x40, 0x30, 0xB5, 0xF0, 0x28, 0x38, 0x2C, 0xEC, 0x0B, 0x6D, 0x3D, 0x00, 0xFD, 0x00, 0x2F,
    0x03, 0x40, 0x0B, 0x03, 0x40, 0x0B, 0x07, 0x00, 0x0E, 0x0B, 0x00, 0x0F, 0xFF, 0xFC, 0x1C, 0x0E,
    0x6D, 0x2C, 0x0D, 0x0D, 0x38, 0x0E, 0x6C, 0x34, 0x07, 0xE0, 0x1F, 0x80, 0x00, 0x38, 0x00, 0x2F,
    0xFD, 0x00, 0x70, 0x00, 0x0B, 0x00, 0x00, 0xE1, 0xF4, 0x0D, 0xBB, 0x81, 0xEC, 0x34, 0x1F, 0x07,
    0x02, 0xD0, 0xB0, 0x3C, 0x0E, 0x13, 0x40, 0xFC, 0x70, 0x0F, 0x40, 0x00, 0x03, 0x00, 0x03, 0xC0,
    0x02, 0xC0, 0x00, 0x80, 0x00, 0x00, 0x0B, 0xC1, 0xF0, 0xB1, 0xE8, 0x28, 0xC0, 0x0D, 0xC0, 0x03,
    0xF0, 0x01, 0xDE, 0x00, 0xB2, 0xC1, 0x38, 0x3F, 0x4D, 0x07, 0x80, 0x00, 0x50, 0x00, 0x0B, 0x00,
    0x00, 0x38, 0x00, 0x00, 0x80, 0x00, 0x00, 0x02, 0xF0, 0x1D, 0x0B, 0x02, 0xC0, 0xB0, 0x38, 0x0E,
    0x03, 0x40, 0xD0, 0x70, 0x1C, 0x0F, 0x02, 0xC3, 0xF1, 0x2E, 0xE7, 0xE1, 0xF4, 0x78, 0x00, 0x00,
    0x00, 0x00, 0x40, 0x80, 0x07, 0x4A, 0x00, 0x0B, 0xE0, 0x00, 0x00, 0x00, 0x1F, 0x41, 0xD0, 0x6E,
    0x03, 0x80, 0x2C, 0x0D, 0x00, 0x70, 0x30, 0x00, 0xD2, 0x80, 0x03, 0x4D, 0x00, 0x0E, 0xA0, 0x00,
    0x3B, 0x00, 0x00, 0xF4, 0x00, 0x03, 0x80, 0x00, 0x38, 0x00, 0x6B, 0x80, 0x01, 0xF4, 0x00, 0x00,
    0x2F, 0x01, 0xD0, 0xB0, 0x2C, 0x0B, 0x03, 0x80, 0xE0, 0x34, 0x0D, 0x07, 0x01, 0xC0, 0xF0, 0x2C,
    0x3F, 0x12, 0xEE, 0x7E, 0x1F, 0x47, 0x80, 0x02, 0x00, 0x00, 0x30, 0x00, 0x1D, 0x00, 0x03, 0xFC,
    0x00, 0x1E, 0x00, 0x7F, 0xFF, 0xCB, 0x6D, 0x6C, 0x92, 0xC2, 0x80, 0x38, 0x00, 0x03, 0xFF, 0x40,
    0x79, 0xBD, 0x07, 0x00, 0xE0, 0xB0, 0x0E, 0x0E, 0x01, 0xD1, 0xE5, 0xBC, 0xBF, 0xFD, 0x00, 0x00,
    0x00, 0x2F, 0x0B, 0x40, 0x0B, 0x3B, 0x80, 0x0A, 0xD3, 0x40, 0x0F, 0x43, 0x00, 0x0F, 0x07, 0xFD,
    0x1D, 0x0B, 0x5F, 0x2C, 0x0E, 0x0B, 0x38, 0x0B, 0x6D, 0x34, 0x03, 0xF4, 0x00, 0x2F, 0xE0, 0x02,
    0xFA, 0xBC, 0x0B, 0x40, 0x1D, 0x1D, 0x00, 0x0F, 0x3C, 0x00, 0x0F, 0x3F, 0xFF, 0xFF, 0x34, 0x00,
    0x0E, 0x74, 0x00, 0x2D, 0x38, 0x00, 0x3C, 0x3C, 0x00, 0xF0, 0x1F, 0x9B, 0xD0, 0x07, 0xFD, 0x00,
    0x01, 0xFD, 0x02, 0xD2, 0xD1, 0xD0, 0x38, 0xE0, 0x0E, 0x3F, 0xFF, 0x9C, 0x00, 0xD3, 0x40, 0xF0,
    0xF5, 0xF0, 0x0F, 0xE0, 0x00, 0x7F, 0xC0, 0x1F, 0x0B, 0x80, 0x1F, 0xC1, 0xE0, 0x0E, 0x00, 0x38,
    0x0B, 0x00, 0x0E, 0x03, 0x80, 0x03, 0xC1, 0xC0, 0x00, 0xB0, 0xE0, 0x00, 0x1C, 0x70, 0x00, 0x07,
    0x38, 0x00, 0x00, 0xEC, 0x00, 0x00, 0x3E, 0x00, 0x00, 0x0F, 0x00, 0x00, 0x7D, 0x00, 0xF1, 0xB8,
    0x0F, 0x80, 0xE0, 0xA0, 0x03, 0x87, 0x00, 0x0A, 0x30, 0x00, 0x2A, 0x80, 0x00, 0xBC, 0x00, 0x02,
    0xD0, 0x00, 0x06, 0x00, 0x00, 0x00, 0x00, 0x00, 0x00, 0x00, 0x07, 0x03, 0x00, 0x00, 0x0B, 0x0A,
    0x00, 0x00, 0x02, 0xF8, 0x00, 0x00, 0x00, 0x00, 0x00, 0x03, 0xFE, 0x0B, 0xFC, 0x00, 0xF4, 0x02,
    0xD0, 0x00, 0xF0, 0x03, 0xC0, 0x00, 0xE0, 0x0F, 0xC0, 0x01, 0xD0, 0x77, 0x80, 0x02, 0xC1, 0xC7,
    0x40, 0x03, 0xC7, 0x07, 0x00, 0x03, 0xAC, 0x0B, 0x00, 0x03, 0xE0, 0x0E, 0x00, 0x07, 0x80, 0x0E,
    0x00, 0x0B, 0x40, 0x2E, 0x00, 0x3F, 0xD0, 0xFF, 0x80, 0x00, 0x00, 0x0B, 0x00, 0x00, 0x00, 0x0D,
    0x00, 0x00, 0x00, 0x24, 0x00, 0x00, 0x00, 0x00, 0x01, 0x02, 0x00, 0x0D, 0x1C, 0x00, 0x2F, 0x80,
    0x00, 0x00, 0x00, 0xBC, 0x07, 0x40, 0xB0, 0x2C, 0x02, 0xC0, 0xF0, 0x0E, 0x03, 0x40, 0x34, 0x1C,
    0x01, 0xC0, 0xF0, 0x0B, 0x0F, 0xC8, 0x2E, 0xE7, 0xF0, 0x7D, 0x1F, 0x80, 0x00, 0x0C, 0x00, 0x00,
    0xA0, 0x00, 0x02, 0x00, 0x03, 0xFE, 0x00, 0x03, 0xD0, 0x00, 0x0F, 0x00, 0x02, 0xFF, 0xC0, 0x01,
    0xD0, 0x00, 0x07, 0xFE, 0x00, 0x2D, 0x6F, 0x00, 0xE0, 0x1D, 0x03, 0x40, 0x74, 0x1D, 0x02, 0xC0,
    0xB5, 0x6D, 0x0F, 0xFF, 0x80, 0x00, 0x00, 0x00, 0x0B, 0xC0, 0x02, 0xC0, 0x03, 0x80, 0x03, 0x40,
    0x3F, 0xF0, 0x0B, 0x00, 0x0D, 0x00, 0x0F, 0xF8, 0x1D, 0x1E, 0x2C, 0x0E, 0x2C, 0x0D, 0x2D, 0x7C,
    0x0B, 0xE0, 0x01, 0xFF, 0xD0, 0x0F, 0xDB, 0xD0, 0x0F, 0x03, 0x80, 0x38, 0x0E, 0x01, 0xDA, 0x74,
    0x0B, 0x5F, 0x40, 0x2F, 0xF8, 0x00, 0xE0, 0x30, 0x03, 0x40, 0x00, 0x1C, 0x00, 0x00, 0xF4, 0x00,
    0x0F, 0xF8, 0x00, 0x0B, 0xC7, 0xD0, 0x0B, 0x7B, 0xC0, 0x2F, 0x0B, 0x00, 0xF4, 0x2C, 0x03, 0xC0,
    0xF0, 0x1D, 0x53, 0x40, 0xB1, 0xEC, 0x02, 0xD7, 0xC0, 0x0E, 0xFE, 0x00, 0x30, 0x0C, 0x01, 0xC0,
    0x00, 0x0B, 0x40, 0x00, 0xFF, 0x80, 0x00, 0x00, 0x00, 0x09, 0x00, 0x00, 0x0D, 0x03, 0xFF, 0xFC,
    0x00, 0xF5, 0x54, 0x00, 0xE0, 0x00, 0x00, 0xE0, 0x00, 0x01, 0xD0, 0x00, 0x02, 0xC0, 0x00, 0x03,
    0xC0, 0x00, 0x03, 0x80, 0x00, 0x03, 0x40, 0x00, 0x07, 0x00, 0x00, 0x0F, 0x40, 0x00, 0x3F, 0xE0,
    0x00, 0x00, 0x03, 0x00, 0x00, 0xC0, 0xFF, 0xE0, 0x2F, 0x90, 0x03, 0x80, 0x00, 0xD0, 0x00, 0x30,
    0x00, 0x1C, 0x00, 0x0B, 0x00, 0x17, 0x40, 0x0B, 0x80, 0x00, 0x03, 0xFF, 0xFC, 0x00, 0xF5, 0x7C,
    0x00, 0xE0, 0x2C, 0x00, 0xD0, 0x24, 0x01, 0xC0, 0x00, 0x2F, 0xFE, 0x00, 0x03, 0xC0, 0x00, 0x03,
    0x80, 0x00, 0x03, 0x40, 0x00, 0x07, 0x00, 0x00, 0x0B, 0x40, 0x00, 0x3F, 0xE0, 0x00, 0x0B, 0xF0,
    0xA5, 0xF0, 0x03, 0x83, 0xBC, 0x0B, 0xC0, 0xF2, 0x07, 0x01, 0x5F, 0xBC, 0x2F, 0x80, 0x03, 0xFF,
    0xFC, 0x03, 0xD5, 0xE0, 0x0E, 0x02, 0x40, 0x38, 0x04, 0x01, 0xD0, 0x00, 0x0B, 0xBF, 0x40, 0x3E,
    0x6F, 0x00, 0xE0, 0x1E, 0x03, 0x40, 0x38, 0x1C, 0x00, 0xE0, 0xB4, 0x07, 0x4F, 0xF4, 0x2C, 0x00,
    0x01, 0xD0, 0x07, 0xAE, 0x00, 0x0F, 0xD0, 0x00, 0x2F, 0xFF, 0x07, 0xEB, 0x80, 0xB0, 0x90, 0x38,
    0x00, 0x0E, 0xFD, 0x07, 0xEB, 0xC2, 0xC0, 0x74, 0xB0, 0x0D, 0x38, 0x07, 0x40, 0x02, 0xC0, 0x00,
    0xE0, 0x3E, 0xF0, 0x0B, 0xD0, 0x00, 0x01, 0xF0, 0x3F, 0xC0, 0xB4, 0x06, 0xE0, 0x7C, 0x0E, 0x90,
    0x00, 0xD0, 0xD0, 0xE0, 0x00, 0x02, 0x87, 0x0E, 0x00, 0x00, 0x03, 0x2C, 0xB0, 0x00, 0x00, 0x1F,
    0xFF, 0x00, 0x00, 0x00, 0xE3, 0x8D, 0x00, 0x00, 0x0F, 0x0D, 0x2C, 0x00, 0x00, 0xF0, 0x70, 0x34,
    0x00, 0x0B, 0x42, 0xC0, 0xF0, 0x00, 0xB8, 0x0F, 0x01, 0xF0, 0x0B, 0x40, 0xFF, 0x02, 0xF0, 0x00,
    0x00, 0x00, 0x02, 0xC0, 0x00, 0x00, 0x00, 0x0E, 0x00, 0x00, 0x00, 0x00, 0x30, 0x00, 0x0B, 0xC0,
    0xC0, 0xB8, 0xBB, 0x4B, 0x0E, 0xA1, 0x0A, 0x38, 0xA0, 0x00, 0x2A, 0xD7, 0x00, 0x00, 0xF7, 0x78,
    0x00, 0x03, 0x5E, 0xA0, 0x00, 0x28, 0xB2, 0x82, 0x2B, 0xC3, 0x8B, 0xBC, 0xB8, 0x0C, 0x0F, 0xA0,
    0x00, 0x00, 0x01, 0xC0, 0x00, 0x00, 0x0B, 0x00, 0x00, 0x00, 0x70, 0x06, 0xFD, 0x03, 0xE7, 0xC0,
    0xC0, 0x34, 0x20, 0x1C, 0x00, 0x0E, 0x00, 0xFF, 0x00, 0x17, 0xE0, 0x00, 0x3C, 0x00, 0x0B, 0x38,
    0x03, 0x8B, 0x9B, 0xC0, 0xBF, 0x40, 0x01, 0xC0, 0x06, 0xF0, 0x02, 0xF0, 0x00, 0x07, 0xF0, 0x1E,
    0x7C, 0x10, 0x2C, 0x00, 0x74, 0x07, 0xE0, 0x00, 0x38, 0x40, 0x38, 0xF5, 0xF0, 0x7F, 0x80, 0x03,
    0x00, 0x17, 0x00, 0x3D, 0x00, 0x03, 0xFD, 0x0B, 0x80, 0x3D, 0x0F, 0xA0, 0x0E, 0x0B, 0x00, 0x03,
    0x8B, 0x00, 0x01, 0xD7, 0x00, 0x00, 0xBF, 0x80, 0x00, 0x3C, 0xB0, 0x00, 0x0E, 0x1D, 0x00, 0x03,
    0x43, 0xC0, 0x01, 0xC0, 0x74, 0x00, 0xB4, 0x0F, 0x40, 0xFF, 0x81, 0xF4, 0x00, 0x00, 0x1D, 0x00,
    0x00, 0x07, 0x00, 0x00, 0x02, 0x40, 0x2F, 0x07, 0xC0, 0xB1, 0xE8, 0x0A, 0x30, 0x00, 0xDC, 0x00,
    0x0F, 0xC0, 0x01, 0xDE, 0x00, 0x2C, 0xB0, 0x83, 0x83, 0xFC, 0x34, 0x2E, 0x80, 0x00, 0x1C, 0x00,
    0x02, 0xC0, 0x00, 0x70, 0x03, 0xFD, 0x02, 0xE0, 0x0F, 0x00, 0xBA, 0x00, 0xE0, 0x28, 0x00, 0x0D,
    0xC7, 0x00, 0x01, 0xDC, 0xC0, 0x00, 0x2F, 0xF4, 0x00, 0x03, 0xDA, 0xC0, 0x00, 0x3A, 0x5D, 0x00,
    0x03, 0x50, 0xF0, 0x00, 0x70, 0x07, 0x40, 0x0B, 0x40, 0x3C, 0x03, 0xFE, 0x00, 0xF0, 0x2F, 0x00,
    0xF0, 0x2C, 0x0E, 0x80, 0xA4, 0xD0, 0x03, 0x79, 0x00, 0x0F, 0xF0, 0x00, 0x75, 0xE0, 0x02, 0xD1,
    0xC1, 0x0E, 0x03, 0xF8, 0x34, 0x07, 0x80, 0x03, 0xFD, 0x0B, 0x80, 0x3D, 0x0F, 0xA0, 0x0F, 0x0B,
    0x00, 0x2F, 0xFB, 0x00, 0x00, 0xD7, 0x00, 0x00, 0x7F, 0x80, 0x00, 0x2C, 0xB0, 0x00, 0x0E, 0x1D,
    0x00, 0x03, 0x43, 0xC0, 0x01, 0xC0, 0x78, 0x00, 0xB4, 0x0F, 0x00, 0xFF, 0x80, 0xF0, 0x0F, 0x80,
    0x00, 0xE0, 0x00, 0x34, 0x00, 0x0D, 0x00, 0x3F, 0xD7, 0xC1, 0xCB, 0xA0, 0xAA, 0x00, 0x3B, 0x00,
    0x0E, 0xD0, 0x07, 0x28, 0x02, 0xC7, 0x04, 0xE0, 0xFD, 0x34, 0x1E, 0x00, 0x3F, 0xFD, 0x0B, 0x9D,
    0x7C, 0x0F, 0xAA, 0x0F, 0x0B, 0x01, 0x03, 0x8B, 0x00, 0x01, 0xD7, 0x00, 0x00, 0xBF, 0x80, 0x00,
    0x2C, 0xB0, 0x00, 0x0E, 0x1D, 0x00, 0x03, 0x43, 0xC0, 0x01, 0xD0, 0x78, 0x00, 0xB4, 0x0F, 0x40,
    0xFF, 0x80, 0xF0, 0x2F, 0xD0, 0xF1, 0xDB, 0x0E, 0x87, 0x1C, 0xD0, 0x00, 0xAA, 0x00, 0x03, 0xB4,
    0x00, 0x0E, 0xE0, 0x00, 0x71, 0xC1, 0x02, 0xC3, 0xE8, 0x0E, 0x03, 0x80, 0x03, 0xFE, 0x0B, 0xFC,
    0x00, 0xF4, 0x02, 0xD0, 0x00, 0xE0, 0x02, 0xC0, 0x00, 0xE0, 0x03, 0xC0, 0x01, 0xD0, 0x03, 0x80,
    0x02, 0xFF, 0xFF, 0x40, 0x03, 0xD5, 0x5B, 0x00, 0x03, 0x80, 0x0B, 0x00, 0x03, 0x40, 0x0E, 0x00,
    0x07, 0x00, 0x0E, 0x00, 0x0B, 0x40, 0x1E, 0x00, 0x3F, 0xD0, 0xFF, 0xC0, 0x00, 0x00, 0x03, 0x80,
    0x00, 0x00, 0x03, 0x40, 0x00, 0x00, 0x03, 0x00, 0x2F, 0x01, 0xC0, 0x2C, 0x07, 0x00, 0xB0, 0x2C,
    0x03, 0x80, 0xE0, 0x0F, 0xFF, 0x40, 0x70, 0x1C, 0x02, 0xC0, 0xB2, 0x0E, 0x03, 0xFC, 0x34, 0x0B,
    0xA0, 0x00, 0x02, 0x80, 0x00, 0x0A, 0x00, 0x00, 0xB0, 0x03, 0xFE, 0x0B, 0xFF, 0xC0, 0x0F, 0x40,
    0x2E, 0x6C, 0x00, 0xE0, 0x02, 0xC1, 0x80, 0x0E, 0x00, 0x3C, 0x10, 0x01, 0xD0, 0x03, 0x80, 0x00,
    0x2F, 0xFF, 0xF4, 0x00, 0x03, 0xD5, 0x5B, 0x00, 0x00, 0x38, 0x00, 0xB0, 0x00, 0x03, 0x40, 0x0E,
    0x00, 0x00, 0x70, 0x00, 0xE0, 0x00, 0x0B, 0x40, 0x2E, 0x00, 0x03, 0xFD, 0x0F, 0xF8, 0x00, 0x2F,
    0x01, 0xFF, 0x02, 0xC0, 0x75, 0xC0, 0xB0, 0x2C, 0xB0, 0x38, 0x0E, 0x00, 0x0F, 0xFF, 0x40, 0x07,
    0x01, 0xC0, 0x02, 0xC0, 0xB1, 0x00, 0xE0, 0x2F, 0x80, 0x34, 0x0B, 0x80, 0x00, 0x03, 0xFF, 0xFF,
    0xF0, 0x00, 0x0F, 0x55, 0xB8, 0x00, 0x00, 0xE0, 0x0B, 0x00, 0x00, 0x0E, 0x00, 0xF0, 0x00, 0x01,
    0xD0, 0x0E, 0x00, 0x00, 0x2C, 0x00, 0xEB, 0xF4, 0x03, 0xC0, 0x1F, 0x9B, 0xC0, 0x38, 0x02, 0xC0,
    0x1D, 0x03, 0x40, 0x3C, 0x00, 0xE0, 0x70, 0x03, 0x80, 0x1D, 0x0F, 0x40, 0x78, 0x01, 0xD7, 0xFD,
    0x3F, 0xE0, 0x3C, 0x00, 0x00, 0x00, 0x07, 0x40, 0x00, 0x00, 0x7A, 0xE0, 0x00, 0x00, 0x07, 0xF4,
    0x00, 0x2F, 0x0B, 0x80, 0x00, 0xB3, 0xBC, 0x00, 0x0A, 0xD2, 0xC0, 0x00, 0xF8, 0x3E, 0xF4, 0x0F,
    0x03, 0x97, 0xC1, 0xD0, 0x30, 0x0E, 0x2C, 0x07, 0x00, 0xE3, 0x80, 0xB0, 0x0E, 0x34, 0x0E, 0x00,
    0xD0, 0x00, 0x00, 0x1C, 0x00, 0x00, 0x03, 0x80, 0x00, 0x28, 0xB0, 0x00, 0x02, 0xF8, 0x00, 0x00,
    0x6F, 0x00, 0x00, 0xB8, 0x2F, 0x80, 0xF0, 0x38, 0x74, 0x74, 0x2C, 0x0E, 0x3C, 0x0E, 0x03, 0x8E,
    0x07, 0x40, 0xE7, 0x81, 0xD0, 0x71, 0xE0, 0x74, 0x38, 0x3C, 0x0E, 0x2C, 0x0F, 0x41, 0xFC, 0x00,
    0xF9, 0xBE, 0x04, 0x0B, 0xF5, 0xFD, 0x01, 0xB4, 0x00, 0x2D, 0x2F, 0x41, 0xC2, 0x8B, 0x0E, 0x0C,
    0x1C, 0x34, 0x70, 0xB1, 0xD1, 0xC3, 0x43, 0x83, 0xB4, 0x0B, 0x9F, 0xD8, 0x0B, 0xE3, 0xE0, 0x00,
    0x6F, 0xE0, 0x0B, 0xEB, 0xE0, 0xB4, 0x03, 0x47, 0x40, 0x0C, 0x3C, 0x00, 0x00, 0xE0, 0x00, 0x03,
    0x40, 0x00, 0x0E, 0x00, 0x00, 0x3C, 0x00, 0x00, 0xF4, 0x01, 0x81, 0xFE, 0xBC, 0x01, 0xFF, 0x80,
    0x00, 0x30, 0x00, 0x1A, 0xC0, 0x00, 0x7C, 0x00, 0x00, 0x01, 0xFC, 0x0B, 0xAC, 0x1D, 0x00, 0x38,
    0x00, 0x34, 0x00, 0x74, 0x00, 0x38, 0x04, 0x3E, 0xB4, 0x1F, 0xC0, 0x01, 0x80, 0x16, 0x40, 0x1E,
    0x00, 0x3F, 0xFF, 0xF5, 0xD6, 0xD6, 0xCA, 0x0B, 0x07, 0x10, 0x38, 0x04, 0x00, 0xD0, 0x00, 0x07,
    0x40, 0x00, 0x2C, 0x00, 0x00, 0xF0, 0x00, 0x03, 0x80, 0x00, 0x0D, 0x00, 0x00, 0xB9, 0x00, 0x0F,
    0xFC, 0x00, 0x00, 0xE0, 0x00, 0x03, 0x40, 0x00, 0x0C, 0x00, 0x00, 0x2F, 0x0B, 0x42, 0xD0, 0x2C,
    0xEE, 0x7B, 0x80, 0xAD, 0x3B, 0x4E, 0x03, 0xE0, 0xF4, 0x34, 0x0F, 0x03, 0x81, 0xC0, 0x74, 0x1C,
    0x0B, 0x02, 0xC0, 0xB0, 0x39, 0x4E, 0x03, 0x80, 0xFD, 0x34, 0x0D, 0x03, 0xB0, 0x00, 0x00, 0x00,
    0xD0, 0x00, 0x00, 0x03, 0x00, 0x00, 0x00, 0x38, 0xFF, 0x87, 0xFC, 0x3D, 0x01, 0xE0, 0x1D, 0x03,
    0x80, 0x0E, 0x0B, 0x00, 0x0B, 0x1C, 0x00, 0x03, 0xB4, 0x00, 0x03, 0xE0, 0x00, 0x02, 0xC0, 0x00,
    0x03, 0xC0, 0x00, 0x03, 0x80, 0x00, 0x07, 0x80, 0x00, 0x3F, 0xF0, 0x00, 0x7C, 0x0B, 0x1B, 0x41,
    0xD0, 0xE0, 0x70, 0x2C, 0x2C, 0x0B, 0x0D, 0x01, 0xCB, 0x00, 0x77, 0x00, 0x0F, 0x40, 0x03, 0x40,
    0x01, 0xC0, 0x00, 0xB0, 0x00, 0x38, 0x00, 0x3F, 0xC0, 0x00, 0xFF, 0x87, 0xFC, 0x3D, 0x01, 0xE0,
    0x1D, 0x03, 0x80, 0x0E, 0x0B, 0x00, 0x0B, 0x1C, 0x00, 0x07, 0x74, 0x00, 0x03, 0xE0, 0x00, 0x2F,
    0xFC, 0x00, 0x03, 0xC0, 0x00, 0x03, 0x80, 0x00, 0x07, 0x80, 0x00, 0x3F, 0xF0, 0x00, 0x7C, 0x0B,
    0x1B, 0x41, 0xD0, 0xE0, 0x70, 0x3C, 0x28, 0x0B, 0x0D, 0x01, 0xCA, 0x00, 0x37, 0x00, 0x0F, 0x00,
    0x3F, 0xF4, 0x01, 0xC0, 0x00, 0xB0, 0x00, 0x38, 0x00, 0x3F, 0xC0, 0x00, 0x02, 0xFF, 0x1F, 0xF0,
    0x02, 0xE0, 0x2E, 0x00, 0x03, 0xC0, 0xE0, 0x00, 0x07, 0x4E, 0x00, 0x00, 0x0F, 0xE0, 0x00, 0x00,
    0x1F, 0x00, 0x00, 0x00, 0xFC, 0x00, 0x00, 0x0E, 0x74, 0x00, 0x00, 0xB0, 0xF0, 0x00, 0x0B, 0x01,
    0xD0, 0x00, 0xB4, 0x03, 0xD0, 0x0F, 0xF4, 0x3F, 0xE0, 0x00, 0x00, 0x07, 0x00, 0x00, 0x00, 0x1C,
    0x00, 0x00, 0x00, 0x50, 0x00, 0x07, 0xC0, 0xB4, 0x2B, 0x4B, 0x90, 0x0F, 0x70, 0x00, 0x1F, 0x00,
    0x00, 0x38, 0x00, 0x02, 0xF0, 0x00, 0x2C, 0xD2, 0x0E, 0xC3, 0xFC, 0x3C, 0x07, 0xA0, 0x00, 0x01,
    0xC0, 0x00, 0x0A, 0x00, 0x00, 0x70, 0x0F, 0xFF, 0xCB, 0xF8, 0x77, 0xDB, 0x0B, 0x42, 0x8F, 0x18,
    0x2C, 0x04, 0x38, 0x40, 0xE0, 0x00, 0xD0, 0x03, 0x40, 0x07, 0x00, 0x1C, 0x00, 0x2C, 0x00, 0xB0,
    0x00, 0xE0, 0x03, 0x80, 0x03, 0x40, 0x0E, 0x00, 0x1D, 0x00, 0x34, 0x00, 0xB9, 0x56, 0xD0, 0x0F,
    0xFF, 0xFF, 0xF0, 0x00, 0x00, 0x03, 0x80, 0x00, 0x00, 0x0C, 0x00, 0x00, 0x00, 0x70, 0x00, 0x00,
    0x00, 0x00, 0x00, 0x55, 0x00, 0x0F, 0xFC, 0x00, 0x00, 0x00, 0x00, 0x00, 0x2F, 0x01, 0xD0, 0x70,
    0x2C, 0x0B, 0x03, 0xC0, 0xE0, 0x38, 0x0D, 0x07, 0x41, 0xC0, 0xF0, 0x2C, 0x3F, 0x22, 0xEE, 0x7E,
    0x1F, 0x47, 0x90, 0x00, 0x0A, 0x00, 0x00, 0xD0, 0x00, 0x28, 0xFF, 0x8B, 0xFC, 0xB4, 0x0B, 0x42,
    0xC0, 0x2C, 0x0E, 0x00, 0xF0, 0x38, 0x03, 0x80, 0xF9, 0xBD, 0x00, 0xFF, 0xF0, 0x00, 0x03, 0xC0,
    0x00, 0x0E, 0x00, 0x00, 0x34, 0x00, 0x02, 0xE0, 0x00, 0x3F, 0xF0, 0x00, 0x03, 0x80, 0x00, 0x0C,
    0x00, 0x00, 0x30, 0x00, 0x3F, 0x02, 0xC0, 0xB0, 0x38, 0x0E, 0x03, 0x40, 0xE0, 0x70, 0x0F, 0x6F,
    0x00, 0x7E, 0xE0, 0x00, 0x0D, 0x50, 0x00, 0xFD, 0x00, 0x0E, 0xC0, 0x00, 0x0C, 0x00, 0x00, 0xC0,
    0x00, 0x38, 0xFF, 0x8B, 0xFC, 0xB4, 0x0B, 0x42, 0xC0, 0x2C, 0x0E, 0x20, 0xF0, 0x38, 0xC3, 0x80,
    0xFB, 0xBD, 0x00, 0xFE, 0xF0, 0x00, 0x93, 0xC0, 0x02, 0x0E, 0x00, 0x00, 0x34, 0x00, 0x02, 0xE0,
    0x00, 0x3F, 0xE0, 0x3F, 0x02, 0xC0, 0xB0, 0x38, 0x0E, 0x03, 0x40, 0xD4, 0xB0, 0x0F, 0xEF, 0x00,
    0x7E, 0xE0, 0x00, 0xCD, 0x40, 0x04, 0xFC, 0x00, 0x0F, 0x00, 0x03, 0xFE, 0x00, 0x00, 0xF4, 0x00,
    0x00, 0xE0, 0x00, 0x00, 0xD0, 0x00, 0x01, 0xEF, 0xE0, 0x02, 0xF9, 0xF4, 0x03, 0xC0, 0x38, 0x03,
    0x80, 0x34, 0x03, 0x40, 0x70, 0x07, 0x00, 0xB0, 0x0B, 0x40, 0xF0, 0x3F, 0xC3, 0xFC, 0x1F, 0x80,
    0x00, 0x38, 0x00, 0x03, 0x40, 0x00, 0x70, 0x00, 0x0B, 0x1F, 0x40, 0xE7, 0xB8, 0x0E, 0xC3, 0x80,
    0xF0, 0x34, 0x1E, 0x07, 0x02, 0xC0, 0xB0, 0x38, 0x0E, 0x13, 0x40, 0xFC, 0x70, 0x0F, 0x40, 0x00,
    0x02, 0xFD, 0x00, 0x07, 0xE7, 0xD2, 0x83, 0x80, 0x38, 0xD3, 0xC0, 0x0E, 0x3E, 0xE5, 0x57, 0x86,
    0xFF, 0xFF, 0xC0, 0x3C, 0x00, 0x00, 0x0F, 0x00, 0x00, 0x03, 0xC0, 0x00, 0x00, 0xB4, 0x01, 0x80,
    0x0F, 0xAB, 0xC0, 0x01, 0xFF, 0x40, 0x00, 0x1F, 0x80, 0x0B, 0x6C, 0x11, 0xC1, 0xCA, 0x38, 0x38,
    0xB7, 0x6E, 0x02, 0xFD, 0x00, 0x07, 0x00, 0x40, 0x7E, 0xF4, 0x02, 0xF8, 0x00, 0x00, 0x02, 0xFD,
    0x00, 0x07, 0xE7, 0xD2, 0x83, 0x80, 0x38, 0xD3, 0xC0, 0x0E, 0x3E, 0xE5, 0x57, 0x82, 0xFF, 0xFF,
    0xC0, 0x3C, 0x00, 0x00, 0x0F, 0x00, 0x00, 0x03, 0xC0, 0x00, 0x00, 0xB4, 0x01, 0x80, 0x0F, 0xAB,
    0xC0, 0x01, 0xFF, 0x40, 0x00, 0x0F, 0x00, 0x00, 0x03, 0x80, 0x00, 0x00, 0xD0, 0x00, 0x00, 0x30,
    0x00, 0x00, 0x1F, 0x80, 0x0B, 0x6C, 0x11, 0xC1, 0xCA, 0x38, 0x38, 0xB7, 0x6E, 0x02, 0xFD, 0x00,
    0x07, 0x00, 0x40, 0x7E, 0xF4, 0x02, 0xF8, 0x00, 0x07, 0x00, 0x00, 0x70, 0x00, 0x06, 0x00, 0x03,
    0xFE, 0x00, 0xF4, 0x00, 0xF0, 0x00, 0xE0, 0x01, 0xD0, 0x02, 0xC0, 0x03, 0xC0, 0x03, 0x80, 0x03,
    0x40, 0x07, 0x00, 0x0B, 0x40, 0x3F, 0xD0, 0x00, 0x00, 0x00, 0x00, 0x00, 0x00, 0x00, 0xD0, 0x60,
    0x00, 0x00, 0x03, 0x87, 0x00, 0x00, 0x00, 0x07, 0xF0, 0x00, 0x00, 0x00, 0x00, 0x00, 0x00, 0x07,
    0xC0, 0xFF, 0x02, 0xD0, 0x1B, 0x81, 0xF0, 0x3A, 0x40, 0x03, 0x43, 0x43, 0x40, 0x00, 0x0A, 0x1C,
    0x34, 0x00, 0x00, 0x0C, 0xB2, 0x80, 0x00, 0x00, 0xBF, 0xFC, 0x00, 0x00, 0x07, 0x8E, 0x38, 0x00,
    0x00, 0x3C, 0x34, 0xB0, 0x00, 0x03, 0xC1, 0xC0, 0xE0, 0x00, 0x3D, 0x0B, 0x03, 0xC0, 0x03, 0xE0,
    0x3C, 0x07, 0xC0, 0x2D, 0x03, 0xFC, 0x0B, 0x80, 0x00, 0x00, 0x00, 0x00, 0x00, 0x04, 0x08, 0x00,
    0x00, 0xB0, 0xD0, 0x00, 0x01, 0xFD, 0x00, 0x00, 0x00, 0x00, 0x00, 0x2F, 0x03, 0x02, 0xE2, 0xED,
    0x2C, 0x3A, 0x84, 0x28, 0xE2, 0x80, 0x00, 0xAB, 0x5C, 0x00, 0x03, 0xDD, 0xE0, 0x00, 0x0D, 0x7A,
    0x80, 0x00, 0xA2, 0xCA, 0x08, 0xAF, 0x0E, 0x2E, 0xE2, 0xE0, 0x30, 0x3E, 0x00, 0x03, 0xFD, 0x0B,
    0x80, 0x3D, 0x0B, 0xA0, 0x0F, 0x0B, 0x00, 0x03, 0x87, 0x00, 0x01, 0xD3, 0x00, 0x00, 0xBF, 0xE0,
    0x00, 0x3C, 0x6F, 0x00, 0x0E, 0x01, 0xE0, 0x03, 0x40, 0x3C, 0x01, 0xC0, 0x0F, 0x00, 0xB4, 0x03,
    0x80, 0xFF, 0x81, 0xD0, 0x00, 0x00, 0xF0, 0x00, 0x3A, 0xF0, 0x00, 0x0B, 0xE0, 0x00, 0x2F, 0x07,
    0x82, 0xC3, 0xA0, 0xA3, 0x40, 0x35, 0x80, 0x0F, 0xF8, 0x07, 0xEF, 0xC2, 0xC0, 0xB0, 0xE0, 0x1C,
    0x34, 0x07, 0x00, 0x02, 0xC0, 0x00, 0xD0, 0x35, 0xE0, 0x0F, 0xD0, 0x00, 0x00, 0x7F, 0xFF, 0xC0,
    0x01, 0xE6, 0xE0, 0x00, 0x1C, 0x1C, 0x00, 0x02, 0xC2, 0xC0, 0x00, 0x34, 0x38, 0x00, 0x03, 0x03,
    0x80, 0x00, 0xB0, 0x74, 0x00, 0x0D, 0x0B, 0x00, 0x01, 0xC0, 0xF0, 0x00, 0x34, 0x0E, 0x00, 0xAE,
    0x01, 0xE0, 0x0B, 0x80, 0xFF, 0xC0, 0x00, 0x00, 0x74, 0x00, 0x00, 0x0D, 0x00, 0x00, 0x02, 0x40,
    0x00, 0x00, 0x0B, 0xF0, 0x00, 0xB7, 0xC0, 0x03, 0x0E, 0x00, 0x28, 0x34, 0x00, 0xD1, 0xC0, 0x07,
    0x0B, 0x00, 0x28, 0x39, 0x8E, 0xC0, 0xFE, 0x3D, 0x03, 0xF4, 0x00, 0x01, 0xC0, 0x00, 0x0D, 0x00,
    0x00, 0x60, 0x03, 0xFE, 0x0B, 0xFC, 0x00, 0xF4, 0x02, 0xD0, 0x00, 0xE0, 0x02, 0xC0, 0x00, 0xE0,
    0x03, 0xC0, 0x01, 0xD0, 0x03, 0x80, 0x02, 0xFF, 0xFF, 0x40, 0x03, 0xD5, 0x5B, 0x00, 0x03, 0x80,
    0x0B, 0x00, 0x03, 0x40, 0x0E, 0x00, 0x07, 0x00, 0x0D, 0x00, 0x0B, 0x40, 0x1D, 0x00, 0x3F, 0xD0,
    0x2C, 0x00, 0x00, 0x00, 0x38, 0x00, 0x00, 0x1E, 0xF0, 0x00, 0x00, 0x1F, 0x80, 0x00, 0x2F, 0x01,
    0xC0, 0xB0, 0x1C, 0x0B, 0x02, 0xC0, 0xE0, 0x38, 0x0F, 0xFF, 0x41, 0xC0, 0x70, 0x2C, 0x07, 0x03,
    0x80, 0xA0, 0x34, 0x0D, 0x00, 0x00, 0xC0, 0x00, 0x2C, 0x00, 0x3B, 0x40, 0x03, 0xD0, 0x00, 0x03,
    0xFE, 0x0B, 0xFC, 0x00, 0xF4, 0x02, 0xD0, 0x00, 0xE0, 0x02, 0xC0, 0x00, 0xE0, 0x03, 0xC0, 0x01,
    0xD0, 0x03, 0x80, 0x02, 0xFF, 0xFF, 0x40, 0x03, 0xD5, 0x5B, 0x00, 0x03, 0x80, 0x0B, 0x00, 0x03,
    0x40, 0x0E, 0x00, 0x07, 0x00, 0x0E, 0x00, 0x0B, 0x40, 0x2E, 0x00, 0x3F, 0xD0, 0xFF, 0x80, 0x00,
    0x00, 0x0B, 0x00, 0x00, 0x00, 0x0D, 0x00, 0x00, 0x00, 0x24, 0x00, 0x2F, 0x01, 0xC0, 0xB0, 0x1C,
    0x0B, 0x02, 0xC0, 0xE0, 0x38, 0x0F, 0xFF, 0x41, 0xC0, 0x70, 0x2C, 0x0B, 0x33, 0x80, 0xBF, 0x34,
    0x07, 0xE0, 0x00, 0x0C, 0x00, 0x02, 0x80, 0x00, 0x20, 0xFF, 0x8B, 0xFC, 0xB4, 0x0B, 0x42, 0xC0,
    0x2C, 0x0E, 0x00, 0xF0, 0x38, 0x03, 0x80, 0xF9, 0xBD, 0x00, 0xFF, 0xF0, 0x00, 0x03, 0xC0, 0x00,
    0x0E, 0x00, 0x00, 0x34, 0x00, 0x02, 0xE0, 0x00, 0x7F, 0xE0, 0x02, 0xC0, 0x00, 0x0A, 0x00, 0x00,
    0x24, 0x00, 0x00, 0x3F, 0x02, 0xC0, 0xB0, 0x38, 0x0E, 0x03, 0x40, 0xD0, 0x70, 0x0F, 0x6F, 0x00,
    0x7E, 0xE0, 0x00, 0x0D, 0x00, 0x00, 0xD0, 0x00, 0xBC, 0x00, 0x0E, 0x00, 0x00, 0xC0, 0x00, 0x08,
    0x00, 0x01, 0xFC, 0x00, 0xBF, 0x00, 0x2F, 0x40, 0x7E, 0x00, 0x0A, 0xE0, 0x3B, 0x80, 0x03, 0x78,
    0x1C, 0xD0, 0x00, 0xCB, 0x0D, 0x34, 0x00, 0xB2, 0xC7, 0x1D, 0x00, 0x38, 0x73, 0x07, 0x00, 0x0C,
    0x0F, 0x81, 0xC0, 0x07, 0x03, 0xC0, 0xB0, 0x03, 0x80, 0xD0, 0x2C, 0x01, 0xE0, 0x00, 0x0F, 0x42,
    0xFE, 0x00, 0x0F, 0xF4, 0x00, 0x00, 0x00, 0x38, 0x00, 0x00, 0x00, 0x2C, 0x00, 0x00, 0x00, 0x0C,
    0x00, 0x0B, 0xD0, 0x1F, 0x00, 0xBC, 0x0F, 0x80, 0x2B, 0x0A, 0xD0, 0x0C, 0xD3, 0x30, 0x03, 0x3A,
    0x5C, 0x01, 0xCA, 0xCB, 0x00, 0x92, 0xD2, 0x8A, 0xB0, 0xB0, 0xBE, 0xB4, 0x10, 0x2F, 0x40, 0x00,
    0x00, 0xC0, 0x00, 0x00, 0x90, 0x00, 0x00, 0x20, 0x03, 0xFE, 0x00, 0xF0, 0x00, 0xE0, 0x00, 0xE0,
    0x01, 0xD0, 0x01, 0xC0, 0x02, 0xC0, 0x03, 0x80, 0x03, 0x40, 0x07, 0x40, 0x0B, 0x00, 0x0F, 0x00,
    0x7F, 0xC0, 0x00, 0x00, 0x00, 0x00, 0x03, 0x41, 0x40, 0x00, 0xE1, 0xC0, 0x00, 0x1F, 0x80, 0x00,
    0x00, 0x00, 0x00, 0x00, 0x70, 0x00, 0x00, 0x3D, 0x00, 0x00, 0x2B, 0x80, 0x00, 0x0C, 0xF0, 0x00,
    0x0D, 0x2C, 0x00, 0x07, 0x07, 0x00, 0x03, 0x96, 0xD0, 0x02, 0xFF, 0xF8, 0x00, 0xD0, 0x0F, 0x00,
    0xE0, 0x03, 0xC0, 0xB4, 0x00, 0xF4, 0xFF, 0x40, 0xFF, 0x40, 0x00, 0x00, 0x00, 0x04, 0x08, 0x01,
    0xD2, 0x80, 0x0B, 0xE0, 0x00, 0x00, 0x00, 0x1F, 0x9C, 0x07, 0x8F, 0x80, 0xD0, 0x34, 0x2C, 0x07,
    0x03, 0x40, 0xF0, 0x34, 0x1E, 0x07, 0x47, 0xD5, 0x3E, 0xCF, 0xC2, 0xF0, 0xB0, 0x00, 0x00, 0x00,
    0x00, 0x03, 0xCB, 0x40, 0x00, 0xE2, 0xC0, 0x00, 0x00, 0x00, 0x00, 0x01, 0xC0, 0x00, 0x00, 0xF4,
    0x00, 0x00, 0xAE, 0x00, 0x00, 0x33, 0xC0, 0x00, 0x34, 0xB0, 0x00, 0x1C, 0x1C, 0x00, 0x0E, 0x5B,
    0x40, 0x0B, 0xFF, 0xE0, 0x03, 0x40, 0x3C, 0x03, 0x80, 0x0F, 0x02, 0xD0, 0x03, 0xD3, 0xFD, 0x03,
    0xFD, 0x00, 0x00, 0x00, 0x0E, 0x3C, 0x01, 0xD3, 0x80, 0x00, 0x00, 0x00, 0x00, 0x00, 0x1F, 0x9C,
    0x07, 0x8F, 0x80, 0xD0, 0x34, 0x2C, 0x07, 0x03, 0x40, 0xF0, 0x34, 0x1E, 0x07, 0x47, 0xD5, 0x3E,
    0xCF, 0xC2, 0xF0, 0xB0, 0x00, 0x00, 0xBF, 0xFF, 0xC0, 0x00, 0x02, 0xF5, 0x6C, 0x00, 0x00, 0x6F,
    0x01, 0x80, 0x00, 0x1C, 0xE0, 0x00, 0x00, 0x03, 0x1E, 0x54, 0x00, 0x00, 0xD1, 0xFF, 0x80, 0x00,
    0x2D, 0x7C, 0x00, 0x00, 0x07, 0xFF, 0x80, 0x00, 0x00, 0xD0, 0x38, 0x01, 0x00, 0x34, 0x07, 0x40,
    0xA0, 0x0F, 0x00, 0xB9, 0x6D, 0x03, 0xFC, 0x3F, 0xFF, 0xC0, 0x00, 0xBD, 0x6F, 0x01, 0xE1, 0xF9,
    0xE0, 0xD0, 0x34, 0x34, 0xB0, 0x2C, 0x3C, 0x34, 0x0F, 0xBC, 0x0D, 0x0F, 0xE4, 0x07, 0x47, 0xD0,
    0x20, 0xFB, 0x3E, 0xB8, 0x2F, 0x07, 0xF4, 0x00, 0x00, 0x00, 0x00, 0x00, 0x1C, 0x0C, 0x00, 0x2C,
    0x28, 0x00, 0x0F, 0xD0, 0x00, 0x00, 0x00, 0x03, 0xFF, 0xFC, 0x00, 0xF5, 0x6C, 0x00, 0xE0, 0x18,
    0x00, 0xD0, 0x00, 0x01, 0xD5, 0x40, 0x02, 0xFF, 0xC0, 0x03, 0xC0, 0x00, 0x03, 0x80, 0x00, 0x03,
    0x40, 0x10, 0x07, 0x00, 0x60, 0x0B, 0x55, 0xE0, 0x3F, 0xFF, 0xC0, 0x00, 0x00, 0x00, 0x40, 0x50,
    0x38, 0x70, 0x07, 0xF0, 0x00, 0x00, 0x00, 0x7F, 0x00, 0xBA, 0xD0, 0x74, 0x34, 0x3C, 0x3C, 0x0E,
    0xB8, 0x07, 0xE0, 0x00, 0xD0, 0x20, 0x3E, 0xB4, 0x07, 0xE4, 0x00, 0x01, 0xFE, 0x00, 0x3E, 0x6F,
    0x00, 0x80, 0x1E, 0x00, 0x00, 0x3C, 0x00, 0x00, 0xF0, 0x00, 0x02, 0xC3, 0xFF, 0xFF, 0x1E, 0x55,
    0xB4, 0xB0, 0x02, 0xC2, 0xC0, 0x2D, 0x07, 0x9B, 0xD0, 0x07, 0xF8, 0x00, 0x06, 0xF4, 0x1D, 0x2C,
    0x00, 0x0D, 0x00, 0xBD, 0x0B, 0x9D, 0x38, 0x2C, 0x70, 0x78, 0x7A, 0xE0, 0x2F, 0x40, 0x00, 0x00,
    0x00, 0x07, 0x8F, 0x00, 0x1D, 0x3C, 0x00, 0x00, 0x00, 0x01, 0xFE, 0x00, 0x3E, 0x6F, 0x00, 0x80,
    0x1E, 0x00, 0x00, 0x3C, 0x00, 0x00, 0xF0, 0x00, 0x02, 0xC3, 0xFF, 0xFF, 0x1E, 0x55, 0xB4, 0xB0,
    0x02, 0xC2, 0xC0, 0x2D, 0x07, 0x9B, 0xD0, 0x07, 0xF8, 0x00, 0x00, 0x00, 0x0B, 0x4E, 0x0B, 0x0D,
    0x00, 0x00, 0x00, 0x00, 0x06, 0xF4, 0x1D, 0x2C, 0x00, 0x0D, 0x00, 0xBD, 0x0B, 0x9D, 0x38, 0x2C,
    0x70, 0x78, 0x7A, 0xE0, 0x2F, 0x40, 0x00, 0x00, 0x00, 0x00, 0x00, 0x00, 0x00, 0xF1, 0xD0, 0x00,
    0x00, 0x03, 0x87, 0x00, 0x00, 0x00, 0x00, 0x00, 0x00, 0x01, 0xF0, 0x3F, 0xC0, 0xB4, 0x06, 0xE0,
    0x7C, 0x0E, 0x90, 0x00, 0xD0, 0xD0, 0xD0, 0x00, 0x02, 0x87, 0x0D, 0x00, 0x00, 0x03, 0x2C, 0xA0,
    0x00, 0x00, 0x2F, 0xFF, 0x00, 0x00, 0x01, 0xE3, 0x8E, 0x00, 0x00, 0x0F, 0x0D, 0x2C, 0x00, 0x00,
    0xF0, 0x70, 0x38, 0x00, 0x0F, 0x42, 0xC0, 0xF0, 0x00, 0xF8, 0x0F, 0x01, 0xF0, 0x0B, 0x40, 0xFF,
    0x02, 0xE0, 0x00, 0x00, 0x00, 0x00, 0x00, 0x2C, 0x78, 0x00, 0x00, 0xB1, 0xD0, 0x00, 0x00, 0x00,
    0x00, 0x00, 0x00, 0x00, 0x00, 0x2F, 0x03, 0x02, 0xE2, 0xED, 0x2C, 0x3A, 0x84, 0x28, 0xE2, 0x80,
    0x00, 0xAB, 0x5C, 0x00, 0x03, 0xDD, 0xE0, 0x00, 0x0D, 0x7A, 0x80, 0x00, 0xA2, 0xCA, 0x08, 0xAF,
    0x0E, 0x2E, 0xE2, 0xE0, 0x30, 0x3E, 0x00, 0x00, 0x00, 0x00, 0xF1, 0xE0, 0x38, 0x70, 0x00, 0x00,
    0x06, 0xFD, 0x03, 0xE7, 0xC0, 0xC0, 0x34, 0x20, 0x1C, 0x00, 0x0E, 0x00, 0xFF, 0x00, 0x17, 0xE0,
    0x00, 0x3C, 0x00, 0x0B, 0x38, 0x03, 0x8B, 0x9B, 0xC0, 0xBF, 0x40, 0x00, 0x00, 0x0B, 0x0E, 0x0B,
    0x1D, 0x00, 0x00, 0x00, 0x00, 0x07, 0xF4, 0x1E, 0x7C, 0x10, 0x2C, 0x01, 0xB0, 0x07, 0xF0, 0x00,
    0x38, 0x40, 0x38, 0xF5, 0xF0, 0x7F, 0x80, 0x02, 0xFF, 0xF8, 0x0F, 0xA7, 0xD0, 0x30, 0x1D, 0x00,
    0x41, 0xD0, 0x00, 0x1D, 0x00, 0x00, 0xFC, 0x00, 0x00, 0x3C, 0x00, 0x00, 0x70, 0x00, 0x02, 0xC0,
    0xE0, 0x0F, 0x03, 0xE6, 0xF0, 0x02, 0xFE, 0x00, 0x0F, 0xFF, 0xD0, 0xD0, 0x78, 0x14, 0x0E, 0x00,
    0x03, 0x80, 0x00, 0xE0, 0x00, 0x2F, 0xC0, 0x00, 0x2E, 0x00, 0x00, 0xF0, 0x00, 0x0B, 0x00, 0x00,
    0xE0, 0x80, 0x1D, 0x0F, 0x47, 0x80, 0x2F, 0xD0, 0x00, 0x00, 0x01, 0x54, 0x00, 0x00, 0x07, 0xFE,
    0x00, 0x00, 0x00, 0x00, 0x00, 0x03, 0xFE, 0x0B, 0xFC, 0x00, 0xF4, 0x02, 0xD0, 0x00, 0xF0, 0x03,
    0xC0, 0x00, 0xE0, 0x0F, 0xC0, 0x01, 0xD0, 0x77, 0x80, 0x02, 0xC1, 0xC7, 0x40, 0x03, 0xC7, 0x07,
    0x00, 0x03, 0xAC, 0x0B, 0x00, 0x03, 0xE0, 0x0E, 0x00, 0x07, 0x80, 0x0E, 0x00, 0x0B, 0x40, 0x2E,
    0x00, 0x3F, 0xD0, 0xFF, 0x80, 0x00, 0x55, 0x00, 0x0F, 0xFC, 0x00, 0x00, 0x00, 0x00, 0x00, 0x2F,
    0x01, 0xD0, 0xB0, 0x2C, 0x0B, 0x03, 0x80, 0xE0, 0x34, 0x0D, 0x07, 0x01, 0xC0, 0xF0, 0x2C, 0x3F,
    0x12, 0xEE, 0x7E, 0x1F, 0x47, 0x80, 0x00, 0x00, 0x00, 0x00, 0x00, 0x07, 0x4F, 0x00, 0x00, 0x0B,
    0x0E, 0x00, 0x00, 0x00, 0x00, 0x00, 0x03, 0xFE, 0x0B, 0xFC, 0x00, 0xF4, 0x02, 0xD0, 0x00, 0xF0,
    0x03, 0xC0, 0x00, 0xE0, 0x0F, 0xC0, 0x01, 0xD0, 0x77, 0x80, 0x02, 0xC1, 0xC7, 0x40, 0x03, 0xC7,
    0x07, 0x00, 0x03, 0xAC, 0x0B, 0x00, 0x03, 0xE0, 0x0E, 0x00, 0x07, 0x80, 0x0E, 0x00, 0x0B, 0x40,
    0x2E, 0x00, 0x3F, 0xD0, 0xFF, 0x80, 0x00, 0x00, 0x00, 0x0E, 0x2C, 0x00, 0xD3, 0x80, 0x00, 0x00,
    0x00, 0x00, 0x02, 0xF0, 0x1D, 0x0B, 0x02, 0xC0, 0xB0, 0x38, 0x0E, 0x03, 0x40, 0xD0, 0x70, 0x1C,
    0x0F, 0x02, 0xC3, 0xF1, 0x2E, 0xE7, 0xE1, 0xF4, 0x78, 0x00, 0x00, 0x00, 0x00, 0x3C, 0x74, 0x00,
    0x38, 0x70, 0x00, 0x00, 0x00, 0x00, 0x6F, 0xE0, 0x02, 0xFA, 0xFC, 0x0B, 0x40, 0x2D, 0x1E, 0x00,
    0x0F, 0x3C, 0x00, 0x0F, 0x38, 0x00, 0x0F, 0x34, 0x00, 0x0E, 0x78, 0x00, 0x1D, 0x38, 0x00, 0x3C,
    0x3C, 0x00, 0xF0, 0x1F, 0x9B, 0xD0, 0x07, 0xFE, 0x00, 0x00, 0x00, 0x00, 0x0E, 0x3C, 0x01, 0xD3,
    0x80, 0x00, 0x00, 0x00, 0x00, 0x00, 0x1F, 0xD0, 0x0B, 0x4B, 0x01, 0xD0, 0x34, 0x3C, 0x03, 0x83,
    0x80, 0x74, 0x74, 0x0B, 0x03, 0x40, 0xE0, 0x3D, 0x7C, 0x00, 0xFD, 0x00, 0x00, 0x2F, 0xE0, 0x02,
    0xFA, 0xBC, 0x0B, 0x40, 0x1D, 0x1D, 0x00, 0x0F, 0x3C, 0x00, 0x0F, 0x3F, 0xFF, 0xFF, 0x34, 0x00,
    0x0E, 0x74, 0x00, 0x2D, 0x38, 0x00, 0x3C, 0x3C, 0x00, 0xF0, 0x1F, 0x9B, 0xD0, 0x07, 0xFD, 0x00,
    0x01, 0xFD, 0x02, 0xD2, 0xD1, 0xD0, 0x38, 0xE0, 0x0E, 0x3F, 0xFF, 0x9C, 0x00, 0xD3, 0x40, 0xF0,
    0xF5, 0xF0, 0x0F, 0xE0, 0x00, 0x00, 0x00, 0x00, 0x00, 0x3C, 0x74, 0x00, 0x38, 0x70, 0x00, 0x00,
    0x00, 0x00, 0x2F, 0xE0, 0x02, 0xFA, 0xBC, 0x0B, 0x40, 0x1D, 0x1D, 0x00, 0x0F, 0x3C, 0x00, 0x0F,
    0x3F, 0xFF, 0xFF, 0x34, 0x00, 0x0E, 0x74, 0x00, 0x2D, 0x38, 0x00, 0x3C, 0x3C, 0x00, 0xF0, 0x1F,
    0x9B, 0xD0, 0x07, 0xFD, 0x00, 0x00, 0x00, 0x00, 0x0E, 0x3C, 0x00, 0xD3, 0x80, 0x00, 0x00, 0x00,
    0x00, 0x00, 0x1F, 0xD0, 0x0B, 0x4B, 0x41, 0xD0, 0x38, 0x38, 0x03, 0x83, 0xFF, 0xF8, 0x70, 0x03,
    0x43, 0x40, 0xF0, 0x3D, 0x7C, 0x00, 0xFE, 0x00, 0x00, 0x00, 0x00, 0x1D, 0x3C, 0x02, 0xC3, 0x80,
    0x00, 0x00, 0x06, 0xFE, 0x00, 0xF9, 0xBC, 0x0C, 0x02, 0xD0, 0x80, 0x0E, 0x00, 0x00, 0xF0, 0x2F,
    0xFE, 0x00, 0x55, 0xE0, 0x00, 0x2D, 0x00, 0x03, 0xCE, 0x00, 0xF0, 0xB9, 0xBD, 0x02, 0xFE, 0x00,
    0x00, 0x00, 0x0B, 0x1E, 0x0B, 0x1C, 0x00, 0x00, 0x00, 0x00, 0x07, 0xF4, 0x1D, 0x7C, 0x10, 0x1D,
    0x00, 0x0D, 0x07, 0xFD, 0x01, 0x6C, 0x50, 0x2C, 0xB5, 0xB0, 0x3F, 0x80, 0x00, 0x15, 0x40, 0x00,
    0x2F, 0xF4, 0x00, 0x00, 0x00, 0x00, 0xFF, 0x43, 0xFC, 0x0F, 0x00, 0x78, 0x02, 0xC0, 0x2C, 0x00,
    0x74, 0x0C, 0x00, 0x0E, 0x0E, 0x00, 0x03, 0xC7, 0x00, 0x00, 0x73, 0x00, 0x00, 0x0F, 0x80, 0x00,
    0x03, 0xC0, 0x00, 0x00, 0xC0, 0x00, 0x1E, 0xD0, 0x00, 0x03, 0xD0, 0x00, 0x00, 0x00, 0x15, 0x40,
    0x00, 0xFF, 0x80, 0x00, 0x00, 0x00, 0x00, 0x00, 0x07, 0xD0, 0x74, 0x1B, 0x80, 0xE0, 0x0B, 0x03,
    0x40, 0x1C, 0x0C, 0x00, 0x34, 0xA0, 0x00, 0xD3, 0x40, 0x03, 0xA8, 0x00, 0x0E, 0xC0, 0x00, 0x3D,
    0x00, 0x00, 0xE0, 0x00, 0x0E, 0x00, 0x1A, 0xE0, 0x00, 0x7D, 0x00, 0x00, 0x00, 0x00, 0x00, 0x00,
    0x3C, 0x78, 0x00, 0x0F, 0x1D, 0x00, 0x00, 0x00, 0x00, 0x3F, 0xD0, 0xFF, 0x03, 0xC0, 0x1E, 0x00,
    0xB0, 0x0B, 0x00, 0x1D, 0x03, 0x00, 0x03, 0x83, 0x80, 0x00, 0xF1, 0xC0, 0x00, 0x1C, 0xC0, 0x00,
    0x03, 0xE0, 0x00, 0x00, 0xF0, 0x00, 0x00, 0x30, 0x00, 0x07, 0xB4, 0x00, 0x00, 0xF4, 0x00, 0x00,
    0x00, 0x00, 0x00, 0x01, 0xE3, 0xC0, 0x07, 0x0E, 0x00, 0x00, 0x00, 0x00, 0x00, 0x00, 0x1F, 0x41,
    0xD0, 0x6E, 0x03, 0x80, 0x2C, 0x0D, 0x00, 0x70, 0x30, 0x00, 0xD2, 0x80, 0x03, 0x4D, 0x00, 0x0E,
    0xA0, 0x00, 0x3B, 0x00, 0x00, 0xF4, 0x00, 0x03, 0x80, 0x00, 0x38, 0x00, 0x6B, 0x80, 0x01, 0xF4,
    0x00, 0x00, 0x00, 0x06, 0x06, 0x00, 0x07, 0xC7, 0x80, 0x07, 0x87, 0x80, 0x03, 0x43, 0x00, 0x00,
    0x00, 0x00, 0x0F, 0xF4, 0x3F, 0xC0, 0xF0, 0x07, 0x80, 0x2C, 0x02, 0xC0, 0x07, 0x40, 0xC0, 0x00,
    0xE0, 0xE0, 0x00, 0x3C, 0x70, 0x00, 0x07, 0x30, 0x00, 0x00, 0xF8, 0x00, 0x00, 0x3C, 0x00, 0x00,
    0x0C, 0x00, 0x01, 0xED, 0x00, 0x00, 0x3D, 0x00, 0x00, 0x00, 0x00, 0x09, 0x24, 0x00, 0x75, 0xD0,
    0x03, 0x8E, 0x00, 0x18, 0x60, 0x00, 0x00, 0x00, 0x1F, 0x41, 0xD0, 0x6E, 0x03, 0x80, 0x2C, 0x0D,
    0x00, 0x70, 0x30, 0x00, 0xD2, 0x80, 0x03, 0x4D, 0x00, 0x0E, 0xA0, 0x00, 0x3B, 0x00, 0x00, 0xF4,
    0x00, 0x03, 0x80, 0x00, 0x38, 0x00, 0x6B, 0x80, 0x01, 0xF4, 0x00, 0x00, 0x00, 0x00, 0x00, 0x0B,
    0x4F, 0x00, 0x2C, 0x38, 0x00, 0x00, 0x00, 0xFF, 0x8B, 0xFC, 0xB4, 0x0B, 0x42, 0xC0, 0x2C, 0x0E,
    0x00, 0xF0, 0x38, 0x03, 0x80, 0xF9, 0xBD, 0x00, 0xFF, 0xF0, 0x00, 0x03, 0xC0, 0x00, 0x0E, 0x00,
    0x00, 0x34, 0x00, 0x02, 0xE0, 0x00, 0x3F, 0xE0, 0x00, 0x00, 0x00, 0x1D, 0x38, 0x02, 0xC3, 0x40,
    0x00, 0x00, 0x00, 0x00, 0x03, 0xF0, 0x2C, 0x0B, 0x03, 0x80, 0xE0, 0x34, 0x0D, 0x07, 0x00, 0xF6,
    0xF0, 0x07, 0xEE, 0x00, 0x00, 0xD4, 0x00, 0x0F, 0xC0, 0x00, 0xF0, 0x03, 0xFF, 0xFC, 0x00, 0xF5,
    0x7C, 0x00, 0xE0, 0x2C, 0x00, 0xE0, 0x24, 0x01, 0xD0, 0x00, 0x02, 0xC0, 0x00, 0x03, 0xC0, 0x00,
    0x03, 0x80, 0x00, 0x03, 0x40, 0x00, 0x07, 0x00, 0x00, 0x0B, 0x40, 0x00, 0x3F, 0xF0, 0x00, 0x00,
    0xE0, 0x00, 0x00, 0xC0, 0x00, 0x00, 0xC0, 0x00, 0x0B, 0xF0, 0xA5, 0xF0, 0x03, 0x80, 0x7C, 0x0B,
    0x40, 0xF0, 0x07, 0x03, 0x1F, 0xBC, 0x2F, 0x70, 0x01, 0xC0, 0x0B, 0x00, 0x70, 0x00, 0x00, 0x00,
    0x00, 0x00, 0x00, 0x78, 0xF0, 0x00, 0x00, 0x1D, 0x38, 0x00, 0x00, 0x00, 0x00, 0x00, 0x03, 0xFE,
    0x00, 0xFF, 0x80, 0x3D, 0x00, 0x0B, 0x40, 0x0F, 0x00, 0x03, 0xC0, 0x03, 0x80, 0x00, 0xE0, 0x01,
    0xD0, 0x00, 0x34, 0x00, 0xBF, 0xD0, 0x1C, 0x00, 0x3D, 0x7E, 0x0B, 0x00, 0x0E, 0x03, 0xC3, 0xC0,
    0x03, 0x40, 0xB0, 0xE0, 0x01, 0xD0, 0x38, 0x74, 0x00, 0xB5, 0xBC, 0x2D, 0x00, 0xFF, 0xF8, 0x3F,
    0xD0, 0x00, 0x00, 0x00, 0x00, 0x00, 0x00, 0x00, 0x00, 0x00, 0x0E, 0x2C, 0x00, 0x03, 0x4B, 0x00,
    0x00, 0x00, 0x00, 0x00, 0x00, 0x00, 0x0B, 0xC0, 0x03, 0x42, 0xE0, 0x01, 0xC0, 0x34, 0x00, 0x70,
    0x0F, 0xF8, 0x2C, 0x07, 0x9B, 0x4E, 0x02, 0x80, 0xD3, 0x40, 0xE0, 0x71, 0xC4, 0x2D, 0xB8, 0x7F,
    0x03, 0xF4, 0x1E, 0x00, 0x03, 0xFF, 0xFC, 0x00, 0xF5, 0x6C, 0x00, 0xE0, 0x2C, 0x00, 0xD0, 0x24,
    0x01, 0xC0, 0x00, 0x2F, 0xFE, 0x00, 0x03, 0xC0, 0x00, 0x03, 0x80, 0x00, 0x03, 0x40, 0x00, 0x07,
    0x00, 0x00, 0x0B, 0x40, 0x00, 0x3F, 0xF0, 0x00, 0x00, 0x34, 0x00, 0x02, 0xB0, 0x00, 0x03, 0xD0,
    0x00, 0x0B, 0xF0, 0xA5, 0xF0, 0x03, 0x83, 0xBC, 0x0B, 0xC0, 0xF2, 0x07, 0x01, 0x1F, 0xAE, 0x2F,
    0xB4, 0x00, 0x90, 0x17, 0x01, 0xF0, 0x02, 0xFF, 0x1F, 0xF0, 0x02, 0xE0, 0x2E, 0x00, 0x03, 0xC0,
    0xE0, 0x00, 0x07, 0x4E, 0x00, 0x00, 0x0F, 0xE0, 0x00, 0x00, 0x1F, 0x00, 0x00, 0x00, 0xFC, 0x00,
    0x00, 0x0E, 0x74, 0x00, 0x00, 0xB0, 0xF0, 0x00, 0x0B, 0x01, 0xD0, 0x00, 0xB4, 0x03, 0xC0, 0x0F,
    0xF4, 0x0B, 0x00, 0x00, 0x00, 0x2C, 0x00, 0x00, 0x3A, 0xD0, 0x00, 0x00, 0xFD, 0x00, 0x00, 0x07,
    0xC0, 0xB4, 0x2B, 0x4B, 0x90, 0x0F, 0x70, 0x00, 0x1F, 0x00, 0x00, 0x38, 0x00, 0x02, 0xF0, 0x00,
    0x2C, 0xD0, 0x0E, 0xC3, 0x80, 0x3C, 0x0B, 0x00, 0x00, 0x1C, 0x00, 0x00, 0x30, 0x00, 0x36, 0x80,
    0x00, 0xF8, 0x00, 0x02, 0xFF, 0x1F, 0xF0, 0x02, 0xE0, 0x2E, 0x00, 0x03, 0xC0, 0xD0, 0x00, 0x07,
    0x4D, 0x00, 0x00, 0x0B, 0xD0, 0x00, 0x03, 0xFF, 0xF8, 0x00, 0x01, 0xEC, 0x00, 0x00, 0x0D, 0x38,
    0x00, 0x00, 0xE0, 0xB0, 0x00, 0x0B, 0x00, 0xE0, 0x00, 0xB4, 0x03, 0xD0, 0x0F, 0xF4, 0x3F, 0xD0,
    0x07, 0xC0, 0xB4, 0x2B, 0x4B, 0x90, 0x0F, 0x70, 0x00, 0x1F, 0x00, 0x07, 0xFF, 0xC0, 0x02, 0xF0,
    0x00, 0x2D, 0xD0, 0x0E, 0xC3, 0xE8, 0x3C, 0x07, 0x80, 0x55, 0x55, 0x55, 0x55, 0x55, 0x55, 0x50,
    0x55, 0x28, 0x7D, 0x14, 0x14, 0x14, 0x14, 0x14, 0x14, 0x14, 0x14, 0x14, 0x14, 0x14, 0x00, 0x02,
    0x00, 0x08, 0xAA, 0xE8, 0x08, 0x82, 0x08, 0x00, 0x80, 0x08, 0x00, 0x80, 0x08, 0x00, 0x80, 0x08,
    0x00, 0x80, 0x08, 0x00, 0x80, 0x04, 0x00, 0x08, 0x02, 0x40, 0xBA, 0xA2, 0x02, 0x08, 0x20, 0x02,
    0x00, 0x20, 0x02, 0x00, 0x20, 0x02, 0x00, 0x20, 0x02, 0x00, 0x20, 0x02, 0x00, 0x20, 0x01, 0x3F,
    0xE1, 0x54, 0x3F, 0xE1, 0x54, 0xBF, 0xFF, 0x05, 0x55, 0x40, 0xFF, 0xFF, 0x80, 0x00, 0x00, 0xFF,
    0xFF, 0xFF, 0xFF, 0xD5, 0x55, 0x55, 0x55, 0x50, 0xFF, 0xFF, 0xFF, 0xFF, 0xD5, 0x55, 0x55, 0x55,
    0x50, 0x74, 0xF7, 0x4F, 0x74, 0xF7, 0x4F, 0x74, 0xF7, 0x4F, 0x74, 0xF7, 0x4F, 0x74, 0xF7, 0x4F,
    0x74, 0xF7, 0x4F, 0x74, 0xF7, 0x4F, 0x74, 0xF7, 0x4F, 0x74, 0xF0, 0xFF, 0xFF, 0x80, 0x00, 0x0F,
    0xFF, 0xF8, 0x00, 0x00, 0x0A, 0x1C, 0x38, 0x74, 0x78, 0x2C, 0x2D, 0x2C, 0x34, 0xA0, 0x0E, 0x0F,
    0x0D, 0x2C, 0x30, 0x3C, 0x38, 0x38, 0x2C, 0x0D, 0x0A, 0x0C, 0x1C, 0x34, 0x38, 0xB0, 0x74, 0xF0,
    0x78, 0xF0, 0x2C, 0x38, 0xB4, 0xE2, 0xC3, 0x4D, 0x2C, 0xA0, 0xC0, 0x0E, 0x2C, 0x0F, 0x2C, 0x0D,
    0x3C, 0x2C, 0x30, 0x30, 0x90, 0x3C, 0x74, 0xE3, 0xC3, 0x8B, 0x0B, 0x0C, 0x0D, 0x18, 0x00, 0xB0,
    0x00, 0xE0, 0x00, 0xD0, 0x3E, 0xEE, 0x26, 0xD9, 0x01, 0x80, 0x02, 0x80, 0x03, 0x40, 0x03, 0x00,
    0x07, 0x00, 0x0B, 0x00, 0x00, 0xB0, 0x00, 0xE0, 0x00, 0xD0, 0x3E, 0xEE, 0x26, 0xD9, 0x03, 0xC0,
    0x03, 0x80, 0x97, 0x58, 0xFF, 0xB8, 0x07, 0x00, 0x0A, 0x00, 0x0E, 0x00, 0x0D, 0x00, 0x1F, 0x0F,
    0xC3, 0xF0, 0x10, 0x74, 0x02, 0xFD, 0x0B, 0xFF, 0x2F, 0xFC, 0xBF, 0x41, 0xD0, 0x00, 0xB7, 0xD1,
    0x00, 0x00, 0x04, 0x3C, 0x2D, 0x38, 0x2C, 0x00, 0x00, 0x00, 0x00, 0xF0, 0x2D, 0x03, 0xC7, 0x40,
    0xB0, 0x0E, 0x00, 0xB7, 0xD1, 0x00, 0x02, 0x00, 0x08, 0x82, 0xE8, 0x08, 0x82, 0x08, 0x00, 0x80,
    0x08, 0x00, 0x80, 0x08, 0x00, 0x80, 0x08, 0x00, 0x80, 0x08, 0x00, 0x80, 0x04, 0x00, 0x08, 0x02,
    0x40, 0xB8, 0x22, 0x02, 0x08, 0x20, 0x02, 0x00, 0x20, 0x02, 0x00, 0x20, 0x02, 0x00, 0x20, 0x02,
    0x00, 0x20, 0x02, 0x00, 0x20, 0x01, 0x05, 0x00, 0xF0, 0x25, 0x80, 0x50, 0x05, 0x00, 0x50, 0x05,
    0x00, 0x50, 0x05, 0x00, 0x50, 0x05, 0x00, 0x50, 0x05, 0x00, 0x50, 0x05, 0x00, 0x00, 0x05, 0x50,
    0x01, 0x94, 0x6A, 0xD9, 0x50, 0x98, 0x56, 0x60, 0x50, 0x00, 0x50, 0x00, 0x50, 0x00, 0x50, 0x00,
    0x50, 0x00, 0x50, 0x00, 0x50, 0x00, 0x50, 0x00, 0x50, 0x00, 0x50, 0x00, 0x40, 0x00, 0x05, 0x50,
    0x16, 0x40, 0x67, 0xA9, 0x26, 0x05, 0x09, 0x95, 0x00, 0x05, 0x00, 0x05, 0x00, 0x05, 0x00, 0x05,
    0x00, 0x05, 0x00, 0x05, 0x00, 0x05, 0x00, 0x05, 0x00, 0x05, 0x00, 0x05, 0x00, 0x01, 0x0B, 0xD0,
    0x03, 0x00, 0x00, 0x03, 0x8B, 0x00, 0xE0, 0x00, 0x00, 0x70, 0x70, 0x2C, 0x00, 0x00, 0x0A, 0x07,
    0x03, 0x00, 0x00, 0x00, 0xD0, 0xA0, 0xD0, 0x00, 0x00, 0x0B, 0x1C, 0x28, 0xBD, 0x02, 0xF0, 0x3F,
    0x07, 0x2C, 0x70, 0xE2, 0xC0, 0x00, 0xC3, 0x03, 0x5C, 0x1C, 0x00, 0x34, 0x70, 0x32, 0x81, 0xC0,
    0x0A, 0x0B, 0x07, 0x34, 0x28, 0x01, 0xC0, 0x71, 0xD2, 0x8B, 0x00, 0x34, 0x02, 0xF4, 0x0F, 0x80,
    0x06, 0x00, 0x00, 0x00, 0x00, 0x00, 0x0A, 0x0E, 0x2C, 0x38, 0x30, 0x0A, 0x18, 0x0E, 0x3C, 0x2C,
    0x38, 0x38, 0xB0, 0x30, 0xC0, 0x0A, 0x18, 0x30, 0x38, 0xF1, 0xD2, 0xC3, 0x8F, 0x0E, 0x2C, 0x70,
    0x30, 0xC2, 0x40, 0x30, 0x78, 0x3C, 0x0D, 0x06, 0x30, 0x60, 0x78, 0xB4, 0x3C, 0x38, 0x0D, 0x1C,
    0x06, 0x09, 0x30, 0x60, 0x90, 0x78, 0xB4, 0xF0, 0x3C, 0x38, 0x74, 0x0D, 0x1C, 0x2C, 0x06, 0x09,
    0x0C, 0x01, 0x80, 0x07, 0xB0, 0x2C, 0x1C, 0x02, 0x80, 0xF0, 0x3C, 0x03, 0x80, 0x1C, 0x00, 0x60,
    0x18, 0x03, 0x80, 0x78, 0x1D, 0x1D, 0x1C, 0x00, 0x80, 0x00, 0x20, 0xC1, 0xC2, 0x80, 0xC2, 0x18,
    0x00, 0xC1, 0x80, 0x00, 0xD8, 0x00, 0xE1, 0xC3, 0x42, 0x4D, 0x89, 0x00, 0xC1, 0x80, 0x0C, 0x21,
    0x80, 0xC1, 0xC2, 0x88, 0x00, 0x02, 0x00, 0x07, 0x02, 0xC3, 0x81, 0xD0, 0xD0, 0xB0, 0x70, 0x38,
    0x28, 0x0D, 0x0D, 0x03, 0x03, 0x01, 0xC0, 0xC0, 0x60, 0x20, 0x24, 0x00, 0x00, 0x0F, 0x03, 0x83,
    0x80, 0xD0, 0xFF, 0xFF, 0x80, 0x00, 0x00, 0x3F, 0x4A, 0x80, 0x00, 0x00, 0x18, 0x00, 0x00, 0x34,
    0x00, 0x00, 0xE0, 0x00, 0x01, 0xC0, 0x00, 0x03, 0x00, 0x00, 0x0D, 0x00, 0x00, 0x28, 0x00, 0x00,
    0x70, 0x00, 0x00, 0xC0, 0x00, 0x03, 0x40, 0x00, 0x0B, 0x00, 0x00, 0x1C, 0x00, 0x00, 0x24, 0x00,
    0x00, 0x1F, 0x80, 0xBD, 0x0F, 0xB4, 0x3B, 0xC0, 0x0A, 0x00, 0x34, 0x03, 0x80, 0x0D, 0x02, 0xC0,
    0x0E, 0x02, 0xC0, 0x0E, 0x02, 0x80, 0x0E, 0x00, 0xE4, 0x07, 0x80, 0x3C, 0x00, 0xF0, 0x00, 0x00,
    0x00, 0x07, 0x40, 0x2D, 0x01, 0xC0, 0x0B, 0x00, 0x1F, 0x80, 0x2C, 0x3E, 0xD0, 0x74, 0x00, 0xA0,
    0xB0, 0x00, 0xE0, 0xB0, 0x02, 0xC0, 0xD0, 0x0B, 0x00, 0xC0, 0x28, 0x01, 0xC0, 0x39, 0x01, 0x80,
    0x3C, 0x01, 0x40, 0x00, 0x00, 0x00, 0x74, 0x03, 0xC0, 0x70, 0x03, 0x40, 0x07, 0x07, 0xE0, 0x38,
    0x3E, 0xE0, 0xD0, 0x02, 0xC7, 0x00, 0x0A, 0x28, 0x00, 0x70, 0xD0, 0x0B, 0x03, 0x00, 0x70, 0x0C,
    0x03, 0x90, 0x20, 0x0F, 0x40, 0x00, 0x00, 0x0F, 0x00, 0xE0, 0x38, 0x07, 0x40, 0x01, 0x40, 0x11,
    0xFF, 0x9E, 0x34, 0x2F, 0x80, 0x00, 0x00, 0x0A, 0x18, 0x30, 0x90, 0xE3, 0xC7, 0x4E, 0x2C, 0x38,
    0xF2, 0xC3, 0x8B, 0x1C, 0x38, 0x30, 0xC2, 0x42, 0x00, 0x03, 0xF0, 0x34, 0xE2, 0x82, 0xCD, 0x0A,
    0x30, 0x34, 0xD3, 0x81, 0xF8, 0x00, 0x00, 0x74, 0x07, 0xC0, 0xB7, 0x0E, 0x2C, 0x7F, 0xF8, 0x03,
    0x40, 0x0C, 0x00, 0x03, 0xFC, 0x18, 0x00, 0xB8, 0x00, 0x7C, 0x00, 0x70, 0x07, 0x43, 0xE4, 0x00,
    0x02, 0xF0, 0x7D, 0x03, 0x80, 0x2F, 0xE0, 0xE0, 0xD2, 0x87, 0x03, 0xF4, 0x00, 0x3F, 0xF0, 0xC2,
    0x80, 0x1C, 0x00, 0xC0, 0x0D, 0x00, 0xB0, 0x03, 0x40, 0x00, 0x02, 0xF4, 0x38, 0xE0, 0xE7, 0x42,
    0xF4, 0x28, 0xB0, 0xD2, 0xC2, 0xFC, 0x00, 0x07, 0xE0, 0x74, 0xE2, 0xC2, 0x83, 0xFD, 0x00, 0xB0,
    0x1F, 0x07, 0xE0, 0x00, 0xB6, 0xD3, 0xED, 0x38, 0xC7, 0x0C, 0xA1, 0xFD, 0x1C, 0x03, 0xF0, 0x34,
    0xE2, 0x82, 0xCD, 0x0A, 0x30, 0x34, 0xD3, 0x81, 0xF8, 0x00, 0x06, 0x86, 0xD0, 0x30, 0x1C, 0x0A,
    0x03, 0x47, 0xF4, 0x03, 0xF0, 0x34, 0xE0, 0x43, 0x40, 0x38, 0x07, 0x40, 0xB4, 0x07, 0xFF, 0x00,
    0x07, 0xF0, 0x34, 0xD0, 0x07, 0x01, 0xF4, 0x00, 0xB0, 0x07, 0x43, 0xF4, 0x00, 0x00, 0x74, 0x07,
    0xC0, 0xB7, 0x0E, 0x2C, 0x7F, 0xF8, 0x03, 0x40, 0x0C, 0x00, 0x03, 0xFC, 0x18, 0x00, 0xB8, 0x00,
    0x7C, 0x00, 0x70, 0x07, 0x43, 0xE4, 0x00, 0x02, 0xF0, 0x7D, 0x03, 0x80, 0x2F, 0xE0, 0xE0, 0xD2,
    0x87, 0x03, 0xF4, 0x00, 0x3F, 0xF0, 0xC2, 0x80, 0x1C, 0x00, 0xC0, 0x0D, 0x00, 0xB0, 0x03, 0x40,
    0x00, 0x02, 0xF4, 0x38, 0xE0, 0xE7, 0x42, 0xF4, 0x28, 0xB0, 0xD2, 0xC2, 0xFC, 0x00, 0x07, 0xE0,
    0x74, 0xE2, 0xC2, 0x83, 0xFD, 0x00, 0xB0, 0x1F, 0x07, 0xE0, 0x00, 0x07, 0xFF, 0xF4, 0x03, 0x96,
    0xC0, 0x0D, 0x03, 0x00, 0x70, 0x00, 0x02, 0xC0, 0x00, 0x0F, 0xFE, 0x00, 0x38, 0x00, 0x01, 0xD0,
    0x00, 0x3F, 0xF0, 0x00, 0x2C, 0x00, 0x00, 0xF0, 0x00, 0x1F, 0xF4, 0x00, 0x00, 0x02, 0xF8, 0x00,
    0x0E, 0x6C, 0x00, 0x28, 0x1C, 0x00, 0x34, 0x00, 0x00, 0xB0, 0x00, 0x07, 0xFF, 0xC0, 0x00, 0xE0,
    0x00, 0x0F, 0xFF, 0x80, 0x02, 0xC0, 0x00, 0x03, 0x40, 0x00, 0x3F, 0xEA, 0xB0, 0x3F, 0xFF, 0xE0,
    0x06, 0xFF, 0x80, 0x00, 0x00, 0x01, 0xB4, 0x7C, 0x00, 0x00, 0x00, 0x1C, 0x0B, 0x00, 0x00, 0x00,
    0x0B, 0x02, 0xC2, 0x40, 0x00, 0x03, 0x80, 0xE0, 0xC0, 0x00, 0x00, 0xE1, 0xF2, 0xFF, 0x0B, 0xD0,
    0x3F, 0xD0, 0x2C, 0x0A, 0x10, 0x1C, 0x00, 0x0A, 0x02, 0xC0, 0x0B, 0x00, 0x03, 0x40, 0x3D, 0x03,
    0x80, 0x00, 0xC0, 0x02, 0xC0, 0xE0, 0x00, 0x77, 0xB8, 0xA2, 0xFF, 0x00, 0x0F, 0x47, 0xE0, 0x00,
    0x06, 0xFD, 0x00, 0x2F, 0x9E, 0x00, 0xB4, 0x09, 0x01, 0xD0, 0x04, 0x02, 0xC0, 0x00, 0x0F, 0xFF,
    0x80, 0x03, 0x40, 0x00, 0x3F, 0xFF, 0x00, 0x07, 0x40, 0x00, 0x03, 0xC0, 0x00, 0x01, 0xF9, 0xB8,
    0x00, 0x7F, 0xE0, 0x02, 0x00, 0x00, 0x28, 0x00, 0x02, 0x80, 0x00, 0x1F, 0xFF, 0xFD, 0x28, 0x00,
    0x00, 0x38, 0x00, 0x00, 0x20, 0x00, 0x00, 0x07, 0x00, 0x3F, 0x03, 0x77, 0x14, 0xC5, 0x03, 0x00,
    0x0C, 0x00, 0x30, 0x00, 0xC0, 0x03, 0x00, 0x0C, 0x00, 0x30, 0x00, 0x00, 0x02, 0x00, 0x00, 0x0A,
    0x00, 0x00, 0x0A, 0x1F, 0xFF, 0xFD, 0x00, 0x00, 0xA0, 0x00, 0x0B, 0x00, 0x00, 0x20, 0x00, 0x03,
    0x00, 0x0C, 0x00, 0x30, 0x00, 0xC0, 0x03, 0x00, 0x0C, 0x00, 0x30, 0x14, 0xC5, 0x37, 0x70, 0x3F,
    0x00, 0x70, 0x00, 0x02, 0x02, 0x00, 0x38, 0x0B, 0x03, 0x80, 0x0B, 0x1F, 0xFF, 0xFD, 0x38, 0x00,
    0xB0, 0x34, 0x0B, 0x00, 0x20, 0x20, 0x00, 0x07, 0x40, 0x3F, 0x03, 0x77, 0x14, 0xC5, 0x03, 0x00,
    0x0C, 0x00, 0x30, 0x14, 0xC5, 0x37, 0x70, 0x3F, 0x00, 0x74, 0x00, 0x07, 0x40, 0x3F, 0x03, 0x77,
    0x14, 0xC5, 0x03, 0x00, 0x0C, 0x05, 0x31, 0x4D, 0xDC, 0x0F, 0xC0, 0x1D, 0x0F, 0xFF, 0xC0, 0x00,
    0x2C, 0x00, 0xB0, 0x02, 0x80, 0x0A, 0x06, 0x28, 0x70, 0xA3, 0x42, 0xBF, 0xFE, 0x74, 0x00, 0x70,
    0x00, 0x60, 0x00, 0xE0, 0x03, 0x80, 0x0E, 0x00, 0x28, 0x00, 0xA2, 0x42, 0x87, 0x09, 0x07, 0x2F,
    0xFF, 0x00, 0x74, 0x03, 0x40, 0x24, 0x00, 0x00, 0x02, 0xC1, 0x40, 0x71, 0xC0, 0x1D, 0xC0, 0x07,
    0xFF, 0xFF, 0xDC, 0x00, 0x01, 0xC0, 0x00, 0x14, 0x00, 0x02, 0x40, 0x00, 0x2C, 0x00, 0x02, 0xFF,
    0xFF, 0x4C, 0x00, 0x00, 0x2F, 0xFF, 0xF4, 0x2C, 0x00, 0x00, 0x24, 0x00, 0x00, 0x01, 0xD0, 0x01,
    0xED, 0x01, 0xF3, 0xD0, 0x9C, 0xD8, 0x03, 0x30, 0x00, 0xCC, 0x00, 0x73, 0x40, 0x1C, 0xD0, 0x07,
    0x34, 0x01, 0xCD, 0x00, 0x00, 0x06, 0x00, 0x00, 0x0E, 0x07, 0xFF, 0xFE, 0x00, 0x00, 0x0C, 0x7F,
    0xFF, 0xE0, 0x00, 0x0E, 0x00, 0x00, 0x60, 0x00, 0x07, 0x34, 0x01, 0xCD, 0x00, 0x73, 0x40, 0x1C,
    0xD0, 0x03, 0x30, 0x00, 0xCC, 0x02, 0x73, 0x60, 0x7C, 0xF4, 0x07, 0x74, 0x00, 0x74, 0x00, 0x02,
    0x02, 0x00, 0x28, 0x0A, 0x02, 0xFF, 0xFE, 0x1D, 0x55, 0x5D, 0x2F, 0xFF, 0xE0, 0x39, 0x5A, 0x00,
    0x20, 0x20, 0x00, 0x3C, 0x00, 0x0F, 0x07, 0x40, 0x03, 0x40, 0xF0, 0x02, 0xC0, 0x2C, 0x00, 0xE0,
    0x07, 0xFF, 0xF0, 0x00, 0xF5, 0x78, 0x00, 0x1C, 0x0D, 0x00, 0x03, 0x87, 0x00, 0x00, 0xB3, 0x40,
    0x00, 0x1E, 0xC0, 0x00, 0x03, 0xE0, 0x00, 0x00, 0xB0, 0x00, 0x07, 0xF8, 0x03, 0x9B, 0x80, 0x00,
    0xF0, 0x00, 0x1C, 0x02, 0xFF, 0x43, 0xDB, 0xC3, 0xC0, 0x71, 0xD0, 0x2C, 0xB0, 0x0E, 0x2C, 0x03,
    0x4B, 0x02, 0xC1, 0xE2, 0xC0, 0x2F, 0x80, 0x00, 0x3F, 0xFF, 0x0A, 0x56, 0xC0, 0x00, 0xB0, 0x00,
    0x2C, 0x00, 0x0B, 0x0B, 0xFB, 0xC2, 0xAA, 0xF0, 0x00, 0x2C, 0x00, 0x0B, 0x00, 0x02, 0xC2, 0x95,
    0xB0, 0xFF, 0xFC, 0x00, 0x00, 0x00, 0x00, 0x2F, 0xE4, 0xD0, 0x7E, 0x6F, 0xE0, 0x78, 0x00, 0xF4,
    0x3C, 0x00, 0xFF, 0x0E, 0x00, 0xF1, 0xC7, 0x40, 0xF0, 0x75, 0xD0, 0xF0, 0x1D, 0x34, 0xF0, 0x0B,
    0x0F, 0xF0, 0x03, 0xC1, 0xF0, 0x02, 0xD0, 0xBF, 0x9B, 0xD0, 0x71, 0xBF, 0x80, 0x00, 0x00, 0x00,
    0x00, 0x00, 0x28, 0x00, 0x01, 0xF0, 0x00, 0x0E, 0xD0, 0x00, 0x73, 0xC0, 0x02, 0x8B, 0x00, 0x0D,
    0x0E, 0x00, 0xB0, 0x3C, 0x03, 0x80, 0xB4, 0x1C, 0x00, 0xE0, 0xE0, 0x03, 0xC3, 0x95, 0x5F, 0x5F,
    0xFF, 0xFE, 0xBF, 0xFF, 0xF9, 0xE5, 0x56, 0xD3, 0xC0, 0x0B, 0x0B, 0x00, 0x38, 0x1E, 0x01, 0xC0,
    0x3C, 0x0A, 0x00, 0xB4, 0x34, 0x00, 0xE2, 0xC0, 0x02, 0xCD, 0x00, 0x07, 0xB0, 0x00, 0x0F, 0x80,
    0x00, 0x2C, 0x00, 0x01, 0xFF, 0xFC, 0x3F, 0xAA, 0x93, 0xD0, 0x00, 0x1D, 0x00, 0x00, 0xB0, 0x00,
    0x03, 0xFF, 0xFF, 0xEF, 0xAA, 0xAA, 0xAC, 0x00, 0x00, 0x74, 0x00, 0x00, 0xF4, 0x00, 0x00, 0xFE,
    0xAA, 0x40, 0x7F, 0xFF, 0x00, 0x00, 0xD0, 0x07, 0xFF, 0xF0, 0xFE, 0xBE, 0x4F, 0x40, 0xD0, 0x74,
    0x07, 0x02, 0xC0, 0x28, 0x0F, 0xFF, 0xFF, 0xAE, 0xAF, 0xAA, 0xB0, 0x28, 0x01, 0xD0, 0xD0, 0x03,
    0xD7, 0x00, 0x03, 0xFE, 0xA9, 0x01, 0xFF, 0xFC, 0x07, 0x00, 0x00, 0x07, 0xFF, 0xFC, 0xBE, 0xAA,
    0x97, 0x80, 0x00, 0x2D, 0x15, 0x54, 0xFF, 0xFF, 0xF6, 0xC0, 0x01, 0x47, 0x80, 0x00, 0x0B, 0xEA,
    0xA9, 0x07, 0xFF, 0xFC, 0xFF, 0xFD, 0x01, 0x55, 0x6F, 0x00, 0x00, 0x0F, 0x00, 0x00, 0x1D, 0x00,
    0x00, 0x3A, 0xAA, 0xAA, 0xFB, 0xFF, 0xFF, 0xC0, 0x00, 0x0E, 0x00, 0x00, 0x74, 0x00, 0x03, 0xC5,
    0x56, 0xBC, 0x3F, 0xFF, 0x40, 0x1C, 0x00, 0x03, 0xFF, 0xF4, 0x06, 0xFA, 0xFC, 0x01, 0xC0, 0x7C,
    0x03, 0x40, 0x74, 0x0A, 0x00, 0xEB, 0xFF, 0xFF, 0xEA, 0xBE, 0xAF, 0x00, 0xE0, 0x38, 0x01, 0xC1,
    0xD0, 0x03, 0x5F, 0x1A, 0xAF, 0xF0, 0xFF, 0xFD, 0x00, 0x00, 0x34, 0x00, 0xFF, 0xFF, 0x41, 0xAA,
    0xAF, 0x80, 0x00, 0x0B, 0x45, 0x55, 0x1E, 0x7F, 0xFF, 0xFC, 0x50, 0x00, 0xE0, 0x00, 0x0B, 0x5A,
    0xAA, 0xF8, 0xFF, 0xFF, 0x40, 0x3F, 0xFF, 0xFF, 0xC1, 0xF9, 0x56, 0xE0, 0x0B, 0x00, 0x1D, 0x00,
    0xB0, 0x01, 0xD0, 0x0B, 0x00, 0x1D, 0x00, 0xB0, 0x01, 0xD0, 0x0B, 0x00, 0x1D, 0x00, 0xB0, 0x01,
    0xD0, 0x0B, 0x00, 0x1D, 0x00, 0xB0, 0x01, 0xD0, 0x0B, 0x00, 0x1D, 0x00, 0xB0, 0x01, 0xD0, 0x0B,
    0x00, 0x1D, 0x00, 0xF4, 0x01, 0xE0, 0x3F, 0xE0, 0xBF, 0xC0, 0x3F, 0xFF, 0xE0, 0xF9, 0x57, 0xC1,
    0xF0, 0x07, 0x02, 0xE0, 0x04, 0x03, 0xD0, 0x00, 0x03, 0xC0, 0x00, 0x07, 0x80, 0x00, 0x1E, 0x00,
    0x00, 0xF0, 0x00, 0x0B, 0x00, 0x00, 0x74, 0x00, 0x03, 0xC0, 0x08, 0x2C, 0x00, 0x71, 0xFA, 0xAB,
    0xC7, 0xFF, 0xFE, 0x00, 0x00, 0x00, 0x3F, 0xFF, 0x2A, 0xA9, 0x00, 0x00, 0xE0, 0x00, 0x1C, 0x00,
    0x03, 0x40, 0x00, 0xA0, 0x00, 0x1C, 0x00, 0x03, 0x80, 0x00, 0x70, 0x00, 0x0D, 0x00, 0x02, 0xC0,
    0x00, 0x30, 0x00, 0x0E, 0x00, 0x01, 0xC0, 0x00, 0x34, 0x00, 0x00, 0xA0, 0x01, 0xC0, 0x03, 0x40,
    0x0B, 0x00, 0x0C, 0x00, 0x38, 0x00, 0x70, 0x00, 0xD0, 0x02, 0x80, 0x07, 0x00, 0x0D, 0x00, 0x2C,
    0x00, 0x30, 0x01, 0xC0, 0x01, 0xC0, 0x39, 0xDE, 0x0B, 0xF4, 0x0B, 0xF4, 0x39, 0xDE, 0x11, 0xC0,
    0x01, 0xC0, 0x1F, 0xC0, 0xD2, 0xC7, 0x03, 0x1D, 0x28, 0x1F, 0x80, 0xB7, 0xD1, 0x00, 0x00, 0x00,
    0x34, 0x00, 0x02, 0xC0, 0x00, 0x0E, 0x00, 0x00, 0x34, 0x00, 0x01, 0xC0, 0x00, 0x0B, 0x00, 0x00,
    0x38, 0x3F, 0x41, 0xC0, 0x5E, 0x0B, 0x00, 0x2C, 0x38, 0x00, 0x74, 0xD0, 0x00, 0xE7, 0x00, 0x02,
    0xE8, 0x00, 0x07, 0xD0, 0x00, 0x0F, 0x00, 0x00, 0x3C, 0x00, 0x2F, 0x43, 0x1E, 0xB7, 0x4A, 0x0B,
    0x42, 0x81, 0xD0, 0x7A, 0xDD, 0x0B, 0xC1, 0xC0, 0x1F, 0x07, 0xD1, 0xEB, 0x7A, 0xCA, 0x0B, 0x43,
    0x68, 0x2D, 0x0D, 0x7A, 0xDE, 0xB0, 0xBC, 0x1F, 0x40, 0xB0, 0x00, 0x02, 0xC0, 0x00, 0x0B, 0x00,
    0x00, 0x2C, 0x00, 0x00, 0xB0, 0x00, 0x02, 0xC0, 0x00, 0x0B, 0x00, 0x00, 0x2C, 0x00, 0x00, 0xB0,
    0x00, 0x02, 0xC0, 0x00, 0x0B, 0xAA, 0xAA, 0x6F, 0xFF, 0xFE, 0x00, 0x00, 0x20, 0x00, 0x00, 0xB0,
    0x00, 0x02, 0xD0, 0x00, 0x07, 0x80, 0x00, 0x0F, 0x00, 0x00, 0x3C, 0x00, 0x00, 0xB4, 0x00, 0x01,
    0xE0, 0x00, 0x03, 0xC0, 0x00, 0x0F, 0x00, 0x00, 0x2F, 0xAA, 0xA9, 0x7F, 0xFF, 0xFE, 0xB2, 0xCB,
    0x2C, 0xB2, 0xCB, 0x2C, 0xB2, 0xCB, 0x2C, 0xB2, 0xCB, 0x2C, 0xB0, 0x38, 0xE3, 0x8E, 0x38, 0xE3,
    0x8E, 0x38, 0xE3, 0x8E, 0x38, 0xE3, 0x8E, 0x38, 0xE3, 0x8E, 0x38, 0xE3, 0x8E, 0x38, 0xE3, 0x8E,
    0x38, 0xE3, 0x8E, 0x38, 0xE0, 0x00, 0x74, 0x00, 0x02, 0xF0, 0x00, 0x0E, 0xD0, 0x00, 0x73, 0x80,
    0x03, 0x8B, 0x00, 0x0D, 0x0D, 0x00, 0xB0, 0x3C, 0x03, 0x80, 0x70, 0x1C, 0x00, 0xE0, 0xB0, 0x02,
    0xC3, 0x40, 0x07, 0x6C, 0x00, 0x0E, 0xB0, 0x00, 0x38, 0xD0, 0x01, 0xD2, 0xC0, 0x0B, 0x07, 0x00,
    0x38, 0x0E, 0x01, 0xC0, 0x2C, 0x0F, 0x00, 0x34, 0x34, 0x00, 0xE2, 0xC0, 0x01, 0xCE, 0x00, 0x03,
    0xB4, 0x00, 0x0B, 0xC0, 0x00, 0x1E, 0x00, 0x02, 0xFE, 0x00, 0x7E, 0x6F, 0x43, 0xC0, 0x0F, 0x0E,
    0x00, 0x2C, 0x34, 0x00, 0x70, 0xD0, 0x01, 0xC3, 0x40, 0x07, 0x0D, 0x00, 0x1C, 0x34, 0x00, 0x70,
    0xD0, 0x01, 0xC3, 0x40, 0x07, 0x0D, 0x00, 0x1C, 0x34, 0x00, 0x70, 0xD0, 0x01, 0xC3, 0x40, 0x07,
    0x0D, 0x00, 0x1C, 0x34, 0x00, 0x70, 0xD0, 0x01, 0xC3, 0x40, 0x07, 0x0D, 0x00, 0x1C, 0x38, 0x00,
    0xB0, 0xF0, 0x03, 0xC1, 0xF9, 0xBD, 0x00, 0xBF, 0x80, 0x00, 0x0F, 0xC0, 0x03, 0xEE, 0x00, 0x74,
    0x40, 0x07, 0x00, 0x00, 0xB0, 0x00, 0x0B, 0x00, 0x00, 0xB0, 0x00, 0x0B, 0x00, 0x00, 0xB0, 0x00,
    0x0B, 0x00, 0x00, 0xB0, 0x00, 0x0B, 0x00, 0x00, 0xB0, 0x00, 0x0B, 0x00, 0x00, 0xB0, 0x03, 0xEE,
    0x00, 0x1F, 0x80, 0x00, 0x00, 0x78, 0x00, 0x02, 0xE0, 0x00, 0x01, 0x00, 0x00, 0x00, 0x00, 0x00,
    0x00, 0x00, 0x00, 0x00, 0x00, 0x00, 0x00, 0x1E, 0x00, 0x1D, 0xB8, 0x00, 0xB8, 0x40, 0x00, 0x40,
    0x78, 0x00, 0x76, 0xE0, 0x02, 0xE1, 0x00, 0x01, 0x00, 0x00, 0x00, 0x00, 0x00, 0x00, 0x00, 0x00,
    0x00, 0x00, 0x00, 0x00, 0x1E, 0x00, 0x00, 0xB8, 0x00, 0x00, 0x40, 0x00, 0x00, 0x03, 0xC0, 0xE0,
    0x00, 0x00, 0x00, 0x00, 0x00, 0xF0, 0x38, 0x00, 0x78, 0x00, 0x76, 0xE0, 0x02, 0xE1, 0x00, 0x01,
    0x00, 0x00, 0x00, 0x00, 0x00, 0x00, 0x00, 0x00, 0x00, 0x00, 0x00, 0x1E, 0x00, 0x1D, 0xB8, 0x00,
    0xB8, 0x40, 0x00, 0x40, 0x01, 0x40, 0x11, 0xFF, 0x9E, 0x34, 0x2F, 0x80, 0x00, 0x00, 0x01, 0x40,
    0x11, 0xFF, 0x9E, 0x34, 0x2F, 0x80, 0x00, 0x00, 0x00, 0x00, 0x03, 0xFF, 0xFF, 0x15, 0x55, 0x50,
    0x00, 0x00, 0x3F, 0xFF, 0xF1, 0x55, 0x55, 0x09, 0x01, 0x0F, 0xFB, 0xC6, 0x0B, 0xD0, 0x24, 0x04,
    0x3F, 0xEF, 0x18, 0x2F, 0x40, 0x00, 0x00, 0x3A, 0x56, 0xB6, 0xFF, 0xE4, 0x00, 0x00, 0x00, 0x00,
    0x1B, 0xFF, 0x9E, 0x95, 0xAC, 0x00, 0x00, 0x00, 0x00, 0x00, 0x28, 0x3F, 0xFF, 0x15, 0xE5, 0x02,
    0x80, 0x3F, 0xFF, 0x1E, 0x55, 0x08, 0x00, 0xFF, 0xFF, 0xD5, 0x55, 0x50, 0x00, 0x03, 0xFF, 0xFF,
    0x55, 0x55, 0x40, 0x00, 0x0F, 0xFF, 0xFD, 0x55, 0x55, 0x00, 0x09, 0x00, 0x7D, 0x07, 0xD0, 0x3D,
    0x00, 0x3E, 0x00, 0x07, 0xD0, 0x00, 0xBD, 0x00, 0x09, 0x00, 0x00, 0x00, 0x00, 0x00, 0x00, 0x3F,
    0xFF, 0x2A, 0xA9, 0x34, 0x00, 0x2F, 0x40, 0x02, 0xE0, 0x00, 0x2E, 0x00, 0x2E, 0x02, 0xE0, 0x2F,
    0x40, 0x24, 0x00, 0x00, 0x00, 0x00, 0x00, 0x00, 0x00, 0x3F, 0xFF, 0x2A, 0xA9, 0x00, 0x0A, 0x00,
    0xA0, 0x02, 0xF4, 0x2F, 0x40, 0xB8, 0x0B, 0xD0, 0x0F, 0x40, 0xF4, 0x00, 0x1B, 0x90, 0xBD, 0x00,
    0x02, 0xF4, 0x2F, 0x40, 0x00, 0xA0, 0x0A, 0x00, 0x28, 0x02, 0x80, 0x00, 0x7E, 0x07, 0xE0, 0x00,
    0x1F, 0x81, 0xB8, 0x00, 0x07, 0xC0, 0x7C, 0x01, 0xF8, 0x1B, 0x90, 0x7E, 0x07, 0xE0, 0x02, 0x80,
    0x28, 0x00, 0x00, 0xFF, 0xFF, 0x41, 0xAA, 0xAF, 0x80, 0x00, 0x0B, 0x40, 0x00, 0x0E, 0x00, 0x00,
    0x3C, 0x00, 0x00, 0xE0, 0x00, 0x0B, 0x5A, 0xAA, 0xF8, 0xFF, 0xFF, 0x40, 0x00, 0x01, 0xC0, 0x00,
    0x0B, 0x00, 0x00, 0x38, 0x01, 0xFF, 0xFF, 0x2F, 0xAF, 0xA5, 0xE0, 0x38, 0x0B, 0x00, 0xD0, 0x3C,
    0x07, 0x00, 0xB0, 0x38, 0x01, 0xE0, 0xC0, 0x02, 0xFF, 0xAA, 0x41, 0xBF, 0xFF, 0x00, 0xD0, 0x00,
    0x07, 0x00, 0x00, 0x28, 0x00, 0x00, 0x00, 0x0E, 0x00, 0x00, 0x34, 0x00, 0x01, 0xC0, 0x3F, 0xFF,
    0x90, 0x6A, 0xBF, 0xE0, 0x01, 0xC2, 0xD0, 0x0A, 0x03, 0x80, 0x34, 0x0F, 0x01, 0xC0, 0x38, 0x0A,
    0x02, 0xD6, 0xBE, 0xBE, 0x3F, 0xFF, 0xD0, 0x0B, 0x00, 0x00, 0x34, 0x00, 0x00, 0xC0, 0x00, 0x00,
    0x07, 0xFF, 0xFC, 0xBE, 0x55, 0x57, 0x80, 0x00, 0x2C, 0x00, 0x00, 0xF0, 0x00, 0x02, 0xC0, 0x00,
    0x07, 0x80, 0x00, 0x0B, 0xE5, 0x55, 0x07, 0xFF, 0xFC, 0x00, 0x00, 0x01, 0x55, 0x55, 0x5F, 0xFF,
    0xFF, 0xFF, 0xFF, 0x41, 0x55, 0x6F, 0x80, 0x00, 0x0B, 0x40, 0x00, 0x0E, 0x00, 0x00, 0x3C, 0x00,
    0x00, 0xE0, 0x00, 0x0B, 0x55, 0x56, 0xF8, 0xFF, 0xFF, 0x40, 0x00, 0x00, 0x05, 0x55, 0x55, 0x3F,
    0xFF, 0xFD, 0x01, 0xBF, 0x90, 0x02, 0xD3, 0x1E, 0x02, 0x80, 0xC0, 0xA0, 0xC0, 0x30, 0x0C, 0x60,
    0x0C, 0x02, 0x6F, 0xFF, 0xFF, 0xEA, 0x00, 0xC0, 0x29, 0x80, 0x30, 0x09, 0x30, 0x0C, 0x03, 0x0B,
    0x03, 0x03, 0x80, 0xB4, 0xC7, 0x80, 0x06, 0xFE, 0x40, 0x01, 0xBF, 0x90, 0x02, 0xD0, 0x1E, 0x02,
    0x80, 0x00, 0xA0, 0xC0, 0x00, 0x0C, 0x60, 0x00, 0x02, 0x6F, 0xFF, 0xFF, 0xEA, 0x00, 0x00, 0x29,
    0x80, 0x00, 0x0D, 0x30, 0x00, 0x03, 0x0B, 0x00, 0x03, 0x80, 0xB4, 0x07, 0x80, 0x06, 0xFE, 0x40,
    0x01, 0xBF, 0x90, 0x02, 0xD0, 0x1E, 0x02, 0xE0, 0x02, 0xE0, 0xCE, 0x02, 0xCC, 0x60, 0xE2, 0x82,
    0x64, 0x0F, 0x80, 0x69, 0x02, 0xE0, 0x19, 0x83, 0x8A, 0x09, 0x33, 0x80, 0xB3, 0x0B, 0x80, 0x0B,
    0x80, 0xB4, 0x07, 0x80, 0x06, 0xFE, 0x40, 0x01, 0xBF, 0x90, 0x02, 0xD0, 0x1E, 0x02, 0x80, 0x02,
    0xE0, 0xC0, 0x02, 0xCC, 0x60, 0x02, 0xC2, 0x64, 0x02, 0x80, 0x69, 0x02, 0x80, 0x19, 0x83, 0x80,
    0x09, 0x33, 0x80, 0x03, 0x0B, 0x80, 0x02, 0x80, 0xB4, 0x07, 0x80, 0x06, 0xFE, 0x40, 0x00, 0x74,
    0x00, 0x01, 0xD0, 0x00, 0x07, 0x40, 0x00, 0x1D, 0x00, 0x00, 0x74, 0x00, 0x01, 0xD0, 0x00, 0x07,
    0x40, 0x00, 0x1D, 0x00, 0x00, 0x74, 0x00, 0x01, 0xD0, 0x02, 0xAB, 0xAA, 0x1F, 0xFF, 0xFD, 0xB7,
    0xD1, 0x00, 0x3C, 0x07, 0x80, 0xB1, 0xF0, 0x2E, 0x03, 0xD1, 0x00, 0x10, 0x00, 0x00, 0x00, 0x00,
    0x80, 0x00, 0x00, 0x00, 0xFC, 0x00, 0x00, 0x00, 0xFF, 0xC0, 0x00, 0x00, 0xE0, 0x7C, 0x00, 0x00,
    0xF4, 0x03, 0xC0, 0x00, 0xFF, 0xFC, 0x7C, 0x00, 0xFF, 0xFF, 0x8F, 0xC0, 0xFF, 0xFF, 0x83, 0xFC,
    0x3F, 0xFC, 0x02, 0xFF, 0x03, 0xFF, 0x0B, 0xFF, 0x00, 0x3F, 0xC7, 0xFF, 0x00, 0x03, 0xFF, 0xFF,
    0x00, 0x00, 0x3E, 0x3F, 0x00, 0x00, 0x03, 0x8F, 0x00, 0x00, 0x00, 0x3F, 0x00, 0x00, 0x00, 0x02,
    0x00, 0x00,
};

static const EpdGlyph bookerly_8_italicGlyphs[] = {
    { 0, 0, 0, 0, 0, 0, 0 }, //  
    { 0, 0, 0, 0, 0, 0, 0 }, // 
    { 0, 0, 4, 0, 0, 0, 0 }, // 	
    { 0, 0, 4, 0, 0, 0, 0 }, // 
    { 0, 0, 0, 0, 0, 0, 0 }, // 
    { 0, 0, 4, 0, 0, 0, 0 }, //  
    { 5, 12, 5, 1, 12, 15, 0 }, // !
    { 6, 5, 6, 1, 12, 8, 15 }, // "
    { 11, 10, 11, 0, 9, 28, 23 }, // #
    { 10, 16, 11, 0, 13, 40, 51 }, // $
    { 15, 13, 16, 1, 12, 49, 91 }, // %
    { 14, 13, 15, 1, 12, 46, 140 }, // &
    { 3, 5, 3, 1, 12, 4, 186 }, // '
    { 8, 16, 7, 0, 13, 32, 190 }, // (
    { 8, 16, 7, -2, 13, 32, 222 }, // )
    { 6, 6, 6, 1, 12, 9, 254 }, // *
    { 8, 8, 11, 1, 9, 16, 263 }, // +
    { 5, 6, 5, -1, 3, 8, 279 }, // ,
    { 6, 2, 6, 0, 5, 3, 287 }, // -
    { 3, 3, 5, 1, 3, 3, 290 }, // .
    { 10, 13, 8, -1, 12, 33, 293 }, // /
    { 11, 12, 11, 0, 12, 33, 326 }, // 0
    { 7, 12, 11, 1, 12, 21, 359 }, // 1
    { 10, 12, 11, 0, 12, 30, 380 }, // 2
    { 10, 12, 11, 0, 12, 30, 410 }, // 3
    { 10, 12, 11, 0, 12, 30, 440 }, // 4
    { 10, 12, 11, 0, 12, 30, 470 }, // 5
    { 10, 12, 11, 1, 12, 30, 500 }, // 6
    { 9, 12, 11, 2, 12, 27, 530 }, // 7
    { 10, 12, 11, 0, 12, 30, 557 }, // 8
    { 10, 12, 11, 0, 12, 30, 587 }, // 9
    { 4, 9, 5, 1, 9, 9, 617 }, // :
    { 6, 12, 5, -1, 9, 18, 626 }, // ;
    { 8, 8, 11, 1, 10, 16, 644 }, // <
    { 8, 5, 11, 1, 8, 10, 660 }, // =
    { 8, 8, 11, 1, 10, 16, 670 }, // >
    { 6, 12, 7, 1, 12, 18, 686 }, // ?
    { 15, 15, 17, 1, 12, 57, 704 }, // @
    { 13, 12, 12, -1, 12, 39, 761 }, // A
    { 11, 13, 11, -1, 12, 36, 800 }, // B
    { 11, 12, 11, 0, 12, 33, 836 }, // C
    { 13, 13, 12, -1, 12, 43, 869 }, // D
    { 12, 12, 10, -1, 12, 36, 912 }, // E
    { 11, 12, 9, -1, 12, 33, 948 }, // F
    { 12, 12, 12, 0, 12, 36, 981 }, // G
    { 16, 12, 14, -1, 12, 48, 1017 }, // H
    { 8, 12, 6, -1, 12, 24, 1065 }, // I
    { 10, 15, 6, -3, 12, 38, 1089 }, // J
    { 14, 13, 12, -1, 12, 46, 1127 }, // K
    { 11, 12, 10, -1, 12, 33, 1173 }, // L
    { 17, 12, 15, -1, 12, 51, 1206 }, // M
    { 15, 12, 13, -1, 12, 45, 1257 }, // N
    { 12, 12, 13, 0, 12, 36, 1302 }, // O
    { 11, 12, 10, -1, 12, 33, 1338 }, // P
    { 15, 16, 13, 0, 12, 60, 1371 }, // Q
    { 12, 12, 11, -1, 12, 36, 1431 }, // R
    { 9, 12, 9, 0, 12, 27, 1467 }, // S
    { 11, 12, 11, 1, 12, 33, 1494 }, // T
    { 13, 12, 13, 1, 12, 39, 1527 }, // U
    { 12, 12, 12, 1, 12, 36, 1566 }, // V
    { 18, 12, 18, 1, 12, 54, 1602 }, // W
    { 15, 12, 11, -2, 12, 45, 1656 }, // X
    { 12, 12, 11, 1, 12, 36, 1701 }, // Y
    { 11, 13, 10, -1, 12, 36, 1737 }, // Z
    { 7, 16, 5, -1, 13, 28, 1773 }, // [
    { 7, 13, 8, 1, 12, 23, 1801 }, // <backslash>
    { 7, 16, 5, -1, 13, 28, 1824 }, // ]
    { 9, 8, 11, 1, 11, 18, 1852 }, // ^
    { 9, 2, 9, 0, -1, 5, 1870 }, // _
    { 4, 4, 10, 3, 14, 4, 1875 }, // `
    { 10, 9, 10, 0, 9, 23, 1879 }, // a
    { 9, 13, 9, 0, 13, 30, 1902 }, // b
    { 8, 9, 8, 0, 9, 18, 1932 }, // c
    { 10, 13, 10, 0, 13, 33, 1950 }, // d
    { 8, 9, 8, 0, 9, 18, 1983 }, // e
    { 12, 17, 7, -3, 13, 51, 2001 }, // f
    { 12, 13, 8, -2, 9, 39, 2052 }, // g
    { 10, 13, 10, 0, 13, 33, 2091 }, // h
    { 6, 14, 6, 0, 14, 21, 2124 }, // i
    { 10, 18, 5, -4, 14, 45, 2145 }, // j
    { 9, 13, 9, 0, 13, 30, 2190 }, // k
    { 5, 13, 5, 0, 13, 17, 2220 }, // l
    { 15, 9, 15, 0, 9, 34, 2237 }, // m
    { 10, 9, 10, 0, 9, 23, 2271 }, // n
    { 9, 9, 9, 0, 9, 21, 2294 }, // o
    { 11, 13, 10, -1, 9, 36, 2315 }, // p
    { 10, 13, 9, 0, 9, 33, 2351 }, // q
    { 8, 9, 7, 0, 9, 18, 2384 }, // r
    { 7, 9, 7, 0, 9, 16, 2402 }, // s
    { 7, 11, 7, 0, 11, 20, 2418 }, // t
    { 10, 9, 10, 0, 9, 23, 2438 }, // u
    { 9, 9, 9, 0, 9, 21, 2461 }, // v
    { 13, 9, 13, 0, 9, 30, 2482 }, // w
    { 11, 9, 10, -1, 9, 25, 2512 }, // x
    { 11, 13, 9, -2, 9, 36, 2537 }, // y
    { 8, 9, 8, 0, 9, 18, 2573 }, // z
    { 7, 16, 7, 1, 13, 28, 2591 }, // {
    { 5, 16, 5, 0, 13, 20, 2619 }, // |
    { 7, 16, 7, -1, 13, 28, 2639 }, // }
    { 9, 3, 11, 1, 7, 7, 2667 }, // ~
    { 0, 0, 4, 0, 0, 0, 2674 }, //  
    { 6, 13, 5, -1, 9, 20, 2674 }, // ¡
    { 9, 16, 11, 1, 13, 36, 2694 }, // ¢
    { 12, 12, 11, -1, 12, 36, 2730 }, // £
    { 11, 9, 11, 0, 10, 25, 2766 }, // ¤
    { 12, 12, 11, 0, 12, 36, 2791 }, // ¥
    { 5, 16, 5, 0, 13, 20, 2827 }, // ¦
    { 8, 13, 8, 0, 12, 26, 2847 }, // §
    { 6, 3, 10, 2, 14, 5, 2873 }, // ¨
    { 13, 12, 13, 0, 12, 39, 2878 }, // ©
    { 7, 8, 7, 0, 12, 14, 2917 }, // ª
    { 9, 6, 9, 0, 7, 14, 2931 }, // «
    { 8, 4, 11, 1, 8, 8, 2945 }, // ¬
    { 6, 2, 6, 0, 5, 3, 2953 }, // ­
    { 10, 9, 10, 0, 13, 23, 2956 }, // ®
    { 6, 2, 10, 2, 13, 3, 2979 }, // ¯
    { 7, 5, 9, 1, 12, 9, 2982 }, // °
    { 8, 11, 11, 1, 10, 22, 2991 }, // ±
    { 7, 7, 8, 0, 14, 13, 3013 }, // ²
    { 7, 7, 8, 0, 14, 13, 3026 }, // ³
    { 4, 4, 10, 3, 14, 4, 3039 }, // ´
    { 11, 13, 10, -1, 9, 36, 3043 }, // µ
    { 12, 14, 10, -1, 12, 42, 3079 }, // ¶
    { 3, 3, 5, 1, 7, 3, 3121 }, // ·
    { 4, 3, 10, 3, -1, 3, 3124 }, // ¸
    { 5, 7, 8, 1, 14, 9, 3127 }, // ¹
    { 7, 8, 8, 0, 12, 14, 3136 }, // º
    { 9, 6, 9, 0, 7, 14, 3150 }, // »
    { 17, 13, 18, 1, 12, 56, 3164 }, // ¼
    { 17, 13, 18, 1, 12, 56, 3220 }, // ½
    { 18, 13, 18, 0, 12, 59, 3276 }, // ¾
    { 6, 12, 7, 0, 9, 18, 3335 }, // ¿
    { 13, 16, 12, -1, 16, 52, 3353 }, // À
    { 13, 16, 12, -1, 16, 52, 3405 }, // Á
    { 13, 16, 12, -1, 16, 52, 3457 }, // Â
    { 13, 16, 12, -1, 16, 52, 3509 }, // Ã
    { 13, 16, 12, -1, 16, 52, 3561 }, // Ä
    { 13, 17, 12, -1, 17, 56, 3613 }, // Å
    { 18, 12, 15, -2, 12, 54, 3669 }, // Æ
    { 11, 16, 11, 0, 12, 44, 3723 }, // Ç
    { 12, 16, 10, -1, 16, 48, 3767 }, // È
    { 12, 16, 10, -1, 16, 48, 3815 }, // É
    { 12, 16, 10, -1, 16, 48, 3863 }, // Ê
    { 12, 16, 10, -1, 16, 48, 3911 }, // Ë
    { 8, 16, 6, -1, 16, 32, 3959 }, // Ì
    { 9, 16, 6, -1, 16, 36, 3991 }, // Í
    { 9, 16, 6, -1, 16, 36, 4027 }, // Î
    { 9, 16, 6, -1, 16, 36, 4063 }, // Ï
    { 13, 12, 12, -1, 12, 39, 4099 }, // Ð
    { 15, 16, 13, -1, 16, 60, 4138 }, // Ñ
    { 12, 16, 13, 0, 16, 48, 4198 }, // Ò
    { 12, 16, 13, 0, 16, 48, 4246 }, // Ó
    { 12, 16, 13, 0, 16, 48, 4294 }, // Ô
    { 12, 16, 13, 0, 16, 48, 4342 }, // Õ
    { 12, 16, 13, 0, 16, 48, 4390 }, // Ö
    { 7, 7, 11, 2, 9, 13, 4438 }, // ×
    { 14, 12, 13, -1, 12, 42, 4451 }, // Ø
    { 13, 16, 13, 1, 16, 52, 4493 }, // Ù
    { 13, 16, 13, 1, 16, 52, 4545 }, // Ú
    { 13, 16, 13, 1, 16, 52, 4597 }, // Û
    { 13, 16, 13, 1, 16, 52, 4649 }, // Ü
    { 12, 16, 11, 1, 16, 48, 4701 }, // Ý
    { 11, 12, 10, -1, 12, 33, 4749 }, // Þ
    { 14, 17, 11, -3, 13, 60, 4782 }, // ß
    { 10, 14, 10, 0, 14, 35, 4842 }, // à
    { 10, 14, 10, 0, 14, 35, 4877 }, // á
    { 10, 14, 10, 0, 14, 35, 4912 }, // â
    { 10, 14, 10, 0, 14, 35, 4947 }, // ã
    { 10, 14, 10, 0, 14, 35, 4982 }, // ä
    { 10, 14, 10, 0, 14, 35, 5017 }, // å
    { 13, 9, 13, 0, 9, 30, 5052 }, // æ
    { 8, 13, 8, 0, 9, 26, 5082 }, // ç
    { 8, 14, 8, 0, 14, 28, 5108 }, // è
    { 8, 14, 8, 0, 14, 28, 5136 }, // é
    { 8, 14, 8, 0, 14, 28, 5164 }, // ê
    { 9, 14, 8, 0, 14, 32, 5192 }, // ë
    { 5, 14, 6, 0, 14, 18, 5224 }, // ì
    { 7, 14, 6, 0, 14, 25, 5242 }, // í
    { 7, 14, 6, 0, 14, 25, 5267 }, // î
    { 7, 14, 6, 0, 14, 25, 5292 }, // ï
    { 9, 13, 9, 0, 13, 30, 5317 }, // ð
    { 10, 14, 10, 0, 14, 35, 5347 }, // ñ
    { 9, 14, 9, 0, 14, 32, 5382 }, // ò
    { 9, 14, 9, 0, 14, 32, 5414 }, // ó
    { 9, 14, 9, 0, 14, 32, 5446 }, // ô
    { 9, 14, 9, 0, 14, 32, 5478 }, // õ
    { 10, 14, 9, 0, 14, 35, 5510 }, // ö
    { 8, 8, 11, 1, 9, 16, 5545 }, // ÷
    { 11, 9, 9, -1, 9, 25, 5561 }, // ø
    { 10, 14, 10, 0, 14, 35, 5586 }, // ù
    { 10, 14, 10, 0, 14, 35, 5621 }, // ú
    { 10, 14, 10, 0, 14, 35, 5656 }, // û
    { 10, 14, 10, 0, 14, 35, 5691 }, // ü
    { 11, 18, 9, -2, 14, 50, 5726 }, // ý
    { 11, 17, 9, -2, 13, 47, 5776 }, // þ
    { 11, 18, 9, -2, 14, 50, 5823 }, // ÿ
    { 13, 15, 12, -1, 15, 49, 5873 }, // Ā
    { 10, 13, 10, 0, 13, 33, 5922 }, // ā
    { 13, 16, 12, -1, 16, 52, 5955 }, // Ă
    { 10, 13, 10, 0, 13, 33, 6007 }, // ă
    { 13, 16, 12, -1, 12, 52, 6040 }, // Ą
    { 10, 13, 10, 0, 9, 33, 6092 }, // ą
    { 11, 16, 11, 0, 16, 44, 6125 }, // Ć
    { 8, 14, 8, 0, 14, 28, 6169 }, // ć
    { 11, 16, 11, 0, 16, 44, 6197 }, // Ĉ
    { 8, 14, 8, 0, 14, 28, 6241 }, // ĉ
    { 11, 16, 11, 0, 16, 44, 6269 }, // Ċ
    { 8, 14, 8, 0, 14, 28, 6313 }, // ċ
    { 12, 16, 11, 0, 16, 48, 6341 }, // Č
    { 9, 14, 8, 0, 14, 32, 6389 }, // č
    { 13, 17, 12, -1, 16, 56, 6421 }, // Ď
    { 13, 14, 10, 0, 14, 46, 6477 }, // ď
    { 13, 12, 12, -1, 12, 39, 6523 }, // Đ
    { 11, 13, 10, 0, 13, 36, 6562 }, // đ
    { 12, 15, 10, -1, 15, 45, 6598 }, // Ē
    { 9, 13, 8, 0, 13, 30, 6643 }, // ē
    { 12, 16, 10, -1, 16, 48, 6673 }, // Ĕ
    { 9, 13, 8, 0, 13, 30, 6721 }, // ĕ
    { 12, 16, 10, -1, 16, 48, 6751 }, // Ė
    { 8, 14, 8, 0, 14, 28, 6799 }, // ė
    { 12, 16, 10, -1, 12, 48, 6827 }, // Ę
    { 8, 13, 8, 0, 9, 26, 6875 }, // ę
    { 12, 16, 10, -1, 16, 48, 6901 }, // Ě
    { 9, 14, 8, 0, 14, 32, 6949 }, // ě
    { 11, 16, 12, 1, 16, 44, 6981 }, // Ĝ
    { 12, 18, 8, -2, 14, 54, 7025 }, // ĝ
    { 11, 16, 12, 1, 16, 44, 7079 }, // Ğ
    { 12, 17, 8, -2, 13, 51, 7123 }, // ğ
    { 11, 16, 12, 1, 16, 44, 7174 }, // Ġ
    { 12, 18, 8, -2, 14, 54, 7218 }, // ġ
    { 11, 17, 12, 1, 12, 47, 7272 }, // Ģ
    { 12, 19, 8, -2, 15, 57, 7319 }, // ģ
    { 16, 16, 14, -1, 16, 64, 7376 }, // Ĥ
    { 10, 17, 10, 0, 17, 43, 7440 }, // ĥ
    { 16, 12, 14, -1, 12, 48, 7483 }, // Ħ
    { 10, 13, 10, 0, 13, 33, 7531 }, // ħ
    { 9, 16, 6, -1, 16, 36, 7564 }, // Ĩ
    { 7, 14, 6, 0, 14, 25, 7600 }, // ĩ
    { 9, 15, 6, -1, 15, 34, 7625 }, // Ī
    { 7, 13, 6, 0, 13, 23, 7659 }, // ī
    { 9, 16, 6, -1, 16, 36, 7682 }, // Ĭ
    { 7, 13, 6, 0, 13, 23, 7718 }, // ĭ
    { 8, 16, 6, -1, 12, 32, 7741 }, // Į
    { 6, 18, 6, 0, 14, 27, 7773 }, // į
    { 8, 16, 6, -1, 16, 32, 7800 }, // İ
    { 5, 9, 6, 0, 9, 12, 7832 }, // ı
    { 15, 15, 12, -1, 12, 57, 7844 }, // Ĳ
    { 11, 18, 10, 0, 14, 50, 7901 }, // ĳ
    { 11, 19, 6, -3, 16, 53, 7951 }, // Ĵ
    { 11, 18, 5, -4, 14, 50, 8004 }, // ĵ
    { 14, 17, 12, -1, 12, 60, 8054 }, // Ķ
    { 9, 18, 9, 0, 13, 41, 8114 }, // ķ
    { 9, 9, 9, 0, 9, 21, 8155 }, // ĸ
    { 11, 16, 10, -1, 16, 44, 8176 }, // Ĺ
    { 7, 17, 5, 0, 17, 30, 8220 }, // ĺ
    { 11, 17, 10, -1, 12, 47, 8250 }, // Ļ
    { 6, 18, 5, -1, 13, 27, 8297 }, // ļ
    { 11, 13, 10, -1, 13, 36, 8324 }, // Ľ
    { 8, 14, 6, 0, 14, 28, 8360 }, // ľ
    { 11, 12, 10, -1, 12, 33, 8388 }, // Ŀ
    { 8, 13, 7, 0, 13, 26, 8421 }, // ŀ
    { 11, 12, 10, -1, 12, 33, 8447 }, // Ł
    { 7, 13, 5, -1, 13, 23, 8480 }, // ł
    { 15, 16, 13, -1, 16, 60, 8503 }, // Ń
    { 10, 14, 10, 0, 14, 35, 8563 }, // ń
    { 15, 17, 13, -1, 12, 64, 8598 }, // Ņ
    { 10, 14, 10, 0, 9, 35, 8662 }, // ņ
    { 15, 16, 13, -1, 16, 60, 8697 }, // Ň
    { 10, 14, 10, 0, 14, 35, 8757 }, // ň
    { 13, 13, 14, 1, 13, 43, 8792 }, // ŉ
    { 15, 15, 13, -1, 12, 57, 8835 }, // Ŋ
    { 10, 13, 10, 0, 9, 33, 8892 }, // ŋ
    { 12, 15, 13, 0, 15, 45, 8925 }, // Ō
    { 9, 13, 9, 0, 13, 30, 8970 }, // ō
    { 12, 16, 13, 0, 16, 48, 9000 }, // Ŏ
    { 10, 13, 9, 0, 13, 33, 9048 }, // ŏ
    { 13, 17, 13, 0, 17, 56, 9081 }, // Ő
    { 10, 14, 9, 0, 14, 35, 9137 }, // ő
    { 17, 12, 16, 0, 12, 51, 9172 }, // Œ
    { 14, 9, 14, 0, 9, 32, 9223 }, // œ
    { 12, 16, 11, -1, 16, 48, 9255 }, // Ŕ
    { 8, 14, 7, 0, 14, 28, 9303 }, // ŕ
    { 12, 17, 11, -1, 12, 51, 9331 }, // Ŗ
    { 9, 14, 7, -1, 9, 32, 9382 }, // ŗ
    { 12, 16, 11, -1, 16, 48, 9414 }, // Ř
    { 9, 14, 7, 0, 14, 32, 9462 }, // ř
    { 9, 16, 9, 0, 16, 36, 9494 }, // Ś
    { 8, 14, 7, 0, 14, 28, 9530 }, // ś
    { 9, 16, 9, 0, 16, 36, 9558 }, // Ŝ
    { 8, 14, 7, 0, 14, 28, 9594 }, // ŝ
    { 9, 16, 9, 0, 12, 36, 9622 }, // Ş
    { 7, 13, 7, 0, 9, 23, 9658 }, // ş
    { 10, 16, 9, 0, 16, 40, 9681 }, // Š
    { 8, 14, 7, 0, 14, 28, 9721 }, // š
    { 11, 16, 11, 1, 12, 44, 9749 }, // Ţ
    { 7, 15, 7, 0, 11, 27, 9793 }, // ţ
    { 11, 16, 11, 1, 16, 44, 9820 }, // Ť
    { 8, 13, 7, 0, 13, 26, 9864 }, // ť
    { 11, 12, 11, 1, 12, 33, 9890 }, // Ŧ
    { 7, 11, 7, 0, 11, 20, 9923 }, // ŧ
    { 13, 16, 13, 1, 16, 52, 9943 }, // Ũ
    { 10, 14, 10, 0, 14, 35, 9995 }, // ũ
    { 13, 15, 13, 1, 15, 49, 10030 }, // Ū
    { 10, 13, 10, 0, 13, 33, 10079 }, // ū
    { 13, 16, 13, 1, 16, 52, 10112 }, // Ŭ
    { 10, 13, 10, 0, 13, 33, 10164 }, // ŭ
    { 13, 17, 13, 1, 17, 56, 10197 }, // Ů
    { 10, 14, 10, 0, 14, 35, 10253 }, // ů
    { 13, 17, 13, 1, 17, 56, 10288 }, // Ű
    { 10, 14, 10, 0, 14, 35, 10344 }, // ű
    { 13, 16, 13, 1, 12, 52, 10379 }, // Ų
    { 10, 13, 10, 0, 9, 33, 10431 }, // ų
    { 18, 16, 18, 1, 16, 72, 10464 }, // Ŵ
    { 13, 14, 13, 0, 14, 46, 10536 }, // ŵ
    { 12, 16, 11, 1, 16, 48, 10582 }, // Ŷ
    { 11, 18, 9, -2, 14, 50, 10630 }, // ŷ
    { 12, 16, 11, 1, 16, 48, 10680 }, // Ÿ
    { 11, 17, 10, -1, 16, 47, 10728 }, // Ź
    { 8, 14, 8, 0, 14, 28, 10775 }, // ź
    { 11, 17, 10, -1, 16, 47, 10803 }, // Ż
    { 8, 14, 8, 0, 14, 28, 10850 }, // ż
    { 11, 17, 10, -1, 16, 47, 10878 }, // Ž
    { 9, 14, 8, 0, 14, 32, 10925 }, // ž
    { 12, 17, 7, -3, 13, 51, 10957 }, // ſ
    { 4, 4, 0, -3, 14, 4, 11008 }, // ̀
    { 4, 4, 0, -1, 14, 4, 11012 }, // ́
    { 6, 4, 0, -3, 14, 6, 11016 }, // ̂
    { 6, 3, 0, -3, 14, 5, 11022 }, // ̃
    { 6, 2, 0, -3, 13, 3, 11027 }, // ̄
    { 6, 3, 0, -3, 13, 5, 11030 }, // ̆
    { 4, 3, 0, -2, 14, 3, 11035 }, // ̇
    { 6, 3, 0, -3, 14, 5, 11038 }, // ̈
    { 5, 5, 0, -2, 15, 7, 11043 }, // ̉
    { 6, 4, 0, -3, 14, 6, 11050 }, // ̊
    { 7, 4, 0, -3, 14, 7, 11056 }, // ̋
    { 6, 4, 0, -3, 14, 6, 11063 }, // ̌
    { 6, 4, 0, -4, 14, 6, 11069 }, // ̏
    { 6, 3, 0, -3, 13, 5, 11075 }, // ̑
    { 4, 5, 0, -2, 15, 5, 11080 }, // ̒
    { 4, 5, 0, -2, 15, 5, 11085 }, // ̓
    { 3, 4, 0, -2, 14, 3, 11090 }, // ̔
    { 3, 5, 0, -2, 14, 4, 11093 }, // ̕
    { 4, 4, 0, -2, 11, 4, 11097 }, // ̛
    { 4, 3, 0, -2, -1, 3, 11101 }, // ̣
    { 6, 3, 0, -3, -2, 5, 11104 }, // ̤
    { 4, 4, 0, -2, -1, 4, 11109 }, // ̥
    { 4, 4, 0, -2, -1, 4, 11113 }, // ̦
    { 4, 3, 0, -2, -1, 3, 11117 }, // ̧
    { 4, 5, 0, -2, 1, 5, 11120 }, // ̨
    { 4, 3, 5, -1, -1, 3, 11125 }, // ̩
    { 7, 4, 0, -4, 0, 7, 11128 }, // ̭
    { 6, 3, 0, -3, -1, 5, 11135 }, // ̮
    { 6, 3, 0, -3, -1, 5, 11140 }, // ̰
    { 6, 2, 0, -3, -2, 3, 11145 }, // ̱
    { 6, 3, 0, -3, 13, 5, 11148 }, // ͂
    { 7, 7, 0, -4, 18, 13, 11153 }, // ̈́
    { 3, 3, 0, -1, -1, 3, 11166 }, // ͅ
    { 12, 16, 10, -1, 16, 48, 11169 }, // Ѐ
    { 12, 16, 10, -1, 16, 48, 11217 }, // Ё
    { 11, 15, 13, 1, 12, 42, 11265 }, // Ђ
    { 12, 16, 10, -1, 16, 48, 11307 }, // Ѓ
    { 11, 12, 11, 0, 12, 33, 11355 }, // Є
    { 9, 12, 9, 0, 12, 27, 11388 }, // Ѕ
    { 8, 12, 6, -1, 12, 24, 11415 }, // І
    { 9, 16, 6, -1, 16, 36, 11439 }, // Ї
    { 10, 15, 6, -3, 12, 38, 11475 }, // Ј
    { 16, 13, 15, -1, 12, 52, 11513 }, // Љ
    { 17, 13, 16, -1, 12, 56, 11565 }, // Њ
    { 12, 12, 13, 1, 12, 36, 11621 }, // Ћ
    { 13, 16, 11, -1, 16, 52, 11657 }, // Ќ
    { 16, 16, 14, -1, 16, 64, 11709 }, // Ѝ
    { 13, 17, 11, 0, 17, 56, 11773 }, // Ў
    { 15, 16, 13, -1, 12, 60, 11829 }, // Џ
    { 13, 12, 12, -1, 12, 39, 11889 }, // А
    { 11, 13, 10, -1, 12, 36, 11928 }, // Б
    { 11, 13, 11, -1, 12, 36, 11964 }, // В
    { 12, 12, 10, -1, 12, 36, 12000 }, // Г
    { 14, 15, 12, -1, 12, 53, 12036 }, // Д
    { 12, 12, 10, -1, 12, 36, 12089 }, // Е
    { 19, 12, 16, -2, 12, 57, 12125 }, // Ж
    { 9, 12, 9, 0, 12, 27, 12182 }, // З
    { 16, 12, 14, -1, 12, 48, 12209 }, // И
    { 16, 17, 14, -1, 17, 68, 12257 }, // Й
    { 13, 12, 11, -1, 12, 39, 12325 }, // К
    { 14, 12, 12, -1, 12, 42, 12364 }, // Л
    { 17, 12, 15, -1, 12, 51, 12406 }, // М
    { 16, 12, 14, -1, 12, 48, 12457 }, // Н
    { 12, 12, 13, 0, 12, 36, 12505 }, // О
    { 15, 12, 13, -1, 12, 45, 12541 }, // П
    { 11, 12, 10, -1, 12, 33, 12586 }, // Р
    { 11, 12, 11, 0, 12, 33, 12619 }, // С
    { 11, 12, 11, 1, 12, 33, 12652 }, // Т
    { 13, 12, 11, 0, 12, 39, 12685 }, // У
    { 12, 12, 12, 0, 12, 36, 12724 }, // Ф
    { 15, 12, 11, -2, 12, 45, 12760 }, // Х
    { 15, 15, 13, -1, 12, 57, 12805 }, // Ц
    { 11, 12, 12, 1, 12, 33, 12862 }, // Ч
    { 19, 12, 17, -1, 12, 57, 12895 }, // Ш
    { 19, 15, 17, -1, 12, 72, 12952 }, // Щ
    { 11, 13, 12, 1, 12, 36, 13024 }, // Ъ
    { 17, 13, 15, -1, 12, 56, 13060 }, // Ы
    { 11, 13, 10, -1, 12, 36, 13116 }, // Ь
    { 10, 12, 11, 0, 12, 30, 13152 }, // Э
    { 18, 12, 17, -1, 12, 54, 13182 }, // Ю
    { 13, 12, 11, -1, 12, 39, 13236 }, // Я
    { 10, 9, 10, 0, 9, 23, 13275 }, // а
    { 10, 13, 9, 0, 13, 33, 13298 }, // б
    { 8, 9, 9, 0, 9, 18, 13331 }, // в
    { 7, 9, 7, 0, 9, 16, 13349 }, // г
    { 9, 13, 9, 0, 13, 30, 13365 }, // д
    { 8, 9, 8, 0, 9, 18, 13395 }, // е
    { 15, 9, 15, 0, 9, 34, 13413 }, // ж
    { 8, 9, 8, 0, 9, 18, 13447 }, // з
    { 10, 9, 10, 0, 9, 23, 13465 }, // и
    { 10, 14, 10, 0, 14, 35, 13488 }, // й
    { 9, 9, 9, 0, 9, 21, 13523 }, // к
    { 11, 9, 10, -1, 9, 25, 13544 }, // л
    { 13, 9, 13, 0, 9, 30, 13569 }, // м
    { 10, 9, 10, 0, 9, 23, 13599 }, // н
    { 9, 9, 9, 0, 9, 21, 13622 }, // о
    { 10, 9, 10, 0, 9, 23, 13643 }, // п
    { 11, 13, 10, -1, 9, 36, 13666 }, // р
    { 8, 9, 8, 0, 9, 18, 13702 }, // с
    { 15, 9, 15, 0, 9, 34, 13720 }, // т
    { 11, 13, 9, -2, 9, 36, 13754 }, // у
    { 12, 17, 12, 0, 13, 51, 13790 }, // ф
    { 11, 9, 10, -1, 9, 25, 13841 }, // х
    { 10, 12, 10, 0, 9, 30, 13866 }, // ц
    { 10, 9, 10, 0, 9, 23, 13896 }, // ч
    { 14, 9, 14, 0, 9, 32, 13919 }, // ш
    { 14, 12, 14, 0, 9, 42, 13951 }, // щ
    { 9, 9, 9, 0, 9, 21, 13993 }, // ъ
    { 13, 9, 13, 0, 9, 30, 14014 }, // ы
    { 8, 9, 8, 0, 9, 18, 14044 }, // ь
    { 8, 9, 8, 0, 9, 18, 14062 }, // э
    { 13, 9, 13, 0, 9, 30, 14080 }, // ю
    { 10, 9, 9, -1, 9, 23, 14110 }, // я
    { 8, 14, 8, 0, 14, 28, 14133 }, // ѐ
    { 9, 14, 8, 0, 14, 32, 14161 }, // ё
    { 9, 17, 10, 0, 13, 39, 14193 }, // ђ
    { 8, 14, 7, 0, 14, 28, 14232 }, // ѓ
    { 8, 9, 8, 0, 9, 18, 14260 }, // є
    { 7, 9, 7, 0, 9, 16, 14278 }, // ѕ
    { 6, 14, 6, 0, 14, 21, 14294 }, // і
    { 7, 14, 6, 0, 14, 25, 14315 }, // ї
    { 10, 18, 5, -4, 14, 45, 14340 }, // ј
    { 13, 9, 13, -1, 9, 30, 14385 }, // љ
    { 12, 9, 12, 0, 9, 27, 14415 }, // њ
    { 10, 13, 10, 0, 13, 33, 14442 }, // ћ
    { 9, 14, 9, 0, 14, 32, 14475 }, // ќ
    { 10, 14, 10, 0, 14, 35, 14507 }, // ѝ
    { 11, 18, 9, -2, 14, 50, 14542 }, // ў
    { 10, 12, 10, 0, 9, 30, 14592 }, // џ
    { 10, 14, 11, 1, 13, 35, 14622 }, // Ѣ
    { 12, 9, 13, 0, 9, 27, 14657 }, // ѣ
    { 12, 12, 13, 0, 12, 36, 14684 }, // Ѳ
    { 9, 9, 9, 0, 9, 21, 14720 }, // ѳ
    { 13, 12, 13, 1, 12, 39, 14741 }, // Ѵ
    { 11, 9, 9, 0, 9, 25, 14780 }, // ѵ
    { 16, 20, 14, -1, 17, 80, 14805 }, // Ҋ
    { 11, 17, 10, 0, 14, 47, 14885 }, // ҋ
    { 11, 13, 10, -1, 12, 36, 14932 }, // Ҍ
    { 8, 13, 8, 0, 13, 26, 14968 }, // ҍ
    { 11, 12, 10, -1, 12, 33, 14994 }, // Ҏ
    { 11, 13, 10, -1, 9, 36, 15027 }, // ҏ
    { 12, 14, 10, -1, 14, 42, 15063 }, // Ґ
    { 9, 11, 8, 0, 11, 25, 15105 }, // ґ
    { 12, 12, 10, -1, 12, 36, 15130 }, // Ғ
    { 7, 9, 7, 0, 9, 16, 15166 }, // ғ
    { 11, 15, 10, -1, 12, 42, 15182 }, // Ҕ
    { 9, 13, 9, 0, 9, 30, 15224 }, // ҕ
    { 19, 15, 16, -2, 12, 72, 15254 }, // Җ
    { 15, 12, 15, 0, 9, 45, 15326 }, // җ
    { 9, 15, 9, 0, 12, 34, 15371 }, // Ҙ
    { 8, 12, 8, 0, 9, 24, 15405 }, // ҙ
    { 13, 15, 11, -1, 12, 49, 15429 }, // Қ
    { 10, 12, 9, 0, 9, 30, 15478 }, // қ
    { 14, 12, 12, -1, 12, 42, 15508 }, // Ҝ
    { 11, 9, 10, 0, 9, 25, 15550 }, // ҝ
    { 13, 12, 11, -1, 12, 39, 15575 }, // Ҟ
    { 9, 13, 9, 0, 13, 30, 15614 }, // ҟ
    { 13, 12, 14, 1, 12, 39, 15644 }, // Ҡ
    { 11, 9, 10, 0, 9, 25, 15683 }, // ҡ
    { 16, 15, 14, -1, 12, 60, 15708 }, // Ң
    { 11, 12, 11, 0, 9, 33, 15768 }, // ң
    { 18, 12, 16, -1, 12, 54, 15801 }, // Ҥ
    { 13, 9, 13, 0, 9, 30, 15855 }, // ҥ
    { 18, 15, 18, -1, 12, 68, 15885 }, // Ҧ
    { 14, 13, 14, 0, 9, 46, 15953 }, // ҧ
    { 13, 12, 14, 0, 12, 39, 15999 }, // Ҩ
    { 11, 9, 11, 0, 9, 25, 16038 }, // ҩ
    { 11, 15, 11, 0, 12, 42, 16063 }, // Ҫ
    { 8, 12, 8, 0, 9, 24, 16105 }, // ҫ
    { 11, 15, 11, 1, 12, 42, 16129 }, // Ҭ
    { 15, 12, 15, 0, 9, 45, 16171 }, // ҭ
    { 12, 12, 11, 1, 12, 36, 16216 }, // Ү
    { 9, 13, 9, 0, 9, 30, 16252 }, // ү
    { 12, 12, 11, 1, 12, 36, 16282 }, // Ұ
    { 9, 13, 9, 0, 9, 30, 16318 }, // ұ
    { 15, 15, 11, -2, 12, 57, 16348 }, // Ҳ
    { 11, 12, 10, -1, 9, 33, 16405 }, // ҳ
    { 15, 16, 14, 0, 12, 60, 16438 }, // Ҵ
    { 10, 16, 10, 0, 13, 40, 16498 }, // ҵ
    { 11, 15, 12, 1, 12, 42, 16538 }, // Ҷ
    { 10, 12, 10, 0, 9, 30, 16580 }, // ҷ
    { 11, 12, 12, 1, 12, 33, 16610 }, // Ҹ
    { 10, 9, 10, 0, 9, 23, 16643 }, // ҹ
    { 12, 12, 11, -1, 12, 36, 16666 }, // Һ
    { 10, 13, 10, 0, 13, 33, 16702 }, // һ
    { 13, 12, 13, 0, 12, 39, 16735 }, // Ҽ
    { 10, 9, 10, 0, 9, 23, 16774 }, // ҽ
    { 13, 16, 13, 0, 12, 52, 16797 }, // Ҿ
    { 10, 12, 10, 0, 9, 30, 16849 }, // ҿ
    { 8, 12, 6, -1, 12, 24, 16879 }, // Ӏ
    { 19, 17, 16, -2, 17, 81, 16903 }, // Ӂ
    { 15, 14, 15, 0, 14, 53, 16984 }, // ӂ
    { 13, 15, 12, -1, 12, 49, 17037 }, // Ӄ
    { 9, 13, 9, 0, 9, 30, 17086 }, // ӄ
    { 14, 15, 12, -1, 12, 53, 17116 }, // Ӆ
    { 11, 12, 10, -1, 9, 33, 17169 }, // ӆ
    { 16, 15, 14, -1, 12, 60, 17202 }, // Ӈ
    { 10, 13, 10, 0, 9, 33, 17262 }, // ӈ
    { 16, 15, 14, -1, 12, 60, 17295 }, // Ӊ
    { 10, 12, 11, 0, 9, 30, 17355 }, // ӊ
    { 11, 15, 12, 1, 12, 42, 17385 }, // Ӌ
    { 10, 12, 9, 0, 9, 30, 17427 }, // ӌ
    { 17, 15, 15, -1, 12, 64, 17457 }, // Ӎ
    { 13, 12, 13, 0, 9, 39, 17521 }, // ӎ
    { 8, 13, 5, -1, 13, 26, 17560 }, // ӏ
    { 13, 17, 12, -1, 17, 56, 17586 }, // Ӑ
    { 10, 14, 10, 0, 14, 35, 17642 }, // ӑ
    { 13, 16, 12, -1, 16, 52, 17677 }, // Ӓ
    { 10, 14, 10, 0, 14, 35, 17729 }, // ӓ
    { 18, 12, 15, -2, 12, 54, 17764 }, // Ӕ
    { 13, 9, 13, 0, 9, 30, 17818 }, // ӕ
    { 12, 17, 10, -1, 17, 51, 17848 }, // Ӗ
    { 9, 14, 8, 0, 14, 32, 17899 }, // ӗ
    { 11, 12, 11, 0, 12, 33, 17931 }, // Ә
    { 8, 9, 8, 0, 9, 18, 17964 }, // ә
    { 11, 16, 11, 0, 16, 44, 17982 }, // Ӛ
    { 8, 14, 8, 0, 14, 28, 18026 }, // ӛ
    { 19, 16, 16, -2, 16, 76, 18054 }, // Ӝ
    { 15, 14, 15, 0, 14, 53, 18130 }, // ӝ
    { 9, 16, 9, 0, 16, 36, 18183 }, // Ӟ
    { 8, 14, 8, 0, 14, 28, 18219 }, // ӟ
    { 11, 12, 10, -1, 12, 33, 18247 }, // Ӡ
    { 10, 13, 9, -1, 9, 33, 18280 }, // ӡ
    { 16, 15, 14, -1, 15, 60, 18313 }, // Ӣ
    { 10, 13, 10, 0, 13, 33, 18373 }, // ӣ
    { 16, 16, 14, -1, 16, 64, 18406 }, // Ӥ
    { 10, 14, 10, 0, 14, 35, 18470 }, // ӥ
    { 12, 16, 13, 0, 16, 48, 18505 }, // Ӧ
    { 10, 14, 9, 0, 14, 35, 18553 }, // ӧ
    { 12, 12, 13, 0, 12, 36, 18588 }, // Ө
    { 9, 9, 9, 0, 9, 21, 18624 }, // ө
    { 12, 16, 13, 0, 16, 48, 18645 }, // Ӫ
    { 10, 14, 9, 0, 14, 35, 18693 }, // ӫ
    { 10, 16, 11, 0, 16, 40, 18728 }, // Ӭ
    { 8, 14, 8, 0, 14, 28, 18768 }, // ӭ
    { 13, 15, 11, 0, 15, 49, 18796 }, // Ӯ
    { 11, 17, 9, -2, 13, 47, 18845 }, // ӯ
    { 13, 16, 11, 0, 16, 52, 18892 }, // Ӱ
    { 11, 18, 9, -2, 14, 50, 18944 }, // ӱ
    { 13, 17, 11, 0, 17, 56, 18994 }, // Ӳ
    { 11, 18, 9, -2, 14, 50, 19050 }, // ӳ
    { 11, 16, 12, 1, 16, 44, 19100 }, // Ӵ
    { 10, 14, 10, 0, 14, 35, 19144 }, // ӵ
    { 12, 15, 10, -1, 12, 45, 19179 }, // Ӷ
    { 7, 12, 7, 0, 9, 21, 19224 }, // ӷ
    { 17, 17, 15, -1, 16, 73, 19245 }, // Ӹ
    { 13, 14, 13, 0, 14, 46, 19318 }, // ӹ
    { 12, 15, 10, -1, 12, 45, 19364 }, // Ӻ
    { 7, 12, 7, 0, 9, 21, 19409 }, // ӻ
    { 15, 15, 11, -2, 12, 57, 19430 }, // Ӽ
    { 11, 13, 10, -1, 9, 36, 19487 }, // ӽ
    { 15, 12, 11, -2, 12, 45, 19523 }, // Ӿ
    { 11, 9, 10, -1, 9, 25, 19568 }, // ӿ
    { 0, 0, 9, 0, 0, 0, 19593 }, //  
    { 0, 0, 17, 0, 0, 0, 19593 }, //  
    { 0, 0, 9, 0, 0, 0, 19593 }, //  
    { 0, 0, 17, 0, 0, 0, 19593 }, //  
    { 0, 0, 6, 0, 0, 0, 19593 }, //  
    { 0, 0, 4, 0, 0, 0, 19593 }, //  
    { 0, 0, 3, 0, 0, 0, 19593 }, //  
    { 0, 0, 11, 0, 0, 0, 19593 }, //  
    { 0, 0, 5, 0, 0, 0, 19593 }, //  
    { 0, 0, 3, 0, 0, 0, 19593 }, //  
    { 0, 0, 1, 0, 0, 0, 19593 }, //  
    { 0, 0, 0, 0, 0, 0, 19593 }, // ​
    { 2, 14, 0, -1, 10, 7, 19593 }, // ‌
    { 4, 15, 0, -2, 11, 15, 19600 }, // ‍
    { 6, 16, 0, -3, 12, 24, 19615 }, // ‎
    { 6, 16, 0, -3, 12, 24, 19639 }, // ‏
    { 6, 2, 6, 0, 5, 3, 19663 }, // ‐
    { 6, 2, 6, 0, 5, 3, 19666 }, // ‑
    { 9, 2, 11, 1, 6, 5, 19669 }, // ‒
    { 9, 2, 9, 0, 5, 5, 19674 }, // –
    { 17, 2, 17, 0, 5, 9, 19679 }, // —
    { 17, 2, 17, 0, 5, 9, 19688 }, // ―
    { 6, 17, 9, 1, 13, 26, 19697 }, // ‖
    { 9, 4, 9, 0, -1, 9, 19723 }, // ‗
    { 4, 5, 5, 1, 13, 5, 19732 }, // ‘
    { 4, 5, 5, 1, 13, 5, 19737 }, // ’
    { 4, 5, 5, 0, 2, 5, 19742 }, // ‚
    { 4, 5, 4, 0, 13, 5, 19747 }, // ‛
    { 8, 5, 9, 1, 13, 10, 19752 }, // “
    { 7, 5, 9, 1, 13, 9, 19762 }, // ”
    { 8, 5, 9, 0, 2, 10, 19771 }, // „
    { 7, 5, 7, 0, 13, 9, 19781 }, // ‟
    { 8, 11, 8, 0, 12, 22, 19790 }, // †
    { 8, 13, 8, 0, 12, 26, 19812 }, // ‡
    { 5, 4, 5, 0, 6, 5, 19838 }, // •
    { 7, 6, 11, 2, 9, 11, 19843 }, // ‣
    { 3, 3, 5, 1, 2, 3, 19854 }, // ․
    { 8, 3, 9, 0, 3, 6, 19857 }, // ‥
    { 15, 3, 17, 1, 3, 12, 19863 }, // …
    { 3, 3, 5, 1, 6, 3, 19875 }, // ‧
    { 0, 0, 0, 0, 0, 0, 19878 }, //  
    { 0, 0, 0, 0, 0, 0, 19878 }, //  
    { 6, 16, 0, -3, 12, 24, 19878 }, // ‪
    { 6, 16, 0, -3, 12, 24, 19902 }, // ‫
    { 6, 16, 0, -3, 12, 24, 19926 }, // ‬
    { 8, 16, 0, -4, 12, 32, 19950 }, // ‭
    { 8, 16, 0, -4, 12, 32, 19982 }, // ‮
    { 0, 0, 2, 0, 0, 0, 20014 }, //  
    { 22, 13, 23, 1, 12, 72, 20014 }, // ‰
    { 4, 5, 4, 0, 12, 5, 20086 }, // ′
    { 8, 5, 8, 0, 12, 10, 20091 }, // ″
    { 11, 5, 11, 0, 12, 14, 20101 }, // ‴
    { 4, 5, 4, 0, 12, 5, 20115 }, // ‵
    { 8, 5, 8, 0, 12, 10, 20120 }, // ‶
    { 12, 5, 12, 0, 12, 15, 20130 }, // ‷
    { 8, 3, 8, 0, 0, 6, 20145 }, // ‸
    { 6, 6, 5, 0, 7, 9, 20151 }, // ‹
    { 5, 6, 5, 0, 7, 8, 20160 }, // ›
    { 11, 11, 11, 0, 11, 31, 20168 }, // ※
    { 9, 12, 10, 1, 12, 27, 20199 }, // ‼
    { 9, 2, 9, 0, 14, 5, 20226 }, // ‾
    { 5, 2, 5, 0, 5, 3, 20231 }, // ⁃
    { 12, 13, 4, -4, 12, 39, 20234 }, // ⁄
    { 13, 12, 14, 1, 12, 39, 20273 }, // ⁇
    { 12, 12, 12, 1, 12, 36, 20312 }, // ⁈
    { 11, 12, 12, 1, 12, 33, 20348 }, // ⁉
    { 10, 4, 17, 3, 7, 10, 20381 }, // ⁓
    { 14, 5, 14, 0, 12, 18, 20391 }, // ⁗
    { 0, 0, 4, 0, 0, 0, 20409 }, //  
    { 0, 0, 0, 0, 0, 0, 20409 }, // ⁠
    { 0, 0, 0, 0, 0, 0, 20409 }, // ⁡
    { 0, 0, 0, 0, 0, 0, 20409 }, // ⁢
    { 0, 0, 0, 0, 0, 0, 20409 }, // ⁣
    { 0, 0, 0, 0, 0, 0, 20409 }, // ⁤
    { 7, 7, 8, 0, 14, 13, 20409 }, // ⁰
    { 7, 7, 8, 0, 14, 13, 20422 }, // ⁴
    { 7, 7, 8, 0, 14, 13, 20435 }, // ⁵
    { 7, 7, 8, 1, 14, 13, 20448 }, // ⁶
    { 7, 7, 8, 1, 14, 13, 20461 }, // ⁷
    { 7, 7, 8, 0, 14, 13, 20474 }, // ⁸
    { 7, 7, 8, 0, 14, 13, 20487 }, // ⁹
    { 6, 6, 10, 2, 12, 9, 20500 }, // ⁿ
    { 7, 7, 8, 0, 5, 13, 20509 }, // ₀
    { 5, 7, 8, 1, 5, 9, 20522 }, // ₁
    { 7, 7, 8, 0, 5, 13, 20531 }, // ₂
    { 7, 7, 8, 0, 5, 13, 20544 }, // ₃
    { 7, 7, 8, 0, 5, 13, 20557 }, // ₄
    { 7, 7, 8, 0, 5, 13, 20570 }, // ₅
    { 7, 7, 8, 1, 5, 13, 20583 }, // ₆
    { 7, 7, 8, 1, 5, 13, 20596 }, // ₇
    { 7, 7, 8, 0, 5, 13, 20609 }, // ₈
    { 7, 7, 8, 0, 5, 13, 20622 }, // ₉
    { 11, 12, 11, 0, 12, 33, 20635 }, // ₣
    { 12, 12, 11, -1, 12, 36, 20668 }, // ₤
    { 21, 12, 21, 0, 12, 63, 20704 }, // ₧
    { 12, 12, 11, -1, 12, 36, 20767 }, // €
    { 11, 7, 17, 3, 9, 20, 20803 }, // ←
    { 7, 11, 17, 5, 12, 20, 20823 }, // ↑
    { 11, 7, 17, 3, 9, 20, 20843 }, // →
    { 7, 11, 17, 5, 12, 20, 20863 }, // ↓
    { 11, 7, 17, 3, 9, 20, 20883 }, // ↔
    { 7, 11, 17, 5, 12, 20, 20903 }, // ↕
    { 7, 11, 17, 5, 12, 20, 20923 }, // ↨
    { 7, 11, 17, 5, 12, 20, 20943 }, // ↲
    { 7, 11, 17, 5, 12, 20, 20963 }, // ↳
    { 9, 8, 17, 4, 10, 18, 20983 }, // ↵
    { 11, 7, 17, 3, 9, 20, 21001 }, // ⇐
    { 9, 10, 17, 4, 11, 23, 21021 }, // ⇑
    { 11, 7, 17, 3, 9, 20, 21044 }, // ⇒
    { 9, 10, 17, 4, 11, 23, 21064 }, // ⇓
    { 11, 7, 17, 3, 9, 20, 21087 }, // ⇔
    { 13, 12, 17, 2, 12, 39, 21107 }, // ∀
    { 9, 13, 11, 1, 13, 30, 21146 }, // ∂
    { 9, 12, 17, 4, 12, 27, 21176 }, // ∃
    { 13, 14, 17, 2, 13, 46, 21203 }, // ∅
    { 11, 12, 11, 0, 12, 33, 21249 }, // ∆
    { 11, 12, 17, 3, 12, 33, 21282 }, // ∇
    { 11, 12, 17, 3, 12, 33, 21315 }, // ∈
    { 11, 14, 17, 3, 13, 39, 21348 }, // ∉
    { 11, 9, 17, 3, 10, 25, 21387 }, // ∊
    { 11, 12, 17, 3, 12, 33, 21412 }, // ∋
    { 11, 14, 17, 3, 13, 39, 21445 }, // ∌
    { 11, 9, 17, 3, 10, 25, 21484 }, // ∍
    { 14, 15, 14, 0, 12, 53, 21509 }, // ∏
    { 11, 16, 10, 0, 12, 44, 21562 }, // ∑
    { 8, 2, 11, 1, 6, 4, 21606 }, // −
    { 10, 13, 8, -1, 12, 33, 21610 }, // ∕
    { 7, 13, 8, 1, 12, 23, 21643 }, // ∖
    { 8, 8, 11, 1, 10, 16, 21666 }, // ∗
    { 7, 5, 11, 2, 9, 9, 21682 }, // ∘
    { 3, 3, 11, 4, 6, 3, 21691 }, // ∙
    { 11, 16, 11, 0, 14, 44, 21694 }, // √
    { 9, 6, 11, 1, 8, 14, 21738 }, // ∝
    { 11, 6, 11, 0, 8, 17, 21752 }, // ∞
    { 11, 12, 17, 3, 12, 33, 21769 }, // ∟
    { 12, 12, 17, 2, 12, 36, 21802 }, // ∠
    { 3, 17, 9, 3, 13, 13, 21838 }, // ∣
    { 6, 17, 9, 1, 13, 26, 21851 }, // ∥
    { 11, 12, 17, 3, 12, 33, 21877 }, // ∧
    { 11, 12, 17, 3, 12, 33, 21910 }, // ∨
    { 11, 12, 17, 3, 12, 33, 21943 }, // ∩
    { 11, 12, 17, 3, 12, 33, 21976 }, // ∪
    { 10, 17, 11, 0, 13, 43, 22009 }, // ∫
    { 11, 10, 17, 3, 9, 28, 22052 }, // ∴
    { 11, 10, 17, 3, 9, 28, 22080 }, // ∵
    { 5, 9, 5, 0, 11, 12, 22108 }, // ∶
    { 11, 10, 17, 3, 9, 28, 22120 }, // ∷
    { 10, 4, 17, 3, 7, 10, 22148 }, // ∼
    { 10, 10, 17, 3, 11, 25, 22158 }, // ≅
    { 9, 6, 11, 1, 9, 14, 22183 }, // ≈
    { 9, 8, 17, 4, 9, 18, 22197 }, // ≍
    { 8, 8, 11, 1, 10, 16, 22215 }, // ≠
    { 9, 8, 17, 4, 9, 18, 22231 }, // ≡
    { 8, 13, 11, 1, 12, 26, 22249 }, // ≤
    { 8, 13, 11, 1, 12, 26, 22275 }, // ≥
    { 15, 7, 17, 1, 9, 27, 22301 }, // ≪
    { 15, 7, 17, 1, 9, 27, 22328 }, // ≫
    { 11, 9, 17, 3, 10, 25, 22355 }, // ⊃
    { 11, 15, 17, 3, 13, 42, 22380 }, // ⊄
    { 11, 15, 17, 3, 13, 42, 22422 }, // ⊅
    { 11, 12, 17, 3, 12, 33, 22464 }, // ⊆
    { 11, 12, 17, 3, 12, 33, 22497 }, // ⊇
    { 13, 12, 17, 2, 12, 39, 22530 }, // ⊕
    { 13, 12, 17, 2, 12, 39, 22569 }, // ⊖
    { 13, 12, 17, 2, 12, 39, 22608 }, // ⊗
    { 13, 12, 17, 2, 12, 39, 22647 }, // ⊘
    { 11, 12, 17, 3, 12, 33, 22686 }, // ⊥
    { 3, 3, 11, 4, 6, 3, 22719 }, // ⋅
    { 15, 3, 17, 1, 6, 12, 22722 }, // ⋯
    { 17, 16, 17, 0, 14, 68, 22734 }, // �
};

static const EpdUnicodeInterval bookerly_8_italicIntervals[] = {
    { 0x0, 0x0, 0x0 },
    { 0x8, 0x9, 0x1 },
    { 0xD, 0xD, 0x3 },
    { 0x1D, 0x1D, 0x4 },
    { 0x20, 0x7E, 0x5 },
    { 0xA0, 0xFF, 0x64 },
    { 0x100, 0x17F, 0xC4 },
    { 0x300, 0x304, 0x144 },
    { 0x306, 0x30C, 0x149 },
    { 0x30F, 0x30F, 0x150 },
    { 0x311, 0x315, 0x151 },
    { 0x31B, 0x31B, 0x156 },
    { 0x323, 0x329, 0x157 },
    { 0x32D, 0x32E, 0x15E },
    { 0x330, 0x331, 0x160 },
    { 0x342, 0x342, 0x162 },
    { 0x344, 0x345, 0x163 },
    { 0x400, 0x45F, 0x165 },
    { 0x462, 0x463, 0x1C5 },
    { 0x472, 0x475, 0x1C7 },
    { 0x48A, 0x4FF, 0x1CB },
    { 0x2000, 0x2030, 0x241 },
    { 0x2032, 0x203C, 0x272 },
    { 0x203E, 0x203E, 0x27D },
    { 0x2043, 0x2044, 0x27E },
    { 0x2047, 0x2049, 0x280 },
    { 0x2053, 0x2053, 0x283 },
    { 0x2057, 0x2057, 0x284 },
    { 0x205F, 0x2064, 0x285 },
    { 0x2070, 0x2070, 0x28B },
    { 0x2074, 0x2079, 0x28C },
    { 0x207F, 0x2089, 0x292 },
    { 0x20A3, 0x20A4, 0x29D },
    { 0x20A7, 0x20A7, 0x29F },
    { 0x20AC, 0x20AC, 0x2A0 },
    { 0x2190, 0x2195, 0x2A1 },
    { 0x21A8, 0x21A8, 0x2A7 },
    { 0x21B2, 0x21B3, 0x2A8 },
    { 0x21B5, 0x21B5, 0x2AA },
    { 0x21D0, 0x21D4, 0x2AB },
    { 0x2200, 0x2200, 0x2B0 },
    { 0x2202, 0x2203, 0x2B1 },
    { 0x2205, 0x220D, 0x2B3 },
    { 0x220F, 0x220F, 0x2BC },
    { 0x2211, 0x2212, 0x2BD },
    { 0x2215, 0x221A, 0x2BF },
    { 0x221D, 0x2220, 0x2C5 },
    { 0x2223, 0x2223, 0x2C9 },
    { 0x2225, 0x2225, 0x2CA },
    { 0x2227, 0x222B, 0x2CB },
    { 0x2234, 0x2237, 0x2D0 },
    { 0x223C, 0x223C, 0x2D4 },
    { 0x2245, 0x2245, 0x2D5 },
    { 0x2248, 0x2248, 0x2D6 },
    { 0x224D, 0x224D, 0x2D7 },
    { 0x2260, 0x2261, 0x2D8 },
    { 0x2264, 0x2265, 0x2DA },
    { 0x226A, 0x226B, 0x2DC },
    { 0x2283, 0x2287, 0x2DE },
    { 0x2295, 0x2298, 0x2E3 },
    { 0x22A5, 0x22A5, 0x2E7 },
    { 0x22C5, 0x22C5, 0x2E8 },
    { 0x22EF, 0x22EF, 0x2E9 },
    { 0xFFFD, 0xFFFD, 0x2EA },
};

static const EpdFontData bookerly_8_italic = {
    bookerly_8_italicBitmaps,
    bookerly_8_italicGlyphs,
    bookerly_8_italicIntervals,
    64,
    22,
    18,
    -5,
    true,
};
