/**
 * generated by fontconvert.py
 * name: bookerly_8_regular
 * size: 8
 * mode: 2-bit
 * Command used: /Users/jesse/Documents/GitHub/crosspoint/crosspoint-reader/lib/EpdFont/scripts/fontconvert.py bookerly_8_regular 8 /Users/jesse/Documents/GitHub/crosspoint/crosspoint-reader/lib/EpdFont/builtinFonts/source/Bookerly/Bookerly-Regular.ttf --2bit
 */
#pragma once
#include "EpdFontData.h"

static const uint8_t bookerly_8_regularBitmaps[22428] = {
    0x76, 0xDB, 0x2C, 0xB2, 0xC7, 0x1C, 0x30, 0x00, 0x1E, 0x74, 0x34, 0xD3, 0x4D, 0x34, 0xC3, 0x4C,
    0x30, 0xC0, 0x00, 0x00, 0xC1, 0x80, 0x03, 0x09, 0x01, 0x6D, 0x79, 0x0F, 0xFF, 0xFC, 0x03, 0x47,
    0x00, 0x0C, 0x28, 0x01, 0xB5, 0xE4, 0x2F, 0xFF, 0xF4, 0x09, 0x0C, 0x00, 0x30, 0x60, 0x00, 0xC2,
    0x80, 0x00, 0x00, 0x90, 0x00, 0x34, 0x00, 0x7F, 0x80, 0x7F, 0xBC, 0x3C, 0xC7, 0x0E, 0x30, 0x42,
    0xDC, 0x00, 0x3F, 0x40, 0x01, 0xFC, 0x00, 0x33, 0xC3, 0x0C, 0x71, 0xD3, 0x2C, 0x3F, 0xFD, 0x07,
    0xFD, 0x00, 0x1C, 0x00, 0x06, 0x00, 0x01, 0x80, 0x00, 0x1F, 0x80, 0x0C, 0x01, 0xEB, 0x40, 0x70,
    0x0A, 0x0E, 0x03, 0x40, 0x34, 0x2C, 0x28, 0x00, 0xD0, 0xB0, 0xCB, 0xC3, 0x83, 0x89, 0xBB, 0xC7,
    0xAC, 0x73, 0x43, 0x4B, 0xD3, 0x1C, 0x0D, 0x00, 0x28, 0x70, 0x34, 0x00, 0xC0, 0xC0, 0xC0, 0x0D,
    0x03, 0xEF, 0x00, 0x70, 0x03, 0xE0, 0x02, 0x40, 0x00, 0x00, 0x00, 0xBE, 0x00, 0x00, 0x2E, 0xB8,
    0x00, 0x03, 0x83, 0x40, 0x00, 0x34, 0x70, 0x00, 0x03, 0x84, 0xAA, 0x00, 0xBC, 0x0F, 0xF0, 0x2C,
    0xB0, 0x34, 0x03, 0x83, 0xC3, 0x40, 0x38, 0x0F, 0xB4, 0x03, 0xC0, 0x2F, 0x00, 0x1F, 0xAB, 0xFF,
    0x80, 0x2F, 0xE4, 0xBC, 0x34, 0xD3, 0x4D, 0x30, 0x00, 0x00, 0x90, 0x2C, 0x07, 0x00, 0xE0, 0x1C,
    0x03, 0x80, 0x38, 0x03, 0x40, 0x34, 0x03, 0x80, 0x3C, 0x02, 0xC0, 0x0E, 0x00, 0xB4, 0x03, 0xC0,
    0x09, 0x70, 0x03, 0xC0, 0x0F, 0x00, 0x74, 0x03, 0xC0, 0x2C, 0x01, 0xD0, 0x0D, 0x00, 0xD0, 0x1C,
    0x02, 0xC0, 0x38, 0x07, 0x00, 0xE0, 0x2C, 0x03, 0x00, 0x13, 0x47, 0x70, 0x1F, 0xF7, 0x70, 0x13,
    0x40, 0x01, 0xC0, 0x01, 0xC0, 0x01, 0xC0, 0x3F, 0xFF, 0x16, 0xD5, 0x01, 0xC0, 0x01, 0xC0, 0x00,
    0x40, 0x00, 0x1E, 0x0E, 0x1C, 0x38, 0x60, 0x3F, 0xE1, 0x54, 0x03, 0xDB, 0x40, 0x00, 0x0D, 0x00,
    0x1C, 0x00, 0x38, 0x00, 0x30, 0x00, 0xB0, 0x00, 0xD0, 0x02, 0xC0, 0x03, 0x40, 0x07, 0x00, 0x0E,
    0x00, 0x1C, 0x00, 0x28, 0x00, 0x34, 0x00, 0x02, 0xFE, 0x00, 0xFA, 0xF8, 0x1D, 0x03, 0xD3, 0xC0,
    0x1E, 0x38, 0x00, 0xF3, 0x80, 0x0F, 0x38, 0x00, 0xF3, 0x80, 0x0E, 0x3C, 0x01, 0xD2, 0xD0, 0x3C,
    0x0F, 0xAF, 0x40, 0x2F, 0xD0, 0x06, 0x82, 0xFE, 0x01, 0x78, 0x01, 0xE0, 0x07, 0x80, 0x1E, 0x00,
    0x78, 0x01, 0xE0, 0x07, 0x80, 0x1E, 0x01, 0xBE, 0x2F, 0xFD, 0x0B, 0xF4, 0x0F, 0xAF, 0x4B, 0x01,
    0xE2, 0xC0, 0x38, 0x00, 0x1D, 0x00, 0x0F, 0x00, 0x0B, 0x40, 0x0B, 0x40, 0x0B, 0x40, 0x0B, 0x40,
    0x0B, 0xEA, 0xA1, 0xFF, 0xFC, 0x0B, 0xF4, 0x3E, 0xBC, 0x70, 0x1D, 0x00, 0x2C, 0x00, 0xB8, 0x0B,
    0xF4, 0x05, 0x7D, 0x00, 0x0E, 0x00, 0x0E, 0x00, 0x3D, 0x6B, 0xF8, 0x3F, 0x90, 0x00, 0x2E, 0x00,
    0x03, 0xE0, 0x00, 0xEE, 0x00, 0x2C, 0xE0, 0x07, 0x4E, 0x00, 0xE0, 0xE0, 0x2C, 0x0E, 0x07, 0xEA,
    0xF9, 0x3F, 0xFF, 0xE0, 0x00, 0xE0, 0x00, 0x0E, 0x00, 0x00, 0xE0, 0x0F, 0xFF, 0x0F, 0xA9, 0x1D,
    0x00, 0x1C, 0x00, 0x1F, 0xD0, 0x1A, 0xFC, 0x00, 0x2D, 0x00, 0x0E, 0x00, 0x1E, 0x00, 0x7C, 0x6B,
    0xF4, 0x7F, 0x80, 0x00, 0x7F, 0x00, 0xFE, 0x40, 0xF4, 0x00, 0xB4, 0x00, 0x3E, 0x90, 0x1F, 0xFF,
    0x4B, 0x01, 0xF2, 0xC0, 0x2C, 0xB4, 0x0B, 0x1F, 0x03, 0xC3, 0xFB, 0xD0, 0x2F, 0xD0, 0x3F, 0xFF,
    0x4E, 0xAB, 0xD3, 0x00, 0xF0, 0x40, 0xB0, 0x00, 0x38, 0x00, 0x2C, 0x00, 0x0E, 0x00, 0x0B, 0x00,
    0x03, 0x80, 0x01, 0xD0, 0x00, 0xB0, 0x00, 0x1C, 0x00, 0x07, 0xF8, 0x0B, 0xEF, 0x83, 0x80, 0xF0,
    0xE0, 0x3C, 0x2E, 0x2C, 0x02, 0xFC, 0x01, 0xFF, 0xC0, 0xE0, 0x7C, 0xB0, 0x0B, 0x2D, 0x02, 0xC3,
    0xEB, 0xE0, 0x2F, 0xD0, 0x0B, 0xF4, 0x0F, 0xAF, 0x0B, 0x01, 0xF3, 0xC0, 0x3C, 0xF0, 0x0B, 0x1F,
    0x03, 0xC3, 0xFF, 0xF0, 0x1A, 0xB8, 0x00, 0x3C, 0x00, 0x3E, 0x05, 0xBE, 0x01, 0xF8, 0x00, 0x03,
    0xDB, 0x40, 0x00, 0x00, 0x3D, 0xB4, 0x00, 0x2E, 0x1D, 0x00, 0x00, 0x00, 0x00, 0x1E, 0x0E, 0x1C,
    0x38, 0x60, 0x00, 0x09, 0x00, 0x7D, 0x07, 0xD0, 0x3D, 0x00, 0x3E, 0x00, 0x07, 0xD0, 0x00, 0xBD,
    0x00, 0x09, 0x3F, 0xFF, 0x15, 0x55, 0x00, 0x00, 0x3F, 0xFF, 0x15, 0x55, 0x34, 0x00, 0x2F, 0x40,
    0x02, 0xE0, 0x00, 0x2E, 0x00, 0x2E, 0x02, 0xE0, 0x2F, 0x40, 0x24, 0x00, 0x7E, 0x02, 0xFF, 0x00,
    0x0B, 0x00, 0x1C, 0x1B, 0xF0, 0xFE, 0x03, 0x80, 0x05, 0x00, 0x00, 0x00, 0x00, 0x02, 0xD0, 0x0B,
    0x40, 0x00, 0x1B, 0xFE, 0x00, 0x00, 0xF9, 0x57, 0xD0, 0x03, 0xC0, 0x00, 0xB4, 0x0F, 0x00, 0x00,
    0x2C, 0x1C, 0x07, 0xF0, 0x1C, 0x3C, 0x1D, 0x78, 0x0D, 0x38, 0x14, 0x38, 0x0D, 0x34, 0x07, 0xF8,
    0x1C, 0x34, 0x2D, 0x78, 0x2C, 0x38, 0x2D, 0x7D, 0xB4, 0x3C, 0x0F, 0x8F, 0xD0, 0x1D, 0x00, 0x00,
    0x00, 0x0B, 0x40, 0x00, 0x00, 0x02, 0xF5, 0x57, 0xC0, 0x00, 0x2F, 0xF9, 0x00, 0x00, 0x1D, 0x00,
    0x00, 0x0F, 0xC0, 0x00, 0x07, 0xB0, 0x00, 0x02, 0x8E, 0x00, 0x00, 0xC3, 0xC0, 0x00, 0xB0, 0x74,
    0x00, 0x3E, 0xAE, 0x00, 0x1F, 0xFF, 0xC0, 0x0E, 0x00, 0x74, 0x07, 0x40, 0x0F, 0x03, 0xD0, 0x07,
    0xD3, 0xFD, 0x07, 0xFD, 0x2F, 0xFE, 0x02, 0xFA, 0xFC, 0x0B, 0x03, 0xC0, 0xB0, 0x2C, 0x0B, 0x03,
    0xC0, 0xBF, 0xF4, 0x0B, 0xAB, 0xD0, 0xB0, 0x0F, 0x0B, 0x00, 0xF0, 0xB0, 0x0F, 0x1F, 0xAB, 0xD7,
    0xFF, 0xE4, 0x00, 0xBF, 0xD0, 0x1F, 0xAB, 0x80, 0xF0, 0x0E, 0x0B, 0x40, 0x24, 0x3C, 0x00, 0x00,
    0xE0, 0x00, 0x03, 0x80, 0x00, 0x0F, 0x00, 0x00, 0x3C, 0x00, 0x00, 0xBC, 0x00, 0x00, 0xBF, 0xBF,
    0x00, 0x7F, 0xE0, 0x2F, 0xFF, 0x40, 0x2F, 0xAB, 0xF0, 0x0B, 0x00, 0xBC, 0x0B, 0x00, 0x2E, 0x0B,
    0x00, 0x0F, 0x0B, 0x00, 0x0F, 0x0B, 0x00, 0x0F, 0x0B, 0x00, 0x0E, 0x0B, 0x00, 0x2D, 0x0B, 0x00,
    0x7C, 0x0F, 0x9B, 0xF0, 0x3F, 0xFF, 0x40, 0x00, 0x00, 0x00, 0x3F, 0xFF, 0xE0, 0x7E, 0xAB, 0x80,
    0xB0, 0x0A, 0x02, 0xC0, 0x00, 0x0B, 0x00, 0x00, 0x2F, 0xFE, 0x00, 0xBA, 0xA4, 0x02, 0xC0, 0x00,
    0x0B, 0x00, 0x20, 0x2C, 0x01, 0xC0, 0xFA, 0xAF, 0x0F, 0xFF, 0xF8, 0x3F, 0xFF, 0xC1, 0xFA, 0xAC,
    0x0B, 0x00, 0xC0, 0xB0, 0x00, 0x0B, 0x00, 0x00, 0xBA, 0xA0, 0x0B, 0xFF, 0x40, 0xB0, 0x00, 0x0B,
    0x00, 0x00, 0xB0, 0x00, 0x0F, 0x90, 0x07, 0xFF, 0x00, 0x00, 0x7F, 0xF4, 0x03, 0xFA, 0xB8, 0x0F,
    0x00, 0x38, 0x2D, 0x00, 0x24, 0x3C, 0x00, 0x00, 0x38, 0x00, 0x00, 0x38, 0x03, 0xFE, 0x3C, 0x01,
    0x7C, 0x3C, 0x00, 0x3C, 0x2F, 0x00, 0x3C, 0x0B, 0xEA, 0xBC, 0x01, 0xBF, 0xE4, 0x3F, 0xE0, 0x7F,
    0xD1, 0xF4, 0x01, 0xF4, 0x0B, 0x00, 0x0F, 0x00, 0xB0, 0x00, 0xF0, 0x0B, 0x00, 0x0F, 0x00, 0xBF,
    0xFF, 0xF0, 0x0B, 0xAA, 0xAF, 0x00, 0xB0, 0x00, 0xF0, 0x0B, 0x00, 0x0F, 0x00, 0xB0, 0x00, 0xF0,
    0x0F, 0x80, 0x1F, 0x47, 0xFE, 0x07, 0xFD, 0x3F, 0xE1, 0xF4, 0x0B, 0x00, 0xB0, 0x0B, 0x00, 0xB0,
    0x0B, 0x00, 0xB0, 0x0B, 0x00, 0xB0, 0x0F, 0x87, 0xFE, 0x1F, 0xF8, 0x1F, 0x40, 0x2C, 0x00, 0xB0,
    0x02, 0xC0, 0x0B, 0x00, 0x2C, 0x00, 0xB0, 0x02, 0xC0, 0x0B, 0x00, 0x2C, 0x00, 0xF0, 0x03, 0xC0,
    0x2E, 0x07, 0xF0, 0x1E, 0x00, 0x3F, 0xE2, 0xFF, 0x07, 0xD0, 0x2E, 0x00, 0xB0, 0x1E, 0x00, 0x2C,
    0x2D, 0x00, 0x0B, 0x2C, 0x00, 0x02, 0xFC, 0x00, 0x00, 0xBF, 0x80, 0x00, 0x2C, 0xF8, 0x00, 0x0B,
    0x0F, 0x80, 0x02, 0xC0, 0xF8, 0x00, 0xF8, 0x0F, 0xD1, 0xFF, 0x80, 0xBC, 0x3F, 0xE0, 0x00, 0x7D,
    0x00, 0x00, 0xB0, 0x00, 0x02, 0xC0, 0x00, 0x0B, 0x00, 0x00, 0x2C, 0x00, 0x00, 0xB0, 0x00, 0x02,
    0xC0, 0x00, 0x0B, 0x00, 0x30, 0x2C, 0x01, 0xC0, 0xFA, 0xAF, 0x1F, 0xFF, 0xF8, 0x3F, 0xC0, 0x0B,
    0xF0, 0x0B, 0xD0, 0x0F, 0xC0, 0x0B, 0xE0, 0x1F, 0xC0, 0x0A, 0xB0, 0x2A, 0xC0, 0x0A, 0x74, 0x32,
    0xC0, 0x0D, 0x38, 0x71, 0xC0, 0x0D, 0x2C, 0xD1, 0xC0, 0x0D, 0x0D, 0xC1, 0xD0, 0x0D, 0x0F, 0x80,
    0xD0, 0x0C, 0x07, 0x40, 0xD0, 0x2E, 0x02, 0x01, 0xF4, 0xFF, 0x80, 0x0B, 0xFC, 0x3F, 0x40, 0x3F,
    0xD1, 0xFC, 0x01, 0xF4, 0x0B, 0xE0, 0x0B, 0x00, 0xAB, 0x40, 0xB0, 0x0A, 0x3C, 0x0B, 0x00, 0xA1,
    0xF0, 0xB0, 0x0A, 0x0B, 0x8B, 0x00, 0xA0, 0x3C, 0xB0, 0x0A, 0x00, 0xFB, 0x00, 0xA0, 0x07, 0xF0,
    0x0F, 0x40, 0x2F, 0x07, 0xFD, 0x00, 0xE0, 0x00, 0xBF, 0xD0, 0x01, 0xFA, 0xBF, 0x00, 0xF0, 0x03,
    0xE0, 0xB4, 0x00, 0x3C, 0x3C, 0x00, 0x0B, 0x4F, 0x00, 0x02, 0xD3, 0xC0, 0x00, 0xB4, 0xF0, 0x00,
    0x2C, 0x3D, 0x00, 0x0F, 0x07, 0xC0, 0x0F, 0x40, 0xBE, 0xAF, 0x80, 0x06, 0xFE, 0x00, 0x2F, 0xFE,
    0x02, 0xFA, 0xFC, 0x0B, 0x02, 0xE0, 0xB0, 0x0E, 0x0B, 0x01, 0xD0, 0xB0, 0x7C, 0x0B, 0xFF, 0x40,
    0xBA, 0x40, 0x0B, 0x00, 0x00, 0xB0, 0x00, 0x0F, 0x90, 0x07, 0xFF, 0x00, 0x00, 0xBF, 0xD0, 0x00,
    0x7E, 0xAF, 0xC0, 0x0F, 0x00, 0x3E, 0x02, 0xD0, 0x00, 0xF0, 0x3C, 0x00, 0x0B, 0x43, 0xC0, 0x00,
    0xB4, 0x3C, 0x00, 0x0B, 0x43, 0xC0, 0x00, 0xB0, 0x3D, 0x00, 0x0F, 0x01, 0xF0, 0x03, 0xD0, 0x0B,
    0xEA, 0xF8, 0x00, 0x1F, 0xF8, 0x00, 0x00, 0x0F, 0x40, 0x00, 0x00, 0x2F, 0xE8, 0x00, 0x00, 0x2F,
    0xC0, 0x2F, 0xFE, 0x00, 0x2F, 0xAF, 0xC0, 0x0B, 0x02, 0xD0, 0x0B, 0x01, 0xE0, 0x0B, 0x02, 0xD0,
    0x0B, 0xAF, 0x80, 0x0B, 0xFC, 0x00, 0x0B, 0x1D, 0x00, 0x0B, 0x0F, 0x40, 0x0B, 0x03, 0xD0, 0x0F,
    0x40, 0xF8, 0x7F, 0xE0, 0x3D, 0x02, 0xFE, 0x03, 0xEB, 0xC2, 0xC0, 0x70, 0xF0, 0x0C, 0x1F, 0x40,
    0x02, 0xFD, 0x00, 0x0B, 0xE0, 0x40, 0x3D, 0x30, 0x07, 0x4E, 0x02, 0xD3, 0xEB, 0xE0, 0x7F, 0xD0,
    0x7F, 0xFF, 0xFD, 0xEA, 0xFA, 0xF7, 0x03, 0x81, 0xC8, 0x0E, 0x05, 0x00, 0x38, 0x00, 0x00, 0xE0,
    0x00, 0x03, 0x80, 0x00, 0x0E, 0x00, 0x00, 0x38, 0x00, 0x00, 0xE0, 0x00, 0x0B, 0xD0, 0x00, 0xFF,
    0xD0, 0xBF, 0xC0, 0xBF, 0xCB, 0xC0, 0x0B, 0x80, 0xE0, 0x01, 0xD0, 0x38, 0x00, 0x74, 0x0E, 0x00,
    0x1D, 0x03, 0x80, 0x07, 0x40, 0xE0, 0x01, 0xD0, 0x38, 0x00, 0x74, 0x0F, 0x00, 0x1C, 0x03, 0xD0,
    0x0F, 0x00, 0x7E, 0xAF, 0x40, 0x06, 0xFE, 0x40, 0xFF, 0xD1, 0xFF, 0x4B, 0xC0, 0x1F, 0x40, 0xF0,
    0x03, 0x80, 0x2C, 0x01, 0xC0, 0x07, 0x80, 0xF0, 0x00, 0xF0, 0x34, 0x00, 0x2C, 0x1C, 0x00, 0x03,
    0x4E, 0x00, 0x00, 0xF3, 0x40, 0x00, 0x1E, 0xC0, 0x00, 0x03, 0xE0, 0x00, 0x00, 0xB0, 0x00, 0xBF,
    0xE0, 0x34, 0x0F, 0xF4, 0xBD, 0x01, 0xE0, 0x1F, 0x40, 0xF0, 0x0F, 0xC0, 0x3C, 0x02, 0xD0, 0x3B,
    0x00, 0xD0, 0x07, 0x81, 0xCD, 0x07, 0x00, 0x0F, 0x0A, 0x3C, 0x2C, 0x00, 0x2C, 0x34, 0xB0, 0xE0,
    0x00, 0x74, 0xC0, 0xD3, 0x00, 0x00, 0xE7, 0x03, 0xAC, 0x00, 0x02, 0xF8, 0x0B, 0xE0, 0x00, 0x07,
    0xC0, 0x1F, 0x00, 0x00, 0x0F, 0x00, 0x3C, 0x00, 0x7F, 0xE1, 0xFF, 0x07, 0xD0, 0x2E, 0x00, 0x7C,
    0x0E, 0x00, 0x0B, 0x8B, 0x00, 0x00, 0xFB, 0x00, 0x00, 0x0F, 0x40, 0x00, 0x07, 0xF0, 0x00, 0x03,
    0x6E, 0x00, 0x03, 0x83, 0xD0, 0x02, 0xC0, 0x3C, 0x02, 0xE0, 0x0B, 0xD3, 0xFE, 0x0F, 0xFC, 0xFF,
    0xC3, 0xFD, 0x2F, 0x00, 0xB4, 0x0F, 0x00, 0xE0, 0x03, 0x82, 0xC0, 0x02, 0xC3, 0x40, 0x00, 0xFB,
    0x00, 0x00, 0x7C, 0x00, 0x00, 0x3C, 0x00, 0x00, 0x3C, 0x00, 0x00, 0x3C, 0x00, 0x00, 0x7D, 0x00,
    0x03, 0xFF, 0x80, 0x3F, 0xFF, 0xC3, 0xEA, 0xBC, 0x34, 0x0B, 0x42, 0x01, 0xE0, 0x00, 0x3C, 0x00,
    0x0B, 0x40, 0x01, 0xE0, 0x00, 0x3C, 0x00, 0x0F, 0x00, 0x52, 0xD0, 0x0D, 0x7E, 0xAA, 0xD3, 0xFF,
    0xFC, 0x00, 0x00, 0x00, 0xFD, 0xE0, 0xE0, 0xE0, 0xE0, 0xE0, 0xE0, 0xE0, 0xE0, 0xE0, 0xE0, 0xE0,
    0xE0, 0xE0, 0xE0, 0xFD, 0x34, 0x00, 0x28, 0x00, 0x1C, 0x00, 0x0E, 0x00, 0x07, 0x00, 0x03, 0x40,
    0x02, 0xC0, 0x00, 0xD0, 0x00, 0xB0, 0x00, 0x70, 0x00, 0x38, 0x00, 0x1C, 0x00, 0x0E, 0x3F, 0x0B,
    0x07, 0x07, 0x07, 0x07, 0x07, 0x07, 0x07, 0x07, 0x07, 0x07, 0x07, 0x07, 0x0B, 0x3F, 0x02, 0xC0,
    0x00, 0xF8, 0x00, 0x77, 0x00, 0x38, 0xD0, 0x0C, 0x2C, 0x0B, 0x07, 0x03, 0x40, 0xE1, 0xC0, 0x2C,
    0xFF, 0xFF, 0x95, 0x55, 0x40, 0x24, 0x0F, 0x00, 0xF0, 0x08, 0x07, 0xF8, 0x02, 0xFB, 0xD0, 0x28,
    0x1D, 0x00, 0x00, 0xE0, 0x06, 0xFE, 0x03, 0xD5, 0xE0, 0x38, 0x0E, 0x03, 0xEB, 0xF8, 0x1F, 0xD7,
    0x80, 0x2F, 0x00, 0x00, 0x7C, 0x00, 0x00, 0x70, 0x00, 0x01, 0xC0, 0x00, 0x07, 0x6F, 0x80, 0x1F,
    0xEF, 0xC0, 0x74, 0x0F, 0x01, 0xC0, 0x1D, 0x07, 0x00, 0x74, 0x1C, 0x01, 0xD0, 0x70, 0x0F, 0x02,
    0xFA, 0xF4, 0x06, 0xFE, 0x40, 0x02, 0xF8, 0x03, 0xEF, 0xC3, 0xC0, 0xF0, 0xE0, 0x00, 0x74, 0x00,
    0x1E, 0x00, 0x03, 0xC0, 0x00, 0xBE, 0xAC, 0x07, 0xFD, 0x00, 0x00, 0x0B, 0x80, 0x00, 0x6E, 0x00,
    0x00, 0x38, 0x00, 0x00, 0xE0, 0x02, 0xFF, 0x80, 0x3E, 0xBE, 0x03, 0xC0, 0x38, 0x0E, 0x00, 0xE0,
    0x74, 0x03, 0x80, 0xE0, 0x0E, 0x03, 0xC0, 0x38, 0x0B, 0xEB, 0xF4, 0x0B, 0xF6, 0xF4, 0x07, 0xF8,
    0x07, 0xEF, 0x83, 0xC0, 0xB0, 0xE5, 0x6C, 0x7F, 0xFF, 0x1D, 0x00, 0x03, 0xC0, 0x00, 0xBE, 0xAC,
    0x07, 0xFD, 0x00, 0x01, 0xFE, 0x00, 0xF7, 0xC0, 0xB0, 0x10, 0x3C, 0x00, 0x7F, 0xF8, 0x17, 0xD4,
    0x00, 0xE0, 0x00, 0x38, 0x00, 0x0E, 0x00, 0x03, 0x80, 0x00, 0xE0, 0x00, 0x7D, 0x00, 0x7F, 0xE0,
    0x00, 0x07, 0xFB, 0xE1, 0xE6, 0xF4, 0x2C, 0x07, 0x02, 0xC0, 0x70, 0x1F, 0x6F, 0x00, 0xFF, 0x80,
    0x2C, 0x00, 0x02, 0xEA, 0x90, 0x1F, 0xFF, 0xC3, 0x40, 0x1D, 0xB0, 0x02, 0xC7, 0xEA, 0xF4, 0x1F,
    0xF8, 0x00, 0x6E, 0x00, 0x01, 0xB8, 0x00, 0x00, 0xE0, 0x00, 0x03, 0x80, 0x00, 0x0E, 0x7F, 0x40,
    0x3F, 0xAF, 0x00, 0xF0, 0x1D, 0x03, 0x80, 0x74, 0x0E, 0x01, 0xD0, 0x38, 0x07, 0x40, 0xE0, 0x1D,
    0x07, 0xD0, 0xB9, 0xBF, 0xC7, 0xFC, 0x04, 0x01, 0xF0, 0x0E, 0x00, 0x00, 0x00, 0x06, 0xE0, 0x1E,
    0x00, 0xE0, 0x0E, 0x00, 0xE0, 0x0E, 0x00, 0xE0, 0x1F, 0x4B, 0xFD, 0x01, 0x02, 0xE0, 0x74, 0x00,
    0x00, 0x07, 0xD1, 0xB4, 0x0D, 0x03, 0x40, 0xD0, 0x34, 0x0D, 0x03, 0x40, 0xD0, 0x74, 0x2C, 0x2E,
    0x2D, 0x00, 0x6E, 0x00, 0x01, 0xB8, 0x00, 0x00, 0xE0, 0x00, 0x03, 0x80, 0x00, 0x0E, 0x1F, 0xE0,
    0x38, 0x3C, 0x00, 0xE3, 0x80, 0x03, 0xF8, 0x00, 0x0F, 0xF0, 0x00, 0x39, 0xF0, 0x00, 0xE2, 0xF0,
    0x07, 0xC2, 0xF0, 0xBF, 0x81, 0xF0, 0x6E, 0x06, 0xE0, 0x0E, 0x00, 0xE0, 0x0E, 0x00, 0xE0, 0x0E,
    0x00, 0xE0, 0x0E, 0x00, 0xE0, 0x0E, 0x01, 0xF4, 0xBF, 0xC0, 0x6D, 0x7F, 0x47, 0xF0, 0x07, 0xFA,
    0xFF, 0xBF, 0x00, 0xF0, 0x1E, 0x03, 0xC0, 0x38, 0x07, 0x40, 0xB0, 0x0E, 0x01, 0xD0, 0x2C, 0x03,
    0x80, 0x74, 0x0B, 0x00, 0xE0, 0x1D, 0x02, 0xC0, 0x7D, 0x0B, 0x80, 0xB8, 0x7F, 0xC7, 0xF8, 0xBF,
    0x80, 0x6D, 0x7F, 0x40, 0x1F, 0xEB, 0xD0, 0x0F, 0x01, 0xE0, 0x0E, 0x00, 0xE0, 0x0E, 0x00, 0xE0,
    0x0E, 0x00, 0xE0, 0x0E, 0x00, 0xE0, 0x1F, 0x41, 0xF4, 0x7F, 0xC3, 0xFC, 0x02, 0xFD, 0x00, 0xFA,
    0xF8, 0x3C, 0x03, 0xC3, 0x80, 0x2D, 0x78, 0x01, 0xD3, 0x80, 0x1D, 0x3C, 0x03, 0xC2, 0xFA, 0xF4,
    0x07, 0xF8, 0x00, 0x7C, 0xBF, 0x06, 0xFE, 0xBC, 0x0E, 0x02, 0xD0, 0xD0, 0x0E, 0x0D, 0x00, 0xE0,
    0xD0, 0x0E, 0x0D, 0x02, 0xC0, 0xFA, 0xF8, 0x0F, 0xFD, 0x00, 0xD0, 0x00, 0x0D, 0x00, 0x02, 0xE4,
    0x00, 0xBF, 0xC0, 0x00, 0x02, 0xFE, 0x40, 0x3E, 0xBE, 0x03, 0xC0, 0x38, 0x0E, 0x00, 0xE0, 0x74,
    0x03, 0x80, 0xE0, 0x0E, 0x03, 0xC0, 0x78, 0x0B, 0xEB, 0xE0, 0x0B, 0xF3, 0x80, 0x00, 0x0E, 0x00,
    0x00, 0x38, 0x00, 0x01, 0xF4, 0x00, 0x3F, 0xF0, 0x6D, 0x2D, 0x1E, 0xFD, 0x0F, 0x80, 0x0F, 0x00,
    0x0E, 0x00, 0x0E, 0x00, 0x0E, 0x00, 0x1F, 0x50, 0xBF, 0xF0, 0x2F, 0xE2, 0xD7, 0xCB, 0x03, 0x1F,
    0x40, 0x1B, 0xD1, 0x02, 0xCD, 0x07, 0x3D, 0x7C, 0xBF, 0x80, 0x0D, 0x00, 0x74, 0x0B, 0xFF, 0x5B,
    0x94, 0x1D, 0x00, 0x74, 0x01, 0xD0, 0x07, 0x40, 0x1D, 0x00, 0x3E, 0x90, 0xBF, 0x00, 0x7D, 0x0B,
    0xC1, 0xB4, 0x1F, 0x01, 0xD0, 0x2C, 0x07, 0x40, 0xB0, 0x1D, 0x02, 0xC0, 0x74, 0x0B, 0x01, 0xE0,
    0x3C, 0x03, 0xEB, 0xF9, 0x07, 0xF4, 0xF8, 0xBF, 0x8B, 0xF0, 0xF4, 0x0B, 0x41, 0xD0, 0x3C, 0x03,
    0xC0, 0xD0, 0x0B, 0x4B, 0x00, 0x0E, 0x34, 0x00, 0x2E, 0xC0, 0x00, 0x3E, 0x00, 0x00, 0xF0, 0x00,
    0xBF, 0x83, 0x43, 0xFC, 0xF4, 0x0E, 0x03, 0xC1, 0xD0, 0xBC, 0x0E, 0x03, 0x83, 0xB4, 0x70, 0x0B,
    0x1C, 0xE2, 0xC0, 0x1D, 0xA2, 0xCD, 0x00, 0x3B, 0x43, 0xB0, 0x00, 0xBC, 0x0F, 0x80, 0x00, 0xE0,
    0x2D, 0x00, 0x7F, 0x8F, 0xF2, 0xE0, 0x7C, 0x0B, 0x4B, 0x00, 0x2E, 0xC0, 0x00, 0xF0, 0x00, 0x2F,
    0xC0, 0x0B, 0x0F, 0x02, 0xE0, 0xBD, 0xBF, 0x5F, 0xF0, 0xBF, 0x8B, 0xF0, 0xF4, 0x0B, 0x41, 0xD0,
    0x3C, 0x03, 0xC0, 0xD0, 0x0B, 0x4B, 0x00, 0x0E, 0x34, 0x00, 0x2E, 0xC0, 0x00, 0x7E, 0x00, 0x00,
    0xF0, 0x00, 0x03, 0x80, 0x00, 0x2C, 0x00, 0x1B, 0xD0, 0x00, 0xBD, 0x00, 0x00, 0x3F, 0xFE, 0x0E,
    0xAF, 0x83, 0x03, 0x80, 0x03, 0xC0, 0x03, 0xC0, 0x02, 0xC0, 0x41, 0xD0, 0x31, 0xFA, 0xBC, 0x7F,
    0xFE, 0x00, 0x00, 0x00, 0x0B, 0x82, 0xD0, 0x3C, 0x03, 0xC0, 0x2C, 0x01, 0xC0, 0x1C, 0x07, 0x80,
    0x78, 0x01, 0xC0, 0x1C, 0x02, 0xC0, 0x3C, 0x03, 0xC0, 0x2D, 0x40, 0xBC, 0x77, 0x77, 0x77, 0x77,
    0x77, 0x77, 0x77, 0x70, 0x7D, 0x01, 0xB0, 0x03, 0x40, 0x34, 0x07, 0x00, 0xB0, 0x0B, 0x00, 0x3C,
    0x03, 0xC0, 0xB0, 0x0B, 0x00, 0x70, 0x03, 0x40, 0x34, 0x1B, 0x03, 0xD0, 0x05, 0x01, 0x0F, 0xFA,
    0xC6, 0x0B, 0xD0, 0x3C, 0x3C, 0x00, 0x00, 0x1C, 0x1C, 0x1C, 0x1C, 0x1C, 0x1C, 0x2D, 0x2C, 0x3C,
    0x00, 0xC0, 0x00, 0xC0, 0x00, 0xC0, 0x0B, 0xF8, 0x2E, 0xEF, 0x74, 0xCA, 0xB0, 0xC0, 0xF0, 0xC0,
    0xF0, 0xC0, 0xB4, 0xC0, 0x3F, 0xEF, 0x0B, 0xF8, 0x01, 0x80, 0x01, 0x80, 0x01, 0x80, 0x01, 0x80,
    0x00, 0x2F, 0x80, 0x0B, 0xAE, 0x00, 0xD0, 0xB0, 0x2C, 0x04, 0x02, 0xC0, 0x01, 0xBE, 0xA0, 0x2F,
    0xFF, 0x00, 0x38, 0x00, 0x03, 0x40, 0x00, 0xB0, 0x00, 0x2F, 0xAA, 0xD3, 0xFF, 0xFC, 0x20, 0x00,
    0x51, 0xDF, 0xEC, 0x0B, 0x9F, 0x40, 0xE0, 0x34, 0x0D, 0x03, 0x80, 0xE0, 0x34, 0x0B, 0x9F, 0x01,
    0xEF, 0x9C, 0x20, 0x00, 0x50, 0x3F, 0xC0, 0xFE, 0x2F, 0x00, 0x78, 0x0B, 0x00, 0x70, 0x03, 0x80,
    0xD0, 0x01, 0xC1, 0xC0, 0x07, 0xE3, 0xF0, 0x00, 0x3A, 0x00, 0x03, 0xFF, 0xE0, 0x00, 0x2C, 0x00,
    0x00, 0x2C, 0x00, 0x00, 0x3E, 0x40, 0x01, 0xFF, 0xC0, 0x77, 0x77, 0x77, 0x00, 0x07, 0x77, 0x77,
    0x70, 0x02, 0xF8, 0x0E, 0x7C, 0x2C, 0x0C, 0x3C, 0x00, 0x3B, 0x80, 0x31, 0xF0, 0x34, 0x3C, 0x1E,
    0x0E, 0x07, 0xC7, 0x00, 0xBB, 0x00, 0x2E, 0x34, 0x1D, 0x3E, 0xB8, 0x1F, 0xD0, 0x00, 0x00, 0xF1,
    0xE3, 0x87, 0x40, 0x00, 0xBF, 0x90, 0x01, 0xD0, 0x1E, 0x01, 0xC0, 0x00, 0xA0, 0xC0, 0xBD, 0x0C,
    0x70, 0xE6, 0x81, 0x98, 0x70, 0x00, 0x66, 0x1C, 0x00, 0x19, 0xC3, 0x95, 0x06, 0x30, 0x7F, 0x43,
    0x07, 0x00, 0x02, 0x80, 0xB4, 0x07, 0x80, 0x02, 0xFE, 0x40, 0x2F, 0x0B, 0x74, 0x17, 0x8B, 0xF8,
    0xE7, 0x87, 0xED, 0x00, 0x0B, 0xFC, 0x03, 0x42, 0x87, 0x83, 0xC7, 0x83, 0xC1, 0xE0, 0xF0, 0x1E,
    0x0F, 0x00, 0xD0, 0xA0, 0x3F, 0xFF, 0x15, 0x5B, 0x00, 0x07, 0x00, 0x07, 0x3F, 0xE1, 0x54, 0x06,
    0xF8, 0x01, 0xD0, 0x74, 0x32, 0xF0, 0xC6, 0x15, 0x49, 0x51, 0xF0, 0x96, 0x17, 0x49, 0x33, 0xCD,
    0xC1, 0xD0, 0x74, 0x03, 0xF8, 0x00, 0x15, 0x50, 0xFF, 0xD0, 0x0F, 0xD0, 0xD1, 0xC3, 0x03, 0x0D,
    0x1C, 0x1F, 0xC0, 0x01, 0xC0, 0x01, 0xC0, 0x01, 0xC0, 0x3F, 0xFF, 0x16, 0xD5, 0x01, 0xC0, 0x01,
    0xC0, 0x00, 0x40, 0x00, 0x00, 0x3F, 0xFF, 0x15, 0x55, 0x2F, 0x8B, 0x5D, 0x90, 0xD0, 0x38, 0x0E,
    0x07, 0x80, 0xBF, 0xE0, 0x2F, 0x4A, 0x2C, 0x03, 0xC2, 0xF4, 0x01, 0xC0, 0x1D, 0x17, 0xCB, 0xE0,
    0x0C, 0x2C, 0x74, 0x90, 0x74, 0x0B, 0x02, 0xC0, 0x3C, 0x0B, 0x00, 0xF0, 0x2C, 0x03, 0xC0, 0xB0,
    0x0F, 0x02, 0xC0, 0x3C, 0x0B, 0x81, 0xF0, 0x2F, 0xAE, 0xF9, 0xBB, 0xE2, 0xE2, 0xC0, 0x00, 0x0B,
    0x00, 0x00, 0x2C, 0x00, 0x00, 0xB0, 0x00, 0x00, 0x07, 0xFF, 0x8F, 0xFB, 0x47, 0xFD, 0xC2, 0xFF,
    0x70, 0xBF, 0xDC, 0x1F, 0xF7, 0x03, 0xFD, 0xC0, 0x3F, 0x70, 0x00, 0xDC, 0x00, 0x37, 0x00, 0x0D,
    0xC0, 0x03, 0x70, 0x00, 0xDC, 0x00, 0x30, 0x00, 0x0C, 0x00, 0x03, 0xDB, 0x40, 0x78, 0x2C, 0x2C,
    0x70, 0x1A, 0x07, 0xE0, 0x0A, 0x00, 0xA0, 0x0A, 0x00, 0xF0, 0x7F, 0xC0, 0x2F, 0x8B, 0x5D, 0xD0,
    0xEE, 0x0A, 0xB5, 0xD2, 0xF4, 0x00, 0x07, 0xFC, 0x34, 0x28, 0x00, 0xE0, 0xF0, 0x07, 0x83, 0xC0,
    0x78, 0x3C, 0x0E, 0x0F, 0x03, 0x42, 0x80, 0x00, 0x00, 0x02, 0x40, 0x06, 0x80, 0x01, 0xC0, 0x07,
    0xE0, 0x00, 0xD0, 0x00, 0x28, 0x00, 0x70, 0x00, 0x0A, 0x00, 0x30, 0x00, 0x02, 0x80, 0x18, 0x07,
    0x00, 0xF0, 0x0C, 0x03, 0xC1, 0xFF, 0x09, 0x03, 0xB0, 0x00, 0x07, 0x02, 0x8C, 0x00, 0x03, 0x42,
    0xC7, 0x40, 0x01, 0xC0, 0xBF, 0xF4, 0x00, 0xC0, 0x00, 0x30, 0x00, 0x60, 0x00, 0x0C, 0x00, 0x00,
    0x00, 0x03, 0x00, 0x06, 0x80, 0x02, 0x80, 0x07, 0xE0, 0x00, 0xC0, 0x00, 0x28, 0x00, 0xA0, 0x00,
    0x0A, 0x00, 0x70, 0x00, 0x02, 0x80, 0x34, 0x2F, 0x40, 0xF0, 0x18, 0x38, 0xB1, 0xFF, 0x0C, 0x08,
    0x2C, 0x00, 0x0A, 0x00, 0x0D, 0x00, 0x03, 0x00, 0x1D, 0x00, 0x03, 0x40, 0x2D, 0x00, 0x01, 0xC0,
    0x0F, 0xFD, 0x00, 0x90, 0x00, 0x00, 0x00, 0x00, 0x00, 0x02, 0x40, 0x0B, 0xD0, 0x01, 0xC0, 0x0A,
    0x2C, 0x00, 0xD0, 0x00, 0x0F, 0x00, 0x70, 0x00, 0x2F, 0x40, 0x30, 0x00, 0x00, 0x70, 0x18, 0x03,
    0x40, 0x1D, 0x0C, 0x03, 0xD0, 0x5F, 0x09, 0x03, 0xB4, 0xBE, 0x07, 0x02, 0xCD, 0x00, 0x03, 0x41,
    0xD3, 0x40, 0x01, 0xC0, 0x7F, 0xF8, 0x00, 0xC0, 0x00, 0x34, 0x00, 0x60, 0x00, 0x0D, 0x00, 0x01,
    0xE0, 0x07, 0x80, 0x00, 0x00, 0x00, 0x00, 0x60, 0x02, 0xC0, 0xBF, 0x0F, 0xE4, 0x34, 0x00, 0xF0,
    0x00, 0xFF, 0x80, 0xBD, 0x00, 0xC0, 0x00, 0x00, 0x3D, 0x00, 0x00, 0x01, 0xD0, 0x00, 0x00, 0x00,
    0x00, 0x00, 0x1D, 0x00, 0x00, 0x0F, 0xC0, 0x00, 0x07, 0xB0, 0x00, 0x02, 0x8E, 0x00, 0x00, 0xC3,
    0xC0, 0x00, 0xB0, 0x74, 0x00, 0x3E, 0xAE, 0x00, 0x1F, 0xFF, 0xC0, 0x0E, 0x00, 0x74, 0x07, 0x40,
    0x0F, 0x03, 0xD0, 0x07, 0xD3, 0xFD, 0x07, 0xFD, 0x00, 0x02, 0x40, 0x00, 0x07, 0xD0, 0x00, 0x07,
    0x80, 0x00, 0x00, 0x00, 0x00, 0x00, 0x1D, 0x00, 0x00, 0x0F, 0xC0, 0x00, 0x07, 0xB0, 0x00, 0x02,
    0x8E, 0x00, 0x00, 0xC3, 0xC0, 0x00, 0xB0, 0x74, 0x00, 0x3E, 0xAE, 0x00, 0x1F, 0xFF, 0xC0, 0x0E,
    0x00, 0x74, 0x07, 0x40, 0x0F, 0x03, 0xD0, 0x07, 0xD3, 0xFD, 0x07, 0xFD, 0x00, 0x00, 0x00, 0x00,
    0x0F, 0x40, 0x00, 0x0B, 0xB4, 0x00, 0x07, 0x07, 0x00, 0x00, 0x00, 0x00, 0x00, 0x07, 0x40, 0x00,
    0x03, 0xF0, 0x00, 0x01, 0xEC, 0x00, 0x00, 0xA3, 0x80, 0x00, 0x30, 0xF0, 0x00, 0x2C, 0x1D, 0x00,
    0x0F, 0xAB, 0x80, 0x07, 0xFF, 0xF0, 0x03, 0x80, 0x1D, 0x01, 0xD0, 0x03, 0xC0, 0xF4, 0x01, 0xF4,
    0xFF, 0x41, 0xFF, 0x40, 0x00, 0xF1, 0x80, 0x00, 0xBB, 0xF0, 0x00, 0x14, 0xB4, 0x00, 0x00, 0x00,
    0x00, 0x00, 0x1D, 0x00, 0x00, 0x0F, 0xC0, 0x00, 0x07, 0xB0, 0x00, 0x02, 0x8E, 0x00, 0x00, 0xC3,
    0xC0, 0x00, 0xB0, 0x74, 0x00, 0x3E, 0xAE, 0x00, 0x1F, 0xFF, 0xC0, 0x0E, 0x00, 0x74, 0x07, 0x40,
    0x0F, 0x03, 0xD0, 0x07, 0xD3, 0xFD, 0x07, 0xFD, 0x00, 0x00, 0x00, 0x00, 0xF4, 0xF0, 0x00, 0x2C,
    0x3C, 0x00, 0x00, 0x00, 0x00, 0x00, 0x1D, 0x00, 0x00, 0x0F, 0xC0, 0x00, 0x07, 0xB0, 0x00, 0x02,
    0x8E, 0x00, 0x00, 0xC3, 0xC0, 0x00, 0xB0, 0x74, 0x00, 0x3E, 0xAE, 0x00, 0x1F, 0xFF, 0xC0, 0x0E,
    0x00, 0x74, 0x07, 0x40, 0x0F, 0x03, 0xD0, 0x07, 0xD3, 0xFD, 0x07, 0xFD, 0x00, 0x7E, 0x00, 0x00,
    0x39, 0xC0, 0x00, 0x0E, 0x70, 0x00, 0x01, 0xF4, 0x00, 0x00, 0x00, 0x00, 0x00, 0x07, 0x40, 0x00,
    0x03, 0xF0, 0x00, 0x01, 0xEC, 0x00, 0x00, 0xA3, 0x80, 0x00, 0x30, 0xF0, 0x00, 0x2C, 0x1D, 0x00,
    0x0F, 0xAB, 0x80, 0x07, 0xFF, 0xF0, 0x03, 0x80, 0x1D, 0x01, 0xD0, 0x03, 0xC0, 0xF4, 0x01, 0xF4,
    0xFF, 0x41, 0xFF, 0x40, 0x00, 0x07, 0xFF, 0xFE, 0x00, 0x00, 0xBF, 0xAB, 0xC0, 0x00, 0x37, 0x80,
    0x60, 0x00, 0x28, 0xE0, 0x00, 0x00, 0x0C, 0x38, 0x00, 0x00, 0x09, 0x0F, 0xFE, 0x00, 0x07, 0xAB,
    0xEA, 0x40, 0x03, 0xFF, 0xE0, 0x00, 0x02, 0xC0, 0x38, 0x02, 0x00, 0xD0, 0x0E, 0x00, 0xC0, 0xF4,
    0x07, 0xEA, 0xF0, 0xFF, 0x4B, 0xFF, 0xFC, 0x00, 0xBF, 0xD0, 0x1F, 0xAB, 0x80, 0xF0, 0x0E, 0x0B,
    0x40, 0x24, 0x3C, 0x00, 0x00, 0xE0, 0x00, 0x03, 0x80, 0x00, 0x0F, 0x00, 0x00, 0x3C, 0x00, 0x00,
    0xBC, 0x00, 0x00, 0xBF, 0xBF, 0x00, 0x7F, 0xE0, 0x00, 0x00, 0x00, 0x00, 0xF4, 0x00, 0x01, 0xE0,
    0x00, 0x03, 0x40, 0x00, 0x38, 0x00, 0x03, 0x40, 0x00, 0x0F, 0x80, 0x00, 0x06, 0x80, 0x00, 0x00,
    0x00, 0x3F, 0xFF, 0xE0, 0x7E, 0xAB, 0x80, 0xB0, 0x0A, 0x02, 0xC0, 0x00, 0x0B, 0x00, 0x00, 0x2F,
    0xFE, 0x00, 0xBA, 0xA4, 0x02, 0xC0, 0x00, 0x0B, 0x00, 0x20, 0x2C, 0x01, 0xC0, 0xFA, 0xAF, 0x0F,
    0xFF, 0xF8, 0x00, 0x06, 0x00, 0x00, 0xF8, 0x00, 0x0E, 0x40, 0x00, 0x00, 0x00, 0x3F, 0xFF, 0xE0,
    0x7E, 0xAB, 0x80, 0xB0, 0x0A, 0x02, 0xC0, 0x00, 0x0B, 0x00, 0x00, 0x2F, 0xFE, 0x00, 0xBA, 0xA4,
    0x02, 0xC0, 0x00, 0x0B, 0x00, 0x20, 0x2C, 0x01, 0xC0, 0xFA, 0xAF, 0x0F, 0xFF, 0xF8, 0x00, 0x00,
    0x00, 0x02, 0xE0, 0x00, 0x1E, 0xE0, 0x00, 0xD0, 0xC0, 0x00, 0x00, 0x00, 0xFF, 0xFF, 0x81, 0xFA,
    0xAE, 0x02, 0xC0, 0x28, 0x0B, 0x00, 0x00, 0x2C, 0x00, 0x00, 0xBF, 0xF8, 0x02, 0xEA, 0x90, 0x0B,
    0x00, 0x00, 0x2C, 0x00, 0x80, 0xB0, 0x07, 0x03, 0xEA, 0xBC, 0x3F, 0xFF, 0xE0, 0x00, 0x00, 0x00,
    0x1E, 0x3D, 0x00, 0x74, 0xB0, 0x00, 0x00, 0x00, 0x3F, 0xFF, 0xE0, 0x7E, 0xAB, 0x80, 0xB0, 0x0A,
    0x02, 0xC0, 0x00, 0x0B, 0x00, 0x00, 0x2F, 0xFE, 0x00, 0xBA, 0xA4, 0x02, 0xC0, 0x00, 0x0B, 0x00,
    0x20, 0x2C, 0x01, 0xC0, 0xFA, 0xAF, 0x0F, 0xFF, 0xF8, 0x30, 0x03, 0xE0, 0x06, 0x80, 0x00, 0x3F,
    0xE1, 0xF4, 0x0B, 0x00, 0xB0, 0x0B, 0x00, 0xB0, 0x0B, 0x00, 0xB0, 0x0B, 0x00, 0xB0, 0x0F, 0x87,
    0xFE, 0x00, 0x90, 0x7D, 0x0E, 0x00, 0x00, 0x3F, 0xE1, 0xF4, 0x0B, 0x00, 0xB0, 0x0B, 0x00, 0xB0,
    0x0B, 0x00, 0xB0, 0x0B, 0x00, 0xB0, 0x0F, 0x87, 0xFE, 0x00, 0x00, 0x2D, 0x02, 0xEE, 0x1C, 0x1C,
    0x00, 0x00, 0xFF, 0x81, 0xF4, 0x02, 0xC0, 0x0B, 0x00, 0x2C, 0x00, 0xB0, 0x02, 0xC0, 0x0B, 0x00,
    0x2C, 0x00, 0xB0, 0x03, 0xE0, 0x7F, 0xE0, 0x00, 0x02, 0xD3, 0xCB, 0x0F, 0x00, 0x00, 0x3F, 0xE0,
    0x7D, 0x00, 0xB0, 0x02, 0xC0, 0x0B, 0x00, 0x2C, 0x00, 0xB0, 0x02, 0xC0, 0x0B, 0x00, 0x2C, 0x00,
    0xF8, 0x1F, 0xF8, 0x2F, 0xFF, 0x40, 0x2F, 0xAB, 0xF4, 0x0B, 0x00, 0xBC, 0x0B, 0x00, 0x2E, 0x0B,
    0x00, 0x0F, 0x1F, 0x54, 0x0F, 0xBF, 0xFC, 0x0F, 0x0B, 0x00, 0x0E, 0x0B, 0x00, 0x2D, 0x0B, 0x00,
    0x7C, 0x1F, 0xAB, 0xF0, 0x3F, 0xFE, 0x40, 0x00, 0x78, 0x80, 0x00, 0x0E, 0xED, 0x00, 0x00, 0x83,
    0xC0, 0x00, 0x00, 0x00, 0x00, 0x3F, 0x40, 0x3F, 0xD1, 0xFC, 0x01, 0xF4, 0x0B, 0xE0, 0x0B, 0x00,
    0xAB, 0x40, 0xB0, 0x0A, 0x3C, 0x0B, 0x00, 0xA1, 0xF0, 0xB0, 0x0A, 0x0B, 0x8B, 0x00, 0xA0, 0x3C,
    0xB0, 0x0A, 0x00, 0xFB, 0x00, 0xA0, 0x07, 0xF0, 0x0F, 0x40, 0x2F, 0x07, 0xFD, 0x00, 0xE0, 0x00,
    0x90, 0x00, 0x00, 0x2F, 0x00, 0x00, 0x01, 0xB0, 0x00, 0x00, 0x00, 0x00, 0x00, 0xBF, 0xD0, 0x01,
    0xFA, 0xBF, 0x00, 0xF0, 0x03, 0xE0, 0xB4, 0x00, 0x3C, 0x3C, 0x00, 0x0B, 0x4F, 0x00, 0x02, 0xD3,
    0xC0, 0x00, 0xB4, 0xF0, 0x00, 0x2C, 0x3D, 0x00, 0x0F, 0x07, 0xC0, 0x0F, 0x40, 0xBE, 0xAF, 0x80,
    0x06, 0xFE, 0x00, 0x00, 0x01, 0xC0, 0x00, 0x02, 0xF0, 0x00, 0x02, 0x90, 0x00, 0x00, 0x00, 0x00,
    0x00, 0xBF, 0xD0, 0x01, 0xFA, 0xBF, 0x00, 0xF0, 0x03, 0xE0, 0xB4, 0x00, 0x3C, 0x3C, 0x00, 0x0B,
    0x4F, 0x00, 0x02, 0xD3, 0xC0, 0x00, 0xB4, 0xF0, 0x00, 0x2C, 0x3D, 0x00, 0x0F, 0x07, 0xC0, 0x0F,
    0x40, 0xBE, 0xAF, 0x80, 0x06, 0xFE, 0x00, 0x00, 0x00, 0x00, 0x00, 0x07, 0xC0, 0x00, 0x03, 0xBC,
    0x00, 0x03, 0x83, 0x40, 0x00, 0x00, 0x00, 0x00, 0x2F, 0xF4, 0x00, 0x7E, 0xAF, 0xC0, 0x3C, 0x00,
    0xF8, 0x2D, 0x00, 0x0F, 0x0F, 0x00, 0x02, 0xD3, 0xC0, 0x00, 0xB4, 0xF0, 0x00, 0x2D, 0x3C, 0x00,
    0x0B, 0x0F, 0x40, 0x03, 0xC1, 0xF0, 0x03, 0xD0, 0x2F, 0xAB, 0xE0, 0x01, 0xBF, 0x80, 0x00, 0x00,
    0xB4, 0x80, 0x00, 0x3B, 0xB4, 0x00, 0x0C, 0x78, 0x00, 0x00, 0x00, 0x00, 0x00, 0xBF, 0xD0, 0x01,
    0xFA, 0xBF, 0x00, 0xF0, 0x03, 0xE0, 0xB4, 0x00, 0x3C, 0x3C, 0x00, 0x0B, 0x4F, 0x00, 0x02, 0xD3,
    0xC0, 0x00, 0xB4, 0xF0, 0x00, 0x2C, 0x3D, 0x00, 0x0F, 0x07, 0xC0, 0x0F, 0x40, 0xBE, 0xAF, 0x80,
    0x06, 0xFE, 0x00, 0x00, 0x00, 0x00, 0x00, 0x7C, 0xB4, 0x00, 0x0E, 0x1D, 0x00, 0x00, 0x00, 0x00,
    0x00, 0xBF, 0xD0, 0x01, 0xFA, 0xBF, 0x00, 0xF0, 0x03, 0xE0, 0xB4, 0x00, 0x3C, 0x3C, 0x00, 0x0B,
    0x4F, 0x00, 0x02, 0xD3, 0xC0, 0x00, 0xB4, 0xF0, 0x00, 0x2C, 0x3D, 0x00, 0x0F, 0x07, 0xC0, 0x0F,
    0x40, 0xBE, 0xAF, 0x80, 0x06, 0xFE, 0x00, 0x90, 0x21, 0xD2, 0xC1, 0xEC, 0x02, 0xD0, 0x1E, 0xC1,
    0xD2, 0xC9, 0x02, 0x00, 0x00, 0xBF, 0xD1, 0x81, 0xFA, 0xBF, 0xC0, 0xF0, 0x03, 0xE0, 0xB4, 0x02,
    0xFC, 0x3C, 0x02, 0xCB, 0x4F, 0x02, 0xC2, 0xD3, 0xC2, 0xC0, 0xB4, 0xF2, 0xC0, 0x3C, 0x3F, 0x80,
    0x0F, 0x07, 0xC0, 0x0F, 0x43, 0xFE, 0xAF, 0x81, 0x86, 0xFE, 0x00, 0x00, 0xA0, 0x00, 0x00, 0x2F,
    0x00, 0x00, 0x00, 0xB0, 0x00, 0x00, 0x00, 0x00, 0xBF, 0xC0, 0xBF, 0xCB, 0xC0, 0x0B, 0x80, 0xE0,
    0x01, 0xD0, 0x38, 0x00, 0x74, 0x0E, 0x00, 0x1D, 0x03, 0x80, 0x07, 0x40, 0xE0, 0x01, 0xD0, 0x38,
    0x00, 0x74, 0x0F, 0x00, 0x1C, 0x03, 0xD0, 0x0F, 0x00, 0x7E, 0xAF, 0x40, 0x06, 0xFE, 0x40, 0x00,
    0x01, 0xC0, 0x00, 0x02, 0xF0, 0x00, 0x02, 0x90, 0x00, 0x00, 0x00, 0x00, 0xBF, 0xC0, 0xBF, 0xCB,
    0xC0, 0x0B, 0x80, 0xE0, 0x01, 0xD0, 0x38, 0x00, 0x74, 0x0E, 0x00, 0x1D, 0x03, 0x80, 0x07, 0x40,
    0xE0, 0x01, 0xD0, 0x38, 0x00, 0x74, 0x0F, 0x00, 0x1C, 0x03, 0xD0, 0x0F, 0x00, 0x7E, 0xAF, 0x40,
    0x06, 0xFE, 0x40, 0x00, 0x00, 0x00, 0x00, 0x03, 0xC0, 0x00, 0x03, 0xBC, 0x00, 0x03, 0x82, 0x40,
    0x00, 0x00, 0x00, 0x2F, 0xF0, 0x2F, 0xF2, 0xF0, 0x02, 0xE0, 0x38, 0x00, 0x74, 0x0E, 0x00, 0x1D,
    0x03, 0x80, 0x07, 0x40, 0xE0, 0x01, 0xD0, 0x38, 0x00, 0x74, 0x0E, 0x00, 0x1D, 0x03, 0xC0, 0x07,
    0x00, 0xF4, 0x03, 0xC0, 0x1F, 0xAB, 0xD0, 0x01, 0xBF, 0x90, 0x00, 0x00, 0x00, 0x00, 0x00, 0x3C,
    0x78, 0x00, 0x0E, 0x1D, 0x00, 0x00, 0x00, 0x00, 0xBF, 0xC0, 0xBF, 0xCB, 0xC0, 0x0B, 0x80, 0xE0,
    0x01, 0xD0, 0x38, 0x00, 0x74, 0x0E, 0x00, 0x1D, 0x03, 0x80, 0x07, 0x40, 0xE0, 0x01, 0xD0, 0x38,
    0x00, 0x74, 0x0F, 0x00, 0x1C, 0x03, 0xD0, 0x0F, 0x00, 0x7E, 0xAF, 0x40, 0x06, 0xFE, 0x40, 0x00,
    0x07, 0x00, 0x00, 0x2F, 0x00, 0x00, 0xA4, 0x00, 0x00, 0x00, 0x00, 0xFF, 0xC3, 0xFD, 0x2F, 0x00,
    0xB4, 0x0F, 0x00, 0xE0, 0x03, 0x82, 0xC0, 0x02, 0xC3, 0x40, 0x00, 0xFB, 0x00, 0x00, 0x7C, 0x00,
    0x00, 0x3C, 0x00, 0x00, 0x3C, 0x00, 0x00, 0x3C, 0x00, 0x00, 0x7D, 0x00, 0x03, 0xFF, 0x80, 0x3F,
    0xE0, 0x01, 0xF4, 0x00, 0x0B, 0x54, 0x00, 0xBF, 0xF8, 0x0B, 0x02, 0xE0, 0xB0, 0x0E, 0x0B, 0x00,
    0xE0, 0xB0, 0x3D, 0x0B, 0xFF, 0x80, 0xBA, 0x40, 0x0F, 0x40, 0x03, 0xFE, 0x00, 0x00, 0xBF, 0x40,
    0x0F, 0xAF, 0x00, 0xB0, 0x1D, 0x03, 0xC0, 0x70, 0x0E, 0x07, 0x00, 0x38, 0x30, 0x00, 0xE1, 0xE0,
    0x03, 0x83, 0xE0, 0x0E, 0x02, 0xF0, 0x38, 0x02, 0xD0, 0xE2, 0x07, 0x47, 0x9E, 0x7C, 0x7E, 0x2F,
    0x80, 0x09, 0x00, 0x00, 0xF0, 0x00, 0x03, 0xC0, 0x00, 0x08, 0x00, 0x00, 0x00, 0x00, 0x7F, 0x80,
    0x2F, 0xBD, 0x02, 0x81, 0xD0, 0x00, 0x0E, 0x00, 0x6F, 0xE0, 0x3D, 0x5E, 0x03, 0x80, 0xE0, 0x3E,
    0xBF, 0x81, 0xFD, 0x78, 0x00, 0x24, 0x00, 0x07, 0x40, 0x00, 0xE0, 0x00, 0x18, 0x00, 0x00, 0x00,
    0x00, 0x7F, 0x80, 0x2F, 0xBD, 0x02, 0x81, 0xD0, 0x00, 0x0E, 0x00, 0x6F, 0xE0, 0x3D, 0x5E, 0x03,
    0x80, 0xE0, 0x3E, 0xBF, 0x81, 0xFD, 0x78, 0x00, 0x80, 0x00, 0x3F, 0x00, 0x0B, 0x38, 0x00, 0xC0,
    0xC0, 0x00, 0x00, 0x00, 0x7F, 0x80, 0x2F, 0xBD, 0x02, 0x81, 0xD0, 0x00, 0x0E, 0x00, 0x6F, 0xE0,
    0x3D, 0x5E, 0x03, 0x80, 0xE0, 0x3E, 0xBF, 0x81, 0xFD, 0x78, 0x0F, 0x48, 0x01, 0xEE, 0xC0, 0x08,
    0xB8, 0x00, 0x00, 0x00, 0x07, 0xF8, 0x02, 0xFB, 0xD0, 0x28, 0x1D, 0x00, 0x00, 0xE0, 0x06, 0xFE,
    0x03, 0xD5, 0xE0, 0x38, 0x0E, 0x03, 0xEB, 0xF8, 0x1F, 0xD7, 0x80, 0x00, 0x00, 0x01, 0xE3, 0xC0,
    0x1D, 0x2C, 0x00, 0x00, 0x00, 0x00, 0x00, 0x00, 0x7F, 0x80, 0x2F, 0xBD, 0x02, 0x81, 0xD0, 0x00,
    0x0E, 0x00, 0x6F, 0xE0, 0x3D, 0x5E, 0x03, 0x80, 0xE0, 0x3E, 0xBF, 0x81, 0xFD, 0x78, 0x02, 0xE0,
    0x00, 0xA7, 0x40, 0x09, 0x24, 0x00, 0xB7, 0x40, 0x03, 0xE0, 0x00, 0x00, 0x00, 0x07, 0xF8, 0x02,
    0xFB, 0xD0, 0x28, 0x1D, 0x00, 0x00, 0xE0, 0x06, 0xFE, 0x03, 0xD5, 0xE0, 0x38, 0x0E, 0x03, 0xEB,
    0xF8, 0x1F, 0xD7, 0x80, 0x07, 0xF4, 0xBE, 0x02, 0xFB, 0xFE, 0xF8, 0x2C, 0x1F, 0x03, 0xC0, 0x00,
    0xE1, 0x7C, 0x06, 0xFF, 0xFF, 0xC2, 0xE5, 0xE0, 0x00, 0x38, 0x0F, 0x00, 0x03, 0xEB, 0xFE, 0xAC,
    0x1F, 0xD1, 0xFF, 0x40, 0x02, 0xF8, 0x03, 0xEF, 0xC3, 0xC0, 0xF0, 0xE0, 0x00, 0x74, 0x00, 0x1E,
    0x00, 0x03, 0xC0, 0x00, 0xBE, 0xAC, 0x07, 0xFD, 0x00, 0x00, 0x00, 0x1F, 0x00, 0x01, 0xD0, 0x00,
    0x70, 0x00, 0x74, 0x00, 0x06, 0x00, 0x02, 0xD0, 0x00, 0x2C, 0x00, 0x01, 0x80, 0x00, 0x00, 0x01,
    0xFE, 0x01, 0xFB, 0xE0, 0xF0, 0x2C, 0x39, 0x5B, 0x1F, 0xFF, 0xC7, 0x40, 0x00, 0xF0, 0x00, 0x2F,
    0xAB, 0x01, 0xFF, 0x40, 0x00, 0x18, 0x00, 0x0F, 0x00, 0x0B, 0x00, 0x03, 0x00, 0x00, 0x00, 0x01,
    0xFE, 0x01, 0xFB, 0xE0, 0xF0, 0x2C, 0x39, 0x5B, 0x1F, 0xFF, 0xC7, 0x40, 0x00, 0xF0, 0x00, 0x2F,
    0xAB, 0x01, 0xFF, 0x40, 0x00, 0x90, 0x00, 0xBD, 0x00, 0x36, 0xC0, 0x38, 0x30, 0x00, 0x00, 0x01,
    0xFE, 0x01, 0xFB, 0xE0, 0xF0, 0x2C, 0x39, 0x5B, 0x1F, 0xFF, 0xC7, 0x40, 0x00, 0xF0, 0x00, 0x2F,
    0xAB, 0x01, 0xFF, 0x40, 0x00, 0x00, 0x03, 0xC7, 0x80, 0xE1, 0xD0, 0x00, 0x00, 0x00, 0x00, 0x01,
    0xFE, 0x01, 0xFB, 0xE0, 0xF0, 0x2C, 0x39, 0x5B, 0x1F, 0xFF, 0xC7, 0x40, 0x00, 0xF0, 0x00, 0x2F,
    0xAB, 0x01, 0xFF, 0x40, 0x60, 0x0B, 0x40, 0x2D, 0x00, 0x60, 0x00, 0x06, 0xE0, 0x1E, 0x00, 0xE0,
    0x0E, 0x00, 0xE0, 0x0E, 0x00, 0xE0, 0x1F, 0x4B, 0xFD, 0x01, 0x80, 0x3C, 0x0B, 0x00, 0xC0, 0x00,
    0x06, 0xE0, 0x1E, 0x00, 0xE0, 0x0E, 0x00, 0xE0, 0x0E, 0x00, 0xE0, 0x1F, 0x4B, 0xFD, 0x09, 0x02,
    0xF4, 0x36, 0xCA, 0x0D, 0x00, 0x06, 0xE0, 0x1E, 0x00, 0xE0, 0x0E, 0x00, 0xE0, 0x0E, 0x00, 0xE0,
    0x1F, 0x4B, 0xFD, 0x00, 0x00, 0xF1, 0xE3, 0x87, 0x40, 0x00, 0x00, 0x00, 0x6E, 0x00, 0x78, 0x00,
    0xE0, 0x03, 0x80, 0x0E, 0x00, 0x38, 0x00, 0xE0, 0x07, 0xD0, 0xBF, 0xD0, 0x03, 0x49, 0x00, 0x1F,
    0x80, 0x01, 0xF4, 0x00, 0x31, 0xD0, 0x00, 0x0B, 0x00, 0x2F, 0xB8, 0x0F, 0xAF, 0xC3, 0xC0, 0x3C,
    0x38, 0x01, 0xD7, 0x80, 0x1D, 0x38, 0x01, 0xC3, 0xC0, 0x3C, 0x1F, 0xAF, 0x00, 0x7F, 0x80, 0x01,
    0xE2, 0x00, 0x03, 0xBB, 0x40, 0x02, 0x0F, 0x00, 0x00, 0x00, 0x00, 0x6D, 0x7F, 0x40, 0x1F, 0xEB,
    0xD0, 0x0F, 0x01, 0xE0, 0x0E, 0x00, 0xE0, 0x0E, 0x00, 0xE0, 0x0E, 0x00, 0xE0, 0x0E, 0x00, 0xE0,
    0x1F, 0x41, 0xF4, 0x7F, 0xC3, 0xFC, 0x02, 0x00, 0x00, 0x78, 0x00, 0x01, 0xE0, 0x00, 0x03, 0x00,
    0x00, 0x00, 0x00, 0x2F, 0xD0, 0x0F, 0xAF, 0x83, 0xC0, 0x3C, 0x38, 0x02, 0xD7, 0x80, 0x1D, 0x38,
    0x01, 0xD3, 0xC0, 0x3C, 0x2F, 0xAF, 0x40, 0x7F, 0x80, 0x00, 0x0C, 0x00, 0x02, 0xC0, 0x00, 0x74,
    0x00, 0x09, 0x00, 0x00, 0x00, 0x00, 0x2F, 0xD0, 0x0F, 0xAF, 0x83, 0xC0, 0x3C, 0x38, 0x02, 0xD7,
    0x80, 0x1D, 0x38, 0x01, 0xD3, 0xC0, 0x3C, 0x2F, 0xAF, 0x40, 0x7F, 0x80, 0x00, 0x60, 0x00, 0x0F,
    0x80, 0x03, 0x9D, 0x00, 0x70, 0xA0, 0x00, 0x00, 0x00, 0x2F, 0xD0, 0x0F, 0xAF, 0x83, 0xC0, 0x3C,
    0x38, 0x02, 0xD7, 0x80, 0x1D, 0x38, 0x01, 0xD3, 0xC0, 0x3C, 0x2F, 0xAF, 0x40, 0x7F, 0x80, 0x03,
    0xC5, 0x00, 0xBF, 0xE0, 0x05, 0x2D, 0x00, 0x00, 0x00, 0x02, 0xFD, 0x00, 0xFA, 0xF8, 0x3C, 0x03,
    0xC3, 0x80, 0x2D, 0x78, 0x01, 0xD3, 0x80, 0x1D, 0x3C, 0x03, 0xC2, 0xFA, 0xF4, 0x07, 0xF8, 0x00,
    0x00, 0x00, 0x00, 0xF0, 0xF0, 0x0B, 0x0E, 0x00, 0x00, 0x00, 0x00, 0x00, 0x00, 0x2F, 0xD0, 0x0F,
    0xAF, 0x83, 0xC0, 0x3C, 0x38, 0x02, 0xD7, 0x80, 0x1D, 0x38, 0x01, 0xD3, 0xC0, 0x3C, 0x2F, 0xAF,
    0x40, 0x7F, 0x80, 0x00, 0x00, 0x02, 0xD0, 0x02, 0xC0, 0x00, 0x00, 0x3F, 0xFF, 0x15, 0x55, 0x00,
    0x00, 0x01, 0xC0, 0x02, 0xC0, 0x00, 0x00, 0x02, 0xFD, 0x90, 0xFA, 0xFC, 0x3C, 0x0B, 0xC3, 0x82,
    0xDD, 0x74, 0xB1, 0xD3, 0xA8, 0x1D, 0x3E, 0x03, 0xC3, 0xFA, 0xF4, 0x67, 0xF8, 0x00, 0x02, 0x00,
    0x00, 0x0F, 0x00, 0x00, 0x1E, 0x00, 0x00, 0x0C, 0x00, 0x00, 0x00, 0x01, 0xF4, 0x2F, 0x06, 0xD0,
    0x7C, 0x07, 0x40, 0xB0, 0x1D, 0x02, 0xC0, 0x74, 0x0B, 0x01, 0xD0, 0x2C, 0x07, 0x80, 0xF0, 0x0F,
    0xAF, 0xE4, 0x1F, 0xD3, 0xE0, 0x00, 0x0C, 0x00, 0x00, 0xB4, 0x00, 0x03, 0x80, 0x00, 0x18, 0x00,
    0x00, 0x00, 0x01, 0xF4, 0x2F, 0x06, 0xD0, 0x7C, 0x07, 0x40, 0xB0, 0x1D, 0x02, 0xC0, 0x74, 0x0B,
    0x01, 0xD0, 0x2C, 0x07, 0x80, 0xF0, 0x0F, 0xAF, 0xE4, 0x1F, 0xD3, 0xE0, 0x00, 0x60, 0x00, 0x03,
    0xF0, 0x00, 0x2D, 0xD0, 0x00, 0xC1, 0x80, 0x00, 0x00, 0x01, 0xF4, 0x2F, 0x06, 0xD0, 0x7C, 0x07,
    0x40, 0xB0, 0x1D, 0x02, 0xC0, 0x74, 0x0B, 0x01, 0xD0, 0x2C, 0x07, 0x80, 0xF0, 0x0F, 0xAF, 0xE4,
    0x1F, 0xD3, 0xE0, 0x00, 0x00, 0x00, 0x2D, 0x3C, 0x00, 0x74, 0xF0, 0x00, 0x00, 0x00, 0x00, 0x00,
    0x01, 0xF4, 0x2F, 0x06, 0xD0, 0x7C, 0x07, 0x40, 0xB0, 0x1D, 0x02, 0xC0, 0x74, 0x0B, 0x01, 0xD0,
    0x2C, 0x07, 0x80, 0xF0, 0x0F, 0xAF, 0xE4, 0x1F, 0xD3, 0xE0, 0x00, 0x08, 0x00, 0x00, 0xF0, 0x00,
    0x07, 0x40, 0x00, 0x24, 0x00, 0x00, 0x00, 0x02, 0xFE, 0x2F, 0xC3, 0xD0, 0x2D, 0x07, 0x40, 0xF0,
    0x0F, 0x03, 0x40, 0x2D, 0x2C, 0x00, 0x38, 0xD0, 0x00, 0xBB, 0x00, 0x01, 0xF8, 0x00, 0x03, 0xC0,
    0x00, 0x0E, 0x00, 0x00, 0xB0, 0x00, 0x6F, 0x40, 0x02, 0xF4, 0x00, 0x00, 0x6E, 0x00, 0x06, 0xE0,
    0x00, 0x0E, 0x00, 0x00, 0xE0, 0x00, 0x0E, 0x7F, 0x40, 0xFE, 0xBC, 0x0F, 0x01, 0xE0, 0xE0, 0x0F,
    0x0E, 0x00, 0xF0, 0xE0, 0x0E, 0x0E, 0x02, 0xD0, 0xFA, 0xFC, 0x0F, 0xFE, 0x00, 0xE0, 0x00, 0x0E,
    0x00, 0x01, 0xF4, 0x00, 0xBF, 0xD0, 0x00, 0x00, 0x00, 0x00, 0x3C, 0x78, 0x00, 0xF0, 0xE0, 0x00,
    0x00, 0x00, 0x00, 0x00, 0x02, 0xFE, 0x2F, 0xC3, 0xD0, 0x2D, 0x07, 0x40, 0xF0, 0x0F, 0x03, 0x40,
    0x2D, 0x2C, 0x00, 0x38, 0xD0, 0x00, 0xBB, 0x00, 0x01, 0xF8, 0x00, 0x03, 0xC0, 0x00, 0x0E, 0x00,
    0x00, 0xB0, 0x00, 0x6F, 0x40, 0x02, 0xF4, 0x00, 0x00, 0x00, 0x55, 0x40, 0x00, 0xBF, 0xE0, 0x00,
    0x00, 0x00, 0x00, 0x00, 0x74, 0x00, 0x00, 0x3F, 0x00, 0x00, 0x1E, 0xC0, 0x00, 0x0A, 0x38, 0x00,
    0x03, 0x0F, 0x00, 0x02, 0xC1, 0xD0, 0x00, 0xFA, 0xB8, 0x00, 0x7F, 0xFF, 0x00, 0x38, 0x01, 0xD0,
    0x1D, 0x00, 0x3C, 0x0F, 0x40, 0x1F, 0x4F, 0xF4, 0x1F, 0xF4, 0x05, 0x54, 0x01, 0xFF, 0xC0, 0x00,
    0x00, 0x00, 0x00, 0x00, 0x07, 0xF8, 0x02, 0xFB, 0xD0, 0x28, 0x1D, 0x00, 0x00, 0xE0, 0x06, 0xFE,
    0x03, 0xD5, 0xE0, 0x38, 0x0E, 0x03, 0xEB, 0xF8, 0x1F, 0xD7, 0x80, 0x01, 0x40, 0x80, 0x00, 0x79,
    0xE0, 0x00, 0x0B, 0xE0, 0x00, 0x00, 0x00, 0x00, 0x00, 0x1D, 0x00, 0x00, 0x0F, 0xC0, 0x00, 0x07,
    0xB0, 0x00, 0x02, 0x8E, 0x00, 0x00, 0xC3, 0xC0, 0x00, 0xB0, 0x74, 0x00, 0x3E, 0xAE, 0x00, 0x1F,
    0xFF, 0xC0, 0x0E, 0x00, 0x74, 0x07, 0x40, 0x0F, 0x03, 0xD0, 0x07, 0xD3, 0xFD, 0x07, 0xFD, 0x08,
    0x08, 0x00, 0xF6, 0xC0, 0x07, 0xE0, 0x00, 0x00, 0x00, 0x07, 0xF8, 0x02, 0xFB, 0xD0, 0x28, 0x1D,
    0x00, 0x00, 0xE0, 0x06, 0xFE, 0x03, 0xD5, 0xE0, 0x38, 0x0E, 0x03, 0xEB, 0xF8, 0x1F, 0xD7, 0x80,
    0x00, 0x1D, 0x00, 0x00, 0x0F, 0xC0, 0x00, 0x07, 0xB0, 0x00, 0x02, 0x8E, 0x00, 0x00, 0xC3, 0xC0,
    0x00, 0xB0, 0x74, 0x00, 0x3E, 0xAE, 0x00, 0x1F, 0xFF, 0xC0, 0x0E, 0x00, 0x74, 0x07, 0x40, 0x0F,
    0x03, 0xD0, 0x07, 0xE3, 0xFD, 0x07, 0xFD, 0x00, 0x00, 0x34, 0x00, 0x00, 0x2C, 0x00, 0x00, 0x0F,
    0x40, 0x00, 0x01, 0xF8, 0x07, 0xF8, 0x02, 0xFB, 0xD0, 0x28, 0x1D, 0x00, 0x00, 0xE0, 0x06, 0xFE,
    0x03, 0xD5, 0xE0, 0x38, 0x0E, 0x03, 0xEB, 0xF8, 0x1F, 0xDB, 0x40, 0x00, 0x90, 0x00, 0x0E, 0x40,
    0x00, 0xBC, 0x00, 0x02, 0x80, 0x00, 0x7E, 0x00, 0x03, 0x80, 0x00, 0x00, 0x00, 0x00, 0xBF, 0xD0,
    0x1F, 0xAB, 0x80, 0xF0, 0x0E, 0x0B, 0x40, 0x24, 0x3C, 0x00, 0x00, 0xE0, 0x00, 0x03, 0x80, 0x00,
    0x0F, 0x00, 0x00, 0x3C, 0x00, 0x00, 0xBC, 0x00, 0x00, 0xBF, 0xBF, 0x00, 0x7F, 0xE0, 0x00, 0x18,
    0x00, 0x0F, 0x00, 0x0B, 0x00, 0x03, 0x00, 0x00, 0x00, 0x00, 0xBE, 0x00, 0xFB, 0xF0, 0xF0, 0x3C,
    0x38, 0x00, 0x1D, 0x00, 0x07, 0x80, 0x00, 0xF0, 0x00, 0x2F, 0xAB, 0x01, 0xFF, 0x40, 0x00, 0x00,
    0x00, 0x00, 0xB8, 0x00, 0x0B, 0xB8, 0x00, 0x74, 0x70, 0x00, 0x00, 0x00, 0x02, 0xFF, 0x40, 0x7E,
    0xAE, 0x03, 0xC0, 0x38, 0x2D, 0x00, 0x90, 0xF0, 0x00, 0x03, 0x80, 0x00, 0x0E, 0x00, 0x00, 0x3C,
    0x00, 0x00, 0xF0, 0x00, 0x02, 0xF0, 0x00, 0x02, 0xFE, 0xFC, 0x01, 0xFF, 0x80, 0x00, 0x90, 0x00,
    0x7D, 0x00, 0x36, 0xC0, 0x28, 0x24, 0x00, 0x00, 0x00, 0xBE, 0x00, 0xFB, 0xF0, 0xF0, 0x3C, 0x38,
    0x00, 0x1D, 0x00, 0x07, 0x80, 0x00, 0xF0, 0x00, 0x2F, 0xAB, 0x01, 0xFF, 0x40, 0x00, 0x00, 0x00,
    0x00, 0xF4, 0x00, 0x02, 0xD0, 0x00, 0x00, 0x00, 0x00, 0xBF, 0xD0, 0x1F, 0xAB, 0x80, 0xF0, 0x0E,
    0x0B, 0x40, 0x24, 0x3C, 0x00, 0x00, 0xE0, 0x00, 0x03, 0x80, 0x00, 0x0F, 0x00, 0x00, 0x3C, 0x00,
    0x00, 0xBC, 0x00, 0x00, 0xBF, 0xBF, 0x00, 0x7F, 0xE0, 0x00, 0x00, 0x00, 0x7C, 0x00, 0x0E, 0x00,
    0x00, 0x00, 0x00, 0x00, 0x00, 0xBE, 0x00, 0xFB, 0xF0, 0xF0, 0x3C, 0x38, 0x00, 0x1D, 0x00, 0x07,
    0x80, 0x00, 0xF0, 0x00, 0x2F, 0xAB, 0x01, 0xFF, 0x40, 0x00, 0x00, 0x40, 0x0B, 0x0B, 0x00, 0x0F,
    0xB0, 0x00, 0x0F, 0x00, 0x00, 0x00, 0x00, 0x02, 0xFF, 0x40, 0x7E, 0xAE, 0x03, 0xC0, 0x38, 0x2D,
    0x00, 0x90, 0xF0, 0x00, 0x03, 0x80, 0x00, 0x0E, 0x00, 0x00, 0x3C, 0x00, 0x00, 0xF0, 0x00, 0x02,
    0xF0, 0x00, 0x02, 0xFE, 0xFC, 0x01, 0xFF, 0x80, 0x04, 0x04, 0x03, 0x87, 0x00, 0x3B, 0x40, 0x07,
    0x80, 0x00, 0x00, 0x00, 0xBE, 0x00, 0xFB, 0xF0, 0xF0, 0x3C, 0x38, 0x00, 0x1D, 0x00, 0x07, 0x80,
    0x00, 0xF0, 0x00, 0x2F, 0xAB, 0x01, 0xFF, 0x40, 0x00, 0x00, 0x00, 0x03, 0x47, 0x40, 0x02, 0xED,
    0x00, 0x00, 0x78, 0x00, 0x00, 0x00, 0x00, 0x2F, 0xFF, 0x40, 0x2F, 0xAB, 0xF0, 0x0B, 0x00, 0xBC,
    0x0B, 0x00, 0x2E, 0x0B, 0x00, 0x0F, 0x0B, 0x00, 0x0F, 0x0B, 0x00, 0x0F, 0x0B, 0x00, 0x0E, 0x0B,
    0x00, 0x2D, 0x0B, 0x00, 0x7C, 0x0F, 0x9B, 0xF0, 0x3F, 0xFF, 0x40, 0x00, 0x00, 0x00, 0x00, 0x00,
    0x00, 0x00, 0x00, 0x0A, 0x00, 0x0B, 0x8B, 0x00, 0x1B, 0x8D, 0x00, 0x03, 0x88, 0x00, 0x03, 0x80,
    0x02, 0xFF, 0x80, 0x0F, 0xAF, 0x80, 0x3C, 0x03, 0x80, 0x38, 0x03, 0x80, 0x74, 0x03, 0x80, 0x38,
    0x03, 0x80, 0x3C, 0x03, 0x80, 0x2F, 0xAF, 0xD0, 0x0B, 0xF6, 0xF4, 0x2F, 0xFF, 0x40, 0x2F, 0xAB,
    0xF4, 0x0B, 0x00, 0xBC, 0x0B, 0x00, 0x2E, 0x0B, 0x00, 0x0F, 0x1F, 0x54, 0x0F, 0xBF, 0xFC, 0x0F,
    0x0B, 0x00, 0x0E, 0x0B, 0x00, 0x2D, 0x0B, 0x00, 0x7C, 0x1F, 0xAB, 0xF0, 0x3F, 0xFE, 0x40, 0x00,
    0x0B, 0x80, 0x00, 0x6E, 0x00, 0x03, 0xFF, 0x00, 0x05, 0xF4, 0x02, 0xFF, 0x80, 0x3E, 0xBE, 0x03,
    0xC0, 0x38, 0x0E, 0x00, 0xE0, 0x74, 0x03, 0x80, 0xE0, 0x0E, 0x03, 0xC0, 0x38, 0x0B, 0xEB, 0xF4,
    0x0B, 0xF6, 0xF4, 0x01, 0x55, 0x00, 0x1F, 0xFC, 0x00, 0x00, 0x00, 0x0F, 0xFF, 0xF8, 0x1F, 0xAA,
    0xE0, 0x2C, 0x02, 0x80, 0xB0, 0x00, 0x02, 0xC0, 0x00, 0x0B, 0xFF, 0x80, 0x2E, 0xA9, 0x00, 0xB0,
    0x00, 0x02, 0xC0, 0x08, 0x0B, 0x00, 0x70, 0x3E, 0xAB, 0xC3, 0xFF, 0xFE, 0x00, 0x05, 0x54, 0x03,
    0xFF, 0x40, 0x00, 0x00, 0x00, 0x00, 0x07, 0xF8, 0x07, 0xEF, 0x83, 0xC0, 0xB0, 0xE5, 0x6C, 0x7F,
    0xFF, 0x1D, 0x00, 0x03, 0xC0, 0x00, 0xBE, 0xAC, 0x07, 0xFD, 0x00, 0x02, 0x02, 0x00, 0x0F, 0x6C,
    0x00, 0x1F, 0x80, 0x00, 0x00, 0x00, 0x3F, 0xFF, 0xE0, 0x7E, 0xAB, 0x80, 0xB0, 0x0A, 0x02, 0xC0,
    0x00, 0x0B, 0x00, 0x00, 0x2F, 0xFE, 0x00, 0xBA, 0xA4, 0x02, 0xC0, 0x00, 0x0B, 0x00, 0x20, 0x2C,
    0x01, 0xC0, 0xFA, 0xAF, 0x0F, 0xFF, 0xF8, 0x08, 0x05, 0x03, 0xEB, 0x00, 0x3F, 0x40, 0x00, 0x00,
    0x07, 0xF8, 0x07, 0xEF, 0x83, 0xC0, 0xB0, 0xE5, 0x6C, 0x7F, 0xFF, 0x1D, 0x00, 0x03, 0xC0, 0x00,
    0xBE, 0xAC, 0x07, 0xFD, 0x00, 0x00, 0x00, 0x00, 0x02, 0xD0, 0x00, 0x0B, 0x40, 0x00, 0x00, 0x00,
    0x3F, 0xFF, 0xE0, 0x7E, 0xAB, 0x80, 0xB0, 0x0A, 0x02, 0xC0, 0x00, 0x0B, 0x00, 0x00, 0x2F, 0xFE,
    0x00, 0xBA, 0xA4, 0x02, 0xC0, 0x00, 0x0B, 0x00, 0x20, 0x2C, 0x01, 0xC0, 0xFA, 0xAF, 0x0F, 0xFF,
    0xF8, 0x00, 0x00, 0x00, 0x78, 0x00, 0x1E, 0x00, 0x00, 0x00, 0x00, 0x00, 0x01, 0xFE, 0x01, 0xFB,
    0xE0, 0xF0, 0x2C, 0x39, 0x5B, 0x1F, 0xFF, 0xC7, 0x40, 0x00, 0xF0, 0x00, 0x2F, 0xAB, 0x01, 0xFF,
    0x40, 0x3F, 0xFF, 0xE0, 0x7E, 0xAB, 0x80, 0xB0, 0x0A, 0x02, 0xC0, 0x00, 0x0B, 0x00, 0x00, 0x2F,
    0xFE, 0x00, 0xBA, 0xA4, 0x02, 0xC0, 0x00, 0x0B, 0x00, 0x20, 0x2C, 0x01, 0xC0, 0xFA, 0xAF, 0x1F,
    0xFF, 0xF8, 0x00, 0x07, 0x00, 0x00, 0x34, 0x00, 0x00, 0xE4, 0x00, 0x02, 0xF4, 0x07, 0xF8, 0x07,
    0xEF, 0x83, 0xC0, 0xB0, 0xE5, 0x6C, 0x7F, 0xFF, 0x1D, 0x00, 0x03, 0xC0, 0x00, 0xBE, 0xAC, 0x0B,
    0xFC, 0x00, 0x0C, 0x00, 0x0B, 0x40, 0x00, 0xF8, 0x00, 0x01, 0x00, 0x2C, 0x2C, 0x00, 0x3E, 0xC0,
    0x00, 0x2D, 0x00, 0x00, 0x00, 0x00, 0xFF, 0xFF, 0x81, 0xFA, 0xAE, 0x02, 0xC0, 0x28, 0x0B, 0x00,
    0x00, 0x2C, 0x00, 0x00, 0xBF, 0xF8, 0x02, 0xEA, 0x90, 0x0B, 0x00, 0x00, 0x2C, 0x00, 0x80, 0xB0,
    0x07, 0x03, 0xEA, 0xBC, 0x3F, 0xFF, 0xE0, 0x04, 0x04, 0x03, 0x8B, 0x00, 0x7B, 0x40, 0x07, 0x80,
    0x00, 0x00, 0x01, 0xFE, 0x01, 0xFB, 0xE0, 0xF0, 0x2C, 0x39, 0x5B, 0x1F, 0xFF, 0xC7, 0x40, 0x00,
    0xF0, 0x00, 0x2F, 0xAB, 0x01, 0xFF, 0x40, 0x00, 0x00, 0x00, 0x00, 0x0F, 0x00, 0x00, 0x3B, 0xC0,
    0x00, 0xE0, 0x90, 0x00, 0x00, 0x00, 0x00, 0x7F, 0xF4, 0x03, 0xFA, 0xB8, 0x0F, 0x00, 0x38, 0x2D,
    0x00, 0x24, 0x3C, 0x00, 0x00, 0x38, 0x00, 0x00, 0x38, 0x03, 0xFE, 0x3C, 0x01, 0x7C, 0x3C, 0x00,
    0x3C, 0x2F, 0x00, 0x3C, 0x0B, 0xEA, 0xBC, 0x01, 0xBF, 0xE4, 0x00, 0x90, 0x00, 0x2F, 0x40, 0x03,
    0x6C, 0x00, 0xA0, 0xD0, 0x00, 0x00, 0x00, 0x7F, 0xBE, 0x1E, 0x6F, 0x42, 0xC0, 0x70, 0x2C, 0x07,
    0x01, 0xF6, 0xF0, 0x0F, 0xF8, 0x02, 0xC0, 0x00, 0x2E, 0xA9, 0x01, 0xFF, 0xFC, 0x34, 0x01, 0xDB,
    0x00, 0x2C, 0x7E, 0xAF, 0x41, 0xFF, 0x80, 0x00, 0xC0, 0x50, 0x00, 0xFA, 0xC0, 0x00, 0x2F, 0x40,
    0x00, 0x00, 0x00, 0x00, 0x7F, 0xF4, 0x03, 0xFA, 0xB8, 0x0F, 0x00, 0x38, 0x2D, 0x00, 0x24, 0x3C,
    0x00, 0x00, 0x38, 0x00, 0x00, 0x38, 0x03, 0xFE, 0x3C, 0x01, 0x7C, 0x3C, 0x00, 0x3C, 0x2F, 0x00,
    0x3C, 0x0B, 0xEA, 0xBC, 0x01, 0xBF, 0xE4, 0x08, 0x05, 0x00, 0xFA, 0xC0, 0x02, 0xF4, 0x00, 0x00,
    0x00, 0x07, 0xFB, 0xE1, 0xE6, 0xF4, 0x2C, 0x07, 0x02, 0xC0, 0x70, 0x1F, 0x6F, 0x00, 0xFF, 0x80,
    0x2C, 0x00, 0x02, 0xEA, 0x90, 0x1F, 0xFF, 0xC3, 0x40, 0x1D, 0xB0, 0x02, 0xC7, 0xEA, 0xF4, 0x1F,
    0xF8, 0x00, 0x00, 0x00, 0x00, 0x00, 0x1F, 0x00, 0x00, 0x1E, 0x00, 0x00, 0x00, 0x00, 0x00, 0x7F,
    0xF4, 0x03, 0xFA, 0xB8, 0x0F, 0x00, 0x38, 0x2D, 0x00, 0x24, 0x3C, 0x00, 0x00, 0x38, 0x00, 0x00,
    0x38, 0x03, 0xFE, 0x3C, 0x01, 0x7C, 0x3C, 0x00, 0x3C, 0x2F, 0x00, 0x3C, 0x0B, 0xEA, 0xBC, 0x01,
    0xBF, 0xE4, 0x00, 0x00, 0x00, 0x1F, 0x00, 0x00, 0xE0, 0x00, 0x00, 0x00, 0x00, 0x00, 0x00, 0x7F,
    0xBE, 0x1E, 0x6F, 0x42, 0xC0, 0x70, 0x2C, 0x07, 0x01, 0xF6, 0xF0, 0x0F, 0xF8, 0x02, 0xC0, 0x00,
    0x2E, 0xA9, 0x01, 0xFF, 0xFC, 0x34, 0x01, 0xDB, 0x00, 0x2C, 0x7E, 0xAF, 0x41, 0xFF, 0x80, 0x00,
    0x7F, 0xF4, 0x03, 0xFA, 0xB8, 0x0F, 0x00, 0x38, 0x2D, 0x00, 0x24, 0x3C, 0x00, 0x00, 0x38, 0x00,
    0x00, 0x38, 0x03, 0xFE, 0x3C, 0x01, 0x7C, 0x3C, 0x00, 0x3C, 0x2F, 0x00, 0x3C, 0x0B, 0xEA, 0xBC,
    0x01, 0xBF, 0xE4, 0x00, 0x00, 0x00, 0x00, 0x0F, 0x00, 0x00, 0x0B, 0x00, 0x00, 0x0F, 0x00, 0x00,
    0x04, 0x00, 0x00, 0x10, 0x00, 0x0D, 0x00, 0x01, 0xC0, 0x00, 0x2C, 0x00, 0x00, 0xE0, 0x00, 0x00,
    0x00, 0x07, 0xFB, 0xE1, 0xE6, 0xF4, 0x2C, 0x07, 0x02, 0xC0, 0x70, 0x1F, 0x6F, 0x00, 0xFF, 0x80,
    0x2C, 0x00, 0x02, 0xEA, 0x90, 0x1F, 0xFF, 0xC3, 0x40, 0x1D, 0xB0, 0x02, 0xC7, 0xEA, 0xF4, 0x1F,
    0xF8, 0x00, 0x00, 0x00, 0x00, 0x00, 0x00, 0xF4, 0x00, 0x00, 0x2E, 0xD0, 0x00, 0x07, 0x07, 0x00,
    0x00, 0x00, 0x00, 0x03, 0xFE, 0x07, 0xFD, 0x1F, 0x40, 0x1F, 0x40, 0xB0, 0x00, 0xF0, 0x0B, 0x00,
    0x0F, 0x00, 0xB0, 0x00, 0xF0, 0x0B, 0xFF, 0xFF, 0x00, 0xBA, 0xAA, 0xF0, 0x0B, 0x00, 0x0F, 0x00,
    0xB0, 0x00, 0xF0, 0x0B, 0x00, 0x0F, 0x00, 0xF8, 0x01, 0xF4, 0x7F, 0xE0, 0x7F, 0xD0, 0x07, 0x80,
    0x00, 0x0E, 0xE0, 0x00, 0x38, 0x30, 0x00, 0x00, 0x00, 0x00, 0x1B, 0x80, 0x00, 0x1B, 0x80, 0x00,
    0x03, 0x80, 0x00, 0x03, 0x80, 0x00, 0x03, 0x9F, 0xD0, 0x03, 0xFA, 0xF0, 0x03, 0xC0, 0x74, 0x03,
    0x80, 0x74, 0x03, 0x80, 0x74, 0x03, 0x80, 0x74, 0x03, 0x80, 0x74, 0x07, 0xD0, 0xB9, 0x2F, 0xF1,
    0xFF, 0x3F, 0xE0, 0x7F, 0xD1, 0xF4, 0x01, 0xF4, 0x6F, 0xAA, 0xAF, 0x97, 0xFF, 0xFF, 0xFE, 0x0B,
    0x00, 0x0F, 0x00, 0xBF, 0xFF, 0xF0, 0x0B, 0xAA, 0xAF, 0x00, 0xB0, 0x00, 0xF0, 0x0B, 0x00, 0x0F,
    0x00, 0xB0, 0x00, 0xF0, 0x0F, 0x80, 0x1F, 0x47, 0xFE, 0x07, 0xFD, 0x6E, 0x00, 0x01, 0xB8, 0x00,
    0x0B, 0xFE, 0x00, 0x03, 0x80, 0x00, 0x0E, 0x7F, 0x40, 0x3F, 0xAF, 0x00, 0xF0, 0x2D, 0x03, 0x80,
    0x74, 0x0E, 0x01, 0xD0, 0x38, 0x07, 0x40, 0xE0, 0x1D, 0x07, 0xD0, 0xB9, 0xBF, 0xC7, 0xFC, 0x3C,
    0x27, 0xBB, 0x62, 0xD0, 0x00, 0x3F, 0xE1, 0xF4, 0x0B, 0x00, 0xB0, 0x0B, 0x00, 0xB0, 0x0B, 0x00,
    0xB0, 0x0B, 0x00, 0xB0, 0x0F, 0x87, 0xFE, 0x78, 0x8E, 0xED, 0x83, 0xC0, 0x00, 0x6E, 0x01, 0xE0,
    0x0E, 0x00, 0xE0, 0x0E, 0x00, 0xE0, 0x0E, 0x01, 0xF4, 0xBF, 0xD0, 0x15, 0x57, 0xFF, 0x00, 0x03,
    0xFE, 0x1F, 0x40, 0xB0, 0x0B, 0x00, 0xB0, 0x0B, 0x00, 0xB0, 0x0B, 0x00, 0xB0, 0x0B, 0x00, 0xF8,
    0x7F, 0xE0, 0x55, 0x4F, 0xFD, 0x00, 0x00, 0x00, 0x6E, 0x01, 0xE0, 0x0E, 0x00, 0xE0, 0x0E, 0x00,
    0xE0, 0x0E, 0x01, 0xF4, 0xBF, 0xD0, 0x60, 0x27, 0x9E, 0x2F, 0x80, 0x00, 0x3F, 0xE1, 0xF4, 0x0B,
    0x00, 0xB0, 0x0B, 0x00, 0xB0, 0x0B, 0x00, 0xB0, 0x0B, 0x00, 0xB0, 0x0F, 0x87, 0xFE, 0x80, 0x5F,
    0xAC, 0x2F, 0x40, 0x00, 0x6E, 0x01, 0xE0, 0x0E, 0x00, 0xE0, 0x0E, 0x00, 0xE0, 0x0E, 0x01, 0xF4,
    0xBF, 0xD0, 0x3F, 0xE1, 0xF4, 0x0B, 0x00, 0xB0, 0x0B, 0x00, 0xB0, 0x0B, 0x00, 0xB0, 0x0B, 0x00,
    0xB0, 0x0F, 0x87, 0xFE, 0x0A, 0x01, 0xC0, 0x1E, 0x40, 0xBC, 0x04, 0x01, 0xF0, 0x0E, 0x00, 0x00,
    0x00, 0x06, 0xE0, 0x1E, 0x00, 0xE0, 0x0E, 0x00, 0xE0, 0x0E, 0x00, 0xE0, 0x1F, 0x4B, 0xFD, 0x07,
    0x40, 0xD0, 0x0E, 0x40, 0x7C, 0x00, 0x00, 0xF4, 0x0B, 0x00, 0x00, 0x3F, 0xE1, 0xF4, 0x0B, 0x00,
    0xB0, 0x0B, 0x00, 0xB0, 0x0B, 0x00, 0xB0, 0x0B, 0x00, 0xB0, 0x0F, 0x87, 0xFE, 0x6E, 0x01, 0xE0,
    0x0E, 0x00, 0xE0, 0x0E, 0x00, 0xE0, 0x0E, 0x01, 0xF4, 0xBF, 0xD0, 0x3F, 0xE7, 0xFF, 0x1F, 0x41,
    0xF4, 0x0B, 0x00, 0xB0, 0x0B, 0x00, 0xB0, 0x0B, 0x00, 0xB0, 0x0B, 0x00, 0xB0, 0x0B, 0x00, 0xB0,
    0x0B, 0x00, 0xB0, 0x0B, 0x00, 0xB0, 0x0B, 0x00, 0xB0, 0x0F, 0x80, 0xB0, 0x7F, 0xE0, 0xB0, 0x00,
    0x00, 0xF0, 0x00, 0x02, 0xE0, 0x00, 0x1F, 0xC0, 0x00, 0x1E, 0x00, 0x04, 0x01, 0x41, 0xF0, 0x3C,
    0x0E, 0x03, 0xC0, 0x00, 0x00, 0x00, 0x00, 0x06, 0xE0, 0xBC, 0x1E, 0x07, 0xC0, 0xE0, 0x3C, 0x0E,
    0x03, 0xC0, 0xE0, 0x3C, 0x0E, 0x03, 0xC0, 0xE0, 0x3C, 0x1F, 0x43, 0xCB, 0xFD, 0x3C, 0x00, 0x03,
    0xC0, 0x00, 0x38, 0x00, 0x1F, 0x00, 0x07, 0x80, 0x00, 0x00, 0x03, 0xD0, 0x0B, 0xB4, 0x1C, 0x1C,
    0x00, 0x00, 0x1F, 0xF8, 0x07, 0xD0, 0x02, 0xC0, 0x02, 0xC0, 0x02, 0xC0, 0x02, 0xC0, 0x02, 0xC0,
    0x02, 0xC0, 0x02, 0xC0, 0x02, 0xC0, 0x02, 0xC0, 0x03, 0xC0, 0x03, 0xC0, 0x0B, 0x80, 0x7F, 0x00,
    0x78, 0x00, 0x02, 0x40, 0x3F, 0x01, 0xDE, 0x0D, 0x0C, 0x00, 0x00, 0x6D, 0x02, 0xF4, 0x00, 0xD0,
    0x03, 0x40, 0x0D, 0x00, 0x34, 0x00, 0xD0, 0x03, 0x40, 0x0D, 0x00, 0x74, 0x02, 0xC0, 0x2E, 0x02,
    0xD0, 0x00, 0x3F, 0xE2, 0xFF, 0x07, 0xD0, 0x2E, 0x00, 0xB0, 0x1E, 0x00, 0x2C, 0x2D, 0x00, 0x0B,
    0x2C, 0x00, 0x02, 0xFC, 0x00, 0x00, 0xBF, 0x80, 0x00, 0x2C, 0xF8, 0x00, 0x0B, 0x0F, 0x80, 0x02,
    0xC0, 0xF8, 0x00, 0xF8, 0x0F, 0xD1, 0xFF, 0x80, 0xBC, 0x00, 0x00, 0x00, 0x00, 0x03, 0x80, 0x00,
    0x00, 0xF0, 0x00, 0x00, 0x34, 0x00, 0x00, 0x04, 0x00, 0x00, 0x6E, 0x00, 0x01, 0xB8, 0x00, 0x00,
    0xE0, 0x00, 0x03, 0x80, 0x00, 0x0E, 0x1F, 0xE0, 0x38, 0x3C, 0x00, 0xE3, 0x80, 0x03, 0xF8, 0x00,
    0x0F, 0xF0, 0x00, 0x39, 0xF0, 0x00, 0xE2, 0xF0, 0x07, 0xC2, 0xF0, 0xBF, 0x81, 0xF0, 0x00, 0x00,
    0x00, 0x03, 0x40, 0x00, 0x0E, 0x00, 0x00, 0x34, 0x00, 0x01, 0x40, 0x00, 0x6E, 0x1F, 0xF0, 0x78,
    0x2E, 0x00, 0xE1, 0xD0, 0x03, 0xAD, 0x00, 0x0F, 0xF0, 0x00, 0x3A, 0xF0, 0x00, 0xE3, 0xF0, 0x07,
    0xD2, 0xF0, 0x7F, 0xC1, 0xF0, 0x00, 0x90, 0x00, 0x1F, 0x40, 0x00, 0xE0, 0x00, 0x00, 0x00, 0x00,
    0x3F, 0xE0, 0x00, 0x7D, 0x00, 0x00, 0xB0, 0x00, 0x02, 0xC0, 0x00, 0x0B, 0x00, 0x00, 0x2C, 0x00,
    0x00, 0xB0, 0x00, 0x02, 0xC0, 0x00, 0x0B, 0x00, 0x30, 0x2C, 0x01, 0xC0, 0xFA, 0xAF, 0x1F, 0xFF,
    0xF8, 0x01, 0x81, 0xF8, 0x79, 0x00, 0x00, 0x6E, 0x06, 0xE0, 0x0E, 0x00, 0xE0, 0x0E, 0x00, 0xE0,
    0x0E, 0x00, 0xE0, 0x0E, 0x00, 0xE0, 0x0E, 0x01, 0xF4, 0xBF, 0xC0, 0x3F, 0xE0, 0x00, 0x7D, 0x00,
    0x00, 0xB0, 0x00, 0x02, 0xC0, 0x00, 0x0B, 0x00, 0x00, 0x2C, 0x00, 0x00, 0xB0, 0x00, 0x02, 0xC0,
    0x00, 0x0B, 0x00, 0x30, 0x2C, 0x01, 0xC0, 0xFA, 0xAF, 0x1F, 0xFF, 0xF8, 0x00, 0x00, 0x00, 0x02,
    0xC0, 0x00, 0x0B, 0x00, 0x00, 0x2C, 0x00, 0x00, 0x40, 0x00, 0x6E, 0x06, 0xE0, 0x0E, 0x00, 0xE0,
    0x0E, 0x00, 0xE0, 0x0E, 0x00, 0xE0, 0x0E, 0x00, 0xE0, 0x0E, 0x01, 0xF4, 0xBF, 0xC0, 0x00, 0x0E,
    0x00, 0xF0, 0x0D, 0x00, 0x40, 0x00, 0x00, 0x00, 0x00, 0x0A, 0x00, 0x00, 0x38, 0x0F, 0xF8, 0xD0,
    0x1F, 0x42, 0x00, 0x2C, 0x00, 0x00, 0xB0, 0x00, 0x02, 0xC0, 0x00, 0x0B, 0x00, 0x00, 0x2C, 0x00,
    0x00, 0xB0, 0x00, 0x02, 0xC0, 0x0C, 0x0B, 0x00, 0x70, 0x3E, 0xAB, 0xC7, 0xFF, 0xFE, 0x00, 0x00,
    0x00, 0x00, 0xA6, 0xE2, 0x9B, 0x8D, 0x0E, 0x20, 0x38, 0x00, 0xE0, 0x03, 0x80, 0x0E, 0x00, 0x38,
    0x00, 0xE0, 0x03, 0x80, 0x0E, 0x00, 0x7D, 0x0B, 0xFC, 0x00, 0x3F, 0xE0, 0x00, 0x7D, 0x00, 0x00,
    0xB0, 0x00, 0x02, 0xC0, 0x00, 0x0B, 0x00, 0x00, 0x2C, 0x0F, 0x40, 0xB0, 0x3C, 0x02, 0xC0, 0x00,
    0x0B, 0x00, 0x30, 0x2C, 0x01, 0xC0, 0xFA, 0xAF, 0x1F, 0xFF, 0xF8, 0x6E, 0x00, 0x6E, 0x00, 0x0E,
    0x00, 0x0E, 0x00, 0x0E, 0x00, 0x0E, 0x1F, 0x0E, 0x0E, 0x0E, 0x00, 0x0E, 0x00, 0x0E, 0x00, 0x0E,
    0x00, 0x1F, 0x40, 0xBF, 0xC0, 0x0F, 0xF8, 0x00, 0x07, 0xD0, 0x00, 0x02, 0xC0, 0x00, 0x02, 0xC0,
    0x00, 0x02, 0xEE, 0x00, 0x03, 0xF4, 0x00, 0x2F, 0xC0, 0x00, 0x26, 0xC0, 0x00, 0x02, 0xC0, 0x0C,
    0x02, 0xC0, 0x1C, 0x03, 0xEA, 0xBC, 0x1F, 0xFF, 0xF8, 0x1B, 0x80, 0x6E, 0x00, 0x38, 0x00, 0xE0,
    0x03, 0x94, 0x0F, 0xD0, 0x3C, 0x07, 0xE0, 0x37, 0x80, 0x0E, 0x00, 0x38, 0x01, 0xF4, 0x2F, 0xF0,
    0x00, 0x01, 0xC0, 0x00, 0x00, 0xBC, 0x00, 0x00, 0x29, 0x00, 0x00, 0x00, 0x00, 0x00, 0x3F, 0x40,
    0x3F, 0xD1, 0xFC, 0x01, 0xF4, 0x0B, 0xE0, 0x0B, 0x00, 0xAB, 0x40, 0xB0, 0x0A, 0x3C, 0x0B, 0x00,
    0xA1, 0xF0, 0xB0, 0x0A, 0x0B, 0x8B, 0x00, 0xA0, 0x3C, 0xB0, 0x0A, 0x00, 0xFB, 0x00, 0xA0, 0x07,
    0xF0, 0x0F, 0x40, 0x2F, 0x07, 0xFD, 0x00, 0xE0, 0x00, 0x06, 0x00, 0x00, 0x0F, 0x00, 0x00, 0x2C,
    0x00, 0x00, 0x30, 0x00, 0x00, 0x00, 0x00, 0x6D, 0x7F, 0x40, 0x1F, 0xEB, 0xD0, 0x0F, 0x01, 0xE0,
    0x0E, 0x00, 0xE0, 0x0E, 0x00, 0xE0, 0x0E, 0x00, 0xE0, 0x0E, 0x00, 0xE0, 0x1F, 0x41, 0xF4, 0x7F,
    0xC3, 0xFC, 0x3F, 0x40, 0x3F, 0xD1, 0xFC, 0x01, 0xF4, 0x0B, 0xE0, 0x0B, 0x00, 0xAB, 0x40, 0xB0,
    0x0A, 0x3C, 0x0B, 0x00, 0xA1, 0xF0, 0xB0, 0x0A, 0x0B, 0x8B, 0x00, 0xA0, 0x3C, 0xB0, 0x0A, 0x00,
    0xFB, 0x00, 0xA0, 0x07, 0xF0, 0x0F, 0x40, 0x2F, 0x07, 0xFD, 0x00, 0xE0, 0x00, 0x00, 0x00, 0x00,
    0x00, 0xF0, 0x00, 0x00, 0x0B, 0x00, 0x00, 0x00, 0xF0, 0x00, 0x00, 0x04, 0x00, 0x00, 0x6D, 0x7F,
    0x40, 0x1F, 0xEB, 0xD0, 0x0F, 0x01, 0xE0, 0x0E, 0x00, 0xE0, 0x0E, 0x00, 0xE0, 0x0E, 0x00, 0xE0,
    0x0E, 0x00, 0xE0, 0x1F, 0x41, 0xF4, 0x7F, 0xC3, 0xFC, 0x00, 0x00, 0x00, 0x00, 0x38, 0x00, 0x00,
    0x3C, 0x00, 0x00, 0x34, 0x00, 0x00, 0x10, 0x00, 0x00, 0x00, 0x00, 0x00, 0x0D, 0x1D, 0x00, 0x00,
    0xBB, 0x40, 0x00, 0x01, 0xE0, 0x00, 0x00, 0x00, 0x00, 0x03, 0xF4, 0x03, 0xFD, 0x1F, 0xC0, 0x1F,
    0x40, 0xBE, 0x00, 0xB0, 0x0A, 0xB4, 0x0B, 0x00, 0xA3, 0xC0, 0xB0, 0x0A, 0x1F, 0x0B, 0x00, 0xA0,
    0xB8, 0xB0, 0x0A, 0x03, 0xCB, 0x00, 0xA0, 0x0F, 0xB0, 0x0A, 0x00, 0x7F, 0x00, 0xF4, 0x02, 0xF0,
    0x7F, 0xD0, 0x0E, 0x00, 0x01, 0x01, 0x00, 0x03, 0x87, 0x00, 0x00, 0xED, 0x00, 0x00, 0x78, 0x00,
    0x00, 0x00, 0x00, 0x6D, 0x7F, 0x40, 0x1F, 0xEB, 0xD0, 0x0F, 0x01, 0xE0, 0x0E, 0x00, 0xE0, 0x0E,
    0x00, 0xE0, 0x0E, 0x00, 0xE0, 0x0E, 0x00, 0xE0, 0x1F, 0x41, 0xF4, 0x7F, 0xC3, 0xFC, 0x3C, 0x00,
    0x00, 0x00, 0x2C, 0x00, 0x00, 0x00, 0x2C, 0x00, 0x00, 0x00, 0x38, 0x00, 0x00, 0x00, 0x30, 0x6D,
    0x7F, 0x40, 0x00, 0x1F, 0xEB, 0xD0, 0x00, 0x0F, 0x01, 0xE0, 0x00, 0x0E, 0x00, 0xE0, 0x00, 0x0E,
    0x00, 0xE0, 0x00, 0x0E, 0x00, 0xE0, 0x00, 0x0E, 0x00, 0xE0, 0x00, 0x1F, 0x41, 0xF4, 0x00, 0x7F,
    0xC3, 0xFC, 0x3F, 0x40, 0x3F, 0xD1, 0xFC, 0x01, 0xF4, 0x0B, 0xE0, 0x0B, 0x00, 0xAB, 0x40, 0xB0,
    0x0A, 0x3C, 0x0B, 0x00, 0xA1, 0xE0, 0xB0, 0x0A, 0x0B, 0x4B, 0x00, 0xA0, 0x3C, 0xB0, 0x0A, 0x00,
    0xEB, 0x00, 0xA0, 0x0B, 0xF0, 0x1F, 0x40, 0x3F, 0x07, 0xFD, 0x00, 0xF0, 0x00, 0x01, 0x0E, 0x00,
    0x00, 0x3E, 0xC0, 0x00, 0x02, 0xF4, 0x00, 0x6D, 0x7F, 0x41, 0xFE, 0xBD, 0x0F, 0x01, 0xE0, 0xE0,
    0x0E, 0x0E, 0x00, 0xE0, 0xE0, 0x0E, 0x0E, 0x00, 0xE1, 0xF4, 0x0E, 0x7F, 0xC0, 0xE0, 0x00, 0x0E,
    0x00, 0x02, 0xD0, 0x00, 0x78, 0x00, 0x2E, 0x00, 0x00, 0x55, 0x40, 0x00, 0x3F, 0xF0, 0x00, 0x00,
    0x00, 0x00, 0x02, 0xFF, 0x40, 0x07, 0xEA, 0xFC, 0x03, 0xC0, 0x0F, 0x82, 0xD0, 0x00, 0xF0, 0xF0,
    0x00, 0x2D, 0x3C, 0x00, 0x0B, 0x4F, 0x00, 0x02, 0xD3, 0xC0, 0x00, 0xB0, 0xF4, 0x00, 0x3C, 0x1F,
    0x00, 0x3D, 0x02, 0xFA, 0xBE, 0x00, 0x1B, 0xF8, 0x00, 0x01, 0x55, 0x00, 0xBF, 0xE0, 0x00, 0x00,
    0x00, 0x00, 0x00, 0x02, 0xFD, 0x00, 0xFA, 0xF8, 0x3C, 0x03, 0xC3, 0x80, 0x2D, 0x78, 0x01, 0xD3,
    0x80, 0x1D, 0x3C, 0x03, 0xC2, 0xFA, 0xF4, 0x07, 0xF8, 0x00, 0x00, 0xC0, 0x40, 0x00, 0x3D, 0xB0,
    0x00, 0x03, 0xF4, 0x00, 0x00, 0x00, 0x00, 0x00, 0xBF, 0xD0, 0x01, 0xFA, 0xBF, 0x00, 0xF0, 0x03,
    0xE0, 0xB4, 0x00, 0x3C, 0x3C, 0x00, 0x0B, 0x4F, 0x00, 0x02, 0xD3, 0xC0, 0x00, 0xB4, 0xF0, 0x00,
    0x2C, 0x3D, 0x00, 0x0F, 0x07, 0xC0, 0x0F, 0x40, 0xBE, 0xAF, 0x80, 0x06, 0xFE, 0x00, 0x05, 0x02,
    0x00, 0x79, 0xD0, 0x02, 0xF8, 0x00, 0x00, 0x00, 0x02, 0xFD, 0x00, 0xFA, 0xF8, 0x3C, 0x03, 0xC3,
    0x80, 0x2D, 0x78, 0x01, 0xD3, 0x80, 0x1D, 0x3C, 0x03, 0xC2, 0xFA, 0xF4, 0x07, 0xF8, 0x00, 0x00,
    0x00, 0x04, 0x00, 0x07, 0x47, 0x40, 0x07, 0x8B, 0x80, 0x03, 0x43, 0x00, 0x00, 0x00, 0x00, 0x00,
    0x2F, 0xF4, 0x00, 0x7E, 0xAF, 0xC0, 0x3C, 0x00, 0xF8, 0x2D, 0x00, 0x0F, 0x0F, 0x00, 0x02, 0xD3,
    0xC0, 0x00, 0xB4, 0xF0, 0x00, 0x2D, 0x3C, 0x00, 0x0B, 0x0F, 0x40, 0x03, 0xC1, 0xF0, 0x03, 0xD0,
    0x2F, 0xAB, 0xE0, 0x01, 0xBF, 0x80, 0x00, 0x00, 0x92, 0x40, 0x0E, 0x74, 0x02, 0xCF, 0x00, 0x30,
    0xC0, 0x00, 0x00, 0x00, 0x2F, 0xD0, 0x0F, 0xAF, 0x83, 0xC0, 0x3C, 0x38, 0x02, 0xD7, 0x80, 0x1D,
    0x38, 0x01, 0xD3, 0xC0, 0x3C, 0x2F, 0xAF, 0x40, 0x7F, 0x80, 0x00, 0xBF, 0xFF, 0xFD, 0x07, 0xFA,
    0xFA, 0xAD, 0x0F, 0x00, 0xF0, 0x0D, 0x2D, 0x00, 0xF0, 0x00, 0x3C, 0x00, 0xF0, 0x00, 0x38, 0x00,
    0xFF, 0xF4, 0x38, 0x00, 0xFA, 0xA0, 0x3C, 0x00, 0xF0, 0x00, 0x3D, 0x00, 0xF0, 0x01, 0x1F, 0x40,
    0xF0, 0x0B, 0x07, 0xFA, 0xFA, 0xAE, 0x00, 0xBF, 0xFF, 0xFD, 0x06, 0xF8, 0x1F, 0xD0, 0x7E, 0xBE,
    0xEB, 0xC3, 0xC0, 0x7D, 0x03, 0x8E, 0x00, 0xF9, 0x5E, 0x78, 0x02, 0xFF, 0xF8, 0xE0, 0x0B, 0x00,
    0x03, 0xC0, 0x3E, 0x00, 0x0B, 0xEB, 0xFF, 0xA9, 0x07, 0xF8, 0x2F, 0xE0, 0x00, 0x09, 0x00, 0x00,
    0x7D, 0x00, 0x01, 0xE0, 0x00, 0x00, 0x00, 0x00, 0x2F, 0xFE, 0x00, 0x2F, 0xAF, 0xC0, 0x0B, 0x02,
    0xD0, 0x0B, 0x01, 0xE0, 0x0B, 0x02, 0xD0, 0x0B, 0xAF, 0x80, 0x0B, 0xFC, 0x00, 0x0B, 0x1D, 0x00,
    0x0B, 0x0F, 0x40, 0x0B, 0x03, 0xD0, 0x0F, 0x40, 0xF8, 0x7F, 0xE0, 0x3D, 0x00, 0x20, 0x00, 0xF0,
    0x01, 0xD0, 0x02, 0x40, 0x00, 0x00, 0x6D, 0x2D, 0x1E, 0xFD, 0x0F, 0x80, 0x0F, 0x00, 0x0E, 0x00,
    0x0E, 0x00, 0x0E, 0x00, 0x1F, 0x50, 0xBF, 0xF0, 0x2F, 0xFE, 0x00, 0x2F, 0xAF, 0xC0, 0x0B, 0x02,
    0xD0, 0x0B, 0x01, 0xE0, 0x0B, 0x02, 0xD0, 0x0B, 0xAF, 0x80, 0x0B, 0xFC, 0x00, 0x0B, 0x1D, 0x00,
    0x0B, 0x0F, 0x40, 0x0B, 0x03, 0xD0, 0x0F, 0x40, 0xF8, 0x7F, 0xE0, 0x3D, 0x00, 0x00, 0x00, 0x00,
    0x2C, 0x00, 0x00, 0x1D, 0x00, 0x00, 0x2C, 0x00, 0x00, 0x10, 0x00, 0x6D, 0x2D, 0x1E, 0xFD, 0x0F,
    0x80, 0x0F, 0x00, 0x0E, 0x00, 0x0E, 0x00, 0x0E, 0x00, 0x1F, 0x50, 0xBF, 0xF0, 0x00, 0x00, 0x0E,
    0x00, 0x0B, 0x00, 0x0E, 0x00, 0x04, 0x00, 0x00, 0x00, 0x00, 0x0E, 0x0E, 0x00, 0x03, 0xFC, 0x00,
    0x00, 0xF0, 0x00, 0x00, 0x00, 0x00, 0x2F, 0xFE, 0x00, 0x2F, 0xAF, 0xC0, 0x0B, 0x02, 0xD0, 0x0B,
    0x01, 0xE0, 0x0B, 0x02, 0xD0, 0x0B, 0xAF, 0x80, 0x0B, 0xFC, 0x00, 0x0B, 0x1D, 0x00, 0x0B, 0x0F,
    0x40, 0x0B, 0x03, 0xD0, 0x0F, 0x40, 0xF8, 0x7F, 0xE0, 0x3D, 0x10, 0x10, 0x2C, 0x70, 0x0F, 0xD0,
    0x03, 0xC0, 0x00, 0x00, 0x6D, 0x2D, 0x1E, 0xFD, 0x0F, 0x80, 0x0F, 0x00, 0x0E, 0x00, 0x0E, 0x00,
    0x0E, 0x00, 0x1F, 0x50, 0xBF, 0xF0, 0x00, 0x0C, 0x00, 0x2F, 0x00, 0x29, 0x00, 0x00, 0x00, 0x02,
    0xFE, 0x03, 0xEB, 0xC2, 0xC0, 0x70, 0xF0, 0x0C, 0x1F, 0x40, 0x02, 0xFD, 0x00, 0x0B, 0xE0, 0x40,
    0x3D, 0x30, 0x07, 0x4E, 0x02, 0xD3, 0xEB, 0xE0, 0x7F, 0xD0, 0x00, 0xC0, 0x0B, 0x40, 0x78, 0x02,
    0x40, 0x00, 0x00, 0xBF, 0x8B, 0x5F, 0x2C, 0x0C, 0x7D, 0x00, 0x6F, 0x44, 0x0B, 0x34, 0x1C, 0xF5,
    0xF2, 0xFE, 0x00, 0x00, 0x00, 0x00, 0x3C, 0x00, 0x3F, 0xC0, 0x28, 0x28, 0x00, 0x00, 0x00, 0xBF,
    0x80, 0xFA, 0xF0, 0xB0, 0x1C, 0x3C, 0x03, 0x07, 0xD0, 0x00, 0xBF, 0x40, 0x02, 0xF8, 0x10, 0x0F,
    0x4C, 0x01, 0xD3, 0x80, 0xB4, 0xFA, 0xF8, 0x1F, 0xF4, 0x00, 0x06, 0x00, 0x3E, 0x03, 0xDD, 0x1C,
    0x18, 0x00, 0x00, 0xBF, 0x8B, 0x5F, 0x2C, 0x0C, 0x7D, 0x00, 0x6F, 0x44, 0x0B, 0x34, 0x1C, 0xF5,
    0xF2, 0xFE, 0x00, 0x02, 0xFE, 0x03, 0xEB, 0xC2, 0xC0, 0x70, 0xF0, 0x0C, 0x1F, 0x40, 0x02, 0xFD,
    0x00, 0x0B, 0xE0, 0x40, 0x3D, 0x30, 0x07, 0x4E, 0x02, 0xD3, 0xEB, 0xE0, 0x7F, 0xD0, 0x00, 0x00,
    0x00, 0x7C, 0x00, 0x0B, 0x40, 0x02, 0xC0, 0x01, 0xD0, 0x00, 0x2F, 0xE2, 0xD7, 0xCB, 0x03, 0x1F,
    0x40, 0x1B, 0xD1, 0x02, 0xCD, 0x07, 0x3D, 0x7C, 0xBF, 0x80, 0x00, 0x00, 0xF0, 0x01, 0xE0, 0x03,
    0x40, 0x34, 0x00, 0x00, 0x00, 0x03, 0x43, 0x80, 0x7B, 0x80, 0x07, 0x80, 0x00, 0x00, 0x00, 0xBF,
    0x80, 0xFA, 0xF0, 0xB0, 0x1C, 0x3C, 0x03, 0x07, 0xD0, 0x00, 0xBF, 0x40, 0x02, 0xF8, 0x10, 0x0F,
    0x4C, 0x01, 0xD3, 0x80, 0xB4, 0xFA, 0xF8, 0x1F, 0xF4, 0x00, 0x00, 0x11, 0xC3, 0x43, 0xF8, 0x03,
    0xC0, 0x00, 0x00, 0xBF, 0x8B, 0x5F, 0x2C, 0x0C, 0x7D, 0x00, 0x6F, 0x44, 0x0B, 0x34, 0x1C, 0xF5,
    0xF2, 0xFE, 0x00, 0x7F, 0xFF, 0xFD, 0xEA, 0xFA, 0xF7, 0x03, 0x81, 0xC8, 0x0E, 0x05, 0x00, 0x38,
    0x00, 0x00, 0xE0, 0x00, 0x03, 0x80, 0x00, 0x0E, 0x00, 0x00, 0x38, 0x00, 0x00, 0xE0, 0x00, 0x0B,
    0xD0, 0x00, 0xFF, 0xD0, 0x00, 0x00, 0x00, 0x01, 0xE0, 0x00, 0x02, 0xC0, 0x00, 0x0B, 0x00, 0x00,
    0x70, 0x00, 0x0D, 0x00, 0x74, 0x0B, 0xFF, 0x5B, 0x94, 0x1D, 0x00, 0x74, 0x01, 0xD0, 0x07, 0x40,
    0x1D, 0x00, 0x3E, 0x90, 0xBF, 0x00, 0x00, 0x03, 0xC0, 0x07, 0x80, 0x0D, 0x00, 0xD0, 0x00, 0x00,
    0x00, 0x0D, 0x1D, 0x00, 0x1E, 0xD0, 0x00, 0x1E, 0x00, 0x00, 0x00, 0x01, 0xFF, 0xFF, 0xF7, 0xAB,
    0xEB, 0xDC, 0x0E, 0x07, 0x20, 0x38, 0x14, 0x00, 0xE0, 0x00, 0x03, 0x80, 0x00, 0x0E, 0x00, 0x00,
    0x38, 0x00, 0x00, 0xE0, 0x00, 0x03, 0x80, 0x00, 0x2F, 0x40, 0x03, 0xFF, 0x40, 0x00, 0x70, 0x01,
    0xC0, 0xDA, 0x07, 0x50, 0xBF, 0xF5, 0xB9, 0x41, 0xD0, 0x07, 0x40, 0x1D, 0x00, 0x74, 0x01, 0xD0,
    0x03, 0xE9, 0x0B, 0xF0, 0x7F, 0xFF, 0xFD, 0xEA, 0xFA, 0xF7, 0x03, 0x81, 0xC8, 0x0E, 0x05, 0x00,
    0x38, 0x00, 0x05, 0xE4, 0x00, 0x3F, 0xF4, 0x00, 0x0E, 0x00, 0x00, 0x38, 0x00, 0x00, 0xE0, 0x00,
    0x0B, 0xD0, 0x00, 0xFF, 0xD0, 0x0D, 0x00, 0x74, 0x0B, 0xFF, 0x5B, 0x94, 0x1D, 0x01, 0xB9, 0x4F,
    0xFF, 0x07, 0x40, 0x1D, 0x00, 0x3E, 0x90, 0xBF, 0x00, 0x00, 0x78, 0x80, 0x00, 0x3B, 0xB4, 0x00,
    0x08, 0x3C, 0x00, 0x00, 0x00, 0x00, 0xBF, 0xC0, 0xBF, 0xCB, 0xC0, 0x0B, 0x80, 0xE0, 0x01, 0xD0,
    0x38, 0x00, 0x74, 0x0E, 0x00, 0x1D, 0x03, 0x80, 0x07, 0x40, 0xE0, 0x01, 0xD0, 0x38, 0x00, 0x74,
    0x0F, 0x00, 0x1C, 0x03, 0xD0, 0x0F, 0x00, 0x7E, 0xAF, 0x40, 0x06, 0xFE, 0x40, 0x03, 0xC2, 0x00,
    0x1E, 0xEC, 0x00, 0x22, 0xD0, 0x00, 0x00, 0x00, 0x7D, 0x0B, 0xC1, 0xB4, 0x1F, 0x01, 0xD0, 0x2C,
    0x07, 0x40, 0xB0, 0x1D, 0x02, 0xC0, 0x74, 0x0B, 0x01, 0xE0, 0x3C, 0x03, 0xEB, 0xF9, 0x07, 0xF4,
    0xF8, 0x00, 0x55, 0x40, 0x00, 0x3F, 0xF4, 0x00, 0x00, 0x00, 0x02, 0xFF, 0x02, 0xFF, 0x2F, 0x00,
    0x2E, 0x03, 0x80, 0x07, 0x40, 0xE0, 0x01, 0xD0, 0x38, 0x00, 0x74, 0x0E, 0x00, 0x1D, 0x03, 0x80,
    0x07, 0x40, 0xE0, 0x01, 0xD0, 0x3C, 0x00, 0x70, 0x0F, 0x40, 0x3C, 0x01, 0xFA, 0xBD, 0x00, 0x1B,
    0xF9, 0x00, 0x01, 0x55, 0x00, 0x1F, 0xFC, 0x00, 0x00, 0x00, 0x00, 0x00, 0x00, 0x7D, 0x0B, 0xC1,
    0xB4, 0x1F, 0x01, 0xD0, 0x2C, 0x07, 0x40, 0xB0, 0x1D, 0x02, 0xC0, 0x74, 0x0B, 0x01, 0xE0, 0x3C,
    0x03, 0xEB, 0xF9, 0x07, 0xF4, 0xF8, 0x00, 0xC0, 0x50, 0x00, 0x3E, 0xB0, 0x00, 0x03, 0xF4, 0x00,
    0x00, 0x00, 0x00, 0xBF, 0xC0, 0xBF, 0xCB, 0xC0, 0x0B, 0x80, 0xE0, 0x01, 0xD0, 0x38, 0x00, 0x74,
    0x0E, 0x00, 0x1D, 0x03, 0x80, 0x07, 0x40, 0xE0, 0x01, 0xD0, 0x38, 0x00, 0x74, 0x0F, 0x00, 0x1C,
    0x03, 0xD0, 0x0F, 0x00, 0x7E, 0xAF, 0x40, 0x06, 0xFE, 0x40, 0x06, 0x02, 0x00, 0x1E, 0x78, 0x00,
    0x1F, 0x80, 0x00, 0x00, 0x00, 0x7D, 0x0B, 0xC1, 0xB4, 0x1F, 0x01, 0xD0, 0x2C, 0x07, 0x40, 0xB0,
    0x1D, 0x02, 0xC0, 0x74, 0x0B, 0x01, 0xE0, 0x3C, 0x03, 0xEB, 0xF9, 0x07, 0xF4, 0xF8, 0x00, 0x2F,
    0x00, 0x00, 0x1D, 0xA0, 0x00, 0x07, 0x68, 0x00, 0x00, 0xBC, 0x00, 0x00, 0x00, 0x00, 0x2F, 0xF0,
    0x2F, 0xF2, 0xF0, 0x02, 0xE0, 0x38, 0x00, 0x74, 0x0E, 0x00, 0x1D, 0x03, 0x80, 0x07, 0x40, 0xE0,
    0x01, 0xD0, 0x38, 0x00, 0x74, 0x0E, 0x00, 0x1D, 0x03, 0xC0, 0x07, 0x00, 0xF4, 0x03, 0xC0, 0x1F,
    0xAB, 0xD0, 0x01, 0xBF, 0x90, 0x00, 0x00, 0xF8, 0x00, 0x0A, 0x70, 0x00, 0x34, 0xD0, 0x00, 0xA7,
    0x00, 0x00, 0xF4, 0x00, 0x00, 0x00, 0x07, 0xD0, 0xBC, 0x1B, 0x41, 0xF0, 0x1D, 0x02, 0xC0, 0x74,
    0x0B, 0x01, 0xD0, 0x2C, 0x07, 0x40, 0xB0, 0x1E, 0x03, 0xC0, 0x3E, 0xBF, 0x90, 0x7F, 0x4F, 0x80,
    0x00, 0x00, 0x00, 0x00, 0x07, 0x87, 0x40, 0x07, 0xCB, 0x80, 0x03, 0x43, 0x40, 0x00, 0x00, 0x00,
    0x2F, 0xF0, 0x2F, 0xF2, 0xF0, 0x02, 0xE0, 0x38, 0x00, 0x74, 0x0E, 0x00, 0x1D, 0x03, 0x80, 0x07,
    0x40, 0xE0, 0x01, 0xD0, 0x38, 0x00, 0x74, 0x0E, 0x00, 0x1D, 0x03, 0xC0, 0x07, 0x00, 0xF4, 0x03,
    0xC0, 0x1F, 0xAB, 0xD0, 0x01, 0xBF, 0x90, 0x00, 0x00, 0x92, 0x40, 0x03, 0x8E, 0x00, 0x2C, 0xB0,
    0x00, 0x82, 0x00, 0x00, 0x00, 0x01, 0xF4, 0x2F, 0x06, 0xD0, 0x7C, 0x07, 0x40, 0xB0, 0x1D, 0x02,
    0xC0, 0x74, 0x0B, 0x01, 0xD0, 0x2C, 0x07, 0x80, 0xF0, 0x0F, 0xAF, 0xE4, 0x1F, 0xD3, 0xE0, 0xBF,
    0xC0, 0xBF, 0xCB, 0xC0, 0x0B, 0x80, 0xE0, 0x01, 0xD0, 0x38, 0x00, 0x74, 0x0E, 0x00, 0x1D, 0x03,
    0x80, 0x07, 0x40, 0xE0, 0x01, 0xD0, 0x38, 0x00, 0x74, 0x0F, 0x00, 0x1C, 0x03, 0xD0, 0x0F, 0x00,
    0x7E, 0xAF, 0x40, 0x06, 0xFF, 0x40, 0x00, 0x0B, 0x00, 0x00, 0x03, 0x40, 0x00, 0x00, 0xE4, 0x00,
    0x00, 0x2F, 0x40, 0x7D, 0x0B, 0xC1, 0xB4, 0x1F, 0x01, 0xD0, 0x2C, 0x07, 0x40, 0xB0, 0x1D, 0x02,
    0xC0, 0x74, 0x0B, 0x01, 0xE0, 0x3C, 0x03, 0xEB, 0xF9, 0x07, 0xF4, 0xF8, 0x00, 0x03, 0x40, 0x00,
    0x1C, 0x00, 0x00, 0x79, 0x00, 0x00, 0xB8, 0x00, 0x00, 0x00, 0x00, 0x00, 0x00, 0x02, 0xE0, 0x00,
    0x00, 0x00, 0x2E, 0xE0, 0x00, 0x00, 0x01, 0xD1, 0xC0, 0x00, 0x00, 0x00, 0x00, 0x00, 0x02, 0xFF,
    0x80, 0xD0, 0x3F, 0xD2, 0xF4, 0x07, 0x80, 0x7D, 0x03, 0xC0, 0x3F, 0x00, 0xF0, 0x0B, 0x40, 0xEC,
    0x03, 0x40, 0x1E, 0x07, 0x34, 0x1C, 0x00, 0x3C, 0x28, 0xF0, 0xB0, 0x00, 0xB0, 0xD2, 0xC3, 0x80,
    0x01, 0xD3, 0x03, 0x4C, 0x00, 0x03, 0x9C, 0x0E, 0xB0, 0x00, 0x0B, 0xE0, 0x2F, 0x80, 0x00, 0x1F,
    0x00, 0x7C, 0x00, 0x00, 0x3C, 0x00, 0xF0, 0x00, 0x00, 0x02, 0x00, 0x00, 0x00, 0x3F, 0x00, 0x00,
    0x02, 0xCE, 0x00, 0x00, 0x0D, 0x0C, 0x00, 0x00, 0x00, 0x00, 0x02, 0xFE, 0x0D, 0x0F, 0xF3, 0xD0,
    0x38, 0x0F, 0x07, 0x42, 0xF0, 0x38, 0x0E, 0x0E, 0xD1, 0xC0, 0x2C, 0x73, 0x8B, 0x00, 0x76, 0x8B,
    0x34, 0x00, 0xED, 0x0E, 0xC0, 0x02, 0xF0, 0x3E, 0x00, 0x03, 0x80, 0xB4, 0x00, 0x00, 0x00, 0x00,
    0x00, 0x7C, 0x00, 0x00, 0xEF, 0x00, 0x03, 0x82, 0x40, 0x00, 0x00, 0x00, 0xFF, 0xC3, 0xFD, 0x2F,
    0x00, 0xB4, 0x0F, 0x00, 0xE0, 0x03, 0x82, 0xC0, 0x02, 0xC3, 0x40, 0x00, 0xFB, 0x00, 0x00, 0x7C,
    0x00, 0x00, 0x3C, 0x00, 0x00, 0x3C, 0x00, 0x00, 0x3C, 0x00, 0x00, 0x7D, 0x00, 0x03, 0xFF, 0x80,
    0x00, 0x60, 0x00, 0x07, 0xD0, 0x00, 0x3A, 0xC0, 0x02, 0x82, 0x40, 0x00, 0x00, 0x02, 0xFE, 0x2F,
    0xC3, 0xD0, 0x2D, 0x07, 0x40, 0xF0, 0x0F, 0x03, 0x40, 0x2D, 0x2C, 0x00, 0x38, 0xD0, 0x00, 0xBB,
    0x00, 0x01, 0xF8, 0x00, 0x03, 0xC0, 0x00, 0x0E, 0x00, 0x00, 0xB0, 0x00, 0x6F, 0x40, 0x02, 0xF4,
    0x00, 0x00, 0x00, 0x00, 0x00, 0x03, 0xC7, 0x80, 0x03, 0x87, 0x40, 0x00, 0x00, 0x00, 0xFF, 0xC3,
    0xFD, 0x2F, 0x00, 0xB4, 0x0F, 0x00, 0xE0, 0x03, 0x82, 0xC0, 0x02, 0xC3, 0x40, 0x00, 0xFB, 0x00,
    0x00, 0x7C, 0x00, 0x00, 0x3C, 0x00, 0x00, 0x3C, 0x00, 0x00, 0x3C, 0x00, 0x00, 0x7D, 0x00, 0x03,
    0xFF, 0x80, 0x00, 0x09, 0x00, 0x07, 0xD0, 0x01, 0xD0, 0x00, 0x00, 0x00, 0x3F, 0xFF, 0xC3, 0xEA,
    0xBC, 0x34, 0x0B, 0x42, 0x01, 0xE0, 0x00, 0x3C, 0x00, 0x0B, 0x40, 0x01, 0xE0, 0x00, 0x3C, 0x00,
    0x0F, 0x00, 0x52, 0xD0, 0x0D, 0x7E, 0xAA, 0xD3, 0xFF, 0xFC, 0x00, 0x00, 0x00, 0x00, 0x24, 0x00,
    0x1D, 0x00, 0x0E, 0x00, 0x06, 0x00, 0x00, 0x00, 0x0F, 0xFF, 0x83, 0xAB, 0xE0, 0xC0, 0xE0, 0x00,
    0xF0, 0x00, 0xF0, 0x00, 0xB0, 0x10, 0x74, 0x0C, 0x7E, 0xAF, 0x1F, 0xFF, 0x80, 0x00, 0x00, 0x00,
    0x00, 0x00, 0x0F, 0x00, 0x00, 0xF0, 0x00, 0x00, 0x00, 0x3F, 0xFF, 0xC3, 0xEA, 0xBC, 0x34, 0x0B,
    0x42, 0x01, 0xE0, 0x00, 0x3C, 0x00, 0x0B, 0x40, 0x01, 0xE0, 0x00, 0x3C, 0x00, 0x0F, 0x00, 0x52,
    0xD0, 0x0D, 0x7E, 0xAA, 0xD3, 0xFF, 0xFC, 0x00, 0x00, 0x00, 0x00, 0x00, 0x00, 0xB4, 0x00, 0x2D,
    0x00, 0x00, 0x00, 0x00, 0x00, 0x0F, 0xFF, 0x83, 0xAB, 0xE0, 0xC0, 0xE0, 0x00, 0xF0, 0x00, 0xF0,
    0x00, 0xB0, 0x10, 0x74, 0x0C, 0x7E, 0xAF, 0x1F, 0xFF, 0x80, 0x00, 0x00, 0x00, 0x00, 0x00, 0xE0,
    0xE0, 0x03, 0xFC, 0x00, 0x0F, 0x00, 0x00, 0x00, 0x03, 0xFF, 0xFC, 0x3E, 0xAB, 0xC3, 0x40, 0xB4,
    0x20, 0x1E, 0x00, 0x03, 0xC0, 0x00, 0xB4, 0x00, 0x1E, 0x00, 0x03, 0xC0, 0x00, 0xF0, 0x05, 0x2D,
    0x00, 0xD7, 0xEA, 0xAD, 0x3F, 0xFF, 0xC0, 0x00, 0x00, 0x04, 0x04, 0x03, 0x4E, 0x00, 0xBF, 0x00,
    0x0B, 0x00, 0x00, 0x00, 0x0F, 0xFF, 0x83, 0xAB, 0xE0, 0xC0, 0xE0, 0x00, 0xF0, 0x00, 0xF0, 0x00,
    0xB0, 0x10, 0x74, 0x0C, 0x7E, 0xAF, 0x1F, 0xFF, 0x80, 0x00, 0x00, 0x00, 0xBE, 0x00, 0xF7, 0xC0,
    0xB0, 0x10, 0x3C, 0x00, 0x0E, 0x00, 0x03, 0x80, 0x00, 0xE0, 0x00, 0x38, 0x00, 0x0E, 0x00, 0x03,
    0x80, 0x00, 0xE0, 0x00, 0x3D, 0x00, 0x7F, 0xE0, 0x00, 0x20, 0x78, 0x2D, 0x06, 0x0C, 0x3C, 0x74,
    0x90, 0x06, 0x01, 0xF8, 0x39, 0xD7, 0x0A, 0x3C, 0x5B, 0xFE, 0x53, 0xC0, 0x15, 0x5B, 0xFE, 0x50,
    0x2B, 0x9D, 0x2F, 0x80, 0x00, 0x3C, 0x3C, 0x00, 0x0F, 0x0F, 0xB0, 0xE0, 0x00, 0x03, 0xFC, 0x31,
    0xC0, 0x2C, 0x0F, 0x40, 0x90, 0x1F, 0x43, 0x6C, 0x30, 0xC3, 0x9C, 0x1F, 0x40, 0x09, 0x20, 0x75,
    0xD3, 0xCE, 0x0C, 0x30, 0x40, 0x1B, 0x1D, 0x3F, 0x80, 0xF0, 0x21, 0x81, 0xD7, 0x42, 0xCF, 0x03,
    0x0C, 0x05, 0x07, 0xFD, 0x90, 0x90, 0x04, 0x28, 0x34, 0x74, 0x3C, 0xB0, 0xE3, 0x5C, 0x90, 0x3A,
    0xC7, 0x0D, 0x18, 0x07, 0xBA, 0x80, 0x2C, 0x2C, 0x34, 0x00, 0x3C, 0x3C, 0x00, 0xB0, 0xEF, 0x0F,
    0x00, 0x00, 0x3D, 0xEB, 0xEA, 0x7C, 0x3C, 0x2C, 0x38, 0x10, 0x3C, 0x1D, 0x1C, 0x34, 0x00, 0x34,
    0xB0, 0xB4, 0x3E, 0x71, 0xC7, 0x04, 0x0F, 0x02, 0xFC, 0x70, 0xA0, 0x60, 0x67, 0xFD, 0x05, 0x00,
    0x3C, 0x5B, 0xFE, 0x53, 0xC0, 0xBF, 0xE5, 0x54, 0x05, 0x07, 0xFD, 0x90, 0x90, 0x00, 0x80, 0x2C,
    0x03, 0x40, 0x60, 0x00, 0x0F, 0x0F, 0xF0, 0xE0, 0xE3, 0x87, 0x80, 0x03, 0x40, 0x00, 0x0F, 0x80,
    0x00, 0x06, 0x80, 0x00, 0x00, 0x00, 0x3F, 0xFF, 0xE0, 0x7E, 0xAB, 0x80, 0xB0, 0x0A, 0x02, 0xC0,
    0x00, 0x0B, 0x00, 0x00, 0x2F, 0xFE, 0x00, 0xBA, 0xA4, 0x02, 0xC0, 0x00, 0x0B, 0x00, 0x20, 0x2C,
    0x01, 0xC0, 0xFA, 0xAF, 0x0F, 0xFF, 0xF8, 0x00, 0x00, 0x00, 0x1E, 0x3D, 0x00, 0x74, 0xB0, 0x00,
    0x00, 0x00, 0x3F, 0xFF, 0xE0, 0x7E, 0xAB, 0x80, 0xB0, 0x0A, 0x02, 0xC0, 0x00, 0x0B, 0x00, 0x00,
    0x2F, 0xFE, 0x00, 0xBA, 0xA4, 0x02, 0xC0, 0x00, 0x0B, 0x00, 0x20, 0x2C, 0x01, 0xC0, 0xFA, 0xAF,
    0x0F, 0xFF, 0xF8, 0x7F, 0xFF, 0xFC, 0x07, 0xAB, 0xAB, 0x80, 0x70, 0x74, 0x28, 0x02, 0x07, 0x41,
    0x00, 0x00, 0x74, 0x00, 0x00, 0x07, 0xFF, 0x80, 0x00, 0x7E, 0xBF, 0x00, 0x07, 0x40, 0xB8, 0x00,
    0x74, 0x03, 0xC0, 0x07, 0x40, 0x3C, 0x00, 0xB9, 0x03, 0xC0, 0x3F, 0xF0, 0x38, 0x00, 0x00, 0x0F,
    0x40, 0x00, 0x2F, 0xE0, 0x00, 0x03, 0xF4, 0x00, 0x00, 0x09, 0x00, 0x07, 0xD0, 0x01, 0xD0, 0x00,
    0x00, 0x00, 0x3F, 0xFF, 0xC1, 0xFA, 0xBC, 0x0B, 0x01, 0xC0, 0xB0, 0x0C, 0x0B, 0x00, 0x00, 0xB0,
    0x00, 0x0B, 0x00, 0x00, 0xB0, 0x00, 0x0B, 0x00, 0x00, 0xB0, 0x00, 0x0F, 0x90, 0x07, 0xFF, 0x00,
    0x00, 0xBF, 0x90, 0x1F, 0xAF, 0xC0, 0xF0, 0x0B, 0x0B, 0x00, 0x1C, 0x3C, 0x00, 0x00, 0xFA, 0xA4,
    0x03, 0xFF, 0xD0, 0x0E, 0x00, 0x00, 0x3C, 0x00, 0x10, 0xB8, 0x01, 0xE0, 0xFE, 0xAF, 0x40, 0x7F,
    0xE0, 0x02, 0xFE, 0x03, 0xEB, 0xC2, 0xC0, 0x70, 0xF0, 0x0C, 0x1F, 0x40, 0x02, 0xFD, 0x00, 0x0B,
    0xE0, 0x40, 0x3D, 0x30, 0x07, 0x4E, 0x02, 0xD3, 0xEB, 0xE0, 0x7F, 0xD0, 0x3F, 0xE1, 0xF4, 0x0B,
    0x00, 0xB0, 0x0B, 0x00, 0xB0, 0x0B, 0x00, 0xB0, 0x0B, 0x00, 0xB0, 0x0F, 0x87, 0xFE, 0x00, 0x02,
    0xD3, 0xCB, 0x0F, 0x00, 0x00, 0x3F, 0xE0, 0x7D, 0x00, 0xB0, 0x02, 0xC0, 0x0B, 0x00, 0x2C, 0x00,
    0xB0, 0x02, 0xC0, 0x0B, 0x00, 0x2C, 0x00, 0xF8, 0x1F, 0xF8, 0x1F, 0xF8, 0x1F, 0x40, 0x2C, 0x00,
    0xB0, 0x02, 0xC0, 0x0B, 0x00, 0x2C, 0x00, 0xB0, 0x02, 0xC0, 0x0B, 0x00, 0x2C, 0x00, 0xF0, 0x03,
    0xC0, 0x2E, 0x07, 0xF0, 0x1E, 0x00, 0x07, 0xFF, 0xFE, 0x00, 0x01, 0xFA, 0xF4, 0x00, 0x00, 0xA0,
    0xB0, 0x00, 0x00, 0xA0, 0xB0, 0x00, 0x00, 0xE0, 0xB0, 0x00, 0x00, 0xD0, 0xBF, 0xE4, 0x00, 0xC0,
    0xBA, 0xBD, 0x01, 0xC0, 0xB0, 0x0F, 0x02, 0x80, 0xB0, 0x0F, 0x03, 0x40, 0xB0, 0x0E, 0xAE, 0x00,
    0xFA, 0xBD, 0xB8, 0x07, 0xFF, 0xE0, 0x3F, 0xE0, 0xFF, 0x80, 0x07, 0xD0, 0x1F, 0x40, 0x00, 0xB0,
    0x02, 0xC0, 0x00, 0x2C, 0x00, 0xB0, 0x00, 0x0B, 0x00, 0x2C, 0x00, 0x02, 0xFF, 0xFF, 0xFF, 0x40,
    0xBA, 0xAB, 0xEA, 0xF4, 0x2C, 0x00, 0xB0, 0x0E, 0x0B, 0x00, 0x2C, 0x03, 0xC2, 0xC0, 0x0B, 0x01,
    0xE0, 0xF8, 0x03, 0xEB, 0xF1, 0xFF, 0x83, 0xFF, 0xE0, 0x7F, 0xFF, 0xFC, 0x01, 0xEA, 0xEA, 0xE0,
    0x07, 0x07, 0x42, 0x80, 0x08, 0x1D, 0x04, 0x00, 0x00, 0x74, 0x00, 0x00, 0x01, 0xFF, 0xF4, 0x00,
    0x07, 0xEA, 0xF4, 0x00, 0x1D, 0x01, 0xE0, 0x00, 0x74, 0x03, 0x80, 0x01, 0xD0, 0x0F, 0x00, 0x0B,
    0x90, 0x7D, 0x00, 0xFF, 0xC7, 0xFC, 0x00, 0x01, 0x80, 0x00, 0x0F, 0xC0, 0x00, 0x39, 0x00, 0x00,
    0x00, 0x00, 0x3F, 0xE0, 0x78, 0x1F, 0x40, 0xF8, 0x0B, 0x03, 0x80, 0x0B, 0x07, 0x00, 0x0B, 0x0D,
    0x00, 0x0B, 0xFC, 0x00, 0x0B, 0x1E, 0x00, 0x0B, 0x0B, 0x40, 0x0B, 0x03, 0xC0, 0x0B, 0x01, 0xE0,
    0x0F, 0x80, 0xF8, 0x7F, 0xE0, 0x2E, 0x00, 0x20, 0x00, 0x00, 0x03, 0xD0, 0x00, 0x00, 0x07, 0x40,
    0x00, 0x00, 0x00, 0x00, 0x3F, 0xE0, 0x7F, 0xD1, 0xF4, 0x01, 0xF4, 0x0B, 0x00, 0x0F, 0x00, 0xB0,
    0x07, 0xF0, 0x0B, 0x01, 0xEF, 0x00, 0xB0, 0x78, 0xF0, 0x0B, 0x1D, 0x0F, 0x00, 0xBB, 0x40, 0xF0,
    0x0B, 0xD0, 0x0F, 0x00, 0xB4, 0x00, 0xF0, 0x0F, 0x40, 0x1F, 0x47, 0xFE, 0x07, 0xFD, 0x02, 0xC0,
    0xD0, 0x00, 0xB0, 0x74, 0x00, 0x0B, 0xF4, 0x00, 0x00, 0x00, 0x00, 0xFF, 0xC1, 0xFF, 0x0B, 0xC0,
    0x1F, 0x00, 0xF0, 0x07, 0x40, 0x1E, 0x03, 0xC0, 0x03, 0xC1, 0xC0, 0x00, 0x78, 0xA0, 0x00, 0x0B,
    0x70, 0x00, 0x00, 0xF8, 0x00, 0x00, 0x2C, 0x00, 0x00, 0x0E, 0x00, 0x00, 0xBF, 0x00, 0x00, 0x2E,
    0x00, 0x00, 0x3F, 0xE0, 0xFF, 0xC7, 0xD0, 0x1F, 0x80, 0xB0, 0x02, 0xD0, 0x2C, 0x00, 0xB4, 0x0B,
    0x00, 0x2D, 0x02, 0xC0, 0x0B, 0x40, 0xB0, 0x02, 0xD0, 0x2C, 0x00, 0xB4, 0x0B, 0x00, 0x2D, 0x02,
    0xC0, 0x0B, 0x40, 0xFA, 0xAB, 0xE5, 0xFF, 0xFF, 0xFF, 0x00, 0x0E, 0x00, 0x00, 0x03, 0x40, 0x00,
    0x00, 0xD0, 0x00, 0x00, 0x20, 0x00, 0x00, 0x1D, 0x00, 0x00, 0x0F, 0xC0, 0x00, 0x07, 0xB0, 0x00,
    0x02, 0x8E, 0x00, 0x00, 0xC3, 0xC0, 0x00, 0xB0, 0x74, 0x00, 0x3E, 0xAE, 0x00, 0x1F, 0xFF, 0xC0,
    0x0E, 0x00, 0x74, 0x07, 0x40, 0x0F, 0x03, 0xD0, 0x07, 0xD3, 0xFD, 0x07, 0xFD, 0x3F, 0xFF, 0xC0,
    0x7E, 0xAF, 0x00, 0xB0, 0x0C, 0x02, 0xC0, 0x10, 0x0B, 0x00, 0x00, 0x2F, 0xFD, 0x00, 0xBA, 0xBE,
    0x02, 0xC0, 0x3C, 0x0B, 0x00, 0xB0, 0x2C, 0x03, 0xC1, 0xFA, 0xBD, 0x1F, 0xFF, 0x90, 0x2F, 0xFE,
    0x02, 0xFA, 0xFC, 0x0B, 0x03, 0xC0, 0xB0, 0x2C, 0x0B, 0x03, 0xC0, 0xBF, 0xF4, 0x0B, 0xAB, 0xD0,
    0xB0, 0x0F, 0x0B, 0x00, 0xF0, 0xB0, 0x0F, 0x1F, 0xAB, 0xD7, 0xFF, 0xE4, 0x3F, 0xFF, 0xC1, 0xFA,
    0xBC, 0x0B, 0x01, 0xC0, 0xB0, 0x0C, 0x0B, 0x00, 0x00, 0xB0, 0x00, 0x0B, 0x00, 0x00, 0xB0, 0x00,
    0x0B, 0x00, 0x00, 0xB0, 0x00, 0x0F, 0x90, 0x07, 0xFF, 0x00, 0x03, 0xFF, 0xFF, 0x00, 0x7D, 0x6E,
    0x00, 0x0A, 0x07, 0x40, 0x02, 0x81, 0xD0, 0x00, 0xD0, 0x74, 0x00, 0x34, 0x1D, 0x00, 0x1C, 0x07,
    0x40, 0x0B, 0x01, 0xD0, 0x03, 0x40, 0x74, 0x01, 0xC0, 0x1D, 0x01, 0xFA, 0xAB, 0x92, 0xFF, 0xFF,
    0xFC, 0xB4, 0x00, 0x0B, 0x1C, 0x00, 0x02, 0xC3, 0x00, 0x00, 0x70, 0x40, 0x00, 0x04, 0x3F, 0xFF,
    0xE0, 0x7E, 0xAB, 0x80, 0xB0, 0x0A, 0x02, 0xC0, 0x00, 0x0B, 0x00, 0x00, 0x2F, 0xFE, 0x00, 0xBA,
    0xA4, 0x02, 0xC0, 0x00, 0x0B, 0x00, 0x20, 0x2C, 0x01, 0xC0, 0xFA, 0xAF, 0x0F, 0xFF, 0xF8, 0x1D,
    0x0B, 0xFC, 0x1E, 0x0B, 0xD0, 0xB8, 0x0F, 0x80, 0x2C, 0x1D, 0x0B, 0x00, 0x03, 0x47, 0x47, 0x00,
    0x00, 0x71, 0xD3, 0x40, 0x00, 0x0F, 0xFF, 0xC0, 0x00, 0x0B, 0x5E, 0x78, 0x00, 0x03, 0x87, 0x4B,
    0x40, 0x03, 0xC1, 0xD0, 0xF0, 0x02, 0xE0, 0x74, 0x1F, 0x01, 0xF0, 0x2E, 0x42, 0xE1, 0xE0, 0x3F,
    0xF0, 0x2E, 0x0B, 0xFD, 0x02, 0xFA, 0xF4, 0x38, 0x07, 0x82, 0x40, 0x74, 0x00, 0x0F, 0x00, 0x2F,
    0xE0, 0x00, 0x6F, 0x80, 0x00, 0x3C, 0x20, 0x03, 0xC7, 0x80, 0x3C, 0x3F, 0xAF, 0x40, 0xBF, 0x80,
    0x3F, 0xE0, 0x7F, 0xD1, 0xF4, 0x01, 0xF4, 0x0B, 0x00, 0x0F, 0x00, 0xB0, 0x07, 0xF0, 0x0B, 0x01,
    0xEF, 0x00, 0xB0, 0x78, 0xF0, 0x0B, 0x1D, 0x0F, 0x00, 0xBB, 0x40, 0xF0, 0x0B, 0xD0, 0x0F, 0x00,
    0xB4, 0x00, 0xF0, 0x0F, 0x40, 0x1F, 0x47, 0xFE, 0x07, 0xFD, 0x00, 0xD0, 0x70, 0x00, 0x0F, 0x0B,
    0x00, 0x00, 0x2F, 0x80, 0x00, 0x00, 0x00, 0x00, 0x3F, 0xE0, 0x7F, 0xD1, 0xF4, 0x01, 0xF4, 0x0B,
    0x00, 0x0F, 0x00, 0xB0, 0x07, 0xF0, 0x0B, 0x01, 0xEF, 0x00, 0xB0, 0x78, 0xF0, 0x0B, 0x1D, 0x0F,
    0x00, 0xBB, 0x40, 0xF0, 0x0B, 0xD0, 0x0F, 0x00, 0xB4, 0x00, 0xF0, 0x0F, 0x40, 0x1F, 0x47, 0xFE,
    0x07, 0xFD, 0x3F, 0xE0, 0x78, 0x1F, 0x40, 0xF8, 0x0B, 0x03, 0x80, 0x0B, 0x07, 0x00, 0x0B, 0x0D,
    0x00, 0x0B, 0xFC, 0x00, 0x0B, 0x1E, 0x00, 0x0B, 0x0B, 0x40, 0x0B, 0x03, 0xC0, 0x0B, 0x01, 0xE0,
    0x0F, 0x80, 0xF8, 0x7F, 0xE0, 0x2E, 0x07, 0xFF, 0xFF, 0x01, 0xFA, 0xF8, 0x00, 0xA0, 0x74, 0x00,
    0xA0, 0x74, 0x00, 0xE0, 0x74, 0x00, 0xD0, 0x74, 0x00, 0xC0, 0x74, 0x01, 0xC0, 0x74, 0x03, 0x80,
    0x74, 0x07, 0x40, 0x74, 0xBE, 0x00, 0xB9, 0xB8, 0x03, 0xFF, 0x3F, 0xC0, 0x0B, 0xF0, 0x0B, 0xD0,
    0x0F, 0xC0, 0x0B, 0xE0, 0x1F, 0xC0, 0x0A, 0xB0, 0x2A, 0xC0, 0x0A, 0x74, 0x32, 0xC0, 0x0D, 0x38,
    0x71, 0xC0, 0x0D, 0x2C, 0xD1, 0xC0, 0x0D, 0x0D, 0xC1, 0xD0, 0x0D, 0x0F, 0x80, 0xD0, 0x0C, 0x07,
    0x40, 0xD0, 0x2E, 0x02, 0x01, 0xF4, 0xFF, 0x80, 0x0B, 0xFC, 0x3F, 0xE0, 0x7F, 0xD1, 0xF4, 0x01,
    0xF4, 0x0B, 0x00, 0x0F, 0x00, 0xB0, 0x00, 0xF0, 0x0B, 0x00, 0x0F, 0x00, 0xBF, 0xFF, 0xF0, 0x0B,
    0xAA, 0xAF, 0x00, 0xB0, 0x00, 0xF0, 0x0B, 0x00, 0x0F, 0x00, 0xB0, 0x00, 0xF0, 0x0F, 0x80, 0x1F,
    0x47, 0xFE, 0x07, 0xFD, 0x00, 0xBF, 0xD0, 0x01, 0xFA, 0xBF, 0x00, 0xF0, 0x03, 0xE0, 0xB4, 0x00,
    0x3C, 0x3C, 0x00, 0x0B, 0x4F, 0x00, 0x02, 0xD3, 0xC0, 0x00, 0xB4, 0xF0, 0x00, 0x2C, 0x3D, 0x00,
    0x0F, 0x07, 0xC0, 0x0F, 0x40, 0xBE, 0xAF, 0x80, 0x06, 0xFE, 0x00, 0x3F, 0xFF, 0xFF, 0xC1, 0xFA,
    0xAB, 0xE0, 0x0B, 0x00, 0x1D, 0x00, 0xB0, 0x01, 0xD0, 0x0B, 0x00, 0x1D, 0x00, 0xB0, 0x01, 0xD0,
    0x0B, 0x00, 0x1D, 0x00, 0xB0, 0x01, 0xD0, 0x0B, 0x00, 0x1D, 0x00, 0xB0, 0x01, 0xD0, 0x0F, 0x80,
    0x2F, 0x47, 0xFE, 0x0F, 0xFC, 0x2F, 0xFE, 0x02, 0xFA, 0xFC, 0x0B, 0x02, 0xE0, 0xB0, 0x0E, 0x0B,
    0x01, 0xD0, 0xB0, 0x7C, 0x0B, 0xFF, 0x40, 0xBA, 0x40, 0x0B, 0x00, 0x00, 0xB0, 0x00, 0x0F, 0x90,
    0x07, 0xFF, 0x00, 0x00, 0xBF, 0xD0, 0x1F, 0xAB, 0x80, 0xF0, 0x0E, 0x0B, 0x40, 0x24, 0x3C, 0x00,
    0x00, 0xE0, 0x00, 0x03, 0x80, 0x00, 0x0F, 0x00, 0x00, 0x3C, 0x00, 0x00, 0xBC, 0x00, 0x00, 0xBF,
    0xBF, 0x00, 0x7F, 0xE0, 0x7F, 0xFF, 0xFD, 0xEA, 0xFA, 0xF7, 0x03, 0x81, 0xC8, 0x0E, 0x05, 0x00,
    0x38, 0x00, 0x00, 0xE0, 0x00, 0x03, 0x80, 0x00, 0x0E, 0x00, 0x00, 0x38, 0x00, 0x00, 0xE0, 0x00,
    0x0B, 0xD0, 0x00, 0xFF, 0xD0, 0xFF, 0xC1, 0xFF, 0x0B, 0xC0, 0x1F, 0x00, 0xF0, 0x07, 0x40, 0x1E,
    0x03, 0xC0, 0x03, 0xC1, 0xC0, 0x00, 0x78, 0xA0, 0x00, 0x0B, 0x70, 0x00, 0x00, 0xF8, 0x00, 0x00,
    0x2C, 0x00, 0x00, 0x0E, 0x00, 0x00, 0xBF, 0x00, 0x00, 0x2E, 0x00, 0x00, 0x00, 0xBF, 0xC0, 0x00,
    0x03, 0x80, 0x00, 0x2F, 0xFF, 0x40, 0x7D, 0x79, 0xBC, 0x3C, 0x0E, 0x0B, 0x9E, 0x03, 0x80, 0xF7,
    0x80, 0xE0, 0x38, 0xF0, 0x38, 0x2D, 0x1F, 0x5E, 0x6E, 0x00, 0xBF, 0xF9, 0x00, 0x00, 0xE0, 0x00,
    0x02, 0xFF, 0x00, 0x7F, 0xE1, 0xFF, 0x07, 0xD0, 0x2E, 0x00, 0x7C, 0x0E, 0x00, 0x0B, 0x8B, 0x00,
    0x00, 0xFB, 0x00, 0x00, 0x0F, 0x40, 0x00, 0x07, 0xF0, 0x00, 0x03, 0x6E, 0x00, 0x03, 0x83, 0xD0,
    0x02, 0xC0, 0x3C, 0x02, 0xE0, 0x0B, 0xD3, 0xFE, 0x0F, 0xFC, 0x3F, 0xE0, 0xFF, 0xC1, 0xF4, 0x07,
    0xE0, 0x0B, 0x00, 0x2D, 0x00, 0xB0, 0x02, 0xD0, 0x0B, 0x00, 0x2D, 0x00, 0xB0, 0x02, 0xD0, 0x0B,
    0x00, 0x2D, 0x00, 0xB0, 0x02, 0xD0, 0x0B, 0x00, 0x2D, 0x00, 0xB0, 0x02, 0xD0, 0x0F, 0xAA, 0xBE,
    0x47, 0xFF, 0xFF, 0xFC, 0x00, 0x00, 0x03, 0xC0, 0x00, 0x00, 0x2C, 0x00, 0x00, 0x01, 0x80, 0x00,
    0x00, 0x00, 0xBF, 0xC7, 0xFD, 0x2F, 0x01, 0xF4, 0x0E, 0x00, 0xF0, 0x0E, 0x00, 0xF0, 0x0E, 0x00,
    0xF0, 0x0F, 0x00, 0xF0, 0x0B, 0xEA, 0xF0, 0x02, 0xFF, 0xF0, 0x00, 0x00, 0xF0, 0x00, 0x00, 0xF0,
    0x00, 0x01, 0xF4, 0x00, 0x0F, 0xFD, 0x3F, 0xD3, 0xFD, 0x7F, 0xD1, 0xF4, 0x1F, 0x41, 0xF4, 0x0B,
    0x00, 0xF0, 0x0F, 0x00, 0xB0, 0x0F, 0x00, 0xF0, 0x0B, 0x00, 0xF0, 0x0F, 0x00, 0xB0, 0x0F, 0x00,
    0xF0, 0x0B, 0x00, 0xF0, 0x0F, 0x00, 0xB0, 0x0F, 0x00, 0xF0, 0x0B, 0x00, 0xF0, 0x0F, 0x00, 0xB0,
    0x0F, 0x00, 0xF0, 0x0F, 0xAA, 0xFA, 0xAF, 0x47, 0xFF, 0xFF, 0xFF, 0xFD, 0x3F, 0xD3, 0xFD, 0x7F,
    0xD1, 0xF4, 0x1F, 0x41, 0xF4, 0x0B, 0x00, 0xF0, 0x0F, 0x00, 0xB0, 0x0F, 0x00, 0xF0, 0x0B, 0x00,
    0xF0, 0x0F, 0x00, 0xB0, 0x0F, 0x00, 0xF0, 0x0B, 0x00, 0xF0, 0x0F, 0x00, 0xB0, 0x0F, 0x00, 0xF0,
    0x0B, 0x00, 0xF0, 0x0F, 0x00, 0xB0, 0x0F, 0x00, 0xF0, 0x0F, 0xAA, 0xFA, 0xAF, 0x47, 0xFF, 0xFF,
    0xFF, 0xFE, 0x00, 0x00, 0x00, 0x00, 0xD0, 0x00, 0x00, 0x00, 0x0D, 0x00, 0x00, 0x00, 0x00, 0xC0,
    0x7F, 0xFF, 0x00, 0x1E, 0xAF, 0x00, 0x07, 0x03, 0x80, 0x00, 0x80, 0xE0, 0x00, 0x00, 0x38, 0x00,
    0x00, 0x0F, 0xFE, 0x00, 0x03, 0xEB, 0xF0, 0x00, 0xE0, 0x2D, 0x00, 0x38, 0x07, 0x40, 0x0E, 0x02,
    0xD0, 0x0B, 0xEB, 0xF0, 0x0B, 0xFF, 0xE0, 0x00, 0x00, 0x00, 0x00, 0x3F, 0xE0, 0x0B, 0xFD, 0x1F,
    0x40, 0x02, 0xF4, 0x0B, 0x00, 0x00, 0xE0, 0x0B, 0x00, 0x00, 0xE0, 0x0B, 0x00, 0x00, 0xE0, 0x0B,
    0xFE, 0x40, 0xE0, 0x0B, 0xAB, 0xD0, 0xE0, 0x0B, 0x00, 0xF0, 0xE0, 0x0B, 0x00, 0xF0, 0xE0, 0x0B,
    0x01, 0xE0, 0xE0, 0x0F, 0xAB, 0xC1, 0xF4, 0x7F, 0xFE, 0x0B, 0xFD, 0x00, 0x00, 0x00, 0x00, 0x3F,
    0xE0, 0x00, 0x7D, 0x00, 0x00, 0xB0, 0x00, 0x02, 0xC0, 0x00, 0x0B, 0x00, 0x00, 0x2F, 0xFD, 0x00,
    0xBA, 0xBE, 0x02, 0xC0, 0x3C, 0x0B, 0x00, 0xB0, 0x2C, 0x03, 0xC1, 0xFA, 0xBD, 0x1F, 0xFF, 0xD0,
    0x00, 0x00, 0x00, 0x0B, 0xFE, 0x00, 0xBE, 0xBF, 0x02, 0xC0, 0x2F, 0x0A, 0x00, 0x3C, 0x00, 0x00,
    0xB4, 0x06, 0xAA, 0xE0, 0x1F, 0xFF, 0x80, 0x00, 0x1D, 0x10, 0x00, 0xF0, 0xE0, 0x0B, 0x83, 0xFA,
    0xF8, 0x02, 0xFE, 0x40, 0x3F, 0xD0, 0x1F, 0xF4, 0x01, 0xF4, 0x0F, 0xEB, 0xE0, 0x0B, 0x02, 0xE0,
    0x0F, 0x40, 0xB0, 0x3C, 0x00, 0x7C, 0x0B, 0x0B, 0x40, 0x03, 0xC0, 0xBF, 0xF4, 0x00, 0x3C, 0x0B,
    0xAF, 0x40, 0x03, 0xC0, 0xB0, 0xB4, 0x00, 0x3C, 0x0B, 0x07, 0xC0, 0x07, 0x80, 0xB0, 0x3E, 0x00,
    0xF0, 0x0F, 0x40, 0xFE, 0xBD, 0x07, 0xFD, 0x02, 0xFE, 0x00, 0x00, 0x7F, 0xFE, 0x02, 0xFA, 0xF4,
    0x03, 0xC0, 0xB0, 0x07, 0x80, 0xB0, 0x03, 0xC0, 0xB0, 0x02, 0xFA, 0xF0, 0x00, 0x7F, 0xF0, 0x00,
    0xB0, 0xB0, 0x00, 0xE0, 0xB0, 0x03, 0xC0, 0xB0, 0x0F, 0x40, 0xF8, 0x3D, 0x07, 0xFE, 0x07, 0xF8,
    0x02, 0xFB, 0xD0, 0x28, 0x1D, 0x00, 0x00, 0xE0, 0x06, 0xFE, 0x03, 0xD5, 0xE0, 0x38, 0x0E, 0x03,
    0xEB, 0xF8, 0x1F, 0xD7, 0x80, 0x00, 0x00, 0x80, 0x1F, 0xFC, 0x0B, 0xAF, 0x41, 0xD0, 0x00, 0x3C,
    0x00, 0x03, 0xAF, 0xD0, 0x3F, 0xAF, 0x47, 0x80, 0x3C, 0x74, 0x02, 0xC3, 0x80, 0x2C, 0x3C, 0x03,
    0xC1, 0xFA, 0xF4, 0x07, 0xF8, 0x00, 0x00, 0x00, 0x1F, 0xFF, 0x41, 0xF5, 0xF0, 0x38, 0x1C, 0x0E,
    0x0B, 0x03, 0xFF, 0x80, 0xE0, 0x74, 0x38, 0x0E, 0x1F, 0x5F, 0x5F, 0xFF, 0x40, 0x00, 0x00, 0x7F,
    0xFF, 0x0F, 0x0A, 0x0F, 0x06, 0x0F, 0x00, 0x0F, 0x00, 0x0F, 0x00, 0x0F, 0x00, 0x1F, 0x50, 0x7F,
    0xE0, 0x0F, 0xFF, 0xF0, 0x1B, 0x5F, 0x00, 0x28, 0x38, 0x00, 0xA0, 0xE0, 0x03, 0x43, 0x80, 0x0C,
    0x0E, 0x00, 0x70, 0x38, 0x03, 0x95, 0xE0, 0x7F, 0xFF, 0xF5, 0xC0, 0x01, 0xD7, 0x00, 0x03, 0x08,
    0x00, 0x0C, 0x00, 0x00, 0x00, 0x07, 0xF8, 0x07, 0xEF, 0x83, 0xC0, 0xB0, 0xE5, 0x6C, 0x7F, 0xFF,
    0x1D, 0x00, 0x03, 0xC0, 0x00, 0xBE, 0xAC, 0x07, 0xFD, 0x00, 0x38, 0x3F, 0xC3, 0x82, 0xE0, 0xE0,
    0xF8, 0x03, 0x0E, 0x1C, 0x00, 0x2C, 0xE3, 0x00, 0x01, 0xFF, 0xF0, 0x00, 0x38, 0xE3, 0x80, 0x0B,
    0x0E, 0x1D, 0x01, 0xE0, 0xE0, 0xF0, 0x78, 0x3F, 0x83, 0xC0, 0x0B, 0xF4, 0x3E, 0xBC, 0x10, 0x2C,
    0x00, 0x74, 0x03, 0xF8, 0x00, 0x2D, 0x30, 0x1D, 0x7E, 0xBC, 0x1F, 0xE0, 0x7F, 0x83, 0xFC, 0x0E,
    0x00, 0xE0, 0x0E, 0x02, 0xE0, 0x0E, 0x0F, 0xE0, 0x0E, 0x38, 0xE0, 0x0F, 0xE0, 0xE0, 0x0F, 0x80,
    0xE0, 0x0F, 0x00, 0xE0, 0x3F, 0xC3, 0xFC, 0x03, 0x42, 0x80, 0x03, 0xC3, 0x80, 0x00, 0xFE, 0x00,
    0x00, 0x00, 0x00, 0x7F, 0x83, 0xFC, 0x0E, 0x00, 0xE0, 0x0E, 0x02, 0xE0, 0x0E, 0x0F, 0xE0, 0x0E,
    0x38, 0xE0, 0x0F, 0xE0, 0xE0, 0x0F, 0x80, 0xE0, 0x0F, 0x00, 0xE0, 0x3F, 0xC3, 0xFC, 0x7F, 0xC2,
    0xC1, 0xF0, 0xB8, 0x0E, 0x0C, 0x00, 0xE3, 0x40, 0x0F, 0xF0, 0x00, 0xE3, 0xC0, 0x0E, 0x0E, 0x01,
    0xF4, 0xB4, 0x7F, 0xC2, 0xD0, 0x0F, 0xFF, 0xF0, 0x7E, 0xB8, 0x02, 0x83, 0x40, 0x24, 0x34, 0x03,
    0x43, 0x40, 0x30, 0x34, 0x07, 0x03, 0x4A, 0xD0, 0xB9, 0xB4, 0x2F, 0xF0, 0x3F, 0x40, 0x3F, 0x03,
    0xF0, 0x2F, 0x00, 0xEC, 0x0E, 0xC0, 0x37, 0x86, 0x70, 0x0D, 0x73, 0x1C, 0x03, 0x4F, 0xC7, 0x00,
    0xD2, 0xD1, 0xC0, 0x34, 0x20, 0x70, 0x3F, 0x80, 0xBF, 0x40, 0x7F, 0xC3, 0xFC, 0x1F, 0x01, 0xF0,
    0x0F, 0x00, 0xE0, 0x0F, 0x00, 0xE0, 0x0F, 0xFF, 0xE0, 0x0F, 0x00, 0xE0, 0x0F, 0x00, 0xE0, 0x0F,
    0x41, 0xF4, 0x7F, 0xC3, 0xFC, 0x02, 0xFD, 0x00, 0xFA, 0xF8, 0x3C, 0x03, 0xC3, 0x80, 0x2D, 0x78,
    0x01, 0xD3, 0x80, 0x1D, 0x3C, 0x03, 0xC2, 0xFA, 0xF4, 0x07, 0xF8, 0x00, 0x7F, 0xFF, 0xFC, 0x0F,
    0xAA, 0xE0, 0x0F, 0x00, 0xE0, 0x0F, 0x00, 0xE0, 0x0F, 0x00, 0xE0, 0x0F, 0x00, 0xE0, 0x0F, 0x00,
    0xE0, 0x0F, 0x00, 0xE0, 0x3F, 0xC3, 0xFC, 0x7C, 0xBF, 0x06, 0xFE, 0xBC, 0x0E, 0x02, 0xD0, 0xD0,
    0x0E, 0x0D, 0x00, 0xE0, 0xD0, 0x0E, 0x0D, 0x02, 0xC0, 0xFA, 0xF8, 0x0F, 0xFD, 0x00, 0xD0, 0x00,
    0x0D, 0x00, 0x02, 0xE4, 0x00, 0xBF, 0xC0, 0x00, 0x02, 0xF8, 0x03, 0xEF, 0xC3, 0xC0, 0xF0, 0xE0,
    0x00, 0x74, 0x00, 0x1E, 0x00, 0x03, 0xC0, 0x00, 0xBE, 0xAC, 0x07, 0xFD, 0x00, 0x7F, 0xFF, 0xDE,
    0xBE, 0xF7, 0x0E, 0x1C, 0x83, 0x81, 0x00, 0xE0, 0x00, 0x38, 0x00, 0x0E, 0x00, 0x07, 0xD0, 0x0F,
    0xFC, 0x00, 0xBF, 0x8B, 0xF0, 0xF4, 0x0B, 0x41, 0xD0, 0x3C, 0x03, 0xC0, 0xD0, 0x0B, 0x0B, 0x00,
    0x0E, 0x34, 0x00, 0x2E, 0xC0, 0x00, 0x3E, 0x00, 0x00, 0xF0, 0x00, 0x03, 0x80, 0x00, 0x2C, 0x00,
    0x3B, 0xC0, 0x00, 0xB8, 0x00, 0x00, 0x00, 0xBC, 0x00, 0x00, 0x6C, 0x00, 0x00, 0x1C, 0x00, 0x00,
    0x1C, 0x00, 0x02, 0xFF, 0xD0, 0x0F, 0x6D, 0xBC, 0x3C, 0x1C, 0x1E, 0x38, 0x1C, 0x0F, 0x74, 0x1C,
    0x0F, 0x38, 0x1C, 0x0E, 0x3C, 0x1C, 0x1D, 0x1F, 0x6D, 0xB8, 0x02, 0xFF, 0x90, 0x00, 0x1C, 0x00,
    0x00, 0x1C, 0x00, 0x00, 0x2E, 0x00, 0x00, 0xFF, 0x80, 0x7F, 0x8F, 0xF2, 0xE0, 0x7C, 0x0B, 0x4B,
    0x00, 0x2E, 0xC0, 0x00, 0xF0, 0x00, 0x2F, 0xC0, 0x0B, 0x0F, 0x02, 0xE0, 0xBD, 0xBF, 0x5F, 0xF0,
    0x7F, 0xC7, 0xF8, 0x0F, 0x01, 0xD0, 0x0F, 0x00, 0xD0, 0x0F, 0x00, 0xD0, 0x0F, 0x00, 0xD0, 0x0F,
    0x00, 0xD0, 0x0F, 0x00, 0xD0, 0x1F, 0x56, 0xE4, 0x7F, 0xFF, 0xFC, 0x00, 0x00, 0x1C, 0x00, 0x00,
    0x1C, 0x00, 0x00, 0x0C, 0x00, 0x00, 0x00, 0xFF, 0x1F, 0xE2, 0xC0, 0x74, 0x2C, 0x07, 0x41, 0xC0,
    0x74, 0x0E, 0x0B, 0x40, 0x7F, 0xF4, 0x00, 0x07, 0x40, 0x00, 0x74, 0x00, 0x3F, 0xE0, 0x3F, 0x8F,
    0xDB, 0xF0, 0x3C, 0x1E, 0x0B, 0x40, 0xE0, 0x74, 0x2C, 0x03, 0x81, 0xD0, 0xB0, 0x0E, 0x07, 0x42,
    0xC0, 0x38, 0x1D, 0x0B, 0x00, 0xE0, 0x74, 0x2C, 0x03, 0xD6, 0xE5, 0xF4, 0x7F, 0xFF, 0xFF, 0xF4,
    0x3F, 0x8F, 0xCB, 0xF0, 0x38, 0x1D, 0x0B, 0x00, 0xE0, 0x74, 0x2C, 0x03, 0x81, 0xD0, 0xB0, 0x0E,
    0x07, 0x42, 0xC0, 0x38, 0x1D, 0x0B, 0x00, 0xE0, 0x74, 0x2C, 0x03, 0xD6, 0xE5, 0xF0, 0x7F, 0xFF,
    0xFF, 0xF8, 0x00, 0x00, 0x00, 0xE0, 0x00, 0x00, 0x03, 0x40, 0x00, 0x00, 0x09, 0x00, 0x00, 0x00,
    0x00, 0x7F, 0xFC, 0x01, 0xC3, 0xC0, 0x07, 0x0E, 0x00, 0x00, 0x3E, 0x90, 0x00, 0xFF, 0xF0, 0x03,
    0x81, 0xC0, 0x0E, 0x07, 0x00, 0x7D, 0xBC, 0x07, 0xFF, 0x80, 0x00, 0x00, 0x00, 0x7F, 0xC0, 0x7F,
    0xC1, 0xF0, 0x01, 0xF0, 0x0E, 0x00, 0x0E, 0x00, 0xF5, 0x40, 0xE0, 0x0F, 0xFF, 0x0E, 0x00, 0xE0,
    0x74, 0xE0, 0x0E, 0x03, 0x4E, 0x00, 0xF5, 0xF0, 0xF4, 0x7F, 0xFC, 0x3F, 0xC0, 0x00, 0x00, 0x00,
    0x7F, 0xC0, 0x07, 0xC0, 0x00, 0xE0, 0x00, 0x3E, 0x90, 0x0F, 0xFF, 0x03, 0x81, 0xD0, 0xE0, 0x34,
    0x3D, 0x7C, 0x7F, 0xFD, 0x00, 0x00, 0x00, 0x0B, 0xF4, 0x0F, 0xAF, 0x41, 0x01, 0xF0, 0x00, 0x3C,
    0x03, 0xFF, 0x00, 0x53, 0xC3, 0x00, 0xE1, 0xFA, 0xF0, 0x1F, 0xE0, 0x00, 0x7F, 0xC1, 0xFE, 0x01,
    0xF0, 0x78, 0x7C, 0x0F, 0x0F, 0x01, 0xD0, 0xFA, 0xD0, 0x0E, 0x0F, 0xFD, 0x00, 0xE0, 0xF0, 0xD0,
    0x0E, 0x0F, 0x0F, 0x01, 0xD0, 0xF4, 0x79, 0x78, 0x7F, 0xC1, 0xFE, 0x00, 0x02, 0xFF, 0xC0, 0xF5,
    0xF0, 0x1D, 0x0E, 0x00, 0xE0, 0xE0, 0x07, 0xFE, 0x00, 0x38, 0xE0, 0x0B, 0x0E, 0x01, 0xE0, 0xF4,
    0x38, 0x3F, 0xC0, 0x06, 0x00, 0x02, 0xD0, 0x00, 0x2C, 0x00, 0x01, 0x80, 0x00, 0x00, 0x01, 0xFE,
    0x01, 0xFB, 0xE0, 0xF0, 0x2C, 0x39, 0x5B, 0x1F, 0xFF, 0xC7, 0x40, 0x00, 0xF0, 0x00, 0x2F, 0xAB,
    0x01, 0xFF, 0x40, 0x00, 0x00, 0x03, 0xC7, 0x80, 0xE1, 0xD0, 0x00, 0x00, 0x00, 0x00, 0x01, 0xFE,
    0x01, 0xFB, 0xE0, 0xF0, 0x2C, 0x39, 0x5B, 0x1F, 0xFF, 0xC7, 0x40, 0x00, 0xF0, 0x00, 0x2F, 0xAB,
    0x01, 0xFF, 0x40, 0x7E, 0x00, 0x00, 0xE0, 0x00, 0xBF, 0xFC, 0x00, 0xE0, 0x00, 0x0E, 0xBF, 0x00,
    0xFE, 0xFC, 0x0E, 0x02, 0xD0, 0xE0, 0x1D, 0x0E, 0x00, 0xE0, 0xE0, 0x0E, 0x0E, 0x00, 0xE1, 0xF4,
    0x0D, 0xBF, 0xC1, 0xD0, 0x00, 0x2C, 0x00, 0x07, 0x80, 0x06, 0xF0, 0x00, 0x7C, 0x00, 0x00, 0x30,
    0x00, 0xB4, 0x00, 0xE0, 0x01, 0x80, 0x00, 0x00, 0x7F, 0xFF, 0x0F, 0x0A, 0x0F, 0x06, 0x0F, 0x00,
    0x0F, 0x00, 0x0F, 0x00, 0x0F, 0x00, 0x1F, 0x50, 0x7F, 0xE0, 0x02, 0xFD, 0x07, 0xEB, 0xC3, 0x80,
    0x20, 0xE6, 0x80, 0x7F, 0xF0, 0x0D, 0x00, 0x03, 0xC0, 0x00, 0xBE, 0xAC, 0x07, 0xFD, 0x00, 0x2F,
    0xE2, 0xD7, 0xCB, 0x03, 0x1F, 0x40, 0x1B, 0xD1, 0x02, 0xCD, 0x07, 0x3D, 0x7C, 0xBF, 0x80, 0x04,
    0x01, 0xF0, 0x0E, 0x00, 0x00, 0x00, 0x06, 0xE0, 0x1E, 0x00, 0xE0, 0x0E, 0x00, 0xE0, 0x0E, 0x00,
    0xE0, 0x1F, 0x4B, 0xFD, 0x00, 0x00, 0xF1, 0xE3, 0x87, 0x40, 0x00, 0x00, 0x00, 0x6E, 0x00, 0x78,
    0x00, 0xE0, 0x03, 0x80, 0x0E, 0x00, 0x38, 0x00, 0xE0, 0x07, 0xD0, 0xBF, 0xD0, 0x01, 0x02, 0xE0,
    0x74, 0x00, 0x00, 0x07, 0xD1, 0xB4, 0x0D, 0x03, 0x40, 0xD0, 0x34, 0x0D, 0x03, 0x40, 0xD0, 0x74,
    0x2C, 0x2E, 0x2D, 0x00, 0x0F, 0xFF, 0xE0, 0x01, 0xB6, 0xE0, 0x00, 0x28, 0x34, 0x00, 0x09, 0x0F,
    0xF8, 0x03, 0x43, 0x9B, 0x80, 0xC0, 0xD0, 0xB0, 0x70, 0x34, 0x2E, 0xB4, 0x2E, 0x6E, 0xB4, 0x2F,
    0xFD, 0x00, 0x7F, 0xCB, 0xF8, 0x01, 0xF0, 0x2E, 0x00, 0x0E, 0x01, 0xD0, 0x00, 0xF5, 0x5E, 0x50,
    0x0F, 0xFF, 0xFF, 0xD0, 0xE0, 0x1D, 0x0F, 0x0E, 0x01, 0xD0, 0xB0, 0xF4, 0x2E, 0x6D, 0x7F, 0xC7,
    0xFF, 0x40, 0x7E, 0x00, 0x00, 0x38, 0x00, 0x0B, 0xFF, 0xC0, 0x03, 0x80, 0x00, 0x0E, 0x7F, 0x40,
    0x3F, 0xAF, 0x00, 0xF0, 0x2D, 0x03, 0x80, 0x74, 0x0E, 0x01, 0xD0, 0x38, 0x07, 0x40, 0xE0, 0x1D,
    0x07, 0xD0, 0xB9, 0xBF, 0xC7, 0xFC, 0x00, 0x08, 0x00, 0x01, 0xD0, 0x00, 0x38, 0x00, 0x06, 0x00,
    0x00, 0x00, 0x07, 0xFC, 0x2C, 0x1F, 0x0B, 0x80, 0xE0, 0xC0, 0x0E, 0x34, 0x00, 0xFF, 0x00, 0x0E,
    0x3C, 0x00, 0xE0, 0xE0, 0x1F, 0x4B, 0x47, 0xFC, 0x2D, 0x00, 0x80, 0x00, 0x01, 0xE0, 0x00, 0x00,
    0xB4, 0x00, 0x00, 0x18, 0x00, 0x00, 0x00, 0x00, 0x7F, 0x83, 0xFC, 0x0E, 0x00, 0xE0, 0x0E, 0x02,
    0xE0, 0x0E, 0x0F, 0xE0, 0x0E, 0x38, 0xE0, 0x0F, 0xE0, 0xE0, 0x0F, 0x80, 0xE0, 0x0F, 0x00, 0xE0,
    0x3F, 0xC3, 0xFC, 0x0D, 0x0A, 0x00, 0x3C, 0x38, 0x00, 0x3F, 0x80, 0x00, 0x00, 0x00, 0xBF, 0x8B,
    0xF0, 0xF4, 0x0B, 0x41, 0xD0, 0x3C, 0x03, 0xC0, 0xD0, 0x0B, 0x0B, 0x00, 0x0E, 0x34, 0x00, 0x2E,
    0xC0, 0x00, 0x3E, 0x00, 0x00, 0xF0, 0x00, 0x03, 0x80, 0x00, 0x2C, 0x00, 0x3B, 0xC0, 0x00, 0xB8,
    0x00, 0x00, 0x7F, 0xC7, 0xFC, 0x7C, 0x0B, 0x80, 0xF0, 0x0D, 0x03, 0xC0, 0x34, 0x0F, 0x00, 0xD0,
    0x3C, 0x03, 0x40, 0xF0, 0x0D, 0x03, 0xEA, 0xB9, 0x7F, 0xFF, 0xFC, 0x00, 0xE0, 0x00, 0x03, 0x40,
    0x00, 0x09, 0x00, 0x07, 0xFD, 0x00, 0x01, 0xF4, 0x00, 0xBF, 0xFF, 0xF0, 0xA0, 0xF0, 0x70, 0x90,
    0xF0, 0x20, 0x00, 0xF0, 0x00, 0x00, 0xFF, 0xA0, 0x00, 0xFF, 0xFD, 0x00, 0xF0, 0x1E, 0x00, 0xF0,
    0x0F, 0x00, 0xF0, 0x1E, 0x01, 0xFA, 0xBC, 0x07, 0xFF, 0xE0, 0x07, 0xC0, 0x00, 0xFC, 0x00, 0x02,
    0xC0, 0x07, 0xFF, 0xF4, 0x72, 0xC3, 0x01, 0x2C, 0x10, 0x02, 0xFF, 0x80, 0x2E, 0xBE, 0x02, 0xC0,
    0xF0, 0x2C, 0x0F, 0x07, 0xEB, 0xD0, 0xFF, 0xF4, 0x00, 0xBF, 0xD0, 0x01, 0xFA, 0xBF, 0x00, 0xF0,
    0x02, 0xE0, 0xB0, 0x00, 0x3C, 0x3C, 0x00, 0x0B, 0x4F, 0xFF, 0xFF, 0xD3, 0xEA, 0xAA, 0xF4, 0xF0,
    0x00, 0x2C, 0x3C, 0x00, 0x0F, 0x07, 0xC0, 0x0F, 0x40, 0xBE, 0xAF, 0x80, 0x06, 0xFE, 0x00, 0x02,
    0xFD, 0x00, 0xFA, 0xF8, 0x3C, 0x03, 0xC3, 0x80, 0x1D, 0x7F, 0xFF, 0xD3, 0x80, 0x1D, 0x3C, 0x02,
    0xC2, 0xFA, 0xF4, 0x07, 0xF8, 0x00, 0xFF, 0xD0, 0x0F, 0x4B, 0xC0, 0x0F, 0x90, 0xF0, 0x07, 0x00,
    0x2C, 0x02, 0xC0, 0x07, 0x80, 0xD0, 0x00, 0xF0, 0x70, 0x00, 0x2C, 0x2C, 0x00, 0x03, 0x4D, 0x00,
    0x00, 0xF7, 0x00, 0x00, 0x1E, 0xC0, 0x00, 0x03, 0xD0, 0x00, 0x00, 0xB0, 0x00, 0xBF, 0x80, 0xF0,
    0xF4, 0x0B, 0xC1, 0xD0, 0x34, 0x03, 0xC2, 0xC0, 0x0B, 0x0D, 0x00, 0x0E, 0x70, 0x00, 0x2E, 0x80,
    0x00, 0x7D, 0x00, 0x00, 0xF0, 0x00, 0x00, 0xD0, 0x70, 0x00, 0x0F, 0x0B, 0x00, 0x00, 0x2F, 0x80,
    0x00, 0x00, 0x00, 0x00, 0x3F, 0xE0, 0x7F, 0xD1, 0xF4, 0x01, 0xF4, 0x0B, 0x00, 0x1F, 0x00, 0xB0,
    0x07, 0xF0, 0x0B, 0x01, 0xDF, 0x00, 0xB0, 0x74, 0xF0, 0x0B, 0x1D, 0x0F, 0x00, 0xB7, 0x40, 0xF0,
    0x0B, 0xD0, 0x0F, 0x00, 0xB8, 0x00, 0xF0, 0x0F, 0x40, 0x1F, 0x87, 0xFE, 0x07, 0xFD, 0x00, 0x00,
    0x02, 0xC0, 0x00, 0x00, 0x34, 0x00, 0x00, 0x03, 0x00, 0x03, 0x42, 0x80, 0x03, 0xC3, 0x80, 0x00,
    0xFE, 0x00, 0x00, 0x00, 0x00, 0x7F, 0x83, 0xFC, 0x0E, 0x01, 0xE0, 0x0E, 0x02, 0xE0, 0x0E, 0x0A,
    0xE0, 0x0E, 0x38, 0xE0, 0x0E, 0xE0, 0xE0, 0x0F, 0x80, 0xE0, 0x0F, 0x00, 0xE0, 0x3F, 0xC3, 0xFC,
    0x00, 0x00, 0x2C, 0x00, 0x00, 0x34, 0x00, 0x00, 0x20, 0x3F, 0xE0, 0x00, 0x7D, 0x00, 0x00, 0xB0,
    0x00, 0x2F, 0xFC, 0x00, 0x0B, 0x00, 0x00, 0x2F, 0xFD, 0x00, 0xBA, 0xBE, 0x02, 0xC0, 0x3C, 0x0B,
    0x00, 0xB0, 0x2C, 0x03, 0xC1, 0xFA, 0xBD, 0x1F, 0xFF, 0xD0, 0x00, 0x00, 0x00, 0x7D, 0x00, 0x03,
    0x40, 0x00, 0xD0, 0x02, 0xFF, 0xC0, 0x0D, 0x00, 0x03, 0x40, 0x00, 0xFF, 0xD0, 0x39, 0xBC, 0x0D,
    0x07, 0x03, 0x41, 0xC1, 0xE6, 0xF2, 0xFF, 0xE0, 0x00, 0x00, 0x00, 0x2F, 0xFE, 0x02, 0xFA, 0xFC,
    0x0B, 0x01, 0xE0, 0xB0, 0x0E, 0x0B, 0x29, 0xD0, 0xB1, 0xFC, 0x0B, 0xFF, 0x40, 0xB9, 0x74, 0x0B,
    0x01, 0x80, 0xB0, 0x00, 0x0F, 0x90, 0x07, 0xFF, 0x00, 0x7C, 0xBF, 0x06, 0xFE, 0xBC, 0x0E, 0x02,
    0xD0, 0xD0, 0x0E, 0x0D, 0x00, 0xE0, 0xD3, 0x4E, 0x0D, 0x0E, 0xC0, 0xFA, 0xF8, 0x0F, 0xFF, 0x00,
    0xD0, 0x18, 0x0D, 0x00, 0x02, 0xE4, 0x00, 0xBF, 0xC0, 0x00, 0x00, 0x00, 0x00, 0x00, 0x0C, 0x00,
    0x01, 0xC3, 0xFF, 0xFC, 0x1F, 0xAA, 0x80, 0xB0, 0x00, 0x0B, 0x00, 0x00, 0xB0, 0x00, 0x0B, 0x00,
    0x00, 0xB0, 0x00, 0x0B, 0x00, 0x00, 0xB0, 0x00, 0x0B, 0x00, 0x00, 0xF9, 0x00, 0x7F, 0xF0, 0x00,
    0x00, 0x00, 0x00, 0x06, 0x00, 0x0A, 0x7F, 0xFE, 0x1F, 0x00, 0x0F, 0x00, 0x0F, 0x00, 0x0F, 0x00,
    0x0F, 0x00, 0x0F, 0x00, 0x0F, 0x50, 0x3F, 0xF0, 0x3F, 0xFF, 0xC1, 0xFA, 0xBC, 0x0B, 0x01, 0xC0,
    0xB0, 0x0C, 0x0B, 0x00, 0x0B, 0xFF, 0x80, 0x0B, 0x00, 0x00, 0xB0, 0x00, 0x0B, 0x00, 0x00, 0xB0,
    0x00, 0x0F, 0x90, 0x07, 0xFF, 0x00, 0x7F, 0xFF, 0x0F, 0x0A, 0x0F, 0x06, 0x0F, 0x00, 0x7F, 0xF0,
    0x0F, 0x00, 0x0F, 0x00, 0x0F, 0x00, 0x3F, 0xE0, 0x3F, 0xFF, 0xC0, 0x7E, 0xAF, 0x00, 0xB0, 0x1C,
    0x02, 0xC0, 0x10, 0x0B, 0x00, 0x00, 0x2F, 0xFE, 0x00, 0xB5, 0xBF, 0x02, 0xC0, 0x3D, 0x0B, 0x00,
    0x78, 0x2C, 0x00, 0xE0, 0xF8, 0x03, 0x9F, 0xF8, 0x1D, 0x00, 0x00, 0xF0, 0x00, 0x1F, 0x00, 0x07,
    0xE0, 0x00, 0x7F, 0xFF, 0x00, 0xF0, 0x30, 0x0F, 0x01, 0x00, 0xF0, 0x00, 0x0F, 0xFE, 0x00, 0xF4,
    0x7C, 0x0F, 0x02, 0xD0, 0xF0, 0x1D, 0x3F, 0xC0, 0xD0, 0x00, 0x1D, 0x00, 0x02, 0xC0, 0x00, 0xB4,
    0x00, 0xBD, 0x00, 0x1D, 0x0B, 0xFC, 0x1E, 0x0B, 0xD0, 0xB8, 0x0F, 0x80, 0x2C, 0x1D, 0x0F, 0x00,
    0x03, 0x87, 0x47, 0x00, 0x00, 0x75, 0xE7, 0x80, 0x00, 0x0F, 0xFF, 0xC0, 0x00, 0x07, 0x1D, 0x38,
    0x00, 0x03, 0x87, 0x47, 0x40, 0x03, 0xC1, 0xD0, 0xF0, 0x02, 0xE0, 0x74, 0x1E, 0x01, 0xF0, 0x2E,
    0x42, 0xE1, 0xE0, 0x3F, 0xF0, 0x2E, 0x00, 0x00, 0x00, 0x03, 0xC0, 0x00, 0x00, 0x00, 0xB0, 0x00,
    0x00, 0x00, 0x18, 0x00, 0x00, 0x00, 0x00, 0x38, 0x3F, 0xC3, 0x82, 0xE0, 0xE0, 0xF8, 0x03, 0x0E,
    0x1C, 0x00, 0x2C, 0xE3, 0x00, 0x01, 0xFF, 0xF0, 0x00, 0x38, 0xE3, 0x80, 0x0B, 0x0E, 0x2D, 0x01,
    0xE0, 0xE0, 0xF0, 0x78, 0x3F, 0x83, 0xD0, 0x00, 0x00, 0x0D, 0x00, 0x00, 0x00, 0xD0, 0x00, 0x00,
    0x08, 0x0B, 0xFD, 0x02, 0xFA, 0xF4, 0x38, 0x07, 0x82, 0x40, 0x74, 0x00, 0x0F, 0x00, 0x2F, 0xE0,
    0x00, 0x6F, 0x80, 0x00, 0x3C, 0x20, 0x03, 0xC7, 0x80, 0x3C, 0x3F, 0xAF, 0x40, 0xBF, 0x80, 0x00,
    0x30, 0x00, 0x17, 0x00, 0x03, 0xE0, 0x00, 0x00, 0x00, 0x0B, 0xF4, 0x3E, 0xBC, 0x10, 0x2C, 0x00,
    0x74, 0x03, 0xF8, 0x00, 0x2D, 0x30, 0x1D, 0x7E, 0xBC, 0x1F, 0xE0, 0x00, 0xC0, 0x05, 0xC0, 0x0F,
    0x40, 0x3F, 0xE0, 0x78, 0x1F, 0x40, 0xF8, 0x0B, 0x03, 0x80, 0x0B, 0x07, 0x00, 0x0B, 0x0D, 0x00,
    0x0B, 0xFC, 0x00, 0x0B, 0x5E, 0x00, 0x0B, 0x0B, 0x40, 0x0B, 0x03, 0xC0, 0x0B, 0x02, 0xE0, 0x0F,
    0x80, 0xF8, 0x7F, 0xE0, 0x3E, 0x00, 0x00, 0x0F, 0x00, 0x00, 0x0A, 0x00, 0x00, 0x09, 0x00, 0x00,
    0x00, 0x7F, 0xC2, 0xC1, 0xF0, 0xB8, 0x0E, 0x0C, 0x00, 0xE3, 0x40, 0x0F, 0xF0, 0x00, 0xE3, 0xC0,
    0x0E, 0x0E, 0x01, 0xF4, 0xB4, 0x7F, 0xC2, 0xE0, 0x00, 0x0E, 0x00, 0x00, 0xA0, 0x00, 0x05, 0x3F,
    0xE0, 0x3C, 0x07, 0xD0, 0x2F, 0x00, 0xB0, 0x0C, 0x00, 0x2C, 0xCA, 0x00, 0x0B, 0x33, 0x00, 0x02,
    0xFF, 0xC0, 0x00, 0xB3, 0x74, 0x00, 0x2C, 0xCF, 0x00, 0x0B, 0x11, 0xE0, 0x02, 0xC0, 0x2D, 0x00,
    0xF4, 0x03, 0xD1, 0xFF, 0x80, 0x7C, 0x7F, 0x81, 0xD0, 0x7C, 0x0E, 0x40, 0xE4, 0xA0, 0x03, 0xA7,
    0x00, 0x0F, 0xFC, 0x00, 0x3B, 0xB8, 0x00, 0xE8, 0xB0, 0x03, 0xD0, 0xF0, 0x7F, 0xC1, 0xF0, 0x3F,
    0xE0, 0x78, 0x1F, 0x40, 0xF8, 0x0B, 0x03, 0x80, 0x7F, 0xE7, 0x00, 0x0B, 0x0D, 0x00, 0x0B, 0xFC,
    0x00, 0x0B, 0x1E, 0x00, 0x0B, 0x0B, 0x40, 0x0B, 0x03, 0xC0, 0x0B, 0x01, 0xE0, 0x0F, 0x80, 0xF8,
    0x7F, 0xE0, 0x2E, 0x7D, 0x00, 0x00, 0xD0, 0x00, 0x0D, 0x00, 0x0B, 0xFC, 0x78, 0x0D, 0x0E, 0x40,
    0xD3, 0x80, 0x0E, 0xB0, 0x00, 0xFF, 0x00, 0x0D, 0x78, 0x00, 0xD2, 0xD0, 0x1E, 0x0F, 0x0B, 0xF8,
    0x3C, 0x7F, 0xFE, 0x07, 0x87, 0xAF, 0x80, 0xF8, 0x70, 0x74, 0x28, 0x02, 0x07, 0x47, 0x00, 0x00,
    0x74, 0xD0, 0x00, 0x07, 0xFC, 0x00, 0x00, 0x74, 0xE0, 0x00, 0x07, 0x4B, 0x40, 0x00, 0x74, 0x3C,
    0x00, 0x07, 0x41, 0xE0, 0x00, 0xB8, 0x0B, 0x80, 0x3F, 0xE0, 0x2E, 0x7F, 0xF4, 0x74, 0x71, 0xD1,
    0xE4, 0x71, 0xC3, 0x40, 0x01, 0xDA, 0x00, 0x01, 0xFE, 0x00, 0x01, 0xC7, 0x40, 0x01, 0xC3, 0xC0,
    0x01, 0xD0, 0xF0, 0x0B, 0xF4, 0x78, 0x3F, 0xE0, 0x7F, 0xD1, 0xF4, 0x01, 0xF4, 0x0B, 0x00, 0x0F,
    0x00, 0xB0, 0x00, 0xF0, 0x0B, 0x00, 0x0F, 0x00, 0xBF, 0xFF, 0xF0, 0x0B, 0xAA, 0xAF, 0x00, 0xB0,
    0x00, 0xF0, 0x0B, 0x00, 0x0F, 0x00, 0xB0, 0x00, 0xF0, 0x0F, 0x80, 0x1F, 0x47, 0xFE, 0x07, 0xFE,
    0x00, 0x00, 0x00, 0xE0, 0x00, 0x00, 0x0D, 0x00, 0x00, 0x00, 0xD0, 0x00, 0x00, 0x00, 0x7F, 0xC3,
    0xFC, 0x1F, 0x01, 0xF0, 0x0F, 0x00, 0xE0, 0x0F, 0x00, 0xE0, 0x0F, 0xFF, 0xE0, 0x0F, 0x00, 0xE0,
    0x0F, 0x00, 0xE0, 0x0F, 0x41, 0xF4, 0x7F, 0xC3, 0xFD, 0x00, 0x00, 0x0D, 0x00, 0x00, 0x0C, 0x00,
    0x00, 0x0C, 0x3F, 0xE0, 0x7F, 0xFF, 0x1F, 0x40, 0x1F, 0xAF, 0x0B, 0x00, 0x0F, 0x0A, 0x0B, 0x00,
    0x0F, 0x05, 0x0B, 0x00, 0x0F, 0x00, 0x0B, 0xFF, 0xFF, 0x00, 0x0B, 0xAA, 0xAF, 0x00, 0x0B, 0x00,
    0x0F, 0x00, 0x0B, 0x00, 0x0F, 0x00, 0x0B, 0x00, 0x0F, 0x00, 0x0F, 0x80, 0x1F, 0x40, 0x7F, 0xE0,
    0x7F, 0xD0, 0x7F, 0xC3, 0xFF, 0xC7, 0xC0, 0x7E, 0xE0, 0xF0, 0x0E, 0x28, 0x3C, 0x03, 0x85, 0x0F,
    0xFF, 0xE0, 0x03, 0xC0, 0x38, 0x00, 0xF0, 0x0E, 0x00, 0x3D, 0x07, 0xD0, 0x7F, 0xC3, 0xFC, 0x00,
    0x3F, 0xFF, 0xFF, 0x40, 0x01, 0xFA, 0xAB, 0xD0, 0x00, 0x0B, 0x00, 0x3C, 0x00, 0x00, 0xB0, 0x03,
    0xC0, 0x00, 0x0B, 0x00, 0x3C, 0x00, 0x00, 0xB0, 0x03, 0xFF, 0x80, 0x0B, 0x00, 0x3D, 0x6F, 0x40,
    0xB0, 0x03, 0xC0, 0x7C, 0x0B, 0x00, 0x3C, 0x03, 0xC0, 0xB0, 0x03, 0xC0, 0x2C, 0x0F, 0x80, 0x7D,
    0x02, 0xC7, 0xFE, 0x1F, 0xF4, 0x3C, 0x00, 0x00, 0x00, 0x03, 0x80, 0x00, 0x00, 0x00, 0xF0, 0x00,
    0x00, 0x02, 0xFC, 0x00, 0x00, 0x00, 0x04, 0x00, 0x7F, 0xFF, 0xFC, 0x00, 0x0F, 0x01, 0xE0, 0x00,
    0x0F, 0x00, 0xE0, 0x00, 0x0F, 0x00, 0xEB, 0xE0, 0x0F, 0x00, 0xFE, 0xFC, 0x0F, 0x00, 0xE0, 0x3C,
    0x0F, 0x00, 0xE0, 0x1D, 0x0F, 0x00, 0xE0, 0x0E, 0x3F, 0xC3, 0xF8, 0x1D, 0x00, 0x00, 0x00, 0x1C,
    0x00, 0x00, 0x00, 0x3C, 0x00, 0x00, 0x00, 0xB4, 0x00, 0x00, 0x0B, 0xD0, 0x00, 0x7E, 0x00, 0x00,
    0x3F, 0xE0, 0x00, 0x0F, 0x81, 0xF8, 0x02, 0xE0, 0x7F, 0xF0, 0x3C, 0x0F, 0x0B, 0x03, 0x81, 0xD0,
    0x74, 0x38, 0x1D, 0x07, 0x43, 0xC0, 0xD0, 0x70, 0x3D, 0x0F, 0x0E, 0x01, 0xF0, 0x3A, 0x80, 0x0B,
    0xEB, 0xFA, 0x90, 0x1B, 0xFA, 0xF8, 0x02, 0xE0, 0x00, 0x38, 0x7E, 0x02, 0x87, 0xAD, 0x0D, 0x2C,
    0x38, 0x74, 0xE0, 0xE0, 0xD2, 0xC3, 0x43, 0xC3, 0x5C, 0x07, 0xDF, 0xE5, 0x07, 0xFB, 0xF0, 0x00,
    0xBF, 0xD0, 0x1F, 0xAB, 0x80, 0xF0, 0x0E, 0x0B, 0x40, 0x24, 0x3C, 0x00, 0x00, 0xF0, 0x00, 0x03,
    0x80, 0x00, 0x0F, 0x00, 0x00, 0x3C, 0x00, 0x00, 0xBC, 0x00, 0x00, 0xFE, 0xAB, 0x00, 0x7F, 0xE4,
    0x00, 0x1C, 0x00, 0x00, 0xB0, 0x00, 0x1F, 0x40, 0x00, 0x02, 0xF8, 0x03, 0xEF, 0xC3, 0xC0, 0xF0,
    0xE0, 0x00, 0x74, 0x00, 0x0E, 0x00, 0x03, 0xC0, 0x00, 0xBE, 0xAC, 0x07, 0xFD, 0x00, 0x28, 0x00,
    0x5E, 0x00, 0x1E, 0x00, 0x7F, 0xFF, 0xFD, 0xEA, 0xFA, 0xF7, 0x03, 0x81, 0xC8, 0x0E, 0x05, 0x00,
    0x38, 0x00, 0x00, 0xE0, 0x00, 0x03, 0x80, 0x00, 0x0E, 0x00, 0x00, 0x38, 0x00, 0x00, 0xE0, 0x00,
    0x0B, 0xD0, 0x00, 0xFF, 0xD0, 0x00, 0x07, 0x40, 0x00, 0x0C, 0x00, 0x00, 0x30, 0x00, 0x7F, 0xFF,
    0xDE, 0xBE, 0xF7, 0x0E, 0x1C, 0x83, 0x81, 0x00, 0xE0, 0x00, 0x38, 0x00, 0x0E, 0x00, 0x07, 0xD0,
    0x0F, 0xFD, 0x00, 0x03, 0x40, 0x00, 0xC0, 0x00, 0x20, 0xFF, 0xC3, 0xFD, 0x2F, 0x00, 0xB4, 0x0F,
    0x00, 0xE0, 0x03, 0x82, 0xC0, 0x02, 0xC3, 0x40, 0x00, 0xFB, 0x00, 0x00, 0x7C, 0x00, 0x00, 0x3C,
    0x00, 0x00, 0x3C, 0x00, 0x00, 0x3C, 0x00, 0x00, 0x7D, 0x00, 0x03, 0xFF, 0x80, 0xBF, 0x8B, 0xF0,
    0xF4, 0x0B, 0x41, 0xD0, 0x3C, 0x03, 0xC0, 0xD0, 0x0B, 0x4B, 0x00, 0x0E, 0x34, 0x00, 0x2E, 0xC0,
    0x00, 0x7D, 0x00, 0x00, 0xF0, 0x00, 0x02, 0xC0, 0x00, 0x0B, 0x00, 0x00, 0x3D, 0x00, 0x03, 0xFC,
    0x00, 0xFF, 0xC3, 0xFD, 0x2F, 0x00, 0xF4, 0x0F, 0x00, 0xE0, 0x07, 0x81, 0xC0, 0x03, 0xC3, 0x80,
    0x00, 0xE7, 0x00, 0x00, 0xBD, 0x00, 0x07, 0xFF, 0xD0, 0x00, 0x3C, 0x00, 0x00, 0x3C, 0x00, 0x00,
    0x7D, 0x00, 0x03, 0xFF, 0x80, 0xBF, 0x8B, 0xF0, 0xF4, 0x0B, 0x41, 0xD0, 0x3C, 0x03, 0xC0, 0xD0,
    0x07, 0x0B, 0x00, 0x0E, 0x34, 0x00, 0x2E, 0xC0, 0x00, 0x3D, 0x00, 0x0B, 0xFF, 0x00, 0x02, 0xC0,
    0x00, 0x0B, 0x00, 0x00, 0x3D, 0x00, 0x03, 0xFC, 0x00, 0x7F, 0xE1, 0xFF, 0x07, 0xD0, 0x2E, 0x00,
    0x7C, 0x0E, 0x00, 0x0B, 0x8F, 0x00, 0x00, 0xFF, 0x00, 0x00, 0x0F, 0x40, 0x00, 0x07, 0xF0, 0x00,
    0x03, 0xAE, 0x00, 0x03, 0xC3, 0xD0, 0x02, 0xC0, 0x3C, 0x02, 0xE0, 0x0B, 0xD3, 0xFE, 0x0F, 0xFC,
    0x00, 0x00, 0x0B, 0x00, 0x00, 0x01, 0xC0, 0x00, 0x00, 0x30, 0x00, 0x00, 0x04, 0x7F, 0x8F, 0xE2,
    0xE0, 0x38, 0x0B, 0x4E, 0x00, 0x2E, 0x80, 0x00, 0xF0, 0x00, 0x2F, 0xC0, 0x07, 0x0F, 0x01, 0xE0,
    0x79, 0xBF, 0x1F, 0xF0, 0x00, 0x0B, 0x00, 0x00, 0xA0, 0x00, 0x06, 0x7F, 0xFF, 0x8F, 0xF9, 0xEB,
    0xED, 0x0F, 0x87, 0x1D, 0x34, 0x2C, 0x08, 0x74, 0x80, 0xB0, 0x01, 0xD0, 0x02, 0xC0, 0x07, 0x40,
    0x0B, 0x00, 0x1D, 0x00, 0x2C, 0x00, 0x74, 0x00, 0xB0, 0x01, 0xD0, 0x02, 0xC0, 0x07, 0x40, 0x0B,
    0x00, 0x2F, 0xAA, 0xBE, 0x43, 0xFF, 0xFF, 0xFF, 0x00, 0x00, 0x00, 0x3C, 0x00, 0x00, 0x00, 0xA0,
    0x00, 0x00, 0x02, 0x80, 0x00, 0x00, 0x00, 0x7F, 0xFE, 0x7F, 0x5D, 0xF7, 0x4B, 0x06, 0x3C, 0x92,
    0xC0, 0x0F, 0x00, 0xB0, 0x03, 0xC0, 0x2C, 0x00, 0xF0, 0x0B, 0x00, 0x3C, 0x02, 0xC0, 0x0F, 0x00,
    0xB4, 0x0F, 0xFF, 0xFF, 0xC0, 0x00, 0x00, 0xF0, 0x00, 0x00, 0x28, 0x00, 0x00, 0x05, 0xBF, 0xC7,
    0xFD, 0x2F, 0x01, 0xF4, 0x0E, 0x00, 0xF0, 0x0E, 0x00, 0xF0, 0x0E, 0x00, 0xF0, 0x0F, 0x00, 0xF0,
    0x0B, 0xEA, 0xF0, 0x02, 0xFF, 0xF0, 0x00, 0x00, 0xF0, 0x00, 0x00, 0xF0, 0x00, 0x01, 0xF4, 0x00,
    0x0F, 0xFE, 0x00, 0x00, 0x0E, 0x00, 0x00, 0x0D, 0x00, 0x00, 0x0C, 0x00, 0x00, 0x04, 0xFF, 0x1F,
    0xE0, 0xB0, 0x1D, 0x02, 0xC0, 0x74, 0x07, 0x01, 0xD0, 0x0E, 0x0B, 0x40, 0x1F, 0xFD, 0x00, 0x00,
    0x74, 0x00, 0x01, 0xD0, 0x00, 0x3F, 0xF0, 0x00, 0x02, 0xC0, 0x00, 0x07, 0x00, 0x00, 0x08, 0xBF,
    0xC7, 0xFD, 0x2F, 0x01, 0xF4, 0x0E, 0x00, 0xF0, 0x0E, 0x00, 0xF0, 0x0E, 0x00, 0xF0, 0x0F, 0x28,
    0xF0, 0x0B, 0xFE, 0xF0, 0x02, 0xFF, 0xF0, 0x00, 0x28, 0xF0, 0x00, 0x14, 0xF0, 0x00, 0x01, 0xF4,
    0x00, 0x0F, 0xFD, 0xFF, 0x1F, 0xE2, 0xC0, 0x74, 0x2C, 0x07, 0x41, 0xC4, 0x74, 0x0E, 0x9B, 0x40,
    0x7F, 0xF4, 0x00, 0x97, 0x40, 0x00, 0x74, 0x00, 0x3F, 0xE0, 0x3F, 0xE0, 0x00, 0x1F, 0x40, 0x00,
    0x0B, 0x00, 0x00, 0x0B, 0x00, 0x00, 0x0B, 0xBF, 0x80, 0x0B, 0xEB, 0xF0, 0x0B, 0x00, 0xB4, 0x0B,
    0x00, 0x74, 0x0B, 0x00, 0x74, 0x0B, 0x00, 0x74, 0x0F, 0x80, 0xB8, 0x7F, 0xD2, 0xFE, 0x6E, 0x00,
    0x01, 0xB8, 0x00, 0x00, 0xE0, 0x00, 0x03, 0x80, 0x00, 0x0E, 0x7F, 0x40, 0x3F, 0xAF, 0x00, 0xF0,
    0x1D, 0x03, 0x80, 0x74, 0x0E, 0x01, 0xD0, 0x38, 0x07, 0x40, 0xE0, 0x1D, 0x07, 0xD0, 0xB9, 0xBF,
    0xC7, 0xFC, 0x00, 0x0B, 0xF8, 0x00, 0x07, 0xEB, 0xF0, 0x10, 0xF0, 0x07, 0xC7, 0x2D, 0x00, 0x3C,
    0xB3, 0xC0, 0x03, 0xC7, 0xFF, 0xFF, 0xFC, 0x17, 0xEA, 0xAA, 0x40, 0x3C, 0x00, 0x00, 0x02, 0xD0,
    0x00, 0x00, 0x1F, 0x00, 0x00, 0x00, 0xBF, 0xAB, 0x80, 0x01, 0xBF, 0xD0, 0x00, 0x7F, 0x80, 0x07,
    0xEF, 0x46, 0x38, 0x0F, 0x2E, 0xE5, 0x7C, 0x3F, 0xFF, 0xF0, 0x1D, 0x00, 0x00, 0x38, 0x00, 0x00,
    0xFE, 0xA8, 0x00, 0xBF, 0x80, 0x00, 0x0B, 0xF8, 0x00, 0x07, 0xEB, 0xF0, 0x00, 0xF0, 0x07, 0xC3,
    0x2D, 0x00, 0x3C, 0xB3, 0xC0, 0x03, 0xC7, 0xFF, 0xFF, 0xFC, 0x17, 0xEA, 0xAA, 0x40, 0x3C, 0x00,
    0x00, 0x02, 0xD0, 0x00, 0x00, 0x1F, 0x00, 0x00, 0x00, 0xBF, 0xAB, 0x80, 0x01, 0xFF, 0xD0, 0x00,
    0x01, 0xC0, 0x00, 0x00, 0x1C, 0x00, 0x00, 0x00, 0xC0, 0x00, 0x00, 0x00, 0x00, 0x00, 0x7F, 0x80,
    0x07, 0xEF, 0x46, 0x38, 0x0F, 0x2E, 0xE5, 0x7C, 0x3F, 0xFF, 0xF0, 0x1D, 0x00, 0x00, 0x38, 0x00,
    0x00, 0xFE, 0xA8, 0x00, 0xBF, 0xC0, 0x00, 0x34, 0x00, 0x00, 0xC0, 0x00, 0x03, 0x00, 0x3F, 0xE1,
    0xF4, 0x0B, 0x00, 0xB0, 0x0B, 0x00, 0xB0, 0x0B, 0x00, 0xB0, 0x0B, 0x00, 0xB0, 0x0F, 0x87, 0xFE,
    0x00, 0x1C, 0x0E, 0x00, 0x00, 0x07, 0x47, 0x40, 0x00, 0x00, 0x7F, 0x80, 0x00, 0x00, 0x00, 0x00,
    0x00, 0x1D, 0x0B, 0xFC, 0x1E, 0x0B, 0xD0, 0xB8, 0x0F, 0x80, 0x2C, 0x1D, 0x0B, 0x00, 0x03, 0x47,
    0x47, 0x00, 0x00, 0x71, 0xD3, 0x40, 0x00, 0x0F, 0xFF, 0xC0, 0x00, 0x0B, 0x5E, 0x78, 0x00, 0x03,
    0x87, 0x4B, 0x40, 0x03, 0xC1, 0xD0, 0xF0, 0x02, 0xE0, 0x74, 0x1F, 0x01, 0xF0, 0x2E, 0x42, 0xE1,
    0xE0, 0x3F, 0xF0, 0x2E, 0x00, 0xD0, 0xA0, 0x00, 0x0E, 0x0E, 0x00, 0x00, 0x3F, 0x80, 0x00, 0x00,
    0x00, 0x00, 0x38, 0x3F, 0xC3, 0x82, 0xE0, 0xE0, 0xF8, 0x03, 0x0E, 0x1C, 0x00, 0x2C, 0xE3, 0x00,
    0x01, 0xFF, 0xF0, 0x00, 0x38, 0xE3, 0x80, 0x0B, 0x0E, 0x1D, 0x01, 0xE0, 0xE0, 0xF0, 0x78, 0x3F,
    0x83, 0xC0, 0x3F, 0xE0, 0x3C, 0x1F, 0x40, 0xFC, 0x0B, 0x03, 0xC0, 0x0B, 0x0B, 0x00, 0x0B, 0x1C,
    0x00, 0x0B, 0xFF, 0x80, 0x0B, 0xAB, 0xF0, 0x0B, 0x00, 0xF4, 0x0B, 0x00, 0x3C, 0x0B, 0x00, 0x3C,
    0x0F, 0x80, 0x38, 0x7F, 0xE0, 0x74, 0x00, 0x00, 0xF0, 0x00, 0x07, 0xC0, 0x00, 0xBE, 0x00, 0x7F,
    0x82, 0xC0, 0xE0, 0xB8, 0x0E, 0x1C, 0x00, 0xE3, 0x40, 0x0F, 0xFE, 0x00, 0xF1, 0xB8, 0x0E, 0x03,
    0xC0, 0xE0, 0x2C, 0x3F, 0xC2, 0xC0, 0x00, 0x2C, 0x00, 0x03, 0x80, 0x01, 0xF0, 0x00, 0xF8, 0x00,
    0x07, 0xFF, 0xFF, 0x01, 0xFA, 0xF8, 0x00, 0xA0, 0x74, 0x00, 0xA0, 0x74, 0x00, 0xE0, 0x74, 0x00,
    0xD0, 0x74, 0x00, 0xC0, 0x74, 0x01, 0xC0, 0x74, 0x03, 0x80, 0x74, 0x07, 0x40, 0x74, 0xBE, 0x00,
    0xB9, 0xB8, 0x03, 0xFF, 0x00, 0x00, 0x0E, 0x00, 0x00, 0x1C, 0x00, 0x00, 0x28, 0x00, 0x00, 0x10,
    0x0F, 0xFF, 0xF0, 0x1F, 0xAE, 0x00, 0x28, 0x34, 0x00, 0x90, 0xD0, 0x03, 0x43, 0x40, 0x0C, 0x0D,
    0x00, 0x70, 0x34, 0x2B, 0x41, 0xE0, 0xB4, 0x2F, 0xF0, 0x00, 0x03, 0x80, 0x00, 0x0C, 0x00, 0x00,
    0x60, 0x3F, 0xE0, 0x7F, 0xD1, 0xF4, 0x01, 0xF4, 0x0B, 0x00, 0x0F, 0x00, 0xB0, 0x00, 0xF0, 0x0B,
    0x00, 0x0F, 0x00, 0xBF, 0xFF, 0xF0, 0x0B, 0xAA, 0xAF, 0x00, 0xB0, 0x00, 0xF0, 0x0B, 0x00, 0x0F,
    0x00, 0xB0, 0x00, 0xF0, 0x0F, 0x80, 0x0F, 0x07, 0xFE, 0x00, 0xF0, 0x00, 0x00, 0x2D, 0x00, 0x00,
    0xAF, 0xC0, 0x00, 0x0B, 0xE0, 0x00, 0x7F, 0xC3, 0xFC, 0x1F, 0x01, 0xF0, 0x0F, 0x00, 0xE0, 0x0F,
    0x00, 0xE0, 0x0F, 0xFF, 0xE0, 0x0F, 0x00, 0xE0, 0x0F, 0x00, 0xE0, 0x1F, 0x40, 0xE0, 0x7F, 0xC0,
    0xE0, 0x00, 0x00, 0xE0, 0x00, 0x02, 0xC0, 0x00, 0x0B, 0x80, 0x00, 0x7E, 0x00, 0x3F, 0xE0, 0x7F,
    0xD1, 0xF4, 0x01, 0xF4, 0x0B, 0x00, 0x0F, 0x00, 0xB0, 0x00, 0xF0, 0x0B, 0x00, 0x0F, 0x00, 0xBF,
    0xFF, 0xF0, 0x0B, 0xAA, 0xAF, 0x00, 0xB0, 0x00, 0xF0, 0x0B, 0x00, 0x0F, 0x00, 0xB0, 0x00, 0xF0,
    0x0F, 0x80, 0x1F, 0x47, 0xFE, 0x07, 0xFD, 0x00, 0x00, 0x01, 0xC0, 0x00, 0x00, 0x28, 0x00, 0x00,
    0x03, 0x00, 0x00, 0x00, 0x10, 0x7F, 0xC3, 0xFC, 0x1F, 0x01, 0xF0, 0x0F, 0x00, 0xE0, 0x0F, 0x00,
    0xE0, 0x0F, 0xFF, 0xE0, 0x0F, 0x00, 0xE0, 0x0F, 0x00, 0xE0, 0x0F, 0x41, 0xF4, 0x7F, 0xC3, 0xFC,
    0x00, 0x00, 0x2C, 0x00, 0x00, 0x34, 0x00, 0x00, 0x20, 0xBF, 0xC7, 0xFD, 0x2F, 0x01, 0xF4, 0x0E,
    0x00, 0xF0, 0x0E, 0x00, 0xF0, 0x0E, 0x00, 0xF0, 0x0F, 0x00, 0xF0, 0x0B, 0xEA, 0xF0, 0x02, 0xFF,
    0xF0, 0x00, 0x00, 0xF0, 0x00, 0x00, 0xF0, 0x00, 0x01, 0xF4, 0x00, 0x0F, 0xFD, 0x00, 0x0F, 0x00,
    0x00, 0x0E, 0x00, 0x00, 0x09, 0x00, 0x00, 0x00, 0x00, 0xFF, 0x1F, 0xE2, 0xC0, 0x74, 0x2C, 0x07,
    0x41, 0xC0, 0x74, 0x0E, 0x0B, 0x40, 0x7F, 0xF4, 0x00, 0x07, 0x40, 0x00, 0x74, 0x00, 0x3F, 0xE0,
    0x03, 0x80, 0x00, 0x34, 0x00, 0x02, 0x40, 0x3F, 0xC0, 0x0B, 0xF0, 0x0B, 0xD0, 0x0F, 0xC0, 0x0B,
    0xE0, 0x1F, 0xC0, 0x0A, 0xB0, 0x2A, 0xC0, 0x0A, 0x74, 0x32, 0xC0, 0x0E, 0x38, 0x72, 0xC0, 0x0D,
    0x2C, 0xA1, 0xC0, 0x0D, 0x0D, 0xC1, 0xD0, 0x0D, 0x0F, 0xC0, 0xD0, 0x0C, 0x07, 0x40, 0xD0, 0x2E,
    0x02, 0x01, 0xF4, 0xFF, 0x80, 0x0B, 0xFC, 0x00, 0x00, 0x00, 0x38, 0x00, 0x00, 0x00, 0x70, 0x00,
    0x00, 0x00, 0xA0, 0x00, 0x00, 0x00, 0x40, 0x3F, 0x40, 0x3F, 0x03, 0xF0, 0x2F, 0x00, 0xEC, 0x0E,
    0xC0, 0x37, 0x86, 0x70, 0x0D, 0x73, 0x1C, 0x03, 0x4F, 0xC7, 0x00, 0xD2, 0xD1, 0xC0, 0x34, 0x20,
    0x70, 0x3F, 0x80, 0xBF, 0x80, 0x00, 0x01, 0xD0, 0x00, 0x00, 0xA0, 0x00, 0x00, 0x20, 0xBF, 0xC2,
    0xF0, 0x0E, 0x00, 0xE0, 0x0E, 0x00, 0xE0, 0x0E, 0x00, 0xE0, 0x0E, 0x00, 0xE0, 0x0E, 0x01, 0xF4,
    0xBF, 0xC0, 0x03, 0x81, 0xC0, 0x00, 0xF0, 0xB0, 0x00, 0x0B, 0xF0, 0x00, 0x00, 0x00, 0x00, 0x00,
    0x1D, 0x00, 0x00, 0x0F, 0xC0, 0x00, 0x07, 0xB0, 0x00, 0x02, 0x8E, 0x00, 0x00, 0xC3, 0xC0, 0x00,
    0xB0, 0x74, 0x00, 0x3E, 0xAE, 0x00, 0x1F, 0xFF, 0xC0, 0x0E, 0x00, 0x74, 0x07, 0x40, 0x0F, 0x03,
    0xD0, 0x07, 0xD3, 0xFD, 0x07, 0xFD, 0x1C, 0x0C, 0x01, 0xD2, 0xC0, 0x0B, 0xF4, 0x00, 0x00, 0x00,
    0x07, 0xF8, 0x02, 0xFB, 0xD0, 0x28, 0x1D, 0x00, 0x00, 0xE0, 0x06, 0xFE, 0x03, 0xD5, 0xE0, 0x38,
    0x0E, 0x03, 0xEB, 0xF8, 0x1F, 0xD7, 0x80, 0x00, 0x00, 0x00, 0x00, 0xF4, 0xF0, 0x00, 0x2C, 0x3C,
    0x00, 0x00, 0x00, 0x00, 0x00, 0x1D, 0x00, 0x00, 0x0F, 0xC0, 0x00, 0x07, 0xB0, 0x00, 0x02, 0x8E,
    0x00, 0x00, 0xC3, 0xC0, 0x00, 0xB0, 0x74, 0x00, 0x3E, 0xAE, 0x00, 0x1F, 0xFF, 0xC0, 0x0E, 0x00,
    0x74, 0x07, 0x40, 0x0F, 0x03, 0xD0, 0x07, 0xD3, 0xFD, 0x07, 0xFD, 0x00, 0x00, 0x01, 0xE3, 0xC0,
    0x1D, 0x2C, 0x00, 0x00, 0x00, 0x00, 0x00, 0x00, 0x7F, 0x80, 0x2F, 0xBD, 0x02, 0x81, 0xD0, 0x00,
    0x0E, 0x00, 0x6F, 0xE0, 0x3D, 0x5E, 0x03, 0x80, 0xE0, 0x3E, 0xBF, 0x81, 0xFD, 0x78, 0x00, 0x07,
    0xFF, 0xFE, 0x00, 0x00, 0xBF, 0xAB, 0xC0, 0x00, 0x37, 0x80, 0x60, 0x00, 0x28, 0xE0, 0x00, 0x00,
    0x0C, 0x38, 0x00, 0x00, 0x09, 0x0F, 0xFE, 0x00, 0x07, 0xAB, 0xEA, 0x40, 0x03, 0xFF, 0xE0, 0x00,
    0x02, 0xC0, 0x38, 0x02, 0x00, 0xD0, 0x0E, 0x00, 0xC0, 0xF4, 0x07, 0xEA, 0xF0, 0xFF, 0x4B, 0xFF,
    0xFC, 0x07, 0xF4, 0xBE, 0x02, 0xFB, 0xFE, 0xF8, 0x2C, 0x1F, 0x03, 0xC0, 0x00, 0xE1, 0x7C, 0x06,
    0xFF, 0xFF, 0xC2, 0xE5, 0xE0, 0x00, 0x38, 0x0F, 0x00, 0x03, 0xEB, 0xFE, 0xAC, 0x1F, 0xD1, 0xFF,
    0x40, 0x0B, 0x03, 0x40, 0x2C, 0x1D, 0x00, 0x2F, 0xD0, 0x00, 0x00, 0x00, 0x3F, 0xFF, 0xE0, 0x7E,
    0xAB, 0x80, 0xB0, 0x0A, 0x02, 0xC0, 0x00, 0x0B, 0x00, 0x00, 0x2F, 0xFE, 0x00, 0xBA, 0xA4, 0x02,
    0xC0, 0x00, 0x0B, 0x00, 0x20, 0x2C, 0x01, 0xC0, 0xFA, 0xAF, 0x0F, 0xFF, 0xF8, 0x0C, 0x0D, 0x03,
    0x87, 0x40, 0x7F, 0x80, 0x00, 0x00, 0x07, 0xF8, 0x07, 0xEF, 0x83, 0xC0, 0xB0, 0xE5, 0x6C, 0x7F,
    0xFF, 0x1D, 0x00, 0x03, 0xC0, 0x00, 0xBE, 0xAC, 0x07, 0xFD, 0x00, 0x02, 0xFE, 0x00, 0x7E, 0xBF,
    0x43, 0x80, 0x1F, 0x00, 0x00, 0x2D, 0x00, 0x00, 0x38, 0xAA, 0xAA, 0xF3, 0xFF, 0xFF, 0x8E, 0x00,
    0x1E, 0x38, 0x00, 0xB4, 0xF0, 0x07, 0xC1, 0xFA, 0xFC, 0x01, 0xBF, 0x80, 0x0B, 0xF4, 0x0F, 0xAF,
    0x41, 0x00, 0xF0, 0x00, 0x2C, 0x3F, 0xFF, 0x1E, 0xAB, 0xC3, 0x80, 0xF0, 0xFA, 0xF4, 0x0B, 0xF4,
    0x00, 0x00, 0x00, 0x00, 0x1E, 0x2D, 0x00, 0x38, 0x74, 0x00, 0x00, 0x00, 0x02, 0xFE, 0x00, 0x7E,
    0xBF, 0x43, 0x80, 0x1F, 0x00, 0x00, 0x2D, 0x00, 0x00, 0x38, 0xAA, 0xAA, 0xF3, 0xFF, 0xFF, 0x8E,
    0x00, 0x1E, 0x38, 0x00, 0xB4, 0xF0, 0x07, 0xC1, 0xFA, 0xFC, 0x01, 0xBF, 0x80, 0x00, 0x00, 0x0B,
    0x4F, 0x02, 0xC3, 0xC0, 0x00, 0x00, 0x00, 0x00, 0x02, 0xFD, 0x03, 0xEB, 0xD0, 0x40, 0x3C, 0x00,
    0x0B, 0x0F, 0xFF, 0xC7, 0xAA, 0xF0, 0xE0, 0x3C, 0x3E, 0xBD, 0x02, 0xFD, 0x00, 0x00, 0x00, 0x00,
    0x00, 0x00, 0x07, 0xCB, 0x40, 0x00, 0x00, 0xE1, 0xD0, 0x00, 0x00, 0x00, 0x00, 0x00, 0x1D, 0x0B,
    0xFC, 0x1E, 0x0B, 0xD0, 0xB8, 0x0F, 0x80, 0x2C, 0x1D, 0x0B, 0x00, 0x03, 0x47, 0x47, 0x00, 0x00,
    0x71, 0xD3, 0x40, 0x00, 0x0F, 0xFF, 0xC0, 0x00, 0x0B, 0x5E, 0x78, 0x00, 0x03, 0x87, 0x4B, 0x40,
    0x03, 0xC1, 0xD0, 0xF0, 0x02, 0xE0, 0x74, 0x1F, 0x01, 0xF0, 0x2E, 0x42, 0xE1, 0xE0, 0x3F, 0xF0,
    0x2E, 0x00, 0x00, 0x00, 0x00, 0x0F, 0x1E, 0x00, 0x00, 0xF0, 0xD0, 0x00, 0x00, 0x00, 0x00, 0x00,
    0x00, 0x00, 0x03, 0x83, 0xFC, 0x38, 0x2E, 0x0E, 0x0F, 0x80, 0x30, 0xE1, 0xC0, 0x02, 0xCE, 0x30,
    0x00, 0x1F, 0xFF, 0x00, 0x03, 0x8E, 0x38, 0x00, 0xB0, 0xE1, 0xD0, 0x1E, 0x0E, 0x0F, 0x07, 0x83,
    0xF8, 0x3C, 0x00, 0x00, 0x00, 0xF1, 0xF0, 0x0F, 0x0E, 0x00, 0x00, 0x00, 0x0B, 0xFD, 0x02, 0xFA,
    0xF4, 0x38, 0x07, 0x82, 0x40, 0x74, 0x00, 0x0F, 0x00, 0x2F, 0xE0, 0x00, 0x6F, 0x80, 0x00, 0x3C,
    0x20, 0x03, 0xC7, 0x80, 0x3C, 0x3F, 0xAF, 0x40, 0xBF, 0x80, 0x00, 0x00, 0x3C, 0x78, 0x3C, 0x38,
    0x00, 0x00, 0x00, 0x00, 0x0B, 0xF4, 0x3E, 0xBC, 0x10, 0x2C, 0x00, 0x74, 0x03, 0xF8, 0x00, 0x2D,
    0x30, 0x1D, 0x7E, 0xBC, 0x1F, 0xE0, 0x3F, 0xFF, 0xC3, 0xEA, 0xB8, 0x34, 0x0E, 0x01, 0x03, 0x80,
    0x00, 0xF0, 0x00, 0x2F, 0xE0, 0x00, 0x6F, 0x40, 0x00, 0x3C, 0x00, 0x03, 0xC7, 0x00, 0x78, 0x7E,
    0xAF, 0x01, 0xBF, 0x80, 0x3F, 0xFE, 0x7A, 0xBE, 0x60, 0x38, 0x00, 0xE0, 0x03, 0x80, 0x0B, 0xE0,
    0x06, 0xFC, 0x00, 0x2E, 0x00, 0x0E, 0x00, 0x0E, 0x60, 0x1D, 0xBE, 0xFC, 0x2F, 0xD0, 0x00, 0x15,
    0x50, 0x00, 0x0B, 0xFE, 0x00, 0x00, 0x00, 0x00, 0x03, 0xFE, 0x07, 0xFD, 0x1F, 0x40, 0x1F, 0x40,
    0xB0, 0x00, 0xF0, 0x0B, 0x00, 0x7F, 0x00, 0xB0, 0x1E, 0xF0, 0x0B, 0x07, 0x8F, 0x00, 0xB1, 0xD0,
    0xF0, 0x0B, 0xB4, 0x0F, 0x00, 0xBD, 0x00, 0xF0, 0x0B, 0x40, 0x0F, 0x00, 0xF4, 0x01, 0xF4, 0x7F,
    0xE0, 0x7F, 0xD0, 0x01, 0x55, 0x00, 0x03, 0xFF, 0x40, 0x00, 0x00, 0x00, 0x00, 0x00, 0x00, 0x7F,
    0x83, 0xFC, 0x0E, 0x00, 0xE0, 0x0E, 0x02, 0xE0, 0x0E, 0x0F, 0xE0, 0x0E, 0x38, 0xE0, 0x0F, 0xE0,
    0xE0, 0x0F, 0x80, 0xE0, 0x0F, 0x00, 0xE0, 0x3F, 0xC3, 0xFC, 0x00, 0x00, 0x00, 0x00, 0x0F, 0x0F,
    0x00, 0x00, 0xB0, 0xF0, 0x00, 0x00, 0x00, 0x00, 0x3F, 0xE0, 0x7F, 0xD1, 0xF4, 0x01, 0xF4, 0x0B,
    0x00, 0x0F, 0x00, 0xB0, 0x07, 0xF0, 0x0B, 0x01, 0xEF, 0x00, 0xB0, 0x78, 0xF0, 0x0B, 0x1D, 0x0F,
    0x00, 0xBB, 0x40, 0xF0, 0x0B, 0xD0, 0x0F, 0x00, 0xB4, 0x00, 0xF0, 0x0F, 0x40, 0x1F, 0x47, 0xFE,
    0x07, 0xFD, 0x00, 0x00, 0x00, 0x03, 0xC7, 0x80, 0x03, 0xC3, 0x80, 0x00, 0x00, 0x00, 0x00, 0x00,
    0x00, 0x7F, 0x83, 0xFC, 0x0E, 0x00, 0xE0, 0x0E, 0x02, 0xE0, 0x0E, 0x0F, 0xE0, 0x0E, 0x38, 0xE0,
    0x0F, 0xE0, 0xE0, 0x0F, 0x80, 0xE0, 0x0F, 0x00, 0xE0, 0x3F, 0xC3, 0xFC, 0x00, 0x00, 0x00, 0x00,
    0x7C, 0xB4, 0x00, 0x0E, 0x1D, 0x00, 0x00, 0x00, 0x00, 0x00, 0xBF, 0xD0, 0x01, 0xFA, 0xBF, 0x00,
    0xF0, 0x03, 0xE0, 0xB4, 0x00, 0x3C, 0x3C, 0x00, 0x0B, 0x4F, 0x00, 0x02, 0xD3, 0xC0, 0x00, 0xB4,
    0xF0, 0x00, 0x2C, 0x3D, 0x00, 0x0F, 0x07, 0xC0, 0x0F, 0x40, 0xBE, 0xAF, 0x80, 0x06, 0xFE, 0x00,
    0x00, 0x00, 0x00, 0xF0, 0xF0, 0x0B, 0x0E, 0x00, 0x00, 0x00, 0x00, 0x00, 0x00, 0x2F, 0xD0, 0x0F,
    0xAF, 0x83, 0xC0, 0x3C, 0x38, 0x02, 0xD7, 0x80, 0x1D, 0x38, 0x01, 0xD3, 0xC0, 0x3C, 0x2F, 0xAF,
    0x40, 0x7F, 0x80, 0x00, 0xBF, 0xD0, 0x01, 0xFA, 0xBF, 0x00, 0xF0, 0x02, 0xE0, 0xB0, 0x00, 0x3C,
    0x3C, 0x00, 0x0B, 0x4F, 0xFF, 0xFF, 0xD3, 0xEA, 0xAA, 0xF4, 0xF0, 0x00, 0x2C, 0x3C, 0x00, 0x0F,
    0x07, 0xC0, 0x0F, 0x40, 0xBE, 0xAF, 0x80, 0x06, 0xFE, 0x00, 0x02, 0xFD, 0x00, 0xFA, 0xF8, 0x3C,
    0x03, 0xC3, 0x80, 0x1D, 0x7F, 0xFF, 0xD3, 0x80, 0x1D, 0x3C, 0x02, 0xC2, 0xFA, 0xF4, 0x07, 0xF8,
    0x00, 0x00, 0x00, 0x00, 0x00, 0x7C, 0xB4, 0x00, 0x0E, 0x1D, 0x00, 0x00, 0x00, 0x00, 0x00, 0xBF,
    0xD0, 0x01, 0xFA, 0xBF, 0x00, 0xF0, 0x02, 0xE0, 0xB0, 0x00, 0x3C, 0x3C, 0x00, 0x0B, 0x4F, 0xFF,
    0xFF, 0xD3, 0xEA, 0xAA, 0xF4, 0xF0, 0x00, 0x2C, 0x3C, 0x00, 0x0F, 0x07, 0xC0, 0x0F, 0x40, 0xBE,
    0xAF, 0x80, 0x06, 0xFE, 0x00, 0x00, 0x00, 0x00, 0xF0, 0xF0, 0x0B, 0x0E, 0x00, 0x00, 0x00, 0x00,
    0x00, 0x00, 0x2F, 0xD0, 0x0F, 0xAF, 0x83, 0xC0, 0x3C, 0x38, 0x01, 0xD7, 0xFF, 0xFD, 0x38, 0x01,
    0xD3, 0xC0, 0x2C, 0x2F, 0xAF, 0x40, 0x7F, 0x80, 0x00, 0x00, 0x00, 0x3C, 0x3C, 0x00, 0xF0, 0xE0,
    0x00, 0x00, 0x00, 0x0B, 0xFE, 0x00, 0xBE, 0xBF, 0x02, 0xC0, 0x2F, 0x0A, 0x00, 0x3C, 0x00, 0x00,
    0xB4, 0x06, 0xAA, 0xE0, 0x1F, 0xFF, 0x80, 0x00, 0x1D, 0x10, 0x00, 0xF0, 0xE0, 0x0B, 0x83, 0xFA,
    0xF8, 0x02, 0xFE, 0x40, 0x00, 0x00, 0x0F, 0x0F, 0x02, 0xC3, 0x80, 0x00, 0x00, 0x00, 0x00, 0x02,
    0xFD, 0x03, 0xEB, 0xD0, 0x40, 0x3C, 0x00, 0x0F, 0x00, 0xFF, 0xC0, 0x14, 0xF0, 0xC0, 0x38, 0x7E,
    0xBC, 0x07, 0xF8, 0x00, 0x00, 0x55, 0x40, 0x00, 0x7F, 0xF0, 0x00, 0x00, 0x00, 0x03, 0xFF, 0x07,
    0xFC, 0x2F, 0x00, 0x7C, 0x03, 0xC0, 0x1D, 0x00, 0x78, 0x0F, 0x00, 0x0F, 0x07, 0x00, 0x01, 0xE2,
    0x80, 0x00, 0x2D, 0xC0, 0x00, 0x03, 0xE0, 0x00, 0x00, 0xB0, 0x00, 0x00, 0x38, 0x00, 0x02, 0xFC,
    0x00, 0x00, 0xB8, 0x00, 0x00, 0x05, 0x55, 0x00, 0x3F, 0xF4, 0x00, 0x00, 0x00, 0x00, 0x00, 0x00,
    0xBF, 0x8B, 0xF0, 0xF4, 0x0B, 0x41, 0xD0, 0x3C, 0x03, 0xC0, 0xD0, 0x0B, 0x0B, 0x00, 0x0E, 0x34,
    0x00, 0x2E, 0xC0, 0x00, 0x3E, 0x00, 0x00, 0xF0, 0x00, 0x03, 0x80, 0x00, 0x2C, 0x00, 0x3B, 0xC0,
    0x00, 0xB8, 0x00, 0x00, 0x00, 0x00, 0x00, 0x00, 0xB8, 0xF0, 0x00, 0x1D, 0x2C, 0x00, 0x00, 0x00,
    0x00, 0xFF, 0xC1, 0xFF, 0x0B, 0xC0, 0x1F, 0x00, 0xF0, 0x07, 0x40, 0x1E, 0x03, 0xC0, 0x03, 0xC1,
    0xC0, 0x00, 0x78, 0xA0, 0x00, 0x0B, 0x70, 0x00, 0x00, 0xF8, 0x00, 0x00, 0x2C, 0x00, 0x00, 0x0E,
    0x00, 0x00, 0xBF, 0x00, 0x00, 0x2E, 0x00, 0x00, 0x00, 0x00, 0x00, 0x3C, 0x78, 0x00, 0xF0, 0xE0,
    0x00, 0x00, 0x00, 0x00, 0x00, 0x02, 0xFE, 0x2F, 0xC3, 0xD0, 0x2D, 0x07, 0x40, 0xF0, 0x0F, 0x03,
    0x40, 0x2C, 0x2C, 0x00, 0x38, 0xD0, 0x00, 0xBB, 0x00, 0x00, 0xF8, 0x00, 0x03, 0xC0, 0x00, 0x0E,
    0x00, 0x00, 0xB0, 0x00, 0xEF, 0x00, 0x02, 0xE0, 0x00, 0x00, 0x00, 0x04, 0x04, 0x00, 0x0B, 0x0B,
    0x00, 0x0B, 0x8F, 0x40, 0x06, 0x06, 0x00, 0x00, 0x00, 0x00, 0x3F, 0xF0, 0x7F, 0xC2, 0xF0, 0x07,
    0xC0, 0x3C, 0x01, 0xD0, 0x07, 0x80, 0xF0, 0x00, 0xF0, 0x70, 0x00, 0x1E, 0x28, 0x00, 0x02, 0xDC,
    0x00, 0x00, 0x3E, 0x00, 0x00, 0x0B, 0x00, 0x00, 0x03, 0x80, 0x00, 0x2F, 0xC0, 0x00, 0x0B, 0x80,
    0x00, 0x00, 0x00, 0xC3, 0x00, 0x07, 0x5D, 0x00, 0x38, 0xE0, 0x00, 0x82, 0x00, 0x00, 0x00, 0x02,
    0xFE, 0x2F, 0xC3, 0xD0, 0x2D, 0x07, 0x40, 0xF0, 0x0F, 0x03, 0x40, 0x2C, 0x2C, 0x00, 0x38, 0xD0,
    0x00, 0xBB, 0x00, 0x00, 0xF8, 0x00, 0x03, 0xC0, 0x00, 0x0E, 0x00, 0x00, 0xB0, 0x00, 0xEF, 0x00,
    0x02, 0xE0, 0x00, 0x00, 0x00, 0x00, 0x00, 0x03, 0xC7, 0x80, 0x03, 0xC3, 0x80, 0x00, 0x00, 0x00,
    0xBF, 0xC7, 0xFD, 0x2F, 0x01, 0xF4, 0x0E, 0x00, 0xF0, 0x0E, 0x00, 0xF0, 0x0E, 0x00, 0xF0, 0x0F,
    0x00, 0xF0, 0x0B, 0xEA, 0xF0, 0x02, 0xFF, 0xF0, 0x00, 0x00, 0xF0, 0x00, 0x00, 0xF0, 0x00, 0x01,
    0xF4, 0x00, 0x0F, 0xFD, 0x00, 0x00, 0x00, 0xF1, 0xE0, 0x0F, 0x1D, 0x00, 0x00, 0x00, 0x00, 0x00,
    0x0F, 0xF1, 0xFE, 0x2C, 0x07, 0x42, 0xC0, 0x74, 0x1C, 0x07, 0x40, 0xE0, 0xB4, 0x07, 0xFF, 0x40,
    0x00, 0x74, 0x00, 0x07, 0x40, 0x03, 0xFE, 0x3F, 0xFF, 0xC1, 0xFA, 0xBC, 0x0B, 0x01, 0xC0, 0xB0,
    0x0C, 0x0B, 0x00, 0x00, 0xB0, 0x00, 0x0B, 0x00, 0x00, 0xB0, 0x00, 0x0B, 0x00, 0x00, 0xB0, 0x00,
    0x0F, 0x90, 0x07, 0xFF, 0x00, 0x00, 0xF0, 0x00, 0x0B, 0x00, 0x00, 0x60, 0x00, 0x00, 0x00, 0x7F,
    0xFF, 0x0F, 0x0A, 0x0F, 0x06, 0x0F, 0x00, 0x0F, 0x00, 0x0F, 0x00, 0x0F, 0x00, 0x1F, 0x40, 0x7F,
    0xF0, 0x00, 0xE0, 0x00, 0xA0, 0x00, 0x50, 0x00, 0x00, 0x00, 0x00, 0x00, 0x00, 0x00, 0x3D, 0x3C,
    0x00, 0x00, 0x2C, 0x3C, 0x00, 0x00, 0x00, 0x00, 0x00, 0x3F, 0xE0, 0x0B, 0xFD, 0x1F, 0x40, 0x02,
    0xF4, 0x0B, 0x00, 0x00, 0xE0, 0x0B, 0x00, 0x00, 0xE0, 0x0B, 0x00, 0x00, 0xE0, 0x0B, 0xFE, 0x40,
    0xE0, 0x0B, 0xAB, 0xD0, 0xE0, 0x0B, 0x00, 0xF0, 0xE0, 0x0B, 0x00, 0xF0, 0xE0, 0x0B, 0x01, 0xE0,
    0xE0, 0x0F, 0xAB, 0xC1, 0xF4, 0x7F, 0xFE, 0x0B, 0xFD, 0x00, 0x00, 0x00, 0x00, 0x00, 0x00, 0x00,
    0x00, 0x0F, 0x1E, 0x00, 0x00, 0xF0, 0xE0, 0x00, 0x00, 0x00, 0x00, 0x00, 0x00, 0x00, 0x07, 0xFC,
    0x07, 0xFC, 0x1F, 0x00, 0x1F, 0x00, 0xE0, 0x00, 0xE0, 0x0F, 0x54, 0x0E, 0x00, 0xFF, 0xF0, 0xE0,
    0x0E, 0x07, 0x4E, 0x00, 0xE0, 0x34, 0xE0, 0x0F, 0x5F, 0x0F, 0x47, 0xFF, 0xC3, 0xFC, 0x00, 0x00,
    0x00, 0x00, 0x3F, 0xFF, 0xC1, 0xFA, 0xBC, 0x0B, 0x01, 0xC0, 0xB0, 0x0C, 0x0B, 0x00, 0x0B, 0xFF,
    0x80, 0x0B, 0x00, 0x00, 0xB0, 0x00, 0x0B, 0x00, 0x00, 0xB0, 0x00, 0x0F, 0x90, 0x07, 0xFF, 0x80,
    0x00, 0x1C, 0x00, 0x2B, 0x80, 0x02, 0xE0, 0x00, 0x7F, 0xFF, 0x0F, 0x0A, 0x0F, 0x06, 0x0F, 0x00,
    0x7F, 0xF0, 0x0F, 0x00, 0x0F, 0x00, 0x0F, 0x00, 0x3F, 0xF0, 0x00, 0x30, 0x01, 0x70, 0x03, 0xD0,
    0x7F, 0xE1, 0xFF, 0x1F, 0x80, 0xB8, 0x07, 0xC0, 0xE0, 0x02, 0xE2, 0xC0, 0x00, 0xFB, 0x00, 0x00,
    0x3D, 0x00, 0x00, 0x7F, 0x00, 0x00, 0xDB, 0x40, 0x03, 0x83, 0xC0, 0x0B, 0x00, 0xF0, 0x2E, 0x00,
    0xB8, 0xFF, 0x80, 0x3C, 0x00, 0x00, 0x2C, 0x00, 0x00, 0x78, 0x00, 0x07, 0xE0, 0x7F, 0x8F, 0xE2,
    0xE0, 0x78, 0x0B, 0x4E, 0x00, 0x2E, 0x80, 0x00, 0xF0, 0x00, 0x2F, 0xC0, 0x07, 0x0E, 0x01, 0xE0,
    0x74, 0xBF, 0x02, 0xC0, 0x00, 0x0E, 0x00, 0x00, 0xE0, 0x00, 0x2C, 0x00, 0x1F, 0x40, 0x7F, 0xE1,
    0xFF, 0x07, 0xE0, 0x2E, 0x00, 0x7C, 0x0E, 0x00, 0x07, 0x8A, 0x00, 0x00, 0xBB, 0x00, 0x03, 0xFF,
    0xFD, 0x00, 0x0B, 0xF0, 0x00, 0x07, 0x5E, 0x00, 0x03, 0x83, 0xD0, 0x02, 0xC0, 0x3C, 0x02, 0xE0,
    0x0B, 0xD3, 0xFE, 0x0F, 0xFC, 0x7F, 0x8F, 0xE2, 0xF0, 0x78, 0x07, 0x4E, 0x00, 0x1E, 0x80, 0x1F,
    0xFF, 0x40, 0x2A, 0xC0, 0x07, 0x0F, 0x01, 0xE0, 0x78, 0xBF, 0x1F, 0xF0, 0x55, 0x55, 0x55, 0x55,
    0x55, 0x55, 0x50, 0x55, 0x28, 0x7D, 0x14, 0x14, 0x14, 0x14, 0x14, 0x14, 0x14, 0x14, 0x14, 0x14,
    0x14, 0x00, 0x02, 0x00, 0x08, 0xAA, 0xE8, 0x08, 0x82, 0x08, 0x00, 0x80, 0x08, 0x00, 0x80, 0x08,
    0x00, 0x80, 0x08, 0x00, 0x80, 0x08, 0x00, 0x80, 0x04, 0x00, 0x08, 0x02, 0x40, 0xBA, 0xA2, 0x02,
    0x08, 0x20, 0x02, 0x00, 0x20, 0x02, 0x00, 0x20, 0x02, 0x00, 0x20, 0x02, 0x00, 0x20, 0x02, 0x00,
    0x20, 0x01, 0x3F, 0xE1, 0x54, 0x3F, 0xE1, 0x54, 0xBF, 0xFF, 0x15, 0x55, 0x40, 0xFF, 0xFF, 0x95,
    0x55, 0x40, 0xFF, 0xFF, 0xFF, 0xFF, 0xD5, 0x55, 0x55, 0x55, 0x50, 0xFF, 0xFF, 0xFF, 0xFF, 0xD5,
    0x55, 0x55, 0x55, 0x50, 0x74, 0xF7, 0x4F, 0x74, 0xF7, 0x4F, 0x74, 0xF7, 0x4F, 0x74, 0xF7, 0x4F,
    0x74, 0xF7, 0x4F, 0x74, 0xF7, 0x4F, 0x74, 0xF7, 0x4F, 0x74, 0xF7, 0x4F, 0x74, 0xF0, 0xFF, 0xFF,
    0x95, 0x55, 0x4F, 0xFF, 0xF9, 0x55, 0x54, 0x00, 0x0D, 0x2C, 0x38, 0x38, 0x3C, 0x3C, 0x2C, 0x2C,
    0x38, 0x30, 0x00, 0x3C, 0x2C, 0x2C, 0x38, 0x30, 0x00, 0x00, 0x3C, 0x38, 0x38, 0x2C, 0x0D, 0x00,
    0x00, 0x34, 0x62, 0xC3, 0x0E, 0x2C, 0x38, 0xF0, 0xF1, 0xD0, 0x3C, 0x74, 0xB0, 0xE2, 0xC3, 0x4E,
    0x1C, 0x30, 0xD0, 0x00, 0x00, 0x3C, 0x74, 0xB0, 0xE2, 0xC3, 0x4E, 0x1C, 0x30, 0xD0, 0x00, 0x00,
    0x00, 0x00, 0xF1, 0xD3, 0x8F, 0x0E, 0x2C, 0x2C, 0x30, 0x34, 0x60, 0x02, 0xC0, 0x02, 0xC0, 0x01,
    0xC0, 0x7A, 0xEF, 0x6A, 0xDA, 0x01, 0xC0, 0x01, 0xC0, 0x01, 0xC0, 0x02, 0xC0, 0x02, 0xC0, 0x02,
    0xC0, 0x02, 0xC0, 0x02, 0xC0, 0x01, 0xC0, 0x7B, 0xEF, 0x66, 0xDA, 0x02, 0xC0, 0x02, 0xC0, 0x02,
    0xC0, 0x6A, 0xDA, 0x7F, 0xEF, 0x01, 0xC0, 0x02, 0xC0, 0x02, 0xC0, 0x04, 0x0F, 0xC3, 0xF0, 0xB8,
    0x74, 0x02, 0xFD, 0x0B, 0xFF, 0x2F, 0xFC, 0xBF, 0x41, 0xD0, 0x00, 0xB7, 0xD0, 0x00, 0x00, 0x00,
    0x3D, 0x2E, 0x3C, 0x2D, 0x00, 0x00, 0x00, 0x01, 0xF0, 0x2E, 0x03, 0xD3, 0x80, 0x74, 0x0F, 0x00,
    0xB7, 0xD0, 0x00, 0x02, 0x00, 0x08, 0x82, 0xE8, 0x08, 0x82, 0x08, 0x00, 0x80, 0x08, 0x00, 0x80,
    0x08, 0x00, 0x80, 0x08, 0x00, 0x80, 0x08, 0x00, 0x80, 0x04, 0x00, 0x08, 0x02, 0x40, 0xB8, 0x22,
    0x02, 0x08, 0x20, 0x02, 0x00, 0x20, 0x02, 0x00, 0x20, 0x02, 0x00, 0x20, 0x02, 0x00, 0x20, 0x02,
    0x00, 0x20, 0x01, 0x05, 0x00, 0xF0, 0x25, 0x80, 0x50, 0x05, 0x00, 0x50, 0x05, 0x00, 0x50, 0x05,
    0x00, 0x50, 0x05, 0x00, 0x50, 0x05, 0x00, 0x50, 0x05, 0x00, 0x00, 0x05, 0x50, 0x01, 0x94, 0x6A,
    0xD9, 0x50, 0x98, 0x56, 0x60, 0x50, 0x00, 0x50, 0x00, 0x50, 0x00, 0x50, 0x00, 0x50, 0x00, 0x50,
    0x00, 0x50, 0x00, 0x50, 0x00, 0x50, 0x00, 0x50, 0x00, 0x40, 0x00, 0x05, 0x50, 0x16, 0x40, 0x67,
    0xA9, 0x26, 0x05, 0x09, 0x95, 0x00, 0x05, 0x00, 0x05, 0x00, 0x05, 0x00, 0x05, 0x00, 0x05, 0x00,
    0x05, 0x00, 0x05, 0x00, 0x05, 0x00, 0x05, 0x00, 0x05, 0x00, 0x01, 0x1F, 0x80, 0x0C, 0x00, 0x00,
    0x07, 0xAD, 0x01, 0xC0, 0x00, 0x00, 0xA0, 0xE0, 0x34, 0x00, 0x00, 0x0D, 0x0B, 0x0A, 0x00, 0x00,
    0x00, 0xD0, 0xB0, 0xCB, 0xC0, 0x2F, 0x0E, 0x0E, 0x26, 0xEF, 0x0F, 0xBC, 0x7A, 0xC7, 0x34, 0x34,
    0xC1, 0xC2, 0xF4, 0xC7, 0x03, 0x5C, 0x0D, 0x00, 0x28, 0x70, 0x35, 0xC0, 0xD0, 0x03, 0x03, 0x03,
    0x1C, 0x1C, 0x00, 0xD0, 0x3E, 0xF0, 0xFB, 0x80, 0x1C, 0x00, 0xF8, 0x03, 0xE0, 0x02, 0x40, 0x00,
    0x00, 0x00, 0x00, 0x0A, 0x0E, 0x2C, 0x38, 0x30, 0x00, 0x0A, 0x1C, 0x0E, 0x3C, 0x2C, 0x38, 0x38,
    0xB0, 0x30, 0xC0, 0x00, 0x00, 0x0A, 0x1C, 0x30, 0x38, 0xF1, 0xD2, 0xC3, 0x8F, 0x0E, 0x2C, 0x70,
    0x30, 0xC2, 0x80, 0x00, 0x00, 0x00, 0x30, 0x78, 0x3C, 0x0D, 0x06, 0x00, 0x30, 0x60, 0x78, 0xB0,
    0x3C, 0x38, 0x0D, 0x1C, 0x06, 0x09, 0x00, 0x00, 0x30, 0x60, 0x90, 0x78, 0xB0, 0xF0, 0x3C, 0x38,
    0x74, 0x0D, 0x1C, 0x2C, 0x06, 0x09, 0x0C, 0x00, 0x00, 0x00, 0x01, 0x80, 0x07, 0xB0, 0x2C, 0x1C,
    0x03, 0x47, 0x87, 0x81, 0xE0, 0x1E, 0x00, 0xD0, 0x34, 0x03, 0x80, 0x78, 0x1E, 0x0E, 0x0D, 0x00,
    0x80, 0x00, 0x20, 0xC1, 0xC2, 0x80, 0xC2, 0x28, 0x00, 0xC1, 0x80, 0x10, 0xD8, 0x40, 0xE1, 0xC3,
    0x80, 0x19, 0xC0, 0x00, 0xC1, 0x80, 0x0C, 0x21, 0x80, 0xC1, 0xC2, 0x88, 0x00, 0x02, 0x00, 0x74,
    0x2C, 0xB4, 0x3C, 0xB0, 0x3C, 0xB0, 0x38, 0xB0, 0x38, 0xB0, 0x38, 0x70, 0x38, 0x70, 0x28, 0x30,
    0x24, 0x00, 0x00, 0x00, 0x00, 0x78, 0x3D, 0x74, 0x2C, 0xFF, 0xFF, 0x95, 0x55, 0x40, 0x3F, 0x45,
    0x40, 0x00, 0x02, 0x40, 0x00, 0xC0, 0x00, 0xE0, 0x00, 0x70, 0x00, 0x34, 0x00, 0x18, 0x00, 0x0C,
    0x00, 0x0A, 0x00, 0x03, 0x00, 0x03, 0x40, 0x01, 0xC0, 0x00, 0xD0, 0x00, 0x60, 0x00, 0x00, 0x7E,
    0x00, 0xF8, 0x0B, 0xFC, 0x2F, 0xF4, 0x00, 0xB0, 0x02, 0xC0, 0x07, 0x00, 0x0C, 0x1B, 0xF0, 0x6F,
    0xC3, 0xF8, 0x0F, 0xF0, 0x38, 0x00, 0xB0, 0x01, 0x40, 0x06, 0x00, 0x00, 0x00, 0x00, 0x00, 0x00,
    0x00, 0x00, 0x2D, 0x00, 0x78, 0x02, 0xD0, 0x07, 0x40, 0x00, 0x00, 0x35, 0xF8, 0x02, 0xDB, 0xFC,
    0x0B, 0x00, 0x2C, 0x2C, 0x00, 0x70, 0x70, 0x6F, 0xC1, 0xC3, 0xF8, 0x07, 0x0E, 0x00, 0x1C, 0x14,
    0x00, 0x30, 0x00, 0x00, 0x00, 0x00, 0x00, 0x0B, 0x40, 0x1E, 0x2D, 0x00, 0x78, 0x74, 0x00, 0x02,
    0xD0, 0xBE, 0x0B, 0x03, 0xFF, 0x2C, 0x00, 0x1D, 0xB0, 0x00, 0x2A, 0xC0, 0x2F, 0xE7, 0x00, 0xFE,
    0x1C, 0x03, 0x40, 0x30, 0x0C, 0x00, 0x00, 0x00, 0x00, 0x00, 0x00, 0x1E, 0x03, 0xC0, 0x74, 0x0F,
    0x00, 0x01, 0x40, 0x11, 0xFF, 0x9E, 0x34, 0x2F, 0x80, 0x00, 0x00, 0x0A, 0x1C, 0x30, 0x90, 0xE3,
    0xC7, 0x4E, 0x2C, 0x38, 0xF2, 0xC3, 0x8B, 0x1C, 0x38, 0x30, 0xC2, 0x87, 0x00, 0x00, 0x00, 0x00,
    0x0B, 0xE0, 0xB5, 0xE3, 0x42, 0xDC, 0x0B, 0x70, 0x2D, 0xD0, 0xA3, 0xD7, 0x43, 0xF4, 0x00, 0xA0,
    0x0B, 0x80, 0x7E, 0x07, 0x28, 0x38, 0xA0, 0xFF, 0xF0, 0x0A, 0x00, 0x28, 0x3F, 0xC3, 0x40, 0x38,
    0x02, 0xF8, 0x01, 0xC0, 0x1C, 0x1B, 0x8B, 0xD0, 0x07, 0xD2, 0xD0, 0x74, 0x0F, 0xF8, 0xE1, 0xDE,
    0x0E, 0xB5, 0xD2, 0xF8, 0x7F, 0xEA, 0x0D, 0x02, 0xC0, 0x30, 0x0B, 0x00, 0xD0, 0x1C, 0x01, 0xC0,
    0x2F, 0x87, 0x5D, 0xB0, 0xC3, 0xF4, 0x7B, 0xCD, 0x0E, 0xF1, 0xD3, 0xF4, 0x2F, 0x4B, 0x1D, 0xE0,
    0xEB, 0x4E, 0x2F, 0xD0, 0x2C, 0x0B, 0x4B, 0xD0, 0x7A, 0xE0, 0x3D, 0x74, 0x28, 0x34, 0x28, 0x34,
    0x2C, 0x34, 0x7D, 0xBC, 0x0B, 0xE0, 0xB5, 0xE3, 0x42, 0xDC, 0x0B, 0x70, 0x2D, 0xD0, 0xA3, 0xD7,
    0x43, 0xF4, 0x1A, 0x07, 0xE0, 0x0A, 0x00, 0xA0, 0x0A, 0x00, 0xF0, 0x7F, 0xC0, 0x2F, 0x8B, 0x5D,
    0x90, 0xD0, 0x38, 0x0E, 0x07, 0x80, 0xBF, 0xE0, 0x2F, 0x4A, 0x2C, 0x03, 0xC2, 0xF4, 0x01, 0xC0,
    0x1D, 0x17, 0xCB, 0xE0, 0x00, 0xA0, 0x0B, 0x80, 0x7E, 0x07, 0x28, 0x38, 0xA0, 0xFF, 0xF0, 0x0A,
    0x00, 0x28, 0x3F, 0xC3, 0x40, 0x38, 0x02, 0xF8, 0x01, 0xC0, 0x1C, 0x1B, 0x8B, 0xD0, 0x07, 0xD2,
    0xD0, 0x74, 0x0F, 0xF8, 0xE1, 0xDE, 0x0E, 0xB5, 0xD2, 0xF8, 0x7F, 0xEA, 0x0D, 0x02, 0xC0, 0x30,
    0x0B, 0x00, 0xD0, 0x1C, 0x01, 0xC0, 0x2F, 0x87, 0x5D, 0xB0, 0xC3, 0xF4, 0x7B, 0xCD, 0x0E, 0xF1,
    0xD3, 0xF4, 0x2F, 0x4B, 0x1D, 0xE0, 0xEB, 0x4E, 0x2F, 0xD0, 0x2C, 0x0B, 0x4B, 0xD0, 0xFF, 0xFF,
    0x5B, 0xAA, 0xD1, 0xD0, 0x34, 0x74, 0x04, 0x1D, 0x00, 0x07, 0xAA, 0x41, 0xFF, 0xD0, 0x74, 0x00,
    0xFF, 0xD0, 0x07, 0x40, 0x02, 0xE4, 0x03, 0xFF, 0x40, 0x00, 0x2F, 0x80, 0x0B, 0xAE, 0x00, 0xE0,
    0xB0, 0x1C, 0x04, 0x02, 0xC0, 0x01, 0xFF, 0xF0, 0x03, 0x80, 0x03, 0xFF, 0xE0, 0x03, 0x40, 0x00,
    0xB0, 0x00, 0x2F, 0xAA, 0xD3, 0xFF, 0xFC, 0x00, 0x00, 0x00, 0x6F, 0xFE, 0x00, 0x00, 0x00, 0x0B,
    0xEB, 0xE0, 0x00, 0x00, 0x00, 0xF0, 0x3C, 0x00, 0x00, 0x00, 0x3C, 0x0B, 0x09, 0x00, 0x00, 0x0F,
    0x03, 0xC3, 0x40, 0x00, 0x03, 0xD7, 0xE7, 0xFF, 0x1F, 0xC0, 0xFF, 0xD0, 0x79, 0x4E, 0xB4, 0x3C,
    0x00, 0x0D, 0x03, 0x84, 0x0F, 0x00, 0x03, 0x40, 0xBE, 0x03, 0xC0, 0x00, 0xD0, 0x21, 0xD1, 0xF4,
    0x00, 0x3E, 0x9E, 0xB5, 0xFF, 0x80, 0x0B, 0xE3, 0xF8, 0x00, 0x2F, 0xE0, 0x03, 0xEB, 0xC0, 0x3C,
    0x07, 0x01, 0xD0, 0x04, 0x0F, 0x00, 0x01, 0xFF, 0xF4, 0x00, 0xE0, 0x00, 0x2F, 0xFF, 0x00, 0x0F,
    0x00, 0x00, 0x2D, 0x00, 0x00, 0x3F, 0xAB, 0x00, 0x2F, 0xE4, 0x02, 0x00, 0x00, 0x28, 0x00, 0x02,
    0x80, 0x00, 0x1F, 0xFF, 0xFD, 0x28, 0x00, 0x00, 0x38, 0x00, 0x00, 0x20, 0x00, 0x00, 0x07, 0x00,
    0x3F, 0x03, 0x77, 0x14, 0xC5, 0x03, 0x00, 0x0C, 0x00, 0x30, 0x00, 0xC0, 0x03, 0x00, 0x0C, 0x00,
    0x30, 0x00, 0x00, 0x02, 0x00, 0x00, 0x0A, 0x00, 0x00, 0x0A, 0x1F, 0xFF, 0xFD, 0x00, 0x00, 0xA0,
    0x00, 0x0B, 0x00, 0x00, 0x20, 0x00, 0x03, 0x00, 0x0C, 0x00, 0x30, 0x00, 0xC0, 0x03, 0x00, 0x0C,
    0x00, 0x30, 0x14, 0xC5, 0x37, 0x70, 0x3F, 0x00, 0x70, 0x00, 0x02, 0x02, 0x00, 0x38, 0x0B, 0x03,
    0x80, 0x0B, 0x1F, 0xFF, 0xFD, 0x38, 0x00, 0xB0, 0x34, 0x0B, 0x00, 0x20, 0x20, 0x00, 0x07, 0x40,
    0x3F, 0x03, 0x77, 0x14, 0xC5, 0x03, 0x00, 0x0C, 0x00, 0x30, 0x14, 0xC5, 0x37, 0x70, 0x3F, 0x00,
    0x74, 0x00, 0x07, 0x40, 0x3F, 0x03, 0x77, 0x14, 0xC5, 0x03, 0x00, 0x0C, 0x05, 0x31, 0x4D, 0xDC,
    0x0F, 0xC0, 0x1D, 0x0F, 0xFF, 0xC0, 0x00, 0x2C, 0x00, 0xB0, 0x02, 0x80, 0x0A, 0x06, 0x28, 0x70,
    0xA3, 0x42, 0xBF, 0xFE, 0x74, 0x00, 0x70, 0x00, 0x60, 0x00, 0xE0, 0x03, 0x80, 0x0E, 0x00, 0x28,
    0x00, 0xA2, 0x42, 0x87, 0x09, 0x07, 0x2F, 0xFF, 0x00, 0x74, 0x03, 0x40, 0x24, 0x00, 0x00, 0x02,
    0xC1, 0x40, 0x71, 0xC0, 0x1D, 0xC0, 0x07, 0xFF, 0xFF, 0xDC, 0x00, 0x01, 0xC0, 0x00, 0x14, 0x00,
    0x02, 0x40, 0x00, 0x2C, 0x00, 0x02, 0xFF, 0xFF, 0x4C, 0x00, 0x00, 0x2F, 0xFF, 0xF4, 0x2C, 0x00,
    0x00, 0x24, 0x00, 0x00, 0x01, 0xD0, 0x01, 0xED, 0x01, 0xF3, 0xD0, 0x9C, 0xD8, 0x03, 0x30, 0x00,
    0xCC, 0x00, 0x73, 0x40, 0x1C, 0xD0, 0x07, 0x34, 0x01, 0xCD, 0x00, 0x00, 0x06, 0x00, 0x00, 0x0E,
    0x07, 0xFF, 0xFE, 0x00, 0x00, 0x0C, 0x7F, 0xFF, 0xE0, 0x00, 0x0E, 0x00, 0x00, 0x60, 0x00, 0x07,
    0x34, 0x01, 0xCD, 0x00, 0x73, 0x40, 0x1C, 0xD0, 0x03, 0x30, 0x00, 0xCC, 0x02, 0x73, 0x60, 0x7C,
    0xF4, 0x07, 0x74, 0x00, 0x74, 0x00, 0x02, 0x02, 0x00, 0x38, 0x0B, 0x03, 0xFF, 0xFF, 0x28, 0x00,
    0x0A, 0x2F, 0xFF, 0xE0, 0x38, 0x0A, 0x00, 0x20, 0x20, 0x00, 0x3C, 0x00, 0x0F, 0x07, 0x40, 0x03,
    0x40, 0xF0, 0x02, 0xC0, 0x2C, 0x00, 0xE0, 0x07, 0xFF, 0xF0, 0x00, 0xFA, 0xB8, 0x00, 0x1C, 0x0D,
    0x00, 0x03, 0x87, 0x00, 0x00, 0xB3, 0x40, 0x00, 0x1E, 0xC0, 0x00, 0x03, 0xE0, 0x00, 0x00, 0xB0,
    0x00, 0x07, 0xF8, 0x03, 0x9B, 0x80, 0x00, 0xF0, 0x00, 0x1C, 0x02, 0xFF, 0x43, 0xDB, 0xC3, 0xC0,
    0x71, 0xD0, 0x2C, 0xB0, 0x0E, 0x2C, 0x03, 0x4B, 0x02, 0xC1, 0xE2, 0xC0, 0x2F, 0x80, 0x00, 0x3F,
    0xFF, 0x0A, 0x56, 0xC0, 0x00, 0xB0, 0x00, 0x2C, 0x00, 0x0B, 0x0B, 0xFB, 0xC2, 0xAA, 0xF0, 0x00,
    0x2C, 0x00, 0x0B, 0x00, 0x02, 0xC2, 0x95, 0xB0, 0xFF, 0xFC, 0x00, 0x00, 0x00, 0x00, 0x2F, 0xE4,
    0xD0, 0x7E, 0xAF, 0xE0, 0x7C, 0x00, 0xF4, 0x3C, 0x00, 0xBF, 0x0E, 0x00, 0xB2, 0xC7, 0x40, 0xF0,
    0x75, 0xD0, 0xF0, 0x1D, 0x34, 0xE0, 0x0B, 0x0F, 0xE0, 0x03, 0xC1, 0xF0, 0x03, 0xD0, 0xBF, 0xAB,
    0xD0, 0x71, 0xBF, 0x80, 0x00, 0x00, 0x00, 0x00, 0x00, 0x28, 0x00, 0x01, 0xF0, 0x00, 0x0E, 0xD0,
    0x00, 0x73, 0xC0, 0x02, 0x8B, 0x00, 0x0D, 0x0E, 0x00, 0xB0, 0x3C, 0x03, 0x40, 0x74, 0x1C, 0x00,
    0xE0, 0xE0, 0x03, 0xC3, 0x95, 0x5F, 0x5F, 0xFF, 0xFE, 0xBF, 0xFF, 0xF9, 0xF9, 0x56, 0xD3, 0xC0,
    0x0B, 0x0B, 0x00, 0x38, 0x1E, 0x01, 0xC0, 0x3C, 0x0B, 0x00, 0xB4, 0x34, 0x00, 0xE1, 0xC0, 0x02,
    0xCD, 0x00, 0x07, 0xB0, 0x00, 0x0F, 0x80, 0x00, 0x2C, 0x00, 0x01, 0xFF, 0xFC, 0x3F, 0xAA, 0x93,
    0xD0, 0x00, 0x1D, 0x00, 0x00, 0xB0, 0x00, 0x03, 0xFF, 0xFF, 0xEF, 0xAA, 0xAA, 0xAC, 0x00, 0x00,
    0x74, 0x00, 0x00, 0xF4, 0x00, 0x00, 0xFE, 0xAA, 0x40, 0x7F, 0xFF, 0x00, 0x00, 0xD0, 0x07, 0xFF,
    0xF0, 0xFE, 0xBE, 0x4F, 0x40, 0xD0, 0x74, 0x07, 0x02, 0xC0, 0x28, 0x0F, 0xFF, 0xFF, 0xAE, 0xAF,
    0xAA, 0xB0, 0x28, 0x01, 0xD0, 0xD0, 0x03, 0xD7, 0x00, 0x03, 0xFE, 0xA9, 0x01, 0xFF, 0xFC, 0x07,
    0x00, 0x00, 0x07, 0xFF, 0xFC, 0xBE, 0xAA, 0x97, 0x80, 0x00, 0x2D, 0x15, 0x54, 0xFF, 0xFF, 0xF6,
    0xC0, 0x01, 0x47, 0x80, 0x00, 0x0B, 0xEA, 0xA9, 0x07, 0xFF, 0xFC, 0xFF, 0xFD, 0x01, 0xAA, 0xBF,
    0x00, 0x00, 0x1F, 0x00, 0x00, 0x1D, 0x00, 0x00, 0x3A, 0xFF, 0xFF, 0xFA, 0xAA, 0xAB, 0xC0, 0x00,
    0x0E, 0x00, 0x00, 0x74, 0x00, 0x07, 0xC6, 0xAA, 0xFC, 0x3F, 0xFF, 0x40, 0x1C, 0x00, 0x03, 0xFF,
    0xF4, 0x06, 0xFA, 0xFC, 0x01, 0xC0, 0x7C, 0x03, 0x40, 0x74, 0x0A, 0x00, 0xEB, 0xFF, 0xFF, 0xEA,
    0xBE, 0xAF, 0x00, 0xE0, 0x38, 0x01, 0xC1, 0xD0, 0x03, 0x5F, 0x1A, 0xAF, 0xF0, 0xFF, 0xFD, 0x00,
    0x00, 0x34, 0x00, 0xFF, 0xFF, 0x41, 0xAA, 0xAF, 0x80, 0x00, 0x0B, 0x45, 0x55, 0x1E, 0x7F, 0xFF,
    0xFC, 0x50, 0x00, 0xE0, 0x00, 0x0B, 0x5A, 0xAA, 0xF8, 0xFF, 0xFF, 0x40, 0x3F, 0xFF, 0xFF, 0xC1,
    0xF9, 0x56, 0xE0, 0x0B, 0x00, 0x1D, 0x00, 0xB0, 0x01, 0xD0, 0x0B, 0x00, 0x1D, 0x00, 0xB0, 0x01,
    0xD0, 0x0B, 0x00, 0x1D, 0x00, 0xB0, 0x01, 0xD0, 0x0B, 0x00, 0x1D, 0x00, 0xB0, 0x01, 0xD0, 0x0B,
    0x00, 0x1D, 0x00, 0xB0, 0x01, 0xD0, 0x0B, 0x00, 0x1D, 0x00, 0xF8, 0x02, 0xF4, 0x7F, 0xE0, 0xFF,
    0xC0, 0x3F, 0xFF, 0xE0, 0xFA, 0xAB, 0xC1, 0xF0, 0x07, 0x02, 0xE0, 0x04, 0x03, 0xD0, 0x00, 0x03,
    0xC0, 0x00, 0x07, 0x80, 0x00, 0x1E, 0x00, 0x00, 0xF0, 0x00, 0x0B, 0x00, 0x00, 0x74, 0x00, 0x03,
    0xC0, 0x08, 0x2C, 0x00, 0x71, 0xFA, 0xAB, 0xC7, 0xFF, 0xFE, 0x00, 0x00, 0x00, 0x3F, 0xFF, 0x15,
    0x55, 0x00, 0x0D, 0x00, 0x1C, 0x00, 0x38, 0x00, 0x30, 0x00, 0xB0, 0x00, 0xD0, 0x02, 0xC0, 0x03,
    0x40, 0x07, 0x00, 0x0E, 0x00, 0x1C, 0x00, 0x28, 0x00, 0x34, 0x00, 0xB0, 0x00, 0x34, 0x00, 0x2C,
    0x00, 0x0C, 0x00, 0x0E, 0x00, 0x07, 0x00, 0x03, 0x40, 0x02, 0xC0, 0x00, 0xD0, 0x00, 0xB0, 0x00,
    0x30, 0x00, 0x38, 0x00, 0x1C, 0x01, 0xC0, 0x01, 0xC0, 0x39, 0xDE, 0x0B, 0xF4, 0x0B, 0xF4, 0x39,
    0xDE, 0x11, 0xC0, 0x01, 0xC0, 0x1F, 0xC0, 0xD2, 0xC7, 0x03, 0x1D, 0x28, 0x1F, 0x80, 0xB7, 0xD0,
    0x00, 0x00, 0x00, 0x34, 0x00, 0x02, 0xC0, 0x00, 0x0E, 0x00, 0x00, 0x34, 0x00, 0x01, 0xC0, 0x00,
    0x0B, 0x00, 0x00, 0x38, 0x3F, 0x41, 0xC0, 0x5E, 0x0B, 0x00, 0x2C, 0x38, 0x00, 0x74, 0xD0, 0x00,
    0xE7, 0x00, 0x02, 0xE8, 0x00, 0x07, 0xD0, 0x00, 0x0F, 0x00, 0x00, 0x3C, 0x00, 0x2F, 0x43, 0x1E,
    0xB7, 0x4A, 0x0B, 0x42, 0x81, 0xD0, 0x7A, 0xDD, 0x0B, 0xC1, 0xC0, 0x1F, 0x07, 0xD1, 0xEB, 0x7A,
    0xCA, 0x0B, 0x43, 0x68, 0x2D, 0x0D, 0x7A, 0xDE, 0xB0, 0xBC, 0x1F, 0x40, 0xB0, 0x00, 0x02, 0xC0,
    0x00, 0x0B, 0x00, 0x00, 0x2C, 0x00, 0x00, 0xB0, 0x00, 0x02, 0xC0, 0x00, 0x0B, 0x00, 0x00, 0x2C,
    0x00, 0x00, 0xB0, 0x00, 0x02, 0xC0, 0x00, 0x0B, 0xAA, 0xAA, 0x6F, 0xFF, 0xFE, 0x00, 0x00, 0x20,
    0x00, 0x00, 0xB0, 0x00, 0x02, 0xD0, 0x00, 0x07, 0x80, 0x00, 0x0F, 0x00, 0x00, 0x3C, 0x00, 0x00,
    0xB4, 0x00, 0x01, 0xE0, 0x00, 0x03, 0xC0, 0x00, 0x0F, 0x00, 0x00, 0x2F, 0xAA, 0xA9, 0x7F, 0xFF,
    0xFE, 0xB2, 0xCB, 0x2C, 0xB2, 0xCB, 0x2C, 0xB2, 0xCB, 0x2C, 0xB2, 0xCB, 0x2C, 0xB0, 0x38, 0xE3,
    0x8E, 0x38, 0xE3, 0x8E, 0x38, 0xE3, 0x8E, 0x38, 0xE3, 0x8E, 0x38, 0xE3, 0x8E, 0x38, 0xE3, 0x8E,
    0x38, 0xE3, 0x8E, 0x38, 0xE3, 0x8E, 0x38, 0xE0, 0x00, 0x74, 0x00, 0x02, 0xF0, 0x00, 0x0E, 0xD0,
    0x00, 0x73, 0x80, 0x03, 0x8B, 0x00, 0x0D, 0x0D, 0x00, 0xB0, 0x3C, 0x03, 0x80, 0x70, 0x1C, 0x00,
    0xE0, 0xB0, 0x02, 0xC3, 0x40, 0x07, 0x6C, 0x00, 0x0E, 0xB0, 0x00, 0x38, 0xD0, 0x01, 0xD2, 0xC0,
    0x0B, 0x07, 0x00, 0x38, 0x0E, 0x01, 0xC0, 0x2C, 0x0F, 0x00, 0x34, 0x34, 0x00, 0xE2, 0xC0, 0x01,
    0xCE, 0x00, 0x03, 0xB4, 0x00, 0x0B, 0xC0, 0x00, 0x1E, 0x00, 0x02, 0xFE, 0x00, 0x7E, 0xAF, 0x43,
    0xC0, 0x0F, 0x0E, 0x00, 0x2C, 0x34, 0x00, 0x70, 0xD0, 0x01, 0xC3, 0x40, 0x07, 0x0D, 0x00, 0x1C,
    0x34, 0x00, 0x70, 0xD0, 0x01, 0xC3, 0x40, 0x07, 0x0D, 0x00, 0x1C, 0x34, 0x00, 0x70, 0xD0, 0x01,
    0xC3, 0x40, 0x07, 0x0D, 0x00, 0x1C, 0x34, 0x00, 0x70, 0xD0, 0x01, 0xC3, 0x40, 0x07, 0x0D, 0x00,
    0x1C, 0x38, 0x00, 0xB0, 0xF0, 0x03, 0xC1, 0xFA, 0xBD, 0x00, 0xBF, 0x80, 0x00, 0x0F, 0xC0, 0x03,
    0xEE, 0x00, 0x74, 0x40, 0x07, 0x00, 0x00, 0xB0, 0x00, 0x0B, 0x00, 0x00, 0xB0, 0x00, 0x0B, 0x00,
    0x00, 0xB0, 0x00, 0x0B, 0x00, 0x00, 0xB0, 0x00, 0x0B, 0x00, 0x00, 0xB0, 0x00, 0x0B, 0x00, 0x00,
    0xB0, 0x03, 0xEE, 0x00, 0x1F, 0x80, 0x00, 0x00, 0x78, 0x00, 0x02, 0xE0, 0x00, 0x00, 0x00, 0x00,
    0x00, 0x00, 0x00, 0x00, 0x00, 0x00, 0x00, 0x00, 0x00, 0x00, 0x1E, 0x00, 0x2D, 0xB8, 0x00, 0xB8,
    0x00, 0x00, 0x00, 0x78, 0x00, 0xB6, 0xE0, 0x02, 0xE0, 0x00, 0x00, 0x00, 0x00, 0x00, 0x00, 0x00,
    0x00, 0x00, 0x00, 0x00, 0x00, 0x00, 0x00, 0x1E, 0x00, 0x00, 0xB8, 0x00, 0x00, 0x00, 0x00, 0x01,
    0xF7, 0x80, 0x00, 0x00, 0x1F, 0x78, 0x78, 0x00, 0xB6, 0xE0, 0x02, 0xE0, 0x00, 0x00, 0x00, 0x00,
    0x00, 0x00, 0x00, 0x00, 0x00, 0x00, 0x00, 0x00, 0x00, 0x1E, 0x00, 0x2D, 0xB8, 0x00, 0xB8, 0x00,
    0x00, 0x00, 0x01, 0x40, 0x11, 0xFF, 0x9E, 0x34, 0x2F, 0x80, 0x00, 0x00, 0x01, 0x40, 0x11, 0xFF,
    0x9E, 0x34, 0x2F, 0x80, 0x00, 0x00, 0x00, 0x00, 0x03, 0xFF, 0xFF, 0x15, 0x55, 0x50, 0x00, 0x00,
    0x3F, 0xFF, 0xF1, 0x55, 0x55, 0x05, 0x01, 0x0F, 0xFA, 0xC6, 0x0B, 0xD0, 0x14, 0x04, 0x3F, 0xEB,
    0x18, 0x2F, 0x40, 0x00, 0x00, 0x3A, 0x56, 0xB6, 0xFF, 0xE4, 0x00, 0x00, 0x00, 0x00, 0x1B, 0xFF,
    0x9E, 0x95, 0xAC, 0x00, 0x00, 0x00, 0x00, 0x00, 0x28, 0x3F, 0xFF, 0x15, 0xE5, 0x02, 0x80, 0x3F,
    0xFF, 0x1E, 0x55, 0x08, 0x00, 0xFF, 0xFF, 0xD5, 0x55, 0x50, 0x00, 0x03, 0xFF, 0xFF, 0x55, 0x55,
    0x40, 0x00, 0x0F, 0xFF, 0xFD, 0x55, 0x55, 0x00, 0x09, 0x00, 0x7D, 0x07, 0xD0, 0x3D, 0x00, 0x3E,
    0x00, 0x07, 0xD0, 0x00, 0xBD, 0x00, 0x09, 0x00, 0x00, 0x00, 0x00, 0x3F, 0xFF, 0x15, 0x55, 0x34,
    0x00, 0x2F, 0x40, 0x02, 0xE0, 0x00, 0x2E, 0x00, 0x2E, 0x02, 0xE0, 0x2F, 0x40, 0x24, 0x00, 0x00,
    0x00, 0x00, 0x00, 0x3F, 0xFF, 0x15, 0x55, 0x00, 0x0A, 0x00, 0xA0, 0x02, 0xF4, 0x2F, 0x40, 0xB8,
    0x0B, 0xD0, 0x0F, 0x40, 0xF4, 0x00, 0x1B, 0x90, 0xBD, 0x00, 0x02, 0xF4, 0x2F, 0x40, 0x00, 0xA0,
    0x0A, 0x00, 0x28, 0x02, 0x80, 0x00, 0x7E, 0x07, 0xE0, 0x00, 0x1F, 0x81, 0xB8, 0x00, 0x07, 0xC0,
    0x7C, 0x01, 0xF8, 0x1B, 0x90, 0x7E, 0x07, 0xE0, 0x02, 0x80, 0x28, 0x00, 0x00, 0xFF, 0xFF, 0x41,
    0xAA, 0xAF, 0x80, 0x00, 0x0B, 0x40, 0x00, 0x0E, 0x00, 0x00, 0x3C, 0x00, 0x00, 0xE0, 0x00, 0x0B,
    0x5A, 0xAA, 0xF8, 0xFF, 0xFF, 0x40, 0x00, 0x01, 0xC0, 0x00, 0x0B, 0x00, 0x00, 0x38, 0x01, 0xFF,
    0xFF, 0x2F, 0xAF, 0xA5, 0xE0, 0x38, 0x0B, 0x00, 0xD0, 0x3C, 0x07, 0x00, 0xB0, 0x38, 0x01, 0xE0,
    0xC0, 0x02, 0xFF, 0xAA, 0x41, 0xBF, 0xFF, 0x00, 0xD0, 0x00, 0x07, 0x00, 0x00, 0x28, 0x00, 0x00,
    0x00, 0x0E, 0x00, 0x00, 0x34, 0x00, 0x01, 0xC0, 0x3F, 0xFF, 0x90, 0x6A, 0xBF, 0xE0, 0x01, 0xC2,
    0xD0, 0x0A, 0x03, 0x80, 0x34, 0x0F, 0x01, 0xC0, 0x38, 0x0A, 0x02, 0xD6, 0xBE, 0xBE, 0x3F, 0xFF,
    0xD0, 0x0B, 0x00, 0x00, 0x34, 0x00, 0x00, 0xC0, 0x00, 0x00, 0x07, 0xFF, 0xFC, 0xBE, 0xAA, 0x97,
    0x80, 0x00, 0x2C, 0x00, 0x00, 0xF0, 0x00, 0x02, 0xC0, 0x00, 0x07, 0x80, 0x00, 0x0B, 0xEA, 0xA9,
    0x07, 0xFF, 0xFC, 0x00, 0x00, 0x02, 0xAA, 0xAA, 0x5F, 0xFF, 0xFF, 0xFF, 0xFF, 0x41, 0xAA, 0xAF,
    0x80, 0x00, 0x0B, 0x40, 0x00, 0x0E, 0x00, 0x00, 0x3C, 0x00, 0x00, 0xE0, 0x00, 0x0B, 0x5A, 0xAA,
    0xF8, 0xFF, 0xFF, 0x40, 0x00, 0x00, 0x06, 0xAA, 0xAA, 0x3F, 0xFF, 0xFD, 0x01, 0xBF, 0x90, 0x02,
    0xD3, 0x1E, 0x02, 0x80, 0xC0, 0xA0, 0xC0, 0x30, 0x0C, 0x60, 0x0C, 0x02, 0x6F, 0xFF, 0xFF, 0xEA,
    0x00, 0xC0, 0x29, 0x80, 0x30, 0x09, 0x30, 0x0C, 0x03, 0x0B, 0x03, 0x03, 0x80, 0xB4, 0xC7, 0x80,
    0x06, 0xFE, 0x40, 0x01, 0xBF, 0x90, 0x02, 0xD0, 0x1E, 0x02, 0x80, 0x00, 0xA0, 0xC0, 0x00, 0x0C,
    0x60, 0x00, 0x02, 0x6F, 0xFF, 0xFF, 0xEA, 0x00, 0x00, 0x29, 0x80, 0x00, 0x0D, 0x30, 0x00, 0x03,
    0x0B, 0x00, 0x03, 0x80, 0xB4, 0x07, 0x80, 0x06, 0xFE, 0x40, 0x01, 0xBF, 0x90, 0x02, 0xD0, 0x1E,
    0x02, 0xE0, 0x02, 0xE0, 0xCE, 0x02, 0xCC, 0x60, 0xE2, 0x82, 0x64, 0x0F, 0x80, 0x69, 0x02, 0xE0,
    0x19, 0x83, 0x8A, 0x09, 0x33, 0x80, 0xB3, 0x0B, 0x80, 0x0B, 0x80, 0xB4, 0x07, 0x80, 0x06, 0xFE,
    0x40, 0x01, 0xBF, 0x90, 0x02, 0xD0, 0x1E, 0x02, 0x80, 0x02, 0xE0, 0xC0, 0x02, 0xCC, 0x60, 0x02,
    0xC2, 0x64, 0x02, 0x80, 0x69, 0x02, 0x80, 0x19, 0x83, 0x80, 0x09, 0x33, 0x80, 0x03, 0x0B, 0x80,
    0x02, 0x80, 0xB4, 0x07, 0x80, 0x06, 0xFE, 0x40, 0x00, 0x74, 0x00, 0x01, 0xD0, 0x00, 0x07, 0x40,
    0x00, 0x1D, 0x00, 0x00, 0x74, 0x00, 0x01, 0xD0, 0x00, 0x07, 0x40, 0x00, 0x1D, 0x00, 0x00, 0x74,
    0x00, 0x01, 0xD0, 0x02, 0xAB, 0xAA, 0x1F, 0xFF, 0xFD, 0xB7, 0xD0, 0x00, 0x3C, 0x07, 0x80, 0xB1,
    0xF0, 0x2E, 0x03, 0xD0, 0x00, 0x00, 0x00, 0x00, 0x00, 0x00, 0x80, 0x00, 0x00, 0x00, 0xFC, 0x00,
    0x00, 0x00, 0xFF, 0xC0, 0x00, 0x00, 0xE0, 0x7C, 0x00, 0x00, 0xF4, 0x03, 0xC0, 0x00, 0xFF, 0xFC,
    0x7C, 0x00, 0xFF, 0xFF, 0x8F, 0xC0, 0xFF, 0xFF, 0x83, 0xFC, 0x3F, 0xFC, 0x02, 0xFF, 0x03, 0xFF,
    0x0B, 0xFF, 0x00, 0x3F, 0xC7, 0xFF, 0x00, 0x03, 0xFF, 0xFF, 0x00, 0x00, 0x3E, 0x3F, 0x00, 0x00,
    0x03, 0x8F, 0x00, 0x00, 0x00, 0x3F, 0x00, 0x00, 0x00, 0x02, 0x00, 0x00,
};

static const EpdGlyph bookerly_8_regularGlyphs[] = {
    { 0, 0, 0, 0, 0, 0, 0 }, //  
    { 0, 0, 0, 0, 0, 0, 0 }, // 
    { 0, 0, 4, 0, 0, 0, 0 }, // 	
    { 0, 0, 4, 0, 0, 0, 0 }, // 
    { 0, 0, 0, 0, 0, 0, 0 }, // 
    { 0, 0, 4, 0, 0, 0, 0 }, //  
    { 3, 13, 5, 1, 13, 10, 0 }, // !
    { 6, 6, 6, 0, 12, 9, 10 }, // "
    { 11, 11, 11, 0, 10, 31, 19 }, // #
    { 9, 17, 11, 1, 14, 39, 50 }, // $
    { 15, 13, 16, 1, 12, 49, 89 }, // %
    { 14, 12, 14, 0, 12, 42, 138 }, // &
    { 3, 6, 3, 0, 12, 5, 180 }, // '
    { 6, 16, 6, 0, 13, 24, 185 }, // (
    { 6, 16, 6, 0, 13, 24, 209 }, // )
    { 6, 5, 6, 0, 12, 8, 233 }, // *
    { 8, 8, 11, 1, 9, 16, 241 }, // +
    { 4, 6, 5, 0, 3, 6, 257 }, // ,
    { 6, 2, 6, 0, 5, 3, 263 }, // -
    { 3, 3, 5, 1, 3, 3, 266 }, // .
    { 8, 13, 8, 0, 12, 26, 269 }, // /
    { 10, 12, 11, 0, 12, 30, 295 }, // 0
    { 7, 12, 11, 2, 12, 21, 325 }, // 1
    { 9, 12, 11, 1, 12, 27, 346 }, // 2
    { 8, 12, 11, 1, 12, 24, 373 }, // 3
    { 10, 12, 11, 0, 12, 30, 397 }, // 4
    { 8, 12, 11, 1, 12, 24, 427 }, // 5
    { 9, 12, 11, 1, 12, 27, 451 }, // 6
    { 9, 12, 11, 1, 12, 27, 478 }, // 7
    { 9, 12, 11, 1, 12, 27, 505 }, // 8
    { 9, 12, 11, 1, 12, 27, 532 }, // 9
    { 3, 9, 5, 1, 9, 7, 559 }, // :
    { 4, 12, 5, 0, 9, 12, 566 }, // ;
    { 8, 8, 11, 1, 10, 16, 578 }, // <
    { 8, 5, 11, 1, 8, 10, 594 }, // =
    { 8, 8, 11, 1, 10, 16, 604 }, // >
    { 7, 12, 8, 1, 12, 21, 620 }, // ?
    { 16, 15, 16, 0, 12, 60, 641 }, // @
    { 13, 12, 13, 0, 12, 39, 701 }, // A
    { 10, 12, 11, 0, 12, 30, 740 }, // B
    { 11, 12, 11, 0, 12, 33, 770 }, // C
    { 12, 13, 13, 0, 12, 39, 803 }, // D
    { 11, 12, 11, 0, 12, 33, 842 }, // E
    { 10, 12, 10, 0, 12, 30, 875 }, // F
    { 12, 12, 12, 0, 12, 36, 905 }, // G
    { 14, 12, 14, 0, 12, 42, 941 }, // H
    { 6, 12, 6, 0, 12, 18, 983 }, // I
    { 7, 16, 6, -1, 12, 28, 1001 }, // J
    { 13, 12, 12, 0, 12, 39, 1029 }, // K
    { 11, 12, 10, 0, 12, 33, 1068 }, // L
    { 16, 12, 15, 0, 12, 48, 1101 }, // M
    { 14, 12, 14, 0, 12, 42, 1149 }, // N
    { 13, 12, 13, 0, 12, 39, 1191 }, // O
    { 10, 12, 10, 0, 12, 30, 1230 }, // P
    { 14, 15, 13, 0, 12, 53, 1260 }, // Q
    { 12, 12, 12, 0, 12, 36, 1313 }, // R
    { 9, 12, 9, 0, 12, 27, 1349 }, // S
    { 11, 12, 12, 0, 12, 33, 1376 }, // T
    { 13, 12, 13, 0, 12, 39, 1409 }, // U
    { 13, 12, 12, 0, 12, 39, 1448 }, // V
    { 19, 12, 19, 0, 12, 57, 1487 }, // W
    { 13, 12, 12, 0, 12, 39, 1544 }, // X
    { 12, 12, 12, 0, 12, 36, 1583 }, // Y
    { 10, 13, 10, 0, 12, 33, 1619 }, // Z
    { 4, 16, 5, 1, 13, 16, 1652 }, // [
    { 8, 13, 8, 0, 12, 26, 1668 }, // <backslash>
    { 4, 16, 5, 0, 13, 16, 1694 }, // ]
    { 9, 8, 11, 1, 11, 18, 1710 }, // ^
    { 9, 2, 9, 0, -1, 5, 1728 }, // _
    { 5, 4, 11, 3, 14, 5, 1733 }, // `
    { 10, 9, 9, 0, 9, 23, 1738 }, // a
    { 11, 13, 10, -1, 13, 36, 1761 }, // b
    { 9, 9, 9, 0, 9, 21, 1797 }, // c
    { 11, 13, 11, 0, 13, 36, 1818 }, // d
    { 9, 9, 9, 0, 9, 21, 1854 }, // e
    { 9, 13, 7, 0, 13, 30, 1875 }, // f
    { 10, 13, 10, 0, 9, 33, 1905 }, // g
    { 11, 13, 11, 0, 13, 36, 1938 }, // h
    { 6, 14, 6, 0, 14, 21, 1974 }, // i
    { 5, 18, 5, -1, 14, 23, 1995 }, // j
    { 11, 13, 10, 0, 13, 36, 2018 }, // k
    { 6, 13, 6, 0, 13, 20, 2054 }, // l
    { 17, 9, 17, 0, 9, 39, 2074 }, // m
    { 12, 9, 11, 0, 9, 27, 2113 }, // n
    { 10, 9, 10, 0, 9, 23, 2140 }, // o
    { 10, 13, 10, 0, 9, 33, 2163 }, // p
    { 11, 13, 10, 0, 9, 36, 2196 }, // q
    { 8, 9, 8, 0, 9, 18, 2232 }, // r
    { 7, 9, 8, 1, 9, 16, 2250 }, // s
    { 7, 11, 7, 0, 11, 20, 2266 }, // t
    { 11, 9, 11, 0, 9, 25, 2286 }, // u
    { 11, 9, 10, 0, 9, 25, 2311 }, // v
    { 15, 9, 15, 0, 9, 34, 2336 }, // w
    { 10, 9, 10, 0, 9, 23, 2370 }, // x
    { 11, 13, 10, 0, 9, 36, 2393 }, // y
    { 9, 10, 9, 0, 9, 23, 2429 }, // z
    { 6, 16, 7, 1, 13, 24, 2452 }, // {
    { 2, 15, 5, 1, 13, 8, 2476 }, // |
    { 6, 16, 7, 0, 13, 24, 2484 }, // }
    { 9, 3, 11, 1, 7, 7, 2508 }, // ~
    { 0, 0, 4, 0, 0, 0, 2515 }, //  
    { 4, 13, 5, 0, 9, 13, 2515 }, // ¡
    { 8, 16, 11, 1, 13, 32, 2528 }, // ¢
    { 10, 12, 11, 0, 12, 30, 2560 }, // £
    { 10, 9, 11, 0, 10, 23, 2590 }, // ¤
    { 12, 12, 11, -1, 12, 36, 2613 }, // ¥
    { 2, 15, 5, 1, 13, 8, 2649 }, // ¦
    { 8, 14, 9, 0, 12, 28, 2657 }, // §
    { 7, 3, 11, 2, 14, 6, 2685 }, // ¨
    { 13, 12, 13, 0, 12, 39, 2691 }, // ©
    { 6, 8, 8, 1, 12, 12, 2730 }, // ª
    { 9, 6, 9, 0, 7, 14, 2742 }, // «
    { 8, 4, 11, 1, 8, 8, 2756 }, // ¬
    { 6, 2, 6, 0, 5, 3, 2764 }, // ­
    { 10, 9, 10, 0, 13, 23, 2767 }, // ®
    { 7, 2, 11, 2, 13, 4, 2790 }, // ¯
    { 7, 5, 9, 1, 12, 9, 2794 }, // °
    { 8, 11, 11, 1, 10, 22, 2803 }, // ±
    { 6, 7, 8, 1, 14, 11, 2825 }, // ²
    { 6, 8, 8, 1, 14, 12, 2836 }, // ³
    { 4, 4, 11, 4, 14, 4, 2848 }, // ´
    { 11, 13, 11, 1, 9, 36, 2852 }, // µ
    { 9, 15, 9, 0, 12, 34, 2888 }, // ¶
    { 3, 3, 5, 1, 7, 3, 2922 }, // ·
    { 4, 4, 11, 4, -1, 4, 2925 }, // ¸
    { 6, 7, 8, 1, 14, 11, 2929 }, // ¹
    { 6, 8, 8, 1, 12, 12, 2940 }, // º
    { 10, 6, 9, 0, 7, 15, 2952 }, // »
    { 17, 13, 18, 1, 12, 56, 2967 }, // ¼
    { 17, 13, 18, 1, 12, 56, 3023 }, // ½
    { 17, 13, 18, 1, 12, 56, 3079 }, // ¾
    { 7, 12, 8, 0, 9, 21, 3135 }, // ¿
    { 13, 16, 13, 0, 16, 52, 3156 }, // À
    { 13, 16, 13, 0, 16, 52, 3208 }, // Á
    { 13, 17, 13, 0, 17, 56, 3260 }, // Â
    { 13, 16, 13, 0, 16, 52, 3316 }, // Ã
    { 13, 16, 13, 0, 16, 52, 3368 }, // Ä
    { 13, 17, 13, 0, 17, 56, 3420 }, // Å
    { 17, 12, 16, -1, 12, 51, 3476 }, // Æ
    { 11, 17, 11, 0, 12, 47, 3527 }, // Ç
    { 11, 16, 11, 0, 16, 44, 3574 }, // È
    { 11, 16, 11, 0, 16, 44, 3618 }, // É
    { 11, 17, 11, 0, 17, 47, 3662 }, // Ê
    { 11, 16, 11, 0, 16, 44, 3709 }, // Ë
    { 6, 16, 6, 0, 16, 24, 3753 }, // Ì
    { 6, 16, 6, 0, 16, 24, 3777 }, // Í
    { 7, 17, 6, 0, 17, 30, 3801 }, // Î
    { 7, 16, 6, 0, 16, 28, 3831 }, // Ï
    { 12, 12, 13, 0, 12, 36, 3859 }, // Ð
    { 14, 16, 14, 0, 16, 56, 3895 }, // Ñ
    { 13, 16, 13, 0, 16, 52, 3951 }, // Ò
    { 13, 16, 13, 0, 16, 52, 4003 }, // Ó
    { 13, 17, 13, 0, 17, 56, 4055 }, // Ô
    { 13, 16, 13, 0, 16, 52, 4111 }, // Õ
    { 13, 16, 13, 0, 16, 52, 4163 }, // Ö
    { 7, 7, 11, 2, 9, 13, 4215 }, // ×
    { 13, 12, 13, 0, 12, 39, 4228 }, // Ø
    { 13, 16, 13, 0, 16, 52, 4267 }, // Ù
    { 13, 16, 13, 0, 16, 52, 4319 }, // Ú
    { 13, 17, 13, 0, 17, 56, 4371 }, // Û
    { 13, 16, 13, 0, 16, 52, 4427 }, // Ü
    { 12, 16, 12, 0, 16, 48, 4479 }, // Ý
    { 10, 12, 11, 0, 12, 30, 4527 }, // Þ
    { 11, 13, 11, 0, 13, 36, 4557 }, // ß
    { 10, 14, 9, 0, 14, 35, 4593 }, // à
    { 10, 14, 9, 0, 14, 35, 4628 }, // á
    { 10, 14, 9, 0, 14, 35, 4663 }, // â
    { 10, 13, 9, 0, 13, 33, 4698 }, // ã
    { 10, 14, 9, 0, 14, 35, 4731 }, // ä
    { 10, 15, 9, 0, 15, 38, 4766 }, // å
    { 14, 9, 14, 0, 9, 32, 4804 }, // æ
    { 9, 14, 9, 0, 9, 32, 4836 }, // ç
    { 9, 14, 9, 0, 14, 32, 4868 }, // è
    { 9, 14, 9, 0, 14, 32, 4900 }, // é
    { 9, 14, 9, 0, 14, 32, 4932 }, // ê
    { 9, 14, 9, 0, 14, 32, 4964 }, // ë
    { 6, 14, 6, 0, 14, 21, 4996 }, // ì
    { 6, 14, 6, 0, 14, 21, 5017 }, // í
    { 6, 14, 6, 0, 14, 21, 5038 }, // î
    { 7, 14, 6, -1, 14, 25, 5059 }, // ï
    { 10, 14, 10, 0, 14, 35, 5084 }, // ð
    { 12, 13, 11, 0, 13, 39, 5119 }, // ñ
    { 10, 14, 10, 0, 14, 35, 5158 }, // ò
    { 10, 14, 10, 0, 14, 35, 5193 }, // ó
    { 10, 14, 10, 0, 14, 35, 5228 }, // ô
    { 10, 13, 10, 0, 13, 33, 5263 }, // õ
    { 10, 14, 10, 0, 14, 35, 5296 }, // ö
    { 8, 10, 11, 1, 10, 20, 5331 }, // ÷
    { 10, 9, 10, 0, 9, 23, 5351 }, // ø
    { 11, 14, 11, 0, 14, 39, 5374 }, // ù
    { 11, 14, 11, 0, 14, 39, 5413 }, // ú
    { 11, 14, 11, 0, 14, 39, 5452 }, // û
    { 11, 14, 11, 0, 14, 39, 5491 }, // ü
    { 11, 18, 10, 0, 14, 50, 5530 }, // ý
    { 10, 17, 11, 0, 13, 43, 5580 }, // þ
    { 11, 18, 10, 0, 14, 50, 5623 }, // ÿ
    { 13, 15, 13, 0, 15, 49, 5673 }, // Ā
    { 10, 13, 9, 0, 13, 33, 5722 }, // ā
    { 13, 16, 13, 0, 16, 52, 5755 }, // Ă
    { 10, 13, 9, 0, 13, 33, 5807 }, // ă
    { 13, 16, 13, 0, 12, 52, 5840 }, // Ą
    { 10, 12, 9, 0, 9, 30, 5892 }, // ą
    { 11, 16, 11, 0, 16, 44, 5922 }, // Ć
    { 9, 14, 9, 0, 14, 32, 5966 }, // ć
    { 11, 17, 11, 0, 17, 47, 5998 }, // Ĉ
    { 9, 14, 9, 0, 14, 32, 6045 }, // ĉ
    { 11, 16, 11, 0, 16, 44, 6077 }, // Ċ
    { 9, 14, 9, 0, 14, 32, 6121 }, // ċ
    { 11, 17, 11, 0, 17, 47, 6153 }, // Č
    { 9, 14, 9, 0, 14, 32, 6200 }, // č
    { 12, 18, 13, 0, 17, 54, 6232 }, // Ď
    { 12, 15, 11, 0, 15, 45, 6286 }, // ď
    { 12, 12, 13, 0, 12, 36, 6331 }, // Đ
    { 11, 13, 11, 0, 13, 36, 6367 }, // đ
    { 11, 15, 11, 0, 15, 42, 6403 }, // Ē
    { 9, 13, 9, 0, 13, 30, 6445 }, // ē
    { 11, 16, 11, 0, 16, 44, 6475 }, // Ĕ
    { 9, 13, 9, 0, 13, 30, 6519 }, // ĕ
    { 11, 16, 11, 0, 16, 44, 6549 }, // Ė
    { 9, 14, 9, 0, 14, 32, 6593 }, // ė
    { 11, 16, 11, 0, 12, 44, 6625 }, // Ę
    { 9, 12, 9, 0, 9, 27, 6669 }, // ę
    { 11, 17, 11, 0, 17, 47, 6696 }, // Ě
    { 9, 14, 9, 0, 14, 32, 6743 }, // ě
    { 12, 17, 12, 0, 17, 51, 6775 }, // Ĝ
    { 10, 18, 10, 0, 14, 45, 6826 }, // ĝ
    { 12, 16, 12, 0, 16, 48, 6871 }, // Ğ
    { 10, 17, 10, 0, 13, 43, 6919 }, // ğ
    { 12, 16, 12, 0, 16, 48, 6962 }, // Ġ
    { 10, 18, 10, 0, 14, 45, 7010 }, // ġ
    { 12, 17, 12, 0, 12, 51, 7055 }, // Ģ
    { 10, 19, 10, 0, 15, 48, 7106 }, // ģ
    { 14, 17, 14, 0, 17, 60, 7154 }, // Ĥ
    { 12, 17, 11, -1, 17, 51, 7214 }, // ĥ
    { 14, 12, 14, 0, 12, 42, 7265 }, // Ħ
    { 11, 13, 11, 0, 13, 36, 7307 }, // ħ
    { 6, 16, 6, 0, 16, 24, 7343 }, // Ĩ
    { 6, 13, 6, 0, 13, 20, 7367 }, // ĩ
    { 6, 15, 6, 0, 15, 23, 7387 }, // Ī
    { 6, 13, 6, 0, 13, 20, 7410 }, // ī
    { 6, 16, 6, 0, 16, 24, 7430 }, // Ĭ
    { 6, 13, 6, 0, 13, 20, 7454 }, // ĭ
    { 6, 16, 6, 0, 12, 24, 7474 }, // Į
    { 6, 18, 6, 0, 14, 27, 7498 }, // į
    { 6, 16, 6, 0, 16, 24, 7525 }, // İ
    { 6, 9, 6, 0, 9, 14, 7549 }, // ı
    { 12, 16, 12, 0, 12, 48, 7563 }, // Ĳ
    { 10, 18, 10, 0, 14, 45, 7611 }, // ĳ
    { 8, 21, 6, -1, 17, 42, 7656 }, // Ĵ
    { 7, 18, 5, -1, 14, 32, 7698 }, // ĵ
    { 13, 17, 12, 0, 12, 56, 7730 }, // Ķ
    { 11, 18, 10, 0, 13, 50, 7786 }, // ķ
    { 11, 9, 10, 0, 9, 25, 7836 }, // ĸ
    { 11, 16, 10, 0, 16, 44, 7861 }, // Ĺ
    { 6, 17, 6, 0, 17, 26, 7905 }, // ĺ
    { 11, 17, 10, 0, 12, 47, 7931 }, // Ļ
    { 6, 18, 6, 0, 13, 27, 7978 }, // ļ
    { 11, 15, 10, 0, 15, 42, 8005 }, // Ľ
    { 7, 15, 6, 0, 15, 27, 8047 }, // ľ
    { 11, 12, 10, 0, 12, 33, 8074 }, // Ŀ
    { 8, 13, 8, 0, 13, 26, 8107 }, // ŀ
    { 12, 12, 10, -1, 12, 36, 8133 }, // Ł
    { 7, 13, 6, -1, 13, 23, 8169 }, // ł
    { 14, 16, 14, 0, 16, 56, 8192 }, // Ń
    { 12, 14, 11, 0, 14, 42, 8248 }, // ń
    { 14, 17, 14, 0, 12, 60, 8290 }, // Ņ
    { 12, 14, 11, 0, 9, 42, 8350 }, // ņ
    { 14, 17, 14, 0, 17, 60, 8392 }, // Ň
    { 12, 14, 11, 0, 14, 42, 8452 }, // ň
    { 16, 13, 15, 0, 13, 52, 8494 }, // ŉ
    { 14, 15, 14, 0, 12, 53, 8546 }, // Ŋ
    { 10, 13, 11, 0, 9, 33, 8599 }, // ŋ
    { 13, 15, 13, 0, 15, 49, 8632 }, // Ō
    { 10, 13, 10, 0, 13, 33, 8681 }, // ō
    { 13, 16, 13, 0, 16, 52, 8714 }, // Ŏ
    { 10, 13, 10, 0, 13, 33, 8766 }, // ŏ
    { 13, 17, 13, 0, 17, 56, 8799 }, // Ő
    { 10, 14, 10, 0, 14, 35, 8855 }, // ő
    { 16, 12, 16, 0, 12, 48, 8890 }, // Œ
    { 15, 9, 15, 0, 9, 34, 8938 }, // œ
    { 12, 16, 12, 0, 16, 48, 8972 }, // Ŕ
    { 8, 14, 8, 0, 14, 28, 9020 }, // ŕ
    { 12, 17, 12, 0, 12, 51, 9048 }, // Ŗ
    { 8, 14, 8, 0, 9, 28, 9099 }, // ŗ
    { 12, 17, 12, 0, 17, 51, 9127 }, // Ř
    { 8, 14, 8, 0, 14, 28, 9178 }, // ř
    { 9, 16, 9, 0, 16, 36, 9206 }, // Ś
    { 7, 14, 8, 1, 14, 25, 9242 }, // ś
    { 9, 17, 9, 0, 17, 39, 9267 }, // Ŝ
    { 7, 14, 8, 1, 14, 25, 9306 }, // ŝ
    { 9, 17, 9, 0, 12, 39, 9331 }, // Ş
    { 7, 14, 8, 1, 9, 25, 9370 }, // ş
    { 9, 17, 9, 0, 17, 39, 9395 }, // Š
    { 7, 14, 8, 1, 14, 25, 9434 }, // š
    { 11, 17, 12, 0, 12, 47, 9459 }, // Ţ
    { 7, 16, 7, 0, 11, 28, 9506 }, // ţ
    { 11, 17, 12, 0, 17, 47, 9534 }, // Ť
    { 7, 13, 7, 0, 13, 23, 9581 }, // ť
    { 11, 12, 12, 0, 12, 33, 9604 }, // Ŧ
    { 7, 11, 7, 0, 11, 20, 9637 }, // ŧ
    { 13, 16, 13, 0, 16, 52, 9657 }, // Ũ
    { 11, 13, 11, 0, 13, 36, 9709 }, // ũ
    { 13, 15, 13, 0, 15, 49, 9745 }, // Ū
    { 11, 13, 11, 0, 13, 36, 9794 }, // ū
    { 13, 16, 13, 0, 16, 52, 9830 }, // Ŭ
    { 11, 13, 11, 0, 13, 36, 9882 }, // ŭ
    { 13, 17, 13, 0, 17, 56, 9918 }, // Ů
    { 11, 15, 11, 0, 15, 42, 9974 }, // ů
    { 13, 17, 13, 0, 17, 56, 10016 }, // Ű
    { 11, 14, 11, 0, 14, 39, 10072 }, // ű
    { 13, 16, 13, 0, 12, 52, 10111 }, // Ų
    { 11, 13, 11, 0, 9, 36, 10163 }, // ų
    { 19, 17, 19, 0, 17, 81, 10199 }, // Ŵ
    { 15, 14, 15, 0, 14, 53, 10280 }, // ŵ
    { 12, 17, 12, 0, 17, 51, 10333 }, // Ŷ
    { 11, 18, 10, 0, 14, 50, 10384 }, // ŷ
    { 12, 16, 12, 0, 16, 48, 10434 }, // Ÿ
    { 10, 17, 10, 0, 16, 43, 10482 }, // Ź
    { 9, 15, 9, 0, 14, 34, 10525 }, // ź
    { 10, 17, 10, 0, 16, 43, 10559 }, // Ż
    { 9, 15, 9, 0, 14, 34, 10602 }, // ż
    { 10, 18, 10, 0, 17, 45, 10636 }, // Ž
    { 9, 15, 9, 0, 14, 34, 10681 }, // ž
    { 9, 13, 7, 0, 13, 30, 10715 }, // ſ
    { 4, 4, 0, -3, 14, 4, 10745 }, // ̀
    { 4, 4, 0, -1, 14, 4, 10749 }, // ́
    { 6, 4, 0, -3, 14, 6, 10753 }, // ̂
    { 6, 3, 0, -3, 13, 5, 10759 }, // ̃
    { 6, 2, 0, -3, 13, 3, 10764 }, // ̄
    { 6, 3, 0, -3, 13, 5, 10767 }, // ̆
    { 4, 3, 0, -2, 14, 3, 10772 }, // ̇
    { 6, 3, 0, -3, 14, 5, 10775 }, // ̈
    { 6, 6, 0, -3, 16, 9, 10780 }, // ̉
    { 6, 5, 0, -3, 15, 8, 10789 }, // ̊
    { 7, 4, 0, -3, 14, 7, 10797 }, // ̋
    { 6, 4, 0, -3, 14, 6, 10804 }, // ̌
    { 7, 4, 0, -4, 14, 7, 10810 }, // ̏
    { 6, 3, 0, -3, 13, 5, 10817 }, // ̑
    { 4, 5, 0, -2, 15, 5, 10822 }, // ̒
    { 3, 5, 0, -1, 15, 4, 10827 }, // ̓
    { 3, 5, 0, -2, 15, 4, 10831 }, // ̔
    { 2, 5, 0, -1, 16, 3, 10835 }, // ̕
    { 4, 4, 0, -2, 11, 4, 10838 }, // ̛
    { 4, 3, 0, -2, -1, 3, 10842 }, // ̣
    { 6, 3, 0, -3, -1, 5, 10845 }, // ̤
    { 4, 4, 0, -2, -1, 4, 10850 }, // ̥
    { 4, 4, 0, -2, -1, 4, 10854 }, // ̦
    { 4, 4, 0, -2, -1, 4, 10858 }, // ̧
    { 4, 5, 0, -2, 1, 5, 10862 }, // ̨
    { 3, 4, 5, 1, -1, 3, 10867 }, // ̩
    { 6, 3, 0, -3, -1, 5, 10870 }, // ̭
    { 6, 3, 0, -3, -1, 5, 10875 }, // ̮
    { 6, 3, 0, -3, -1, 5, 10880 }, // ̰
    { 6, 2, 0, -3, -1, 3, 10885 }, // ̱
    { 6, 3, 0, -3, 13, 5, 10888 }, // ͂
    { 6, 7, 0, -3, 18, 11, 10893 }, // ̈́
    { 3, 3, 0, -1, -1, 3, 10904 }, // ͅ
    { 11, 16, 11, 0, 16, 44, 10907 }, // Ѐ
    { 11, 16, 11, 0, 16, 44, 10951 }, // Ё
    { 14, 15, 14, 0, 12, 53, 10995 }, // Ђ
    { 10, 16, 10, 0, 16, 40, 11048 }, // Ѓ
    { 11, 12, 11, 0, 12, 33, 11088 }, // Є
    { 9, 12, 9, 0, 12, 27, 11121 }, // Ѕ
    { 6, 12, 6, 0, 12, 18, 11148 }, // І
    { 7, 16, 6, 0, 16, 28, 11166 }, // Ї
    { 7, 16, 6, -1, 12, 28, 11194 }, // Ј
    { 16, 12, 17, 0, 12, 48, 11222 }, // Љ
    { 17, 12, 17, 0, 12, 51, 11270 }, // Њ
    { 15, 12, 15, 0, 12, 45, 11321 }, // Ћ
    { 12, 16, 12, 0, 16, 48, 11366 }, // Ќ
    { 14, 16, 14, 0, 16, 56, 11414 }, // Ѝ
    { 13, 16, 12, 0, 16, 52, 11470 }, // Ў
    { 13, 16, 14, 0, 12, 52, 11522 }, // Џ
    { 13, 12, 13, 0, 12, 39, 11574 }, // А
    { 11, 12, 11, 0, 12, 33, 11613 }, // Б
    { 10, 12, 11, 0, 12, 30, 11646 }, // В
    { 10, 12, 10, 0, 12, 30, 11676 }, // Г
    { 13, 16, 13, 0, 12, 52, 11706 }, // Д
    { 11, 12, 11, 0, 12, 33, 11758 }, // Е
    { 17, 12, 17, 0, 12, 51, 11791 }, // Ж
    { 10, 12, 10, 0, 12, 30, 11842 }, // З
    { 14, 12, 14, 0, 12, 42, 11872 }, // И
    { 14, 16, 14, 0, 16, 56, 11914 }, // Й
    { 12, 12, 12, 0, 12, 36, 11970 }, // К
    { 12, 12, 13, 0, 12, 36, 12006 }, // Л
    { 16, 12, 15, 0, 12, 48, 12042 }, // М
    { 14, 12, 14, 0, 12, 42, 12090 }, // Н
    { 13, 12, 13, 0, 12, 39, 12132 }, // О
    { 14, 12, 14, 0, 12, 42, 12171 }, // П
    { 10, 12, 10, 0, 12, 30, 12213 }, // Р
    { 11, 12, 11, 0, 12, 33, 12243 }, // С
    { 11, 12, 12, 0, 12, 33, 12276 }, // Т
    { 13, 12, 12, 0, 12, 39, 12309 }, // У
    { 13, 12, 13, 0, 12, 39, 12348 }, // Ф
    { 13, 12, 12, 0, 12, 39, 12387 }, // Х
    { 14, 16, 14, 0, 12, 56, 12426 }, // Ц
    { 12, 12, 12, 0, 12, 36, 12482 }, // Ч
    { 18, 12, 18, 0, 12, 54, 12518 }, // Ш
    { 18, 15, 18, 0, 12, 68, 12572 }, // Щ
    { 13, 13, 13, 0, 12, 43, 12640 }, // Ъ
    { 16, 13, 16, 0, 12, 52, 12683 }, // Ы
    { 11, 13, 11, 0, 12, 36, 12735 }, // Ь
    { 11, 12, 11, 0, 12, 33, 12771 }, // Э
    { 18, 12, 18, 0, 12, 54, 12804 }, // Ю
    { 12, 12, 11, -1, 12, 36, 12858 }, // Я
    { 10, 9, 9, 0, 9, 23, 12894 }, // а
    { 10, 13, 10, 0, 13, 33, 12917 }, // б
    { 9, 11, 9, 0, 10, 25, 12950 }, // в
    { 8, 9, 8, 0, 9, 18, 12975 }, // г
    { 11, 13, 11, 0, 9, 36, 12993 }, // д
    { 9, 9, 9, 0, 9, 21, 13029 }, // е
    { 14, 9, 14, 0, 9, 32, 13050 }, // ж
    { 8, 9, 8, 0, 9, 18, 13082 }, // з
    { 12, 9, 12, 0, 9, 27, 13100 }, // и
    { 12, 13, 12, 0, 13, 39, 13127 }, // й
    { 10, 9, 10, 0, 9, 23, 13166 }, // к
    { 10, 9, 11, 0, 9, 23, 13189 }, // л
    { 13, 9, 13, 0, 9, 30, 13212 }, // м
    { 12, 9, 12, 0, 9, 27, 13242 }, // н
    { 10, 9, 10, 0, 9, 23, 13269 }, // о
    { 12, 9, 12, 0, 9, 27, 13292 }, // п
    { 10, 13, 10, 0, 9, 33, 13319 }, // р
    { 9, 9, 9, 0, 9, 21, 13352 }, // с
    { 9, 9, 10, 0, 9, 21, 13373 }, // т
    { 11, 13, 10, 0, 9, 36, 13394 }, // у
    { 12, 17, 13, 0, 13, 51, 13430 }, // ф
    { 10, 9, 10, 0, 9, 23, 13481 }, // х
    { 12, 13, 12, 0, 9, 39, 13504 }, // ц
    { 10, 9, 10, 0, 9, 23, 13543 }, // ч
    { 15, 9, 15, 0, 9, 34, 13566 }, // ш
    { 15, 13, 15, 0, 9, 49, 13600 }, // щ
    { 11, 10, 11, 0, 9, 28, 13649 }, // ъ
    { 14, 10, 14, 0, 9, 35, 13677 }, // ы
    { 9, 10, 9, 0, 9, 23, 13712 }, // ь
    { 9, 9, 9, 0, 9, 21, 13735 }, // э
    { 14, 9, 14, 0, 9, 32, 13756 }, // ю
    { 10, 9, 10, 0, 9, 23, 13788 }, // я
    { 9, 14, 9, 0, 14, 32, 13811 }, // ѐ
    { 9, 14, 9, 0, 14, 32, 13843 }, // ё
    { 10, 17, 11, 0, 13, 43, 13875 }, // ђ
    { 8, 14, 8, 0, 14, 28, 13918 }, // ѓ
    { 9, 9, 9, 0, 9, 21, 13946 }, // є
    { 7, 9, 8, 1, 9, 16, 13967 }, // ѕ
    { 6, 14, 6, 0, 14, 21, 13983 }, // і
    { 7, 14, 6, -1, 14, 25, 14004 }, // ї
    { 5, 18, 5, -1, 14, 23, 14029 }, // ј
    { 13, 9, 14, 0, 9, 30, 14052 }, // љ
    { 14, 9, 15, 0, 9, 32, 14082 }, // њ
    { 11, 13, 11, 0, 13, 36, 14114 }, // ћ
    { 10, 14, 10, 0, 14, 35, 14150 }, // ќ
    { 12, 14, 12, 0, 14, 42, 14185 }, // ѝ
    { 11, 17, 10, 0, 13, 47, 14227 }, // ў
    { 11, 12, 12, 0, 9, 33, 14274 }, // џ
    { 12, 13, 12, 0, 13, 39, 14307 }, // Ѣ
    { 10, 12, 10, 0, 12, 30, 14346 }, // ѣ
    { 13, 12, 13, 0, 12, 39, 14376 }, // Ѳ
    { 10, 9, 10, 0, 9, 23, 14415 }, // ѳ
    { 13, 12, 13, 0, 12, 39, 14438 }, // Ѵ
    { 11, 9, 10, 0, 9, 25, 14477 }, // ѵ
    { 14, 19, 14, 0, 16, 67, 14502 }, // Ҋ
    { 12, 16, 12, 0, 13, 48, 14569 }, // ҋ
    { 11, 13, 11, 0, 12, 36, 14617 }, // Ҍ
    { 9, 13, 9, 0, 12, 30, 14653 }, // ҍ
    { 10, 12, 10, 0, 12, 30, 14683 }, // Ҏ
    { 10, 13, 10, 0, 9, 33, 14713 }, // ҏ
    { 10, 15, 10, 0, 15, 38, 14746 }, // Ґ
    { 8, 12, 8, 0, 12, 24, 14784 }, // ґ
    { 10, 12, 10, 0, 12, 30, 14808 }, // Ғ
    { 8, 9, 8, 0, 9, 18, 14838 }, // ғ
    { 11, 15, 11, 0, 12, 42, 14856 }, // Ҕ
    { 10, 13, 10, 0, 9, 33, 14898 }, // ҕ
    { 17, 16, 17, 0, 12, 68, 14931 }, // Җ
    { 14, 12, 14, 0, 9, 42, 14999 }, // җ
    { 10, 16, 10, 0, 12, 40, 15041 }, // Ҙ
    { 8, 12, 8, 0, 9, 24, 15081 }, // ҙ
    { 12, 16, 12, 0, 12, 48, 15105 }, // Қ
    { 10, 12, 10, 0, 9, 30, 15153 }, // қ
    { 13, 12, 13, 0, 12, 39, 15183 }, // Ҝ
    { 11, 9, 10, 0, 9, 25, 15222 }, // ҝ
    { 12, 12, 12, 0, 12, 36, 15247 }, // Ҟ
    { 10, 12, 10, 0, 12, 30, 15283 }, // ҟ
    { 14, 12, 14, 0, 12, 42, 15313 }, // Ҡ
    { 12, 9, 11, 0, 9, 27, 15355 }, // ҡ
    { 14, 16, 14, 0, 12, 56, 15382 }, // Ң
    { 12, 12, 12, 0, 9, 36, 15438 }, // ң
    { 16, 12, 17, 0, 12, 48, 15474 }, // Ҥ
    { 13, 9, 13, 0, 9, 30, 15522 }, // ҥ
    { 18, 16, 18, 0, 12, 72, 15552 }, // Ҧ
    { 16, 13, 16, 0, 9, 52, 15624 }, // ҧ
    { 14, 12, 14, 0, 12, 42, 15676 }, // Ҩ
    { 11, 9, 11, 0, 9, 25, 15718 }, // ҩ
    { 11, 15, 11, 0, 12, 42, 15743 }, // Ҫ
    { 9, 12, 9, 0, 9, 27, 15785 }, // ҫ
    { 11, 15, 12, 0, 12, 42, 15812 }, // Ҭ
    { 9, 12, 10, 0, 9, 27, 15854 }, // ҭ
    { 12, 12, 12, 0, 12, 36, 15881 }, // Ү
    { 11, 13, 10, 0, 9, 36, 15917 }, // ү
    { 12, 12, 12, 0, 12, 36, 15953 }, // Ұ
    { 11, 13, 10, 0, 9, 36, 15989 }, // ұ
    { 13, 16, 12, 0, 12, 52, 16025 }, // Ҳ
    { 10, 12, 10, 0, 9, 30, 16077 }, // ҳ
    { 15, 16, 15, 0, 12, 60, 16107 }, // Ҵ
    { 13, 12, 13, 0, 9, 39, 16167 }, // ҵ
    { 12, 16, 12, 0, 12, 48, 16206 }, // Ҷ
    { 11, 12, 11, 0, 9, 33, 16254 }, // ҷ
    { 12, 12, 12, 0, 12, 36, 16287 }, // Ҹ
    { 10, 9, 10, 0, 9, 23, 16323 }, // ҹ
    { 12, 12, 12, 0, 12, 36, 16346 }, // Һ
    { 11, 13, 11, 0, 13, 36, 16382 }, // һ
    { 14, 12, 14, 0, 12, 42, 16418 }, // Ҽ
    { 11, 9, 11, 0, 9, 25, 16460 }, // ҽ
    { 14, 16, 14, 0, 12, 56, 16485 }, // Ҿ
    { 11, 12, 11, 0, 9, 33, 16541 }, // ҿ
    { 6, 12, 6, 0, 12, 18, 16574 }, // Ӏ
    { 17, 16, 17, 0, 16, 68, 16592 }, // Ӂ
    { 14, 13, 14, 0, 13, 46, 16660 }, // ӂ
    { 12, 15, 12, 0, 12, 45, 16706 }, // Ӄ
    { 10, 13, 10, 0, 9, 33, 16751 }, // ӄ
    { 12, 16, 13, 0, 12, 48, 16784 }, // Ӆ
    { 11, 12, 11, 0, 9, 33, 16832 }, // ӆ
    { 14, 15, 14, 0, 12, 53, 16865 }, // Ӈ
    { 12, 13, 12, 0, 9, 39, 16918 }, // ӈ
    { 14, 16, 14, 0, 12, 56, 16957 }, // Ӊ
    { 12, 12, 12, 0, 9, 36, 17013 }, // ӊ
    { 12, 16, 12, 0, 12, 48, 17049 }, // Ӌ
    { 10, 12, 10, 0, 9, 30, 17097 }, // ӌ
    { 16, 16, 15, 0, 12, 64, 17127 }, // Ӎ
    { 13, 12, 13, 0, 9, 39, 17191 }, // ӎ
    { 6, 13, 6, 0, 13, 20, 17230 }, // ӏ
    { 13, 16, 13, 0, 16, 52, 17250 }, // Ӑ
    { 10, 13, 9, 0, 13, 33, 17302 }, // ӑ
    { 13, 16, 13, 0, 16, 52, 17335 }, // Ӓ
    { 10, 14, 9, 0, 14, 35, 17387 }, // ӓ
    { 17, 12, 16, -1, 12, 51, 17422 }, // Ӕ
    { 14, 9, 14, 0, 9, 32, 17473 }, // ӕ
    { 11, 16, 11, 0, 16, 44, 17505 }, // Ӗ
    { 9, 13, 9, 0, 13, 30, 17549 }, // ӗ
    { 11, 12, 12, 0, 12, 33, 17579 }, // Ә
    { 9, 9, 9, 0, 9, 21, 17612 }, // ә
    { 11, 16, 12, 0, 16, 44, 17633 }, // Ӛ
    { 9, 14, 9, 0, 14, 32, 17677 }, // ӛ
    { 17, 16, 17, 0, 16, 68, 17709 }, // Ӝ
    { 14, 14, 14, 0, 14, 49, 17777 }, // ӝ
    { 10, 16, 10, 0, 16, 40, 17826 }, // Ӟ
    { 8, 14, 8, 0, 14, 28, 17866 }, // ӟ
    { 10, 12, 10, 0, 12, 30, 17894 }, // Ӡ
    { 8, 13, 9, 0, 9, 26, 17924 }, // ӡ
    { 14, 15, 14, 0, 15, 53, 17950 }, // Ӣ
    { 12, 13, 12, 0, 13, 39, 18003 }, // ӣ
    { 14, 16, 14, 0, 16, 56, 18042 }, // Ӥ
    { 12, 14, 12, 0, 14, 42, 18098 }, // ӥ
    { 13, 16, 13, 0, 16, 52, 18140 }, // Ӧ
    { 10, 14, 10, 0, 14, 35, 18192 }, // ӧ
    { 13, 12, 13, 0, 12, 39, 18227 }, // Ө
    { 10, 9, 10, 0, 9, 23, 18266 }, // ө
    { 13, 16, 14, 0, 16, 52, 18289 }, // Ӫ
    { 10, 14, 10, 0, 14, 35, 18341 }, // ӫ
    { 11, 16, 11, 0, 16, 44, 18376 }, // Ӭ
    { 9, 14, 9, 0, 14, 32, 18420 }, // ӭ
    { 13, 15, 12, 0, 15, 49, 18452 }, // Ӯ
    { 11, 17, 10, 0, 13, 47, 18501 }, // ӯ
    { 13, 16, 12, 0, 16, 52, 18548 }, // Ӱ
    { 11, 18, 10, 0, 14, 50, 18600 }, // ӱ
    { 13, 17, 12, 0, 17, 56, 18650 }, // Ӳ
    { 11, 18, 10, 0, 14, 50, 18706 }, // ӳ
    { 12, 16, 12, 0, 16, 48, 18756 }, // Ӵ
    { 10, 14, 11, 0, 14, 35, 18804 }, // ӵ
    { 10, 16, 10, 0, 12, 40, 18839 }, // Ӷ
    { 8, 13, 8, 0, 9, 26, 18879 }, // ӷ
    { 16, 17, 17, 0, 16, 68, 18905 }, // Ӹ
    { 14, 15, 14, 0, 14, 53, 18973 }, // ӹ
    { 10, 15, 10, 0, 12, 38, 19026 }, // Ӻ
    { 8, 12, 8, 0, 9, 24, 19064 }, // ӻ
    { 12, 15, 12, 0, 12, 45, 19088 }, // Ӽ
    { 10, 13, 10, 0, 9, 33, 19133 }, // ӽ
    { 13, 12, 12, 0, 12, 39, 19166 }, // Ӿ
    { 10, 9, 10, 0, 9, 23, 19205 }, // ӿ
    { 0, 0, 9, 0, 0, 0, 19228 }, //  
    { 0, 0, 17, 0, 0, 0, 19228 }, //  
    { 0, 0, 9, 0, 0, 0, 19228 }, //  
    { 0, 0, 17, 0, 0, 0, 19228 }, //  
    { 0, 0, 6, 0, 0, 0, 19228 }, //  
    { 0, 0, 4, 0, 0, 0, 19228 }, //  
    { 0, 0, 3, 0, 0, 0, 19228 }, //  
    { 0, 0, 11, 0, 0, 0, 19228 }, //  
    { 0, 0, 5, 0, 0, 0, 19228 }, //  
    { 0, 0, 3, 0, 0, 0, 19228 }, //  
    { 0, 0, 1, 0, 0, 0, 19228 }, //  
    { 0, 0, 0, 0, 0, 0, 19228 }, // ​
    { 2, 14, 0, -1, 10, 7, 19228 }, // ‌
    { 4, 15, 0, -2, 11, 15, 19235 }, // ‍
    { 6, 16, 0, -3, 12, 24, 19250 }, // ‎
    { 6, 16, 0, -3, 12, 24, 19274 }, // ‏
    { 6, 2, 6, 0, 5, 3, 19298 }, // ‐
    { 6, 2, 6, 0, 5, 3, 19301 }, // ‑
    { 9, 2, 11, 1, 6, 5, 19304 }, // ‒
    { 9, 2, 9, 0, 5, 5, 19309 }, // –
    { 17, 2, 17, 0, 5, 9, 19314 }, // —
    { 17, 2, 17, 0, 5, 9, 19323 }, // ―
    { 6, 17, 9, 1, 13, 26, 19332 }, // ‖
    { 9, 4, 9, 0, -1, 9, 19358 }, // ‗
    { 4, 6, 4, 0, 14, 6, 19367 }, // ‘
    { 4, 6, 4, 0, 13, 6, 19373 }, // ’
    { 4, 6, 4, 0, 2, 6, 19379 }, // ‚
    { 4, 6, 4, 0, 14, 6, 19385 }, // ‛
    { 7, 6, 7, 0, 14, 11, 19391 }, // “
    { 7, 6, 7, 0, 13, 11, 19402 }, // ”
    { 7, 6, 7, 0, 2, 11, 19413 }, // „
    { 7, 6, 7, 0, 14, 11, 19424 }, // ‟
    { 8, 11, 9, 0, 12, 22, 19435 }, // †
    { 8, 13, 9, 0, 12, 26, 19457 }, // ‡
    { 5, 4, 5, 0, 7, 5, 19483 }, // •
    { 7, 6, 11, 2, 9, 11, 19488 }, // ‣
    { 3, 3, 5, 1, 2, 3, 19499 }, // ․
    { 8, 3, 9, 0, 3, 6, 19502 }, // ‥
    { 15, 3, 17, 1, 3, 12, 19508 }, // …
    { 3, 3, 5, 1, 6, 3, 19520 }, // ‧
    { 0, 0, 0, 0, 0, 0, 19523 }, //  
    { 0, 0, 0, 0, 0, 0, 19523 }, //  
    { 6, 16, 0, -3, 12, 24, 19523 }, // ‪
    { 6, 16, 0, -3, 12, 24, 19547 }, // ‫
    { 6, 16, 0, -3, 12, 24, 19571 }, // ‬
    { 8, 16, 0, -4, 12, 32, 19595 }, // ‭
    { 8, 16, 0, -4, 12, 32, 19627 }, // ‮
    { 0, 0, 2, 0, 0, 0, 19659 }, //  
    { 22, 13, 23, 1, 12, 72, 19659 }, // ‰
    { 4, 6, 4, 0, 12, 6, 19731 }, // ′
    { 8, 6, 8, 0, 12, 12, 19737 }, // ″
    { 11, 6, 11, 0, 12, 17, 19749 }, // ‴
    { 4, 6, 4, 0, 12, 6, 19766 }, // ‵
    { 8, 6, 8, 0, 12, 12, 19772 }, // ‶
    { 12, 6, 12, 0, 12, 18, 19784 }, // ‷
    { 8, 3, 8, 0, 0, 6, 19802 }, // ‸
    { 5, 6, 5, 0, 7, 8, 19808 }, // ‹
    { 5, 6, 5, 0, 7, 8, 19816 }, // ›
    { 11, 11, 11, 0, 11, 31, 19824 }, // ※
    { 8, 13, 9, 1, 13, 26, 19855 }, // ‼
    { 9, 2, 9, 0, 14, 5, 19881 }, // ‾
    { 5, 2, 5, 0, 5, 3, 19886 }, // ⁃
    { 9, 13, 3, -3, 12, 30, 19889 }, // ⁄
    { 14, 12, 15, 1, 12, 42, 19919 }, // ⁇
    { 11, 13, 13, 1, 13, 36, 19961 }, // ⁈
    { 11, 13, 13, 1, 13, 36, 19997 }, // ⁉
    { 10, 4, 17, 3, 7, 10, 20033 }, // ⁓
    { 14, 6, 14, 0, 12, 21, 20043 }, // ⁗
    { 0, 0, 4, 0, 0, 0, 20064 }, //  
    { 0, 0, 0, 0, 0, 0, 20064 }, // ⁠
    { 0, 0, 0, 0, 0, 0, 20064 }, // ⁡
    { 0, 0, 0, 0, 0, 0, 20064 }, // ⁢
    { 0, 0, 0, 0, 0, 0, 20064 }, // ⁣
    { 0, 0, 0, 0, 0, 0, 20064 }, // ⁤
    { 7, 8, 8, 0, 14, 14, 20064 }, // ⁰
    { 7, 8, 8, 0, 14, 14, 20078 }, // ⁴
    { 6, 8, 8, 1, 14, 12, 20092 }, // ⁵
    { 6, 8, 8, 1, 14, 12, 20104 }, // ⁶
    { 6, 8, 8, 1, 14, 12, 20116 }, // ⁷
    { 6, 8, 8, 1, 14, 12, 20128 }, // ⁸
    { 6, 8, 8, 1, 14, 12, 20140 }, // ⁹
    { 8, 6, 10, 1, 12, 12, 20152 }, // ⁿ
    { 7, 8, 8, 0, 5, 14, 20164 }, // ₀
    { 6, 7, 8, 1, 5, 11, 20178 }, // ₁
    { 6, 7, 8, 1, 5, 11, 20189 }, // ₂
    { 6, 8, 8, 1, 5, 12, 20200 }, // ₃
    { 7, 8, 8, 0, 5, 14, 20212 }, // ₄
    { 6, 8, 8, 1, 5, 12, 20226 }, // ₅
    { 6, 8, 8, 1, 5, 12, 20238 }, // ₆
    { 6, 8, 8, 1, 5, 12, 20250 }, // ₇
    { 6, 8, 8, 1, 5, 12, 20262 }, // ₈
    { 6, 8, 8, 1, 5, 12, 20274 }, // ₉
    { 9, 12, 11, 1, 12, 27, 20286 }, // ₣
    { 10, 13, 11, 0, 12, 33, 20313 }, // ₤
    { 21, 12, 21, 0, 12, 63, 20346 }, // ₧
    { 11, 12, 11, 0, 12, 33, 20409 }, // €
    { 11, 7, 17, 3, 9, 20, 20442 }, // ←
    { 7, 11, 17, 5, 12, 20, 20462 }, // ↑
    { 11, 7, 17, 3, 9, 20, 20482 }, // →
    { 7, 11, 17, 5, 12, 20, 20502 }, // ↓
    { 11, 7, 17, 3, 9, 20, 20522 }, // ↔
    { 7, 11, 17, 5, 12, 20, 20542 }, // ↕
    { 7, 11, 17, 5, 12, 20, 20562 }, // ↨
    { 7, 11, 17, 5, 12, 20, 20582 }, // ↲
    { 7, 11, 17, 5, 12, 20, 20602 }, // ↳
    { 9, 8, 17, 4, 10, 18, 20622 }, // ↵
    { 11, 7, 17, 3, 9, 20, 20640 }, // ⇐
    { 9, 10, 17, 4, 11, 23, 20660 }, // ⇑
    { 11, 7, 17, 3, 9, 20, 20683 }, // ⇒
    { 9, 10, 17, 4, 11, 23, 20703 }, // ⇓
    { 11, 7, 17, 3, 9, 20, 20726 }, // ⇔
    { 13, 12, 17, 2, 12, 39, 20746 }, // ∀
    { 9, 13, 11, 1, 13, 30, 20785 }, // ∂
    { 9, 12, 17, 4, 12, 27, 20815 }, // ∃
    { 13, 14, 17, 2, 13, 46, 20842 }, // ∅
    { 11, 12, 11, 0, 12, 33, 20888 }, // ∆
    { 11, 12, 17, 3, 12, 33, 20921 }, // ∇
    { 11, 12, 17, 3, 12, 33, 20954 }, // ∈
    { 11, 14, 17, 3, 13, 39, 20987 }, // ∉
    { 11, 9, 17, 3, 10, 25, 21026 }, // ∊
    { 11, 12, 17, 3, 12, 33, 21051 }, // ∋
    { 11, 14, 17, 3, 13, 39, 21084 }, // ∌
    { 11, 9, 17, 3, 10, 25, 21123 }, // ∍
    { 14, 15, 14, 0, 12, 53, 21148 }, // ∏
    { 11, 16, 10, 0, 12, 44, 21201 }, // ∑
    { 8, 2, 11, 1, 6, 4, 21245 }, // −
    { 8, 13, 8, 0, 12, 26, 21249 }, // ∕
    { 8, 13, 9, 1, 12, 26, 21275 }, // ∖
    { 8, 8, 11, 1, 10, 16, 21301 }, // ∗
    { 7, 5, 11, 2, 9, 9, 21317 }, // ∘
    { 3, 3, 11, 4, 6, 3, 21326 }, // ∙
    { 11, 16, 11, 0, 14, 44, 21329 }, // √
    { 9, 6, 11, 1, 8, 14, 21373 }, // ∝
    { 11, 6, 11, 0, 8, 17, 21387 }, // ∞
    { 11, 12, 17, 3, 12, 33, 21404 }, // ∟
    { 12, 12, 17, 2, 12, 36, 21437 }, // ∠
    { 3, 17, 9, 3, 13, 13, 21473 }, // ∣
    { 6, 17, 9, 1, 13, 26, 21486 }, // ∥
    { 11, 12, 17, 3, 12, 33, 21512 }, // ∧
    { 11, 12, 17, 3, 12, 33, 21545 }, // ∨
    { 11, 12, 17, 3, 12, 33, 21578 }, // ∩
    { 11, 12, 17, 3, 12, 33, 21611 }, // ∪
    { 10, 17, 11, 0, 13, 43, 21644 }, // ∫
    { 11, 10, 17, 3, 9, 28, 21687 }, // ∴
    { 11, 10, 17, 3, 9, 28, 21715 }, // ∵
    { 3, 9, 5, 1, 11, 7, 21743 }, // ∶
    { 11, 10, 17, 3, 9, 28, 21750 }, // ∷
    { 10, 4, 17, 3, 7, 10, 21778 }, // ∼
    { 10, 10, 17, 3, 11, 25, 21788 }, // ≅
    { 9, 6, 11, 1, 9, 14, 21813 }, // ≈
    { 9, 8, 17, 4, 9, 18, 21827 }, // ≍
    { 8, 8, 11, 1, 10, 16, 21845 }, // ≠
    { 9, 8, 17, 4, 9, 18, 21861 }, // ≡
    { 8, 12, 11, 1, 11, 24, 21879 }, // ≤
    { 8, 12, 11, 1, 11, 24, 21903 }, // ≥
    { 15, 7, 17, 1, 9, 27, 21927 }, // ≪
    { 15, 7, 17, 1, 9, 27, 21954 }, // ≫
    { 11, 9, 17, 3, 10, 25, 21981 }, // ⊃
    { 11, 15, 17, 3, 13, 42, 22006 }, // ⊄
    { 11, 15, 17, 3, 13, 42, 22048 }, // ⊅
    { 11, 12, 17, 3, 12, 33, 22090 }, // ⊆
    { 11, 12, 17, 3, 12, 33, 22123 }, // ⊇
    { 13, 12, 17, 2, 12, 39, 22156 }, // ⊕
    { 13, 12, 17, 2, 12, 39, 22195 }, // ⊖
    { 13, 12, 17, 2, 12, 39, 22234 }, // ⊗
    { 13, 12, 17, 2, 12, 39, 22273 }, // ⊘
    { 11, 12, 17, 3, 12, 33, 22312 }, // ⊥
    { 3, 3, 11, 4, 6, 3, 22345 }, // ⋅
    { 15, 3, 17, 1, 6, 12, 22348 }, // ⋯
    { 17, 16, 17, 0, 14, 68, 22360 }, // �
};

static const EpdUnicodeInterval bookerly_8_regularIntervals[] = {
    { 0x0, 0x0, 0x0 },
    { 0x8, 0x9, 0x1 },
    { 0xD, 0xD, 0x3 },
    { 0x1D, 0x1D, 0x4 },
    { 0x20, 0x7E, 0x5 },
    { 0xA0, 0xFF, 0x64 },
    { 0x100, 0x17F, 0xC4 },
    { 0x300, 0x304, 0x144 },
    { 0x306, 0x30C, 0x149 },
    { 0x30F, 0x30F, 0x150 },
    { 0x311, 0x315, 0x151 },
    { 0x31B, 0x31B, 0x156 },
    { 0x323, 0x329, 0x157 },
    { 0x32D, 0x32E, 0x15E },
    { 0x330, 0x331, 0x160 },
    { 0x342, 0x342, 0x162 },
    { 0x344, 0x345, 0x163 },
    { 0x400, 0x45F, 0x165 },
    { 0x462, 0x463, 0x1C5 },
    { 0x472, 0x475, 0x1C7 },
    { 0x48A, 0x4FF, 0x1CB },
    { 0x2000, 0x2030, 0x241 },
    { 0x2032, 0x203C, 0x272 },
    { 0x203E, 0x203E, 0x27D },
    { 0x2043, 0x2044, 0x27E },
    { 0x2047, 0x2049, 0x280 },
    { 0x2053, 0x2053, 0x283 },
    { 0x2057, 0x2057, 0x284 },
    { 0x205F, 0x2064, 0x285 },
    { 0x2070, 0x2070, 0x28B },
    { 0x2074, 0x2079, 0x28C },
    { 0x207F, 0x2089, 0x292 },
    { 0x20A3, 0x20A4, 0x29D },
    { 0x20A7, 0x20A7, 0x29F },
    { 0x20AC, 0x20AC, 0x2A0 },
    { 0x2190, 0x2195, 0x2A1 },
    { 0x21A8, 0x21A8, 0x2A7 },
    { 0x21B2, 0x21B3, 0x2A8 },
    { 0x21B5, 0x21B5, 0x2AA },
    { 0x21D0, 0x21D4, 0x2AB },
    { 0x2200, 0x2200, 0x2B0 },
    { 0x2202, 0x2203, 0x2B1 },
    { 0x2205, 0x220D, 0x2B3 },
    { 0x220F, 0x220F, 0x2BC },
    { 0x2211, 0x2212, 0x2BD },
    { 0x2215, 0x221A, 0x2BF },
    { 0x221D, 0x2220, 0x2C5 },
    { 0x2223, 0x2223, 0x2C9 },
    { 0x2225, 0x2225, 0x2CA },
    { 0x2227, 0x222B, 0x2CB },
    { 0x2234, 0x2237, 0x2D0 },
    { 0x223C, 0x223C, 0x2D4 },
    { 0x2245, 0x2245, 0x2D5 },
    { 0x2248, 0x2248, 0x2D6 },
    { 0x224D, 0x224D, 0x2D7 },
    { 0x2260, 0x2261, 0x2D8 },
    { 0x2264, 0x2265, 0x2DA },
    { 0x226A, 0x226B, 0x2DC },
    { 0x2283, 0x2287, 0x2DE },
    { 0x2295, 0x2298, 0x2E3 },
    { 0x22A5, 0x22A5, 0x2E7 },
    { 0x22C5, 0x22C5, 0x2E8 },
    { 0x22EF, 0x22EF, 0x2E9 },
    { 0xFFFD, 0xFFFD, 0x2EA },
};

static const EpdFontData bookerly_8_regular = {
    bookerly_8_regularBitmaps,
    bookerly_8_regularGlyphs,
    bookerly_8_regularIntervals,
    64,
    22,
    18,
    -5,
    true,
};
