/**
 * generated by fontconvert.py
 * name: bookerly_8_bold
 * size: 8
 * mode: 2-bit
 * Command used: /Users/jesse/Documents/GitHub/crosspoint/crosspoint-reader/lib/EpdFont/scripts/fontconvert.py bookerly_8_bold 8 /Users/jesse/Documents/GitHub/crosspoint/crosspoint-reader/lib/EpdFont/builtinFonts/source/Bookerly/Bookerly-Bold.ttf --2bit
 */
#pragma once
#include "EpdFontData.h"

static const uint8_t bookerly_8_boldBitmaps[23533] = {
    0x7C, 0xFC, 0xF8, 0xF8, 0xF8, 0xB4, 0xB4, 0x74, 0x74, 0x00, 0x28, 0xBC, 0x7C, 0x3C, 0xB4, 0xF3,
    0xD3, 0xCF, 0x0F, 0x3C, 0x3C, 0xF0, 0x41, 0x00, 0x01, 0xD2, 0xC0, 0x0B, 0x0F, 0x01, 0xBE, 0xBE,
    0x4F, 0xFF, 0xFD, 0x07, 0x8B, 0x00, 0x2D, 0x3C, 0x06, 0xFA, 0xF9, 0x3F, 0xFF, 0xF4, 0x1E, 0x2D,
    0x00, 0x74, 0xB0, 0x02, 0xC3, 0xC0, 0x00, 0x00, 0x00, 0x00, 0x34, 0x00, 0x0D, 0x00, 0x1F, 0xE0,
    0x2F, 0xFF, 0x0F, 0x32, 0xD7, 0xCC, 0x20, 0xFF, 0x00, 0x1F, 0xF4, 0x00, 0xBF, 0x80, 0x1E, 0xF1,
    0xC7, 0x3D, 0xB5, 0xCF, 0x1F, 0xFF, 0x81, 0xFF, 0x40, 0x0B, 0x00, 0x02, 0xC0, 0x00, 0xB0, 0x00,
    0x00, 0x00, 0x06, 0x00, 0x0B, 0xE0, 0x0F, 0x00, 0x2E, 0xB8, 0x1E, 0x00, 0x3C, 0x3C, 0x3C, 0x00,
    0x38, 0x3C, 0x74, 0x00, 0x3C, 0x38, 0xF0, 0x00, 0x3E, 0xF5, 0xD2, 0xF4, 0x0F, 0xD3, 0xCF, 0xBD,
    0x00, 0x07, 0x5E, 0x1E, 0x00, 0x0F, 0x1E, 0x0E, 0x00, 0x2D, 0x1E, 0x1E, 0x00, 0x38, 0x0F, 0x7C,
    0x00, 0xB0, 0x07, 0xF4, 0x00, 0x60, 0x00, 0x00, 0x00, 0xBE, 0x00, 0x00, 0x3E, 0xF8, 0x00, 0x07,
    0xC3, 0xC0, 0x00, 0x78, 0x38, 0x00, 0x07, 0xCF, 0x00, 0x00, 0x7D, 0x0A, 0xA0, 0x1F, 0xF0, 0xFF,
    0x43, 0xCF, 0x83, 0xC0, 0x7C, 0x3D, 0x3C, 0x07, 0xC1, 0xFB, 0xC0, 0x3D, 0x07, 0xF8, 0x02, 0xFE,
    0xBF, 0xF8, 0x07, 0xFE, 0x5F, 0xC0, 0x3C, 0x3C, 0x3C, 0x3C, 0x3C, 0x10, 0x00, 0xD0, 0x3E, 0x0B,
    0x80, 0xF0, 0x2E, 0x03, 0xD0, 0x3C, 0x07, 0xC0, 0x7C, 0x03, 0xC0, 0x3D, 0x02, 0xE0, 0x0F, 0x00,
    0xBC, 0x03, 0xE0, 0x09, 0x34, 0x03, 0xD0, 0x1F, 0x00, 0xB8, 0x03, 0xC0, 0x3D, 0x02, 0xE0, 0x2E,
    0x02, 0xE0, 0x2E, 0x03, 0xD0, 0x3C, 0x0B, 0x81, 0xF0, 0x3D, 0x03, 0x40, 0x03, 0x81, 0xDE, 0x02,
    0xFB, 0x0B, 0xEC, 0x77, 0x40, 0x0E, 0x00, 0x02, 0xC0, 0x00, 0xB0, 0x00, 0x2C, 0x01, 0xFF, 0xFC,
    0x6B, 0xEA, 0x00, 0xB0, 0x00, 0x2C, 0x00, 0x06, 0x00, 0x1F, 0x07, 0xC1, 0xF0, 0xB4, 0x38, 0x04,
    0x00, 0x7F, 0xF7, 0xFE, 0x19, 0x3F, 0x2E, 0x00, 0x0F, 0x00, 0x07, 0xC0, 0x03, 0xD0, 0x01, 0xF0,
    0x00, 0xF4, 0x00, 0x3C, 0x00, 0x2E, 0x00, 0x0F, 0x00, 0x0B, 0x80, 0x03, 0xD0, 0x01, 0xF0, 0x00,
    0xF4, 0x00, 0x3C, 0x00, 0x00, 0x02, 0xFE, 0x00, 0x3F, 0xFF, 0x02, 0xF0, 0x7D, 0x0F, 0x80, 0xFC,
    0x7D, 0x02, 0xF1, 0xF0, 0x0B, 0xC7, 0xC0, 0x2F, 0x1F, 0x40, 0xFC, 0x3E, 0x03, 0xE0, 0xFC, 0x2F,
    0x01, 0xFF, 0xF8, 0x01, 0xFF, 0x40, 0x00, 0xA0, 0x2F, 0xF0, 0x3F, 0xF0, 0x02, 0xF0, 0x02, 0xF0,
    0x02, 0xF0, 0x02, 0xF0, 0x02, 0xF0, 0x02, 0xF0, 0x02, 0xF0, 0x1B, 0xFD, 0x3F, 0xFF, 0x02, 0xFD,
    0x01, 0xFF, 0xF8, 0x3F, 0x0F, 0xC3, 0xD0, 0xBC, 0x04, 0x0F, 0xC0, 0x01, 0xF4, 0x00, 0x3E, 0x00,
    0x0F, 0x80, 0x03, 0xE0, 0x00, 0xF8, 0x00, 0x3F, 0xFF, 0xE2, 0xFF, 0xFD, 0x1B, 0xF8, 0x1F, 0xFF,
    0x8B, 0x43, 0xF0, 0x40, 0xB8, 0x00, 0xBC, 0x03, 0xFE, 0x00, 0xEB, 0xF0, 0x00, 0x7C, 0x00, 0x2F,
    0x00, 0x2F, 0xCB, 0xFF, 0xC1, 0xFF, 0x40, 0x00, 0x1B, 0x40, 0x00, 0xFD, 0x00, 0x0F, 0xF4, 0x00,
    0xBF, 0xD0, 0x07, 0xDF, 0x40, 0x7C, 0x7D, 0x03, 0xC1, 0xF4, 0x2F, 0xFF, 0xFC, 0x3F, 0xFF, 0xF0,
    0x00, 0x7D, 0x00, 0x01, 0xF4, 0x00, 0x07, 0xD0, 0x0B, 0xFF, 0xC0, 0xBF, 0xFC, 0x0F, 0x80, 0x00,
    0xF8, 0x00, 0x0F, 0xFD, 0x00, 0x5B, 0xF4, 0x00, 0x0F, 0xC0, 0x00, 0xBC, 0x00, 0x0F, 0xC0, 0x07,
    0xF4, 0x3F, 0xFE, 0x01, 0xFE, 0x40, 0x00, 0x2F, 0xC0, 0x1F, 0xF9, 0x07, 0xF4, 0x00, 0xFC, 0x00,
    0x2F, 0xA4, 0x03, 0xFF, 0xF8, 0x3E, 0x0B, 0xC3, 0xE0, 0x3D, 0x3F, 0x03, 0xE2, 0xF0, 0x7D, 0x0F,
    0xEF, 0x80, 0x2F, 0xD0, 0xBF, 0xFF, 0x6F, 0xFF, 0xEF, 0x01, 0xF2, 0xC0, 0xF4, 0x00, 0xBC, 0x00,
    0x7C, 0x00, 0x3F, 0x00, 0x1F, 0x40, 0x0F, 0xC0, 0x03, 0xE0, 0x00, 0xF4, 0x00, 0x3C, 0x00, 0x02,
    0xFE, 0x00, 0xFE, 0xFC, 0x1F, 0x07, 0xC2, 0xF0, 0x7C, 0x0F, 0xDF, 0x40, 0x3F, 0xE0, 0x0B, 0xFF,
    0x82, 0xF0, 0xBD, 0x3E, 0x03, 0xE3, 0xE0, 0x3D, 0x1F, 0xEF, 0x80, 0x7F, 0xD0, 0x02, 0xFD, 0x00,
    0xFF, 0xF8, 0x2F, 0x0B, 0xC3, 0xE0, 0x3D, 0x3F, 0x03, 0xE2, 0xF4, 0x3E, 0x0F, 0xFF, 0xD0, 0x1A,
    0xFC, 0x00, 0x1F, 0x80, 0x1F, 0xF0, 0x3F, 0xFC, 0x01, 0xFD, 0x00, 0x19, 0x3F, 0x2E, 0x00, 0x00,
    0x00, 0x19, 0x3F, 0x2E, 0x1A, 0x0F, 0xC2, 0xE0, 0x00, 0x00, 0x00, 0x00, 0x00, 0x78, 0x1F, 0x07,
    0xC3, 0xD1, 0xE0, 0x10, 0x00, 0x00, 0x05, 0x00, 0x1F, 0x80, 0x7F, 0x41, 0xF9, 0x00, 0x7E, 0x00,
    0x02, 0xF8, 0x00, 0x0B, 0xE0, 0x00, 0x28, 0x00, 0x00, 0x00, 0x7F, 0xFF, 0x1A, 0xAA, 0x80, 0x00,
    0x00, 0x00, 0x00, 0x7F, 0xFF, 0x1A, 0xAA, 0x80, 0x00, 0x00, 0x0D, 0x00, 0x03, 0xF4, 0x00, 0x1F,
    0xD0, 0x00, 0x7F, 0x00, 0x1F, 0x80, 0xBE, 0x00, 0xF8, 0x00, 0x20, 0x00, 0x00, 0x7E, 0x43, 0xFF,
    0x45, 0x6F, 0x00, 0x1D, 0x00, 0x74, 0x6F, 0xC3, 0xFD, 0x0F, 0x40, 0x28, 0x00, 0x00, 0x01, 0x90,
    0x0F, 0xC0, 0x2E, 0x00, 0x00, 0x0B, 0xFE, 0x40, 0x00, 0x2F, 0xFF, 0xFC, 0x00, 0x3F, 0x40, 0x0B,
    0xC0, 0x3E, 0x01, 0x40, 0xF8, 0x1F, 0x0F, 0xFC, 0x1F, 0x0F, 0x47, 0x4F, 0x03, 0xC3, 0xC0, 0x02,
    0xD0, 0xF0, 0xF0, 0x2F, 0xF4, 0x3C, 0x3C, 0x1E, 0x2D, 0x2E, 0x0F, 0x07, 0xEF, 0xEF, 0x03, 0xD0,
    0xBC, 0xBE, 0x00, 0x7C, 0x00, 0x00, 0x00, 0x0F, 0xD0, 0x00, 0x90, 0x00, 0xBF, 0xEB, 0xF4, 0x00,
    0x02, 0xFF, 0xE0, 0x00, 0x00, 0x0F, 0x00, 0x00, 0x0F, 0xD0, 0x00, 0x03, 0xFC, 0x00, 0x02, 0xEF,
    0x00, 0x00, 0xF3, 0xE0, 0x00, 0xB4, 0xFC, 0x00, 0x3C, 0x2F, 0x40, 0x1F, 0xAF, 0xE0, 0x0F, 0xFF,
    0xFC, 0x07, 0xC0, 0x2F, 0x47, 0xF4, 0x0B, 0xF7, 0xFF, 0x0B, 0xFF, 0x2F, 0xFE, 0x40, 0xBF, 0xBF,
    0x40, 0xF8, 0x3E, 0x03, 0xE0, 0xB8, 0x0F, 0x83, 0xD0, 0x3F, 0xFF, 0x00, 0xFE, 0xFF, 0x03, 0xE0,
    0x7D, 0x0F, 0x80, 0xF4, 0x3E, 0x0B, 0xC1, 0xFE, 0xFE, 0x1F, 0xFF, 0xD0, 0x00, 0xBF, 0xE0, 0x1F,
    0xFF, 0xC0, 0xF8, 0x0F, 0x0B, 0xC0, 0x2C, 0x3E, 0x00, 0x00, 0xF8, 0x00, 0x07, 0xE0, 0x00, 0x0F,
    0x80, 0x00, 0x3F, 0x00, 0x00, 0xBF, 0x00, 0x00, 0xFF, 0xFF, 0x40, 0x7F, 0xF4, 0x2F, 0xFF, 0x90,
    0x0B, 0xFB, 0xFE, 0x00, 0xFC, 0x0F, 0xE0, 0x3F, 0x00, 0xFC, 0x0F, 0xC0, 0x2F, 0x43, 0xF0, 0x07,
    0xD0, 0xFC, 0x01, 0xF4, 0x3F, 0x00, 0x7D, 0x0F, 0xC0, 0x3F, 0x03, 0xF0, 0x2F, 0x41, 0xFE, 0xBF,
    0x41, 0xFF, 0xFD, 0x00, 0x7F, 0xFF, 0xF0, 0x7F, 0xAF, 0xC0, 0xFC, 0x0B, 0x03, 0xF0, 0x04, 0x0F,
    0xC0, 0x00, 0x3F, 0xFF, 0x00, 0xFE, 0xA8, 0x03, 0xF0, 0x00, 0x0F, 0xC0, 0x20, 0x3F, 0x01, 0xD1,
    0xFE, 0xBF, 0x5F, 0xFF, 0xFC, 0x7F, 0xFF, 0xD1, 0xFE, 0xBD, 0x0F, 0xC0, 0xD0, 0xFC, 0x08, 0x0F,
    0xC0, 0x00, 0xFF, 0xFC, 0x0F, 0xEA, 0x40, 0xFC, 0x00, 0x0F, 0xC0, 0x00, 0xFC, 0x00, 0x1F, 0xE0,
    0x07, 0xFF, 0x80, 0x00, 0x7F, 0xF8, 0x03, 0xFF, 0xFC, 0x0F, 0xD0, 0x3C, 0x2F, 0x00, 0x3C, 0x3E,
    0x00, 0x00, 0x3E, 0x00, 0x00, 0x7E, 0x03, 0xFF, 0x3E, 0x01, 0xBE, 0x3F, 0x00, 0x3D, 0x2F, 0xC0,
    0x3D, 0x0F, 0xFF, 0xFD, 0x01, 0xBF, 0xE4, 0x7F, 0xF4, 0xFF, 0xF0, 0xBF, 0x41, 0xBF, 0x40, 0xFC,
    0x01, 0xF4, 0x03, 0xF0, 0x07, 0xD0, 0x0F, 0xC0, 0x1F, 0x40, 0x3F, 0xFF, 0xFD, 0x00, 0xFE, 0xAB,
    0xF4, 0x03, 0xF0, 0x07, 0xD0, 0x0F, 0xC0, 0x1F, 0x40, 0x3F, 0x00, 0x7D, 0x01, 0xFE, 0x02, 0xFD,
    0x1F, 0xFD, 0x3F, 0xFC, 0x7F, 0xF4, 0xBF, 0x40, 0xFC, 0x03, 0xF0, 0x0F, 0xC0, 0x3F, 0x00, 0xFC,
    0x03, 0xF0, 0x0F, 0xC0, 0x3F, 0x01, 0xFE, 0x1F, 0xFD, 0x2F, 0xFD, 0x0B, 0xF4, 0x03, 0xF0, 0x03,
    0xF0, 0x03, 0xF0, 0x03, 0xF0, 0x03, 0xF0, 0x03, 0xF0, 0x03, 0xF0, 0x03, 0xF0, 0x03, 0xE0, 0x03,
    0xE0, 0x03, 0xD0, 0x0F, 0xC0, 0x7F, 0x40, 0x7D, 0x00, 0x7F, 0xF1, 0xFF, 0x8B, 0xF4, 0x3F, 0x80,
    0xFC, 0x1F, 0x40, 0x3F, 0x1F, 0x00, 0x0F, 0xDF, 0x00, 0x03, 0xFF, 0x40, 0x00, 0xFF, 0xF0, 0x00,
    0x3F, 0x7F, 0x00, 0x0F, 0xC7, 0xF0, 0x03, 0xF0, 0xBF, 0x01, 0xFE, 0x0B, 0xF5, 0xFF, 0xD0, 0x7D,
    0x7F, 0xF4, 0x00, 0xBF, 0x40, 0x00, 0xFC, 0x00, 0x03, 0xF0, 0x00, 0x0F, 0xC0, 0x00, 0x3F, 0x00,
    0x00, 0xFC, 0x00, 0x03, 0xF0, 0x00, 0x0F, 0xC0, 0x30, 0x3F, 0x02, 0xD1, 0xFE, 0xBF, 0x5F, 0xFF,
    0xFC, 0x2F, 0xF4, 0x0F, 0xFC, 0x0B, 0xF4, 0x0F, 0xF4, 0x07, 0xFC, 0x1F, 0xE0, 0x07, 0xBC, 0x2E,
    0xF0, 0x0B, 0x7D, 0x3A, 0xF0, 0x0B, 0x3E, 0x75, 0xF0, 0x0F, 0x1F, 0xB1, 0xF0, 0x0F, 0x0F, 0xF1,
    0xF0, 0x0F, 0x0F, 0xD0, 0xF4, 0x0F, 0x07, 0xC0, 0xF4, 0x2F, 0x83, 0xC2, 0xFD, 0xBF, 0xD0, 0x07,
    0xFE, 0x7F, 0xC0, 0x7F, 0xE2, 0xFE, 0x02, 0xF8, 0x0F, 0xF4, 0x0F, 0x00, 0xFF, 0xC0, 0xF0, 0x0F,
    0xBE, 0x0F, 0x00, 0xF3, 0xF4, 0xF0, 0x0F, 0x0F, 0xCF, 0x00, 0xF0, 0x7E, 0xF0, 0x0F, 0x03, 0xFF,
    0x00, 0xF0, 0x0F, 0xF0, 0x2F, 0x80, 0x7F, 0x0B, 0xFE, 0x02, 0xF0, 0x00, 0xBF, 0xE0, 0x01, 0xFF,
    0xFF, 0x00, 0xFC, 0x0B, 0xF0, 0xBC, 0x00, 0xFC, 0x3E, 0x00, 0x2F, 0x4F, 0x80, 0x07, 0xE7, 0xE0,
    0x01, 0xF8, 0xFC, 0x00, 0x7D, 0x3F, 0x00, 0x3F, 0x0B, 0xF0, 0x2F, 0x40, 0xFF, 0xFF, 0x80, 0x07,
    0xFE, 0x00, 0x2F, 0xFF, 0x40, 0xBF, 0xBF, 0x80, 0xFC, 0x3F, 0x03, 0xF0, 0x7C, 0x0F, 0xC2, 0xF0,
    0x3F, 0x0F, 0xC0, 0xFF, 0xFC, 0x03, 0xFF, 0x80, 0x0F, 0xC0, 0x00, 0x3F, 0x00, 0x01, 0xFE, 0x00,
    0x1F, 0xFD, 0x00, 0x00, 0xBF, 0xE0, 0x00, 0x7F, 0xFF, 0xC0, 0x0F, 0x80, 0xBF, 0x02, 0xF0, 0x03,
    0xF0, 0x3E, 0x00, 0x2F, 0x43, 0xE0, 0x01, 0xF8, 0x7E, 0x00, 0x1F, 0x83, 0xF0, 0x01, 0xF4, 0x3F,
    0x00, 0x3F, 0x02, 0xFC, 0x0B, 0xD0, 0x0F, 0xFF, 0xF8, 0x00, 0x2F, 0xF9, 0x00, 0x00, 0x2F, 0x00,
    0x00, 0x00, 0xBE, 0x40, 0x00, 0x01, 0xFF, 0xD0, 0x00, 0x02, 0xF8, 0x2F, 0xFF, 0x40, 0x0B, 0xFB,
    0xF8, 0x00, 0xFC, 0x2F, 0x00, 0x3F, 0x07, 0xD0, 0x0F, 0xC3, 0xF0, 0x03, 0xFB, 0xF0, 0x00, 0xFF,
    0xF0, 0x00, 0x3F, 0x7D, 0x00, 0x0F, 0xCB, 0xD0, 0x03, 0xF0, 0xFD, 0x01, 0xFE, 0x0F, 0xE1, 0xFF,
    0xD0, 0xBC, 0x02, 0xFE, 0x40, 0xFF, 0xFC, 0x2F, 0x03, 0x83, 0xF0, 0x34, 0x2F, 0xD0, 0x00, 0xFF,
    0xD0, 0x02, 0xFF, 0x40, 0x02, 0xFC, 0x38, 0x0B, 0xC3, 0xD0, 0xBC, 0x3F, 0xFF, 0x41, 0xFF, 0x80,
    0x7F, 0xFF, 0xFE, 0x7E, 0xFF, 0xBE, 0x74, 0x7D, 0x1D, 0x30, 0x7D, 0x1C, 0x00, 0x7D, 0x00, 0x00,
    0x7D, 0x00, 0x00, 0x7D, 0x00, 0x00, 0x7D, 0x00, 0x00, 0x7D, 0x00, 0x00, 0x7D, 0x00, 0x01, 0xBF,
    0x40, 0x03, 0xFF, 0xC0, 0xBF, 0xF0, 0xFF, 0xD6, 0xFD, 0x07, 0xF4, 0x0F, 0x80, 0x2F, 0x00, 0xF8,
    0x02, 0xF0, 0x0F, 0x80, 0x2F, 0x00, 0xF8, 0x02, 0xF0, 0x0F, 0x80, 0x2F, 0x00, 0xF8, 0x02, 0xF0,
    0x0F, 0x80, 0x3E, 0x00, 0xFD, 0x07, 0xD0, 0x07, 0xFF, 0xFC, 0x00, 0x1B, 0xFD, 0x00, 0xBF, 0xF0,
    0xFF, 0xC7, 0xFD, 0x07, 0xF4, 0x1F, 0xC0, 0x3D, 0x00, 0xFC, 0x07, 0xC0, 0x0B, 0xD0, 0xB8, 0x00,
    0x3F, 0x0F, 0x40, 0x02, 0xF1, 0xF0, 0x00, 0x1F, 0x6D, 0x00, 0x00, 0xFB, 0xC0, 0x00, 0x0B, 0xF8,
    0x00, 0x00, 0x3F, 0x40, 0x00, 0x02, 0xF0, 0x00, 0xBF, 0xF0, 0xBC, 0x1F, 0xF4, 0xFF, 0x43, 0xF0,
    0x2F, 0x80, 0xFC, 0x0F, 0xD0, 0x7C, 0x03, 0xF0, 0x7F, 0x82, 0xE0, 0x0B, 0xD2, 0xFF, 0x0F, 0x40,
    0x0F, 0x8F, 0x7C, 0x3C, 0x00, 0x3F, 0x3C, 0xF4, 0xE0, 0x00, 0xBD, 0xD2, 0xF7, 0x40, 0x01, 0xFF,
    0x07, 0xFC, 0x00, 0x03, 0xFC, 0x0F, 0xF0, 0x00, 0x0B, 0xE0, 0x3F, 0x40, 0x00, 0x1F, 0x40, 0x7C,
    0x00, 0x7F, 0xF5, 0xFF, 0x4B, 0xF8, 0x2F, 0x80, 0x7E, 0x0F, 0x40, 0x0B, 0xDB, 0x80, 0x00, 0xFF,
    0xC0, 0x00, 0x0F, 0xC0, 0x00, 0x07, 0xF8, 0x00, 0x03, 0xEF, 0x40, 0x03, 0xD3, 0xF0, 0x02, 0xE0,
    0x3F, 0x02, 0xF8, 0x1F, 0xF7, 0xFF, 0x8F, 0xFF, 0xBF, 0xF2, 0xFF, 0x1F, 0xF0, 0x7F, 0x40, 0xFC,
    0x0F, 0x40, 0x1F, 0x47, 0x80, 0x03, 0xF3, 0xC0, 0x00, 0x7E, 0xD0, 0x00, 0x0B, 0xF0, 0x00, 0x00,
    0xF8, 0x00, 0x00, 0x3E, 0x00, 0x00, 0x0F, 0x80, 0x00, 0x0B, 0xF8, 0x00, 0x0F, 0xFF, 0x00, 0x3F,
    0xFF, 0xD3, 0xEA, 0xFE, 0x38, 0x0F, 0xC2, 0x03, 0xF0, 0x00, 0xBE, 0x00, 0x0F, 0xC0, 0x03, 0xF0,
    0x00, 0xBE, 0x00, 0x1F, 0xC0, 0xA3, 0xF0, 0x0F, 0x7F, 0xAF, 0xE3, 0xFF, 0xFD, 0xFF, 0x3E, 0x8F,
    0x03, 0xC0, 0xF0, 0x3C, 0x0F, 0x03, 0xC0, 0xF0, 0x3C, 0x0F, 0x03, 0xC0, 0xF0, 0x3C, 0x0F, 0xA3,
    0xFC, 0x3C, 0x00, 0x0F, 0x40, 0x01, 0xF0, 0x00, 0x3D, 0x00, 0x0B, 0x80, 0x00, 0xF0, 0x00, 0x2E,
    0x00, 0x03, 0xC0, 0x00, 0xF4, 0x00, 0x1F, 0x00, 0x03, 0xD0, 0x00, 0x7C, 0x00, 0x0F, 0x00, 0x3F,
    0x8B, 0xE0, 0x78, 0x1E, 0x07, 0x81, 0xE0, 0x78, 0x1E, 0x07, 0x81, 0xE0, 0x78, 0x1E, 0x07, 0x81,
    0xE2, 0xF8, 0xFE, 0x03, 0xD0, 0x00, 0xFC, 0x00, 0xBB, 0x00, 0x3C, 0xE0, 0x1D, 0x3C, 0x0F, 0x0B,
    0x43, 0xC0, 0xF2, 0xD0, 0x3C, 0xFF, 0xFF, 0xAA, 0xAA, 0x90, 0x24, 0x0F, 0x01, 0xF0, 0x0C, 0x07,
    0xF8, 0x02, 0xFB, 0xF0, 0x3D, 0x1F, 0x00, 0x41, 0xF0, 0x06, 0xFF, 0x03, 0xFA, 0xF0, 0x3D, 0x1F,
    0x03, 0xFF, 0xFD, 0x1F, 0x8B, 0xC0, 0x1B, 0xC0, 0x00, 0xFF, 0x00, 0x00, 0xBC, 0x00, 0x02, 0xF0,
    0x00, 0x0B, 0xDF, 0xD0, 0x2F, 0xFF, 0xD0, 0xBD, 0x1F, 0x82, 0xF0, 0x3F, 0x0B, 0xC0, 0xFC, 0x2F,
    0x03, 0xE0, 0xBC, 0x1F, 0x42, 0xFF, 0xFC, 0x06, 0xFF, 0x80, 0x02, 0xFD, 0x07, 0xFF, 0xC3, 0xE0,
    0xF0, 0xF4, 0x14, 0x7D, 0x00, 0x1F, 0x80, 0x03, 0xF4, 0x00, 0xBF, 0xFC, 0x07, 0xFD, 0x00, 0x00,
    0x1B, 0xC0, 0x00, 0xFF, 0x00, 0x00, 0xBC, 0x00, 0x02, 0xF0, 0x02, 0xFF, 0xC0, 0x7F, 0xBF, 0x03,
    0xE0, 0xBC, 0x0F, 0x42, 0xF0, 0x7D, 0x0B, 0xC1, 0xF4, 0x2F, 0x03, 0xF0, 0xFC, 0x0F, 0xFF, 0xF4,
    0x0B, 0xE3, 0xF4, 0x02, 0xFD, 0x07, 0xEF, 0xC3, 0xD0, 0xF8, 0xF9, 0x7E, 0x7F, 0xFF, 0x9F, 0x00,
    0x03, 0xE0, 0x00, 0xBF, 0xBD, 0x0B, 0xFE, 0x00, 0x00, 0xBF, 0x00, 0xFF, 0xF0, 0xF8, 0x24, 0x3E,
    0x00, 0x7F, 0xFC, 0x1B, 0xFA, 0x00, 0xF8, 0x00, 0x3E, 0x00, 0x0F, 0x80, 0x03, 0xE0, 0x00, 0xF8,
    0x00, 0x7E, 0x40, 0x7F, 0xF0, 0x00, 0x07, 0xFB, 0xF0, 0x7E, 0xFE, 0xC2, 0xE0, 0xF4, 0x0F, 0x83,
    0xD0, 0x1F, 0xBF, 0x00, 0x3F, 0xE0, 0x02, 0xD0, 0x00, 0x0F, 0xD5, 0x40, 0x1F, 0xFF, 0xD0, 0xF5,
    0xAF, 0x8B, 0xC0, 0x3D, 0x1F, 0xEF, 0xE0, 0x1F, 0xF9, 0x00, 0x6F, 0x00, 0x02, 0xFD, 0x00, 0x01,
    0xF4, 0x00, 0x07, 0xC0, 0x00, 0x1F, 0x6F, 0x80, 0x7F, 0xFF, 0x41, 0xF8, 0x3E, 0x07, 0xD0, 0xFC,
    0x1F, 0x43, 0xF0, 0x7D, 0x0F, 0xC1, 0xF4, 0x3F, 0x0B, 0xD0, 0xFC, 0xBF, 0xCB, 0xFC, 0x0A, 0x01,
    0xF8, 0x0F, 0x40, 0x00, 0x6F, 0x47, 0xF4, 0x0F, 0x40, 0xF4, 0x0F, 0x40, 0xF4, 0x0F, 0x41, 0xF8,
    0x7F, 0xE0, 0x00, 0xA0, 0x0B, 0xD0, 0x1F, 0x00, 0x00, 0x07, 0xF0, 0x2F, 0xC0, 0x1F, 0x00, 0x7C,
    0x01, 0xF0, 0x07, 0xC0, 0x1F, 0x00, 0x7C, 0x01, 0xF0, 0x0B, 0xC0, 0x7E, 0x0F, 0xF0, 0x1F, 0x00,
    0x6F, 0x00, 0x02, 0xFC, 0x00, 0x01, 0xF0, 0x00, 0x07, 0xC0, 0x00, 0x1F, 0x1F, 0xF0, 0x7C, 0x3F,
    0x41, 0xF1, 0xF0, 0x07, 0xEF, 0x00, 0x1F, 0xFC, 0x00, 0x7D, 0xFC, 0x01, 0xF1, 0xFC, 0x0B, 0xD2,
    0xFC, 0xBF, 0xC1, 0xF4, 0x6F, 0x4B, 0xF4, 0x1F, 0x41, 0xF4, 0x1F, 0x41, 0xF4, 0x1F, 0x41, 0xF4,
    0x1F, 0x41, 0xF4, 0x1F, 0x42, 0xF8, 0xBF, 0xE0, 0x2F, 0x2F, 0x87, 0xF4, 0x1F, 0xFF, 0xFF, 0xFF,
    0x00, 0xF8, 0x3F, 0x4B, 0xD0, 0x3D, 0x0B, 0xC1, 0xF4, 0x0F, 0x42, 0xF0, 0x7D, 0x03, 0xD0, 0xBC,
    0x1F, 0x40, 0xF4, 0x2F, 0x07, 0xD0, 0x7E, 0x0F, 0xC1, 0xF8, 0x7F, 0xCB, 0xF8, 0xFF, 0x80, 0x2F,
    0x2F, 0x80, 0x7F, 0xFF, 0xE0, 0x0F, 0x83, 0xF0, 0x0F, 0x42, 0xF0, 0x0F, 0x42, 0xF0, 0x0F, 0x42,
    0xF0, 0x0F, 0x42, 0xF0, 0x1F, 0x83, 0xF4, 0x7F, 0xDB, 0xFC, 0x02, 0xFE, 0x01, 0xFF, 0xFC, 0x3E,
    0x0B, 0xD3, 0xD0, 0x3E, 0x7D, 0x03, 0xE7, 0xD0, 0x3E, 0x3F, 0x07, 0xC2, 0xFF, 0xF8, 0x0B, 0xFD,
    0x00, 0x6F, 0x7F, 0x82, 0xFF, 0xFF, 0x41, 0xF8, 0x7F, 0x07, 0xC0, 0xFC, 0x1F, 0x02, 0xF0, 0x7C,
    0x0F, 0xC1, 0xF0, 0x3E, 0x07, 0xFF, 0xF0, 0x1F, 0xFE, 0x00, 0x7C, 0x00, 0x01, 0xF0, 0x00, 0x0B,
    0xE0, 0x00, 0xBF, 0xE0, 0x00, 0x02, 0xFF, 0x80, 0x7F, 0xBF, 0x03, 0xF0, 0xBC, 0x0F, 0x42, 0xF0,
    0x7D, 0x0B, 0xC1, 0xF4, 0x2F, 0x03, 0xF0, 0xFC, 0x0F, 0xFF, 0xF0, 0x0B, 0xEB, 0xC0, 0x00, 0x2F,
    0x00, 0x00, 0xBC, 0x00, 0x03, 0xF4, 0x00, 0x3F, 0xF0, 0x2F, 0x2E, 0xBF, 0xBE, 0x0F, 0xD4, 0x0F,
    0x40, 0x0F, 0x40, 0x0F, 0x40, 0x0F, 0x40, 0x1F, 0x80, 0xBF, 0xF0, 0x07, 0xF9, 0x2F, 0xBE, 0x3E,
    0x0E, 0x3F, 0xD4, 0x0F, 0xFC, 0x11, 0xBF, 0x38, 0x2F, 0x3F, 0xBD, 0x2F, 0xF4, 0x03, 0xC0, 0x07,
    0xC0, 0x2F, 0xFE, 0x2F, 0xE9, 0x0B, 0xC0, 0x0B, 0xC0, 0x0B, 0xC0, 0x0B, 0xC0, 0x0B, 0xC0, 0x07,
    0xFF, 0x02, 0xFD, 0x7F, 0x0B, 0xE0, 0xBF, 0x0F, 0xE0, 0x2F, 0x03, 0xE0, 0x2F, 0x03, 0xE0, 0x2F,
    0x03, 0xE0, 0x2F, 0x03, 0xE0, 0x1F, 0x47, 0xE0, 0x0F, 0xFF, 0xF4, 0x07, 0xF6, 0xFC, 0xBF, 0xD3,
    0xFC, 0xBE, 0x07, 0xC0, 0xF8, 0x2E, 0x03, 0xF0, 0xF0, 0x07, 0xC7, 0x80, 0x0F, 0xAD, 0x00, 0x1F,
    0xF0, 0x00, 0x3F, 0x40, 0x00, 0xBC, 0x00, 0xBF, 0xC3, 0xC3, 0xFC, 0x2F, 0x43, 0xD0, 0xF4, 0x1F,
    0x47, 0xE0, 0xF0, 0x0F, 0x8B, 0xF1, 0xE0, 0x0B, 0xCE, 0xF2, 0xC0, 0x03, 0xDC, 0xB7, 0xC0, 0x03,
    0xFC, 0x7F, 0x40, 0x02, 0xF8, 0x3F, 0x00, 0x00, 0xF4, 0x2E, 0x00, 0x7F, 0xCB, 0xF0, 0xBE, 0x1F,
    0x40, 0xBC, 0xF0, 0x00, 0xBF, 0x40, 0x00, 0xFC, 0x00, 0x0B, 0xF8, 0x00, 0xB9, 0xF4, 0x0B, 0xC2,
    0xF4, 0xBF, 0x9F, 0xF4, 0xBF, 0xD3, 0xFC, 0xBE, 0x07, 0xC0, 0xF8, 0x2E, 0x03, 0xF0, 0xF0, 0x07,
    0xC7, 0x80, 0x0F, 0xAD, 0x00, 0x1F, 0xF0, 0x00, 0x3F, 0x40, 0x00, 0xBC, 0x00, 0x02, 0xD0, 0x00,
    0x2F, 0x00, 0x2F, 0xF0, 0x00, 0x7E, 0x00, 0x00, 0x3F, 0xFF, 0x0F, 0xAF, 0xC3, 0x0B, 0xD0, 0x07,
    0xD0, 0x03, 0xE0, 0x03, 0xF0, 0x42, 0xF0, 0x35, 0xFE, 0xBC, 0x7F, 0xFF, 0x00, 0x00, 0x00, 0x0B,
    0xD2, 0xF8, 0x3D, 0x03, 0xC0, 0x3D, 0x02, 0xD0, 0x2E, 0x03, 0xD0, 0xFC, 0x03, 0xD0, 0x2E, 0x02,
    0xD0, 0x3D, 0x03, 0xC0, 0x3D, 0x02, 0xF8, 0x0B, 0xD0, 0x79, 0xE7, 0x9E, 0x79, 0xE7, 0x9E, 0x79,
    0xE7, 0x9E, 0x79, 0xE7, 0x80, 0x7D, 0x06, 0xF4, 0x07, 0x80, 0x78, 0x0B, 0x80, 0xB4, 0x0F, 0x40,
    0x7D, 0x07, 0xD0, 0xF4, 0x0B, 0x40, 0xB8, 0x07, 0x80, 0x78, 0x6F, 0x47, 0xD0, 0x2F, 0x43, 0x2F,
    0xFF, 0xC6, 0x0B, 0xD0, 0x3D, 0x7E, 0x28, 0x00, 0x1C, 0x2D, 0x2D, 0x2E, 0x2E, 0x2E, 0x3E, 0x3E,
    0x3D, 0x00, 0xA0, 0x00, 0x38, 0x00, 0x0E, 0x00, 0x1F, 0xF4, 0x2F, 0xFF, 0x5F, 0x36, 0xDF, 0x4D,
    0x13, 0xD3, 0x40, 0xF4, 0xC0, 0x2F, 0x30, 0x03, 0xFF, 0xF4, 0x2F, 0xF4, 0x00, 0xC0, 0x00, 0x70,
    0x00, 0x1C, 0x00, 0x07, 0x00, 0x00, 0x2F, 0x80, 0x03, 0xFF, 0xC0, 0x2F, 0x0F, 0x00, 0xF4, 0x24,
    0x03, 0xD0, 0x00, 0xFF, 0xFD, 0x02, 0xFE, 0xA0, 0x01, 0xF0, 0x00, 0x0B, 0x80, 0x00, 0x3D, 0x00,
    0x07, 0xFF, 0xFF, 0x0F, 0xAF, 0xF4, 0x20, 0x00, 0x93, 0xDF, 0xED, 0x0F, 0xEF, 0x80, 0xF0, 0x78,
    0x0F, 0x07, 0x80, 0xF0, 0x78, 0x0F, 0xEF, 0x83, 0xEF, 0xAD, 0x20, 0x00, 0x90, 0x3F, 0xF1, 0xFF,
    0x2F, 0xC0, 0xFC, 0x0B, 0xC0, 0xF0, 0x03, 0xE1, 0xE0, 0x02, 0xF3, 0xD0, 0x0B, 0xFF, 0xF4, 0x00,
    0x7F, 0x00, 0x01, 0x3F, 0x10, 0x07, 0xFF, 0xF0, 0x00, 0x3E, 0x00, 0x00, 0x7F, 0x40, 0x02, 0xFF,
    0xD0, 0x79, 0xE7, 0x9E, 0x79, 0xE0, 0x00, 0x01, 0xE7, 0x9E, 0x79, 0xE7, 0x80, 0x02, 0xF8, 0x03,
    0xEF, 0x82, 0xC0, 0xD0, 0xF4, 0x00, 0x7B, 0x80, 0x1C, 0xBD, 0x03, 0x87, 0xD0, 0xBC, 0x3C, 0x0B,
    0xE7, 0x00, 0x7E, 0xC1, 0x02, 0xF1, 0xE0, 0x74, 0x3F, 0xB8, 0x07, 0xF8, 0x00, 0x00, 0x10, 0xF2,
    0xE3, 0xCB, 0x80, 0x00, 0xBF, 0x90, 0x01, 0xD0, 0x1E, 0x01, 0xC0, 0x00, 0xA0, 0xC0, 0xBE, 0x0C,
    0x70, 0xE2, 0x81, 0x98, 0x70, 0x00, 0x66, 0x2C, 0x00, 0x19, 0xC7, 0xD6, 0x06, 0x30, 0x7F, 0x43,
    0x07, 0x00, 0x02, 0x80, 0xB4, 0x07, 0x80, 0x02, 0xFE, 0x40, 0x1F, 0xC0, 0xE7, 0x80, 0x5E, 0x0F,
    0xF8, 0x38, 0xE0, 0xBE, 0xD0, 0x00, 0x0F, 0xFC, 0x03, 0x82, 0xC1, 0xF0, 0xF4, 0x7D, 0x3E, 0x07,
    0xD3, 0xE0, 0x1F, 0x0F, 0x40, 0x38, 0x2C, 0x7F, 0xFF, 0x1A, 0xAB, 0xC0, 0x00, 0xF0, 0x00, 0x3C,
    0x7F, 0xF7, 0xFE, 0x06, 0xF8, 0x01, 0xD0, 0x74, 0x33, 0xF4, 0xC6, 0x2A, 0x89, 0x52, 0xF0, 0x96,
    0x2B, 0x49, 0x33, 0xDD, 0xC1, 0xD0, 0x74, 0x03, 0xF8, 0x00, 0x2A, 0xA4, 0xFF, 0xE0, 0x0F, 0xD0,
    0xFB, 0xC7, 0x47, 0x5D, 0x1D, 0x3E, 0xF0, 0x7F, 0x00, 0x02, 0xC0, 0x00, 0xB0, 0x00, 0x2C, 0x01,
    0xFF, 0xFC, 0x6B, 0xEA, 0x00, 0xB0, 0x00, 0x2C, 0x00, 0x06, 0x00, 0x00, 0x00, 0x1A, 0xAA, 0x87,
    0xFF, 0xF0, 0x0B, 0xE0, 0xFB, 0xE2, 0x8B, 0x40, 0x7C, 0x07, 0x80, 0xBE, 0x93, 0xFF, 0xC0, 0x1F,
    0xE0, 0xF7, 0xD1, 0x0F, 0x02, 0xF8, 0x06, 0xF4, 0x02, 0xE1, 0x6F, 0x0F, 0xE0, 0x18, 0x3C, 0xB8,
    0x60, 0x1F, 0x02, 0xD0, 0x3F, 0x07, 0xD0, 0x3F, 0x07, 0xD0, 0x3F, 0x07, 0xD0, 0x3F, 0x07, 0xD0,
    0x3F, 0x07, 0xD0, 0x3F, 0x0B, 0xD0, 0x3F, 0xFE, 0xF9, 0x3F, 0xF4, 0xF8, 0x3D, 0x00, 0x00, 0x3E,
    0x00, 0x00, 0x3E, 0x00, 0x00, 0x3D, 0x00, 0x00, 0x07, 0xFF, 0xE2, 0xFF, 0xF4, 0x7F, 0xE7, 0x0B,
    0xFE, 0x70, 0xBF, 0xE7, 0x0B, 0xFE, 0x70, 0x3F, 0xE7, 0x01, 0xEE, 0x70, 0x00, 0xE7, 0x00, 0x0E,
    0x70, 0x00, 0xE7, 0x00, 0x0E, 0x70, 0x00, 0xE7, 0x00, 0x0D, 0x00, 0x19, 0x3F, 0x2E, 0x7C, 0x2D,
    0x2C, 0xB4, 0x0B, 0x0B, 0xF0, 0x0F, 0x00, 0xF0, 0x0F, 0x01, 0xF4, 0xBF, 0xD0, 0x0B, 0xE0, 0xF2,
    0xD3, 0x43, 0x8E, 0x0E, 0x3C, 0x74, 0x3F, 0x40, 0x00, 0x0B, 0xFC, 0x05, 0x40, 0x38, 0x2C, 0x01,
    0xF0, 0xF4, 0x0B, 0xC7, 0xD0, 0xBC, 0x7D, 0x1F, 0x0F, 0x43, 0x82, 0x80, 0x00, 0x00, 0x02, 0x40,
    0x02, 0xC0, 0x01, 0xE0, 0x0B, 0xF0, 0x00, 0xF0, 0x00, 0x3C, 0x00, 0x74, 0x00, 0x0F, 0x00, 0x3C,
    0x00, 0x03, 0xC0, 0x1D, 0x00, 0x01, 0xF4, 0x0F, 0x01, 0xE2, 0xFF, 0x47, 0x41, 0xF8, 0x00, 0x03,
    0x80, 0xEE, 0x00, 0x02, 0xC0, 0xE3, 0x80, 0x00, 0xE0, 0xBA, 0xF4, 0x00, 0xB0, 0x2F, 0xFF, 0x00,
    0x78, 0x00, 0x0E, 0x00, 0x0C, 0x00, 0x03, 0x80, 0x00, 0x00, 0x06, 0x00, 0x02, 0xC0, 0x03, 0xC0,
    0x0B, 0xF0, 0x01, 0xE0, 0x00, 0x3C, 0x00, 0xF0, 0x00, 0x0F, 0x00, 0x74, 0x00, 0x03, 0xC0, 0x3C,
    0x00, 0x01, 0xF4, 0x1D, 0x1F, 0xD2, 0xFF, 0x4E, 0x0F, 0x7C, 0x00, 0x0B, 0x03, 0x4F, 0x00, 0x03,
    0x80, 0x0B, 0x80, 0x02, 0xC0, 0x0B, 0x40, 0x00, 0xE0, 0x0F, 0xA9, 0x00, 0xF0, 0x07, 0xFF, 0x40,
    0x18, 0x00, 0x00, 0x00, 0x00, 0x00, 0x00, 0xD0, 0x01, 0xFE, 0x00, 0x2D, 0x00, 0x3D, 0xF4, 0x03,
    0xC0, 0x01, 0x0F, 0x00, 0xB4, 0x00, 0x0B, 0xE0, 0x0E, 0x00, 0x00, 0x6F, 0x42, 0xC0, 0x00, 0x00,
    0xB8, 0x38, 0x07, 0x81, 0x6F, 0x0B, 0x01, 0xF8, 0x3F, 0x80, 0xE0, 0x3B, 0x80, 0x00, 0x2C, 0x0E,
    0x38, 0x00, 0x07, 0x82, 0xEB, 0xD0, 0x00, 0xF0, 0x2F, 0xFF, 0x00, 0x1D, 0x00, 0x03, 0x80, 0x01,
    0xC0, 0x00, 0x38, 0x01, 0xF0, 0x02, 0xF0, 0x00, 0xA0, 0x00, 0x00, 0x00, 0x70, 0x00, 0xF0, 0x0B,
    0xF4, 0x3F, 0xD0, 0x38, 0x00, 0x38, 0x00, 0x2E, 0x58, 0x0F, 0xFC, 0x02, 0xF8, 0x00, 0x00, 0x00,
    0x00, 0x38, 0x00, 0x00, 0x0F, 0xD0, 0x00, 0x00, 0x68, 0x00, 0x00, 0x00, 0x00, 0x00, 0x03, 0xC0,
    0x00, 0x03, 0xF4, 0x00, 0x00, 0xFF, 0x00, 0x00, 0xBB, 0xC0, 0x00, 0x3C, 0xF8, 0x00, 0x2D, 0x3F,
    0x00, 0x0F, 0x0B, 0xD0, 0x07, 0xEB, 0xF8, 0x03, 0xFF, 0xFF, 0x01, 0xF0, 0x0B, 0xD1, 0xFD, 0x02,
    0xFD, 0xFF, 0xC2, 0xFF, 0xC0, 0x00, 0x00, 0x00, 0x00, 0x01, 0xF0, 0x00, 0x02, 0xF8, 0x00, 0x00,
    0xE4, 0x00, 0x00, 0x00, 0x00, 0x00, 0x03, 0xC0, 0x00, 0x03, 0xF4, 0x00, 0x00, 0xFF, 0x00, 0x00,
    0xBB, 0xC0, 0x00, 0x3C, 0xF8, 0x00, 0x2D, 0x3F, 0x00, 0x0F, 0x0B, 0xD0, 0x07, 0xEB, 0xF8, 0x03,
    0xFF, 0xFF, 0x01, 0xF0, 0x0B, 0xD1, 0xFD, 0x02, 0xFD, 0xFF, 0xC2, 0xFF, 0xC0, 0x00, 0x2E, 0x00,
    0x00, 0x0F, 0xD0, 0x00, 0x0F, 0x7C, 0x00, 0x07, 0x03, 0x00, 0x00, 0x00, 0x00, 0x00, 0x03, 0xC0,
    0x00, 0x03, 0xF4, 0x00, 0x00, 0xFF, 0x00, 0x00, 0xBB, 0xC0, 0x00, 0x3C, 0xF8, 0x00, 0x2D, 0x3F,
    0x00, 0x0F, 0x0B, 0xD0, 0x07, 0xEB, 0xF8, 0x03, 0xFF, 0xFF, 0x01, 0xF0, 0x0B, 0xD1, 0xFD, 0x02,
    0xFD, 0xFF, 0xC2, 0xFF, 0xC0, 0x00, 0x60, 0x40, 0x00, 0x7F, 0xF0, 0x00, 0x1C, 0xB8, 0x00, 0x00,
    0x00, 0x00, 0x00, 0x0F, 0x00, 0x00, 0x0F, 0xD0, 0x00, 0x03, 0xFC, 0x00, 0x02, 0xEF, 0x00, 0x00,
    0xF3, 0xE0, 0x00, 0xB4, 0xFC, 0x00, 0x3C, 0x2F, 0x40, 0x1F, 0xAF, 0xE0, 0x0F, 0xFF, 0xFC, 0x07,
    0xC0, 0x2F, 0x47, 0xF4, 0x0B, 0xF7, 0xFF, 0x0B, 0xFF, 0x00, 0x40, 0x40, 0x00, 0xF8, 0xF4, 0x00,
    0x2E, 0x3D, 0x00, 0x00, 0x00, 0x00, 0x00, 0x0F, 0x00, 0x00, 0x0F, 0xD0, 0x00, 0x03, 0xFC, 0x00,
    0x02, 0xEF, 0x00, 0x00, 0xF3, 0xE0, 0x00, 0xB4, 0xFC, 0x00, 0x3C, 0x2F, 0x40, 0x1F, 0xAF, 0xE0,
    0x0F, 0xFF, 0xFC, 0x07, 0xC0, 0x2F, 0x47, 0xF4, 0x0B, 0xF7, 0xFF, 0x0B, 0xFF, 0x00, 0x3E, 0x00,
    0x00, 0x38, 0xD0, 0x00, 0x0E, 0x34, 0x00, 0x01, 0xF8, 0x00, 0x00, 0x00, 0x00, 0x00, 0x03, 0xC0,
    0x00, 0x03, 0xF4, 0x00, 0x00, 0xFF, 0x00, 0x00, 0xBB, 0xC0, 0x00, 0x3C, 0xF8, 0x00, 0x2D, 0x3F,
    0x00, 0x0F, 0x0B, 0xD0, 0x07, 0xEB, 0xF8, 0x03, 0xFF, 0xFF, 0x01, 0xF0, 0x0B, 0xD1, 0xFD, 0x02,
    0xFD, 0xFF, 0xC2, 0xFF, 0xC0, 0x00, 0x1F, 0xFF, 0xFF, 0x80, 0x01, 0xFF, 0xEB, 0xE0, 0x00, 0x7B,
    0xF0, 0x34, 0x00, 0x3C, 0xFC, 0x04, 0x00, 0x2E, 0x3F, 0x00, 0x00, 0x0F, 0x0F, 0xEB, 0x40, 0x0B,
    0x83, 0xFF, 0xD0, 0x03, 0xFA, 0xFC, 0x00, 0x03, 0xFF, 0xFF, 0x01, 0x41, 0xF0, 0x0F, 0xC0, 0xF1,
    0xFD, 0x07, 0xFA, 0xFC, 0xFF, 0xC7, 0xFF, 0xFE, 0x00, 0xBF, 0xE0, 0x1F, 0xFF, 0xC0, 0xF8, 0x0F,
    0x0B, 0xC0, 0x2C, 0x3E, 0x00, 0x00, 0xF8, 0x00, 0x07, 0xE0, 0x00, 0x0F, 0x80, 0x00, 0x3F, 0x00,
    0x00, 0xBF, 0x00, 0x00, 0xFF, 0xFF, 0x40, 0x7F, 0xF4, 0x00, 0x00, 0x00, 0x00, 0xF8, 0x00, 0x00,
    0xF0, 0x00, 0x03, 0x80, 0x00, 0x38, 0x00, 0x00, 0x00, 0x00, 0x0F, 0x00, 0x00, 0x3F, 0x40, 0x00,
    0x1B, 0x00, 0x00, 0x00, 0x01, 0xFF, 0xFF, 0xC1, 0xFE, 0xBF, 0x03, 0xF0, 0x2C, 0x0F, 0xC0, 0x10,
    0x3F, 0x00, 0x00, 0xFF, 0xFC, 0x03, 0xFA, 0xA0, 0x0F, 0xC0, 0x00, 0x3F, 0x00, 0x80, 0xFC, 0x07,
    0x47, 0xFA, 0xFD, 0x7F, 0xFF, 0xF0, 0x00, 0x00, 0x00, 0x00, 0x3C, 0x00, 0x07, 0xF0, 0x00, 0x39,
    0x00, 0x00, 0x00, 0x01, 0xFF, 0xFF, 0xC1, 0xFE, 0xBF, 0x03, 0xF0, 0x2C, 0x0F, 0xC0, 0x10, 0x3F,
    0x00, 0x00, 0xFF, 0xFC, 0x03, 0xFA, 0xA0, 0x0F, 0xC0, 0x00, 0x3F, 0x00, 0x80, 0xFC, 0x07, 0x47,
    0xFA, 0xFD, 0x7F, 0xFF, 0xF0, 0x00, 0x78, 0x00, 0x03, 0xF8, 0x00, 0x2D, 0xF4, 0x01, 0xD0, 0xD0,
    0x00, 0x00, 0x01, 0xFF, 0xFF, 0xC1, 0xFE, 0xBF, 0x03, 0xF0, 0x2C, 0x0F, 0xC0, 0x10, 0x3F, 0x00,
    0x00, 0xFF, 0xFC, 0x03, 0xFA, 0xA0, 0x0F, 0xC0, 0x00, 0x3F, 0x00, 0x80, 0xFC, 0x07, 0x47, 0xFA,
    0xFD, 0x7F, 0xFF, 0xF0, 0x01, 0x01, 0x00, 0x2F, 0x3E, 0x00, 0x78, 0xB4, 0x00, 0x00, 0x00, 0x7F,
    0xFF, 0xF0, 0x7F, 0xAF, 0xC0, 0xFC, 0x0B, 0x03, 0xF0, 0x04, 0x0F, 0xC0, 0x00, 0x3F, 0xFF, 0x00,
    0xFE, 0xA8, 0x03, 0xF0, 0x00, 0x0F, 0xC0, 0x20, 0x3F, 0x01, 0xD1, 0xFE, 0xBF, 0x5F, 0xFF, 0xFC,
    0x00, 0x00, 0xF0, 0x03, 0xF4, 0x01, 0xB0, 0x00, 0x01, 0xFF, 0xD2, 0xFD, 0x03, 0xF0, 0x0F, 0xC0,
    0x3F, 0x00, 0xFC, 0x03, 0xF0, 0x0F, 0xC0, 0x3F, 0x00, 0xFC, 0x07, 0xF8, 0x7F, 0xF4, 0x00, 0x00,
    0x03, 0xC0, 0x7F, 0x03, 0x90, 0x00, 0x01, 0xFF, 0xD2, 0xFD, 0x03, 0xF0, 0x0F, 0xC0, 0x3F, 0x00,
    0xFC, 0x03, 0xF0, 0x0F, 0xC0, 0x3F, 0x00, 0xFC, 0x07, 0xF8, 0x7F, 0xF4, 0x07, 0x80, 0x3F, 0x82,
    0xDB, 0x5D, 0x0D, 0x00, 0x01, 0xFF, 0xD2, 0xFD, 0x03, 0xF0, 0x0F, 0xC0, 0x3F, 0x00, 0xFC, 0x03,
    0xF0, 0x0F, 0xC0, 0x3F, 0x00, 0xFC, 0x07, 0xF8, 0x7F, 0xF4, 0x10, 0x12, 0xF3, 0xE7, 0x8B, 0x40,
    0x00, 0x7F, 0xF4, 0xBF, 0x40, 0xFC, 0x03, 0xF0, 0x0F, 0xC0, 0x3F, 0x00, 0xFC, 0x03, 0xF0, 0x0F,
    0xC0, 0x3F, 0x01, 0xFE, 0x1F, 0xFD, 0x2F, 0xFF, 0x90, 0x0B, 0xFB, 0xFE, 0x00, 0xFC, 0x0F, 0xE0,
    0x3F, 0x00, 0xFC, 0x0F, 0xC0, 0x2F, 0x47, 0xF5, 0x07, 0xDB, 0xFF, 0xC1, 0xF4, 0x3F, 0x00, 0x7D,
    0x0F, 0xC0, 0x3F, 0x03, 0xF0, 0x2F, 0x41, 0xFE, 0xBF, 0x41, 0xFF, 0xFD, 0x00, 0x00, 0x64, 0x40,
    0x00, 0x0F, 0xED, 0x00, 0x00, 0xCB, 0xC0, 0x00, 0x00, 0x00, 0x00, 0x7F, 0xC0, 0x7F, 0xE2, 0xFE,
    0x02, 0xF8, 0x0F, 0xF4, 0x0F, 0x00, 0xFF, 0xC0, 0xF0, 0x0F, 0xBE, 0x0F, 0x00, 0xF3, 0xF4, 0xF0,
    0x0F, 0x0F, 0xCF, 0x00, 0xF0, 0x7E, 0xF0, 0x0F, 0x03, 0xFF, 0x00, 0xF0, 0x0F, 0xF0, 0x2F, 0x80,
    0x7F, 0x0B, 0xFE, 0x02, 0xF0, 0x00, 0x00, 0x00, 0x00, 0x3C, 0x00, 0x00, 0x0F, 0xE0, 0x00, 0x00,
    0x6C, 0x00, 0x00, 0x00, 0x00, 0x00, 0x2F, 0xF8, 0x00, 0x7F, 0xFF, 0xC0, 0x3F, 0x02, 0xFC, 0x2F,
    0x00, 0x3F, 0x0F, 0x80, 0x0B, 0xD3, 0xE0, 0x01, 0xF9, 0xF8, 0x00, 0x7E, 0x3F, 0x00, 0x1F, 0x4F,
    0xC0, 0x0F, 0xC2, 0xFC, 0x0B, 0xD0, 0x3F, 0xFF, 0xE0, 0x01, 0xFF, 0x80, 0x00, 0x00, 0x00, 0x00,
    0x00, 0x00, 0xB0, 0x00, 0x01, 0xFC, 0x00, 0x00, 0xE4, 0x00, 0x00, 0x00, 0x00, 0x00, 0x2F, 0xF8,
    0x00, 0x7F, 0xFF, 0xC0, 0x3F, 0x02, 0xFC, 0x2F, 0x00, 0x3F, 0x0F, 0x80, 0x0B, 0xD3, 0xE0, 0x01,
    0xF9, 0xF8, 0x00, 0x7E, 0x3F, 0x00, 0x1F, 0x4F, 0xC0, 0x0F, 0xC2, 0xFC, 0x0B, 0xD0, 0x3F, 0xFF,
    0xE0, 0x01, 0xFF, 0x80, 0x00, 0x00, 0x1F, 0x00, 0x00, 0x0F, 0xE0, 0x00, 0x0B, 0x6D, 0x00, 0x03,
    0x42, 0x40, 0x00, 0x00, 0x00, 0x00, 0x2F, 0xF8, 0x00, 0x7F, 0xFF, 0xC0, 0x3F, 0x02, 0xFC, 0x2F,
    0x00, 0x3F, 0x0F, 0x80, 0x0B, 0xD3, 0xE0, 0x01, 0xF9, 0xF8, 0x00, 0x7E, 0x3F, 0x00, 0x1F, 0x4F,
    0xC0, 0x0F, 0xC2, 0xFC, 0x0B, 0xD0, 0x3F, 0xFF, 0xE0, 0x01, 0xFF, 0x80, 0x00, 0x00, 0x64, 0x40,
    0x00, 0x3F, 0xB4, 0x00, 0x0C, 0xBC, 0x00, 0x00, 0x00, 0x00, 0x00, 0xBF, 0xE0, 0x01, 0xFF, 0xFF,
    0x00, 0xFC, 0x0B, 0xF0, 0xBC, 0x00, 0xFC, 0x3E, 0x00, 0x2F, 0x4F, 0x80, 0x07, 0xE7, 0xE0, 0x01,
    0xF8, 0xFC, 0x00, 0x7D, 0x3F, 0x00, 0x3F, 0x0B, 0xF0, 0x2F, 0x40, 0xFF, 0xFF, 0x80, 0x07, 0xFE,
    0x00, 0x00, 0x40, 0x40, 0x00, 0x7C, 0xFC, 0x00, 0x1F, 0x2E, 0x00, 0x00, 0x00, 0x00, 0x00, 0xBF,
    0xE0, 0x01, 0xFF, 0xFF, 0x00, 0xFC, 0x0B, 0xF0, 0xBC, 0x00, 0xFC, 0x3E, 0x00, 0x2F, 0x4F, 0x80,
    0x07, 0xE7, 0xE0, 0x01, 0xF8, 0xFC, 0x00, 0x7D, 0x3F, 0x00, 0x3F, 0x0B, 0xF0, 0x2F, 0x40, 0xFF,
    0xFF, 0x80, 0x07, 0xFE, 0x00, 0x18, 0x0C, 0x3E, 0x3D, 0x0F, 0xF8, 0x03, 0xF0, 0x0F, 0xF8, 0x3E,
    0x3D, 0x18, 0x0C, 0x00, 0xBF, 0xE1, 0x81, 0xFF, 0xFF, 0xD0, 0xFC, 0x0B, 0xF0, 0xBC, 0x01, 0xFC,
    0x3F, 0x01, 0xFF, 0x4F, 0x81, 0xD7, 0xE7, 0xE1, 0xD1, 0xF8, 0xF9, 0xD0, 0x7D, 0x3F, 0xD0, 0x3F,
    0x07, 0xE0, 0x2F, 0x43, 0xFF, 0xFF, 0x81, 0x86, 0xFE, 0x00, 0x00, 0x00, 0x00, 0x00, 0x0B, 0x40,
    0x00, 0x00, 0xBE, 0x00, 0x00, 0x01, 0xB4, 0x00, 0x00, 0x00, 0x00, 0x0B, 0xFF, 0x0F, 0xFD, 0x6F,
    0xD0, 0x7F, 0x40, 0xF8, 0x02, 0xF0, 0x0F, 0x80, 0x2F, 0x00, 0xF8, 0x02, 0xF0, 0x0F, 0x80, 0x2F,
    0x00, 0xF8, 0x02, 0xF0, 0x0F, 0x80, 0x2F, 0x00, 0xF8, 0x03, 0xE0, 0x0F, 0xD0, 0x7D, 0x00, 0x7F,
    0xFF, 0xC0, 0x01, 0xBF, 0xD0, 0x00, 0x00, 0x00, 0x00, 0x00, 0x00, 0x2D, 0x00, 0x00, 0x0F, 0xC0,
    0x00, 0x02, 0xD0, 0x00, 0x00, 0x00, 0x00, 0x0B, 0xFF, 0x0F, 0xFD, 0x6F, 0xD0, 0x7F, 0x40, 0xF8,
    0x02, 0xF0, 0x0F, 0x80, 0x2F, 0x00, 0xF8, 0x02, 0xF0, 0x0F, 0x80, 0x2F, 0x00, 0xF8, 0x02, 0xF0,
    0x0F, 0x80, 0x2F, 0x00, 0xF8, 0x03, 0xE0, 0x0F, 0xD0, 0x7D, 0x00, 0x7F, 0xFF, 0xC0, 0x01, 0xBF,
    0xD0, 0x00, 0x00, 0x0F, 0x00, 0x00, 0x02, 0xFC, 0x00, 0x00, 0x7A, 0xE0, 0x00, 0x0E, 0x0A, 0x00,
    0x00, 0x00, 0x00, 0x0B, 0xFF, 0x0F, 0xFD, 0x6F, 0xD0, 0x7F, 0x40, 0xF8, 0x02, 0xF0, 0x0F, 0x80,
    0x2F, 0x00, 0xF8, 0x02, 0xF0, 0x0F, 0x80, 0x2F, 0x00, 0xF8, 0x02, 0xF0, 0x0F, 0x80, 0x2F, 0x00,
    0xF8, 0x03, 0xE0, 0x0F, 0xD0, 0x7D, 0x00, 0x7F, 0xFF, 0xC0, 0x01, 0xBF, 0xD0, 0x00, 0x00, 0x50,
    0x40, 0x00, 0x1F, 0x2F, 0x00, 0x00, 0xF1, 0xE0, 0x00, 0x00, 0x00, 0x00, 0xBF, 0xF0, 0xFF, 0xD6,
    0xFD, 0x07, 0xF4, 0x0F, 0x80, 0x2F, 0x00, 0xF8, 0x02, 0xF0, 0x0F, 0x80, 0x2F, 0x00, 0xF8, 0x02,
    0xF0, 0x0F, 0x80, 0x2F, 0x00, 0xF8, 0x02, 0xF0, 0x0F, 0x80, 0x3E, 0x00, 0xFD, 0x07, 0xD0, 0x07,
    0xFF, 0xFC, 0x00, 0x1B, 0xFD, 0x00, 0x00, 0x00, 0x00, 0x00, 0x01, 0xD0, 0x00, 0x03, 0xF4, 0x00,
    0x01, 0xE0, 0x00, 0x00, 0x00, 0x00, 0x2F, 0xFC, 0xBF, 0xC7, 0xFC, 0x1F, 0xD0, 0x3F, 0x03, 0xD0,
    0x07, 0xD1, 0xE0, 0x00, 0xFC, 0xF0, 0x00, 0x1F, 0xB4, 0x00, 0x02, 0xFC, 0x00, 0x00, 0x3E, 0x00,
    0x00, 0x0F, 0x80, 0x00, 0x03, 0xE0, 0x00, 0x02, 0xFE, 0x00, 0x03, 0xFF, 0xC0, 0x00, 0x7F, 0xF4,
    0x00, 0xFF, 0x40, 0x00, 0xFF, 0xF4, 0x03, 0xFB, 0xFC, 0x0F, 0xC2, 0xF4, 0x3F, 0x07, 0xD0, 0xFC,
    0x1F, 0x43, 0xF0, 0xBC, 0x0F, 0xEF, 0xD0, 0x3F, 0xF8, 0x01, 0xFE, 0x00, 0x1F, 0xFD, 0x00, 0x00,
    0xBF, 0x80, 0x0F, 0xFF, 0x80, 0xF8, 0x2F, 0x07, 0xD0, 0xB8, 0x1F, 0x0B, 0x80, 0x7C, 0x78, 0x01,
    0xF2, 0xF0, 0x07, 0xC7, 0xF4, 0x1F, 0x07, 0xF0, 0x7C, 0x03, 0xE1, 0xF3, 0x4B, 0x8B, 0xDF, 0xFD,
    0xBF, 0x2F, 0x90, 0x02, 0x00, 0x00, 0xB4, 0x00, 0x03, 0xD0, 0x00, 0x09, 0x00, 0x00, 0x00, 0x00,
    0x7F, 0x80, 0x2F, 0xBF, 0x03, 0xD1, 0xF0, 0x04, 0x1F, 0x00, 0x6F, 0xF0, 0x3F, 0xAF, 0x03, 0xD1,
    0xF0, 0x3F, 0xFF, 0xD1, 0xF8, 0xBC, 0x00, 0x30, 0x00, 0x0B, 0x80, 0x00, 0xF0, 0x00, 0x0C, 0x00,
    0x00, 0x00, 0x00, 0x7F, 0x80, 0x2F, 0xBF, 0x03, 0xD1, 0xF0, 0x04, 0x1F, 0x00, 0x6F, 0xF0, 0x3F,
    0xAF, 0x03, 0xD1, 0xF0, 0x3F, 0xFF, 0xD1, 0xF8, 0xBC, 0x00, 0x50, 0x00, 0x2F, 0x40, 0x07, 0x7C,
    0x00, 0xE0, 0xD0, 0x00, 0x00, 0x00, 0x7F, 0x80, 0x2F, 0xBF, 0x03, 0xD1, 0xF0, 0x04, 0x1F, 0x00,
    0x6F, 0xF0, 0x3F, 0xAF, 0x03, 0xD1, 0xF0, 0x3F, 0xFF, 0xD1, 0xF8, 0xBC, 0x06, 0x04, 0x00, 0xFE,
    0xD0, 0x0C, 0xBC, 0x00, 0x00, 0x00, 0x07, 0xF8, 0x02, 0xFB, 0xF0, 0x3D, 0x1F, 0x00, 0x41, 0xF0,
    0x06, 0xFF, 0x03, 0xFA, 0xF0, 0x3D, 0x1F, 0x03, 0xFF, 0xFD, 0x1F, 0x8B, 0xC0, 0x00, 0x04, 0x01,
    0xF3, 0xE0, 0x1F, 0x2D, 0x00, 0x00, 0x00, 0x07, 0xF8, 0x02, 0xFB, 0xF0, 0x3D, 0x1F, 0x00, 0x41,
    0xF0, 0x06, 0xFF, 0x03, 0xFA, 0xF0, 0x3D, 0x1F, 0x03, 0xFF, 0xFD, 0x1F, 0x8B, 0xC0, 0x02, 0xF0,
    0x00, 0x73, 0x80, 0x0A, 0x2C, 0x00, 0x73, 0x80, 0x02, 0xE0, 0x00, 0x00, 0x00, 0x07, 0xF8, 0x02,
    0xFB, 0xF0, 0x3D, 0x1F, 0x00, 0x41, 0xF0, 0x06, 0xFF, 0x03, 0xFA, 0xF0, 0x3D, 0x1F, 0x03, 0xFF,
    0xFD, 0x1F, 0x8B, 0xC0, 0x06, 0xF8, 0xBE, 0x02, 0xFB, 0xFE, 0xFC, 0x3D, 0x1F, 0x03, 0xD0, 0x42,
    0xF6, 0xBD, 0x0B, 0xFF, 0xFE, 0x83, 0xF6, 0xF0, 0x00, 0x7D, 0x0F, 0x80, 0x03, 0xFB, 0xFF, 0xFC,
    0x1F, 0xE1, 0xFF, 0x40, 0x02, 0xFD, 0x07, 0xFF, 0xC3, 0xE0, 0xF0, 0xF4, 0x14, 0x7D, 0x00, 0x1F,
    0x80, 0x03, 0xF4, 0x00, 0xBF, 0xFC, 0x07, 0xFD, 0x00, 0x00, 0x00, 0x1F, 0x00, 0x01, 0xE0, 0x00,
    0xB0, 0x00, 0x74, 0x00, 0x02, 0x00, 0x01, 0xE0, 0x00, 0x2E, 0x00, 0x01, 0x80, 0x00, 0x00, 0x00,
    0xBF, 0x41, 0xFB, 0xF0, 0xF4, 0x3E, 0x3E, 0x5F, 0x9F, 0xFF, 0xE7, 0xC0, 0x00, 0xF8, 0x00, 0x2F,
    0xEF, 0x42, 0xFF, 0x80, 0x00, 0x24, 0x00, 0x1F, 0x00, 0x0F, 0x40, 0x03, 0x40, 0x00, 0x00, 0x00,
    0xBF, 0x41, 0xFB, 0xF0, 0xF4, 0x3E, 0x3E, 0x5F, 0x9F, 0xFF, 0xE7, 0xC0, 0x00, 0xF8, 0x00, 0x2F,
    0xEF, 0x42, 0xFF, 0x80, 0x00, 0x60, 0x00, 0x7E, 0x00, 0x3A, 0xD0, 0x2C, 0x24, 0x00, 0x00, 0x00,
    0xBF, 0x41, 0xFB, 0xF0, 0xF4, 0x3E, 0x3E, 0x5F, 0x9F, 0xFF, 0xE7, 0xC0, 0x00, 0xF8, 0x00, 0x2F,
    0xEF, 0x42, 0xFF, 0x80, 0x00, 0x00, 0x03, 0xDB, 0xC0, 0xF1, 0xE0, 0x00, 0x00, 0x02, 0xFD, 0x07,
    0xEF, 0xC3, 0xD0, 0xF8, 0xF9, 0x7E, 0x7F, 0xFF, 0x9F, 0x00, 0x03, 0xE0, 0x00, 0xBF, 0xBD, 0x0B,
    0xFE, 0x00, 0x20, 0x03, 0xC0, 0x2E, 0x00, 0x70, 0x00, 0x06, 0xF4, 0x7F, 0x40, 0xF4, 0x0F, 0x40,
    0xF4, 0x0F, 0x40, 0xF4, 0x2F, 0xD7, 0xFE, 0x01, 0x80, 0x3C, 0x0B, 0x40, 0x90, 0x00, 0x06, 0xF4,
    0x7F, 0x40, 0xF4, 0x0F, 0x40, 0xF4, 0x0F, 0x40, 0xF4, 0x2F, 0xD7, 0xFE, 0x06, 0x00, 0xFC, 0x3D,
    0xE7, 0x0A, 0x00, 0x06, 0xF4, 0x7F, 0x40, 0xF4, 0x0F, 0x40, 0xF4, 0x0F, 0x40, 0xF4, 0x2F, 0xD7,
    0xFE, 0x10, 0x03, 0xE7, 0xCF, 0x4F, 0x00, 0x00, 0x6F, 0x41, 0xFD, 0x00, 0xF4, 0x03, 0xD0, 0x0F,
    0x40, 0x3D, 0x00, 0xF4, 0x0B, 0xF4, 0x7F, 0xE0, 0x01, 0x8A, 0x00, 0x3F, 0xC0, 0x02, 0xFC, 0x00,
    0x37, 0xF0, 0x00, 0x0F, 0x40, 0x7F, 0xFC, 0x1F, 0xFF, 0xD3, 0xE0, 0xBD, 0x7D, 0x03, 0xE7, 0xD0,
    0x3E, 0x7D, 0x03, 0xD3, 0xF0, 0x7C, 0x2F, 0xFF, 0x40, 0x7F, 0x90, 0x00, 0x91, 0x00, 0x03, 0xFF,
    0x80, 0x02, 0x5F, 0x40, 0x00, 0x00, 0x00, 0x2F, 0x2F, 0x80, 0x7F, 0xFF, 0xE0, 0x0F, 0x83, 0xF0,
    0x0F, 0x42, 0xF0, 0x0F, 0x42, 0xF0, 0x0F, 0x42, 0xF0, 0x0F, 0x42, 0xF0, 0x1F, 0x83, 0xF4, 0x7F,
    0xDB, 0xFC, 0x02, 0x00, 0x00, 0x3C, 0x00, 0x02, 0xF0, 0x00, 0x07, 0x00, 0x00, 0x00, 0x00, 0x2F,
    0xE0, 0x1F, 0xFF, 0xC3, 0xE0, 0xBD, 0x3D, 0x03, 0xE7, 0xD0, 0x3E, 0x7D, 0x03, 0xE3, 0xF0, 0x7C,
    0x2F, 0xFF, 0x80, 0xBF, 0xD0, 0x00, 0x18, 0x00, 0x03, 0xC0, 0x00, 0xB8, 0x00, 0x0A, 0x00, 0x00,
    0x00, 0x00, 0x2F, 0xE0, 0x1F, 0xFF, 0xC3, 0xE0, 0xBD, 0x3D, 0x03, 0xE7, 0xD0, 0x3E, 0x7D, 0x03,
    0xE3, 0xF0, 0x7C, 0x2F, 0xFF, 0x80, 0xBF, 0xD0, 0x00, 0x60, 0x00, 0x0F, 0xC0, 0x03, 0xDE, 0x00,
    0x70, 0xA0, 0x00, 0x00, 0x00, 0x2F, 0xE0, 0x1F, 0xFF, 0xC3, 0xE0, 0xBD, 0x3D, 0x03, 0xE7, 0xD0,
    0x3E, 0x7D, 0x03, 0xE3, 0xF0, 0x7C, 0x2F, 0xFF, 0x80, 0xBF, 0xD0, 0x01, 0x41, 0x00, 0xBF, 0xF0,
    0x06, 0x3D, 0x00, 0x00, 0x00, 0x02, 0xFE, 0x01, 0xFF, 0xFC, 0x3E, 0x0B, 0xD3, 0xD0, 0x3E, 0x7D,
    0x03, 0xE7, 0xD0, 0x3E, 0x3F, 0x07, 0xC2, 0xFF, 0xF8, 0x0B, 0xFD, 0x00, 0x01, 0x00, 0x00, 0xF9,
    0xF0, 0x0B, 0x4F, 0x00, 0x00, 0x00, 0x02, 0xFE, 0x01, 0xFF, 0xFC, 0x3E, 0x0B, 0xD3, 0xD0, 0x3E,
    0x7D, 0x03, 0xE7, 0xD0, 0x3E, 0x3F, 0x07, 0xC2, 0xFF, 0xF8, 0x0B, 0xFD, 0x00, 0x00, 0x40, 0x00,
    0xF4, 0x00, 0x2D, 0x00, 0x00, 0x00, 0x7F, 0xFF, 0x1A, 0xAA, 0x80, 0x00, 0x00, 0x0B, 0x40, 0x03,
    0xD0, 0x00, 0x10, 0x00, 0x02, 0xFE, 0x91, 0xFF, 0xFD, 0x3E, 0x0F, 0xD7, 0xD2, 0xFE, 0x7D, 0xB3,
    0xE7, 0xFC, 0x3E, 0x3F, 0x07, 0xC3, 0xFF, 0xF4, 0x67, 0xFD, 0x00, 0x01, 0x80, 0x00, 0x03, 0xD0,
    0x00, 0x00, 0xF0, 0x00, 0x00, 0x24, 0x00, 0x00, 0x00, 0x00, 0x7F, 0x0B, 0xE0, 0xBF, 0x0F, 0xE0,
    0x2F, 0x03, 0xE0, 0x2F, 0x03, 0xE0, 0x2F, 0x03, 0xE0, 0x2F, 0x03, 0xE0, 0x1F, 0x47, 0xE0, 0x0F,
    0xFF, 0xF4, 0x07, 0xF6, 0xFC, 0x00, 0x0C, 0x00, 0x00, 0x2D, 0x00, 0x00, 0x3C, 0x00, 0x00, 0x30,
    0x00, 0x00, 0x00, 0x00, 0x7F, 0x0B, 0xE0, 0xBF, 0x0F, 0xE0, 0x2F, 0x03, 0xE0, 0x2F, 0x03, 0xE0,
    0x2F, 0x03, 0xE0, 0x2F, 0x03, 0xE0, 0x1F, 0x47, 0xE0, 0x0F, 0xFF, 0xF4, 0x07, 0xF6, 0xFC, 0x00,
    0x24, 0x00, 0x00, 0xFD, 0x00, 0x01, 0xDF, 0x00, 0x03, 0x43, 0x00, 0x00, 0x00, 0x00, 0x7F, 0x0B,
    0xE0, 0xBF, 0x0F, 0xE0, 0x2F, 0x03, 0xE0, 0x2F, 0x03, 0xE0, 0x2F, 0x03, 0xE0, 0x2F, 0x03, 0xE0,
    0x1F, 0x47, 0xE0, 0x0F, 0xFF, 0xF4, 0x07, 0xF6, 0xFC, 0x00, 0x01, 0x00, 0x07, 0xCF, 0x80, 0x07,
    0x8B, 0x40, 0x00, 0x00, 0x00, 0x7F, 0x0B, 0xE0, 0xBF, 0x0F, 0xE0, 0x2F, 0x03, 0xE0, 0x2F, 0x03,
    0xE0, 0x2F, 0x03, 0xE0, 0x2F, 0x03, 0xE0, 0x1F, 0x47, 0xE0, 0x0F, 0xFF, 0xF4, 0x07, 0xF6, 0xFC,
    0x00, 0x18, 0x00, 0x00, 0xF0, 0x00, 0x07, 0x80, 0x00, 0x18, 0x00, 0x00, 0x00, 0x02, 0xFF, 0x4F,
    0xF2, 0xF8, 0x1F, 0x03, 0xE0, 0xB8, 0x0F, 0xC3, 0xC0, 0x1F, 0x1E, 0x00, 0x3E, 0xB4, 0x00, 0x7F,
    0xC0, 0x00, 0xFD, 0x00, 0x02, 0xF0, 0x00, 0x0B, 0x40, 0x00, 0xBC, 0x00, 0xBF, 0xC0, 0x01, 0xF8,
    0x00, 0x00, 0x6F, 0x00, 0x01, 0xBC, 0x00, 0x01, 0xF0, 0x00, 0x07, 0xC0, 0x00, 0x1F, 0x7F, 0x80,
    0x7F, 0xFF, 0x41, 0xF8, 0x7F, 0x07, 0xC0, 0xFC, 0x1F, 0x02, 0xF0, 0x7C, 0x0F, 0xC1, 0xF0, 0x3E,
    0x07, 0xFF, 0xF0, 0x1F, 0xFE, 0x00, 0x7C, 0x00, 0x01, 0xF0, 0x00, 0x0B, 0xE0, 0x00, 0xBF, 0xE0,
    0x00, 0x01, 0x00, 0x00, 0x2E, 0x3D, 0x00, 0xB4, 0xF0, 0x00, 0x00, 0x00, 0xBF, 0xD3, 0xFC, 0xBE,
    0x07, 0xC0, 0xF8, 0x2E, 0x03, 0xF0, 0xF0, 0x07, 0xC7, 0x80, 0x0F, 0xAD, 0x00, 0x1F, 0xF0, 0x00,
    0x3F, 0x40, 0x00, 0xBC, 0x00, 0x02, 0xD0, 0x00, 0x2F, 0x00, 0x2F, 0xF0, 0x00, 0x7E, 0x00, 0x00,
    0x00, 0xAA, 0x80, 0x00, 0x7F, 0xF0, 0x00, 0x00, 0x00, 0x00, 0x00, 0x3C, 0x00, 0x00, 0x3F, 0x40,
    0x00, 0x0F, 0xF0, 0x00, 0x0B, 0xBC, 0x00, 0x03, 0xCF, 0x80, 0x02, 0xD3, 0xF0, 0x00, 0xF0, 0xBD,
    0x00, 0x7E, 0xBF, 0x80, 0x3F, 0xFF, 0xF0, 0x1F, 0x00, 0xBD, 0x1F, 0xD0, 0x2F, 0xDF, 0xFC, 0x2F,
    0xFC, 0x0A, 0xA9, 0x00, 0xFF, 0xD0, 0x00, 0x00, 0x00, 0x7F, 0x80, 0x2F, 0xBF, 0x03, 0xD1, 0xF0,
    0x04, 0x1F, 0x00, 0x6F, 0xF0, 0x3F, 0xAF, 0x03, 0xD1, 0xF0, 0x3F, 0xFF, 0xD1, 0xF8, 0xBC, 0x00,
    0x80, 0x80, 0x00, 0x7E, 0xF0, 0x00, 0x0B, 0xE0, 0x00, 0x00, 0x00, 0x00, 0x00, 0x0F, 0x00, 0x00,
    0x0F, 0xD0, 0x00, 0x03, 0xFC, 0x00, 0x02, 0xEF, 0x00, 0x00, 0xF3, 0xE0, 0x00, 0xB4, 0xFC, 0x00,
    0x3C, 0x2F, 0x40, 0x1F, 0xAF, 0xE0, 0x0F, 0xFF, 0xFC, 0x07, 0xC0, 0x2F, 0x47, 0xF4, 0x0B, 0xF7,
    0xFF, 0x0B, 0xFF, 0x0C, 0x05, 0x00, 0xFA, 0xC0, 0x07, 0xF4, 0x00, 0x00, 0x00, 0x07, 0xF8, 0x02,
    0xFB, 0xF0, 0x3D, 0x1F, 0x00, 0x41, 0xF0, 0x06, 0xFF, 0x03, 0xFA, 0xF0, 0x3D, 0x1F, 0x03, 0xFF,
    0xFD, 0x1F, 0x8B, 0xC0, 0x00, 0x0F, 0x00, 0x00, 0x0F, 0xD0, 0x00, 0x07, 0xFC, 0x00, 0x02, 0xEF,
    0x00, 0x00, 0xF3, 0xE0, 0x00, 0xB4, 0xFC, 0x00, 0x3C, 0x2F, 0x40, 0x1F, 0xAF, 0xE0, 0x0F, 0xFF,
    0xFC, 0x07, 0xC0, 0x2F, 0x47, 0xF4, 0x0B, 0xF7, 0xFF, 0x0B, 0xFF, 0x00, 0x00, 0x38, 0x00, 0x00,
    0x3C, 0x00, 0x00, 0x0F, 0xE0, 0x00, 0x01, 0xF8, 0x07, 0xF8, 0x02, 0xFB, 0xF0, 0x3D, 0x1F, 0x00,
    0x42, 0xF0, 0x0B, 0xFF, 0x03, 0xF6, 0xF0, 0x7D, 0x1F, 0x03, 0xFF, 0xFD, 0x1F, 0xCB, 0xC0, 0x00,
    0xB0, 0x00, 0x0F, 0x00, 0x00, 0xF4, 0x00, 0x07, 0xD0, 0x00, 0x00, 0x00, 0x00, 0x0F, 0x00, 0x01,
    0xFC, 0x00, 0x0E, 0x40, 0x00, 0x00, 0x00, 0x02, 0xFF, 0x80, 0x7F, 0xFF, 0x03, 0xE0, 0x3C, 0x2F,
    0x00, 0xB0, 0xF8, 0x00, 0x03, 0xE0, 0x00, 0x1F, 0x80, 0x00, 0x3E, 0x00, 0x00, 0xFC, 0x00, 0x02,
    0xFC, 0x00, 0x03, 0xFF, 0xFD, 0x01, 0xFF, 0xD0, 0x00, 0x24, 0x00, 0x1F, 0x00, 0x0F, 0x00, 0x03,
    0x40, 0x00, 0x00, 0x00, 0xBF, 0x41, 0xFF, 0xF0, 0xF8, 0x3C, 0x3D, 0x05, 0x1F, 0x40, 0x07, 0xE0,
    0x00, 0xFD, 0x00, 0x2F, 0xFF, 0x01, 0xFF, 0x40, 0x00, 0x1E, 0x00, 0x00, 0xFE, 0x00, 0x0F, 0x7C,
    0x00, 0x74, 0x34, 0x00, 0x00, 0x00, 0x02, 0xFF, 0x80, 0x7F, 0xFF, 0x03, 0xE0, 0x3C, 0x2F, 0x00,
    0xB0, 0xF8, 0x00, 0x03, 0xE0, 0x00, 0x1F, 0x80, 0x00, 0x3E, 0x00, 0x00, 0xFC, 0x00, 0x02, 0xFC,
    0x00, 0x03, 0xFF, 0xFD, 0x01, 0xFF, 0xD0, 0x00, 0x60, 0x00, 0x7E, 0x00, 0x3A, 0xD0, 0x2C, 0x34,
    0x00, 0x00, 0x00, 0xBF, 0x41, 0xFF, 0xF0, 0xF8, 0x3C, 0x3D, 0x05, 0x1F, 0x40, 0x07, 0xE0, 0x00,
    0xFD, 0x00, 0x2F, 0xFF, 0x01, 0xFF, 0x40, 0x00, 0x19, 0x00, 0x00, 0xFC, 0x00, 0x02, 0xE0, 0x00,
    0x00, 0x00, 0x00, 0xBF, 0xE0, 0x1F, 0xFF, 0xC0, 0xF8, 0x0F, 0x0B, 0xC0, 0x2C, 0x3E, 0x00, 0x00,
    0xF8, 0x00, 0x07, 0xE0, 0x00, 0x0F, 0x80, 0x00, 0x3F, 0x00, 0x00, 0xBF, 0x00, 0x00, 0xFF, 0xFF,
    0x40, 0x7F, 0xF4, 0x00, 0x90, 0x00, 0xBC, 0x00, 0x1F, 0x00, 0x00, 0x00, 0x02, 0xFD, 0x07, 0xFF,
    0xC3, 0xE0, 0xF0, 0xF4, 0x14, 0x7D, 0x00, 0x1F, 0x80, 0x03, 0xF4, 0x00, 0xBF, 0xFC, 0x07, 0xFD,
    0x00, 0x00, 0x00, 0x40, 0x0B, 0x4B, 0x40, 0x0F, 0xF4, 0x00, 0x0F, 0x40, 0x00, 0x00, 0x00, 0x02,
    0xFF, 0x80, 0x7F, 0xFF, 0x03, 0xE0, 0x3C, 0x2F, 0x00, 0xB0, 0xF8, 0x00, 0x03, 0xE0, 0x00, 0x1F,
    0x80, 0x00, 0x3E, 0x00, 0x00, 0xFC, 0x00, 0x02, 0xFC, 0x00, 0x03, 0xFF, 0xFD, 0x01, 0xFF, 0xD0,
    0x04, 0x04, 0x03, 0xCB, 0x00, 0x7F, 0x40, 0x07, 0xC0, 0x00, 0x00, 0x00, 0xBF, 0x41, 0xFF, 0xF0,
    0xF8, 0x3C, 0x3D, 0x05, 0x1F, 0x40, 0x07, 0xE0, 0x00, 0xFD, 0x00, 0x2F, 0xFF, 0x01, 0xFF, 0x40,
    0x01, 0x00, 0x40, 0x00, 0xE1, 0xE0, 0x00, 0x1F, 0xE0, 0x00, 0x01, 0xF0, 0x00, 0x00, 0x00, 0x00,
    0x0B, 0xFF, 0xE4, 0x02, 0xFE, 0xFF, 0x80, 0x3F, 0x03, 0xF8, 0x0F, 0xC0, 0x3F, 0x03, 0xF0, 0x0B,
    0xD0, 0xFC, 0x01, 0xF4, 0x3F, 0x00, 0x7D, 0x0F, 0xC0, 0x1F, 0x43, 0xF0, 0x0F, 0xC0, 0xFC, 0x0B,
    0xD0, 0x7F, 0xAF, 0xD0, 0x7F, 0xFF, 0x40, 0x00, 0x00, 0x1B, 0xCB, 0x00, 0x0F, 0xF2, 0xC0, 0x00,
    0xBC, 0xA0, 0x00, 0x2F, 0x24, 0x02, 0xFF, 0xC0, 0x07, 0xFB, 0xF0, 0x03, 0xE0, 0xBC, 0x00, 0xF4,
    0x2F, 0x00, 0x7D, 0x0B, 0xC0, 0x1F, 0x42, 0xF0, 0x03, 0xF0, 0xFC, 0x00, 0xFF, 0xFF, 0x40, 0x0B,
    0xE3, 0xF4, 0x00, 0x2F, 0xFF, 0x90, 0x0B, 0xFB, 0xFE, 0x00, 0xFC, 0x0F, 0xE0, 0x3F, 0x00, 0xFC,
    0x0F, 0xC0, 0x2F, 0x47, 0xF5, 0x07, 0xDB, 0xFF, 0xC1, 0xF4, 0x3F, 0x00, 0x7D, 0x0F, 0xC0, 0x3F,
    0x03, 0xF0, 0x2F, 0x41, 0xFE, 0xBF, 0x41, 0xFF, 0xFD, 0x00, 0x00, 0x2F, 0xC0, 0x00, 0x7F, 0x00,
    0x0F, 0xFF, 0x80, 0x02, 0xF0, 0x07, 0xFF, 0xC0, 0x7F, 0xFF, 0x03, 0xE0, 0xBC, 0x1F, 0x42, 0xF0,
    0x7D, 0x0B, 0xC1, 0xF4, 0x2F, 0x03, 0xF0, 0xFC, 0x0F, 0xFF, 0xF8, 0x0B, 0xE3, 0xF4, 0x02, 0xAA,
    0x00, 0x0F, 0xFC, 0x00, 0x00, 0x00, 0x1F, 0xFF, 0xFC, 0x1F, 0xEB, 0xF0, 0x3F, 0x02, 0xC0, 0xFC,
    0x01, 0x03, 0xF0, 0x00, 0x0F, 0xFF, 0xC0, 0x3F, 0xAA, 0x00, 0xFC, 0x00, 0x03, 0xF0, 0x08, 0x0F,
    0xC0, 0x74, 0x7F, 0xAF, 0xD7, 0xFF, 0xFF, 0x00, 0x06, 0xA9, 0x03, 0xFF, 0x80, 0x00, 0x00, 0x0B,
    0xF4, 0x1F, 0xBF, 0x0F, 0x43, 0xE3, 0xE5, 0xF9, 0xFF, 0xFE, 0x7C, 0x00, 0x0F, 0x80, 0x02, 0xFE,
    0xF4, 0x2F, 0xF8, 0x02, 0x01, 0x00, 0x0F, 0xBC, 0x00, 0x1F, 0xD0, 0x00, 0x00, 0x00, 0x7F, 0xFF,
    0xF0, 0x7F, 0xAF, 0xC0, 0xFC, 0x0B, 0x03, 0xF0, 0x04, 0x0F, 0xC0, 0x00, 0x3F, 0xFF, 0x00, 0xFE,
    0xA8, 0x03, 0xF0, 0x00, 0x0F, 0xC0, 0x20, 0x3F, 0x01, 0xD1, 0xFE, 0xBF, 0x5F, 0xFF, 0xFC, 0x09,
    0x02, 0x03, 0xEB, 0x40, 0x3F, 0x40, 0x00, 0x00, 0x02, 0xFD, 0x07, 0xEF, 0xC3, 0xD0, 0xF8, 0xF9,
    0x7E, 0x7F, 0xFF, 0x9F, 0x00, 0x03, 0xE0, 0x00, 0xBF, 0xBD, 0x0B, 0xFE, 0x00, 0x00, 0x64, 0x00,
    0x03, 0xF0, 0x00, 0x0B, 0x80, 0x00, 0x00, 0x00, 0x7F, 0xFF, 0xF0, 0x7F, 0xAF, 0xC0, 0xFC, 0x0B,
    0x03, 0xF0, 0x04, 0x0F, 0xC0, 0x00, 0x3F, 0xFF, 0x00, 0xFE, 0xA8, 0x03, 0xF0, 0x00, 0x0F, 0xC0,
    0x20, 0x3F, 0x01, 0xD1, 0xFE, 0xBF, 0x5F, 0xFF, 0xFC, 0x00, 0x90, 0x00, 0x7C, 0x00, 0x1F, 0x00,
    0x00, 0x00, 0x02, 0xFD, 0x07, 0xEF, 0xC3, 0xD0, 0xF8, 0xF9, 0x7E, 0x7F, 0xFF, 0x9F, 0x00, 0x03,
    0xE0, 0x00, 0xBF, 0xBD, 0x0B, 0xFE, 0x00, 0x7F, 0xFF, 0xF0, 0xBF, 0xAF, 0xC0, 0xFC, 0x0B, 0x03,
    0xF0, 0x04, 0x0F, 0xC0, 0x00, 0x3F, 0xFF, 0x00, 0xFE, 0xA8, 0x03, 0xF0, 0x00, 0x0F, 0xC0, 0x20,
    0x3F, 0x01, 0xD1, 0xFE, 0xBF, 0x5F, 0xFF, 0xFC, 0x00, 0x07, 0x40, 0x00, 0x3C, 0x00, 0x00, 0xFE,
    0x00, 0x02, 0xF4, 0x02, 0xFD, 0x07, 0xFF, 0xC3, 0xD0, 0xF8, 0xF9, 0x7E, 0x7F, 0xFF, 0x9F, 0x00,
    0x03, 0xF0, 0x00, 0xBF, 0xFD, 0x0B, 0xFD, 0x00, 0x0E, 0x00, 0x07, 0xD0, 0x00, 0xBC, 0x00, 0x01,
    0x00, 0x1D, 0x2D, 0x00, 0x3F, 0xD0, 0x00, 0x2E, 0x00, 0x00, 0x00, 0x01, 0xFF, 0xFF, 0xC1, 0xFE,
    0xBF, 0x03, 0xF0, 0x2C, 0x0F, 0xC0, 0x10, 0x3F, 0x00, 0x00, 0xFF, 0xFC, 0x03, 0xFA, 0xA0, 0x0F,
    0xC0, 0x00, 0x3F, 0x00, 0x80, 0xFC, 0x07, 0x47, 0xFA, 0xFD, 0x7F, 0xFF, 0xF0, 0x04, 0x04, 0x03,
    0xC7, 0x40, 0x7F, 0x80, 0x07, 0xC0, 0x00, 0x00, 0x00, 0xBF, 0x41, 0xFB, 0xF0, 0xF4, 0x3E, 0x3E,
    0x5F, 0x9F, 0xFF, 0xE7, 0xC0, 0x00, 0xF8, 0x00, 0x2F, 0xEF, 0x42, 0xFF, 0x80, 0x00, 0x0F, 0x00,
    0x00, 0x2F, 0xC0, 0x00, 0x79, 0xE0, 0x00, 0xE0, 0xA0, 0x00, 0x00, 0x00, 0x00, 0x7F, 0xF8, 0x03,
    0xFF, 0xFC, 0x0F, 0xD0, 0x3C, 0x2F, 0x00, 0x3C, 0x3E, 0x00, 0x00, 0x3E, 0x00, 0x00, 0x7E, 0x03,
    0xFF, 0x3E, 0x01, 0xBE, 0x3F, 0x00, 0x3D, 0x2F, 0xC0, 0x3D, 0x0F, 0xFF, 0xFD, 0x01, 0xBF, 0xE4,
    0x00, 0x60, 0x00, 0x07, 0xE0, 0x00, 0x3A, 0xD0, 0x02, 0xC3, 0x40, 0x00, 0x00, 0x00, 0x1F, 0xEF,
    0xC1, 0xFB, 0xFB, 0x0B, 0x83, 0xD0, 0x3E, 0x0F, 0x40, 0x7E, 0xFC, 0x00, 0xFF, 0x80, 0x0B, 0x40,
    0x00, 0x3F, 0x55, 0x00, 0x7F, 0xFF, 0x43, 0xD6, 0xBE, 0x2F, 0x00, 0xF4, 0x7F, 0xBF, 0x80, 0x7F,
    0xE4, 0x00, 0x00, 0x90, 0x20, 0x00, 0xFA, 0xE0, 0x00, 0x3F, 0x80, 0x00, 0x00, 0x00, 0x00, 0x7F,
    0xF8, 0x03, 0xFF, 0xFC, 0x0F, 0xD0, 0x3C, 0x2F, 0x00, 0x3C, 0x3E, 0x00, 0x00, 0x3E, 0x00, 0x00,
    0x7E, 0x03, 0xFF, 0x3E, 0x01, 0xBE, 0x3F, 0x00, 0x3D, 0x2F, 0xC0, 0x3D, 0x0F, 0xFF, 0xFD, 0x01,
    0xBF, 0xE4, 0x09, 0x02, 0x00, 0x3E, 0xB4, 0x00, 0x3F, 0x40, 0x00, 0x00, 0x00, 0x07, 0xFB, 0xF0,
    0x7E, 0xFE, 0xC2, 0xE0, 0xF4, 0x0F, 0x83, 0xD0, 0x1F, 0xBF, 0x00, 0x3F, 0xE0, 0x02, 0xD0, 0x00,
    0x0F, 0xD5, 0x40, 0x1F, 0xFF, 0xD0, 0xF5, 0xAF, 0x8B, 0xC0, 0x3D, 0x1F, 0xEF, 0xE0, 0x1F, 0xF9,
    0x00, 0x00, 0x0A, 0x00, 0x00, 0x2F, 0x40, 0x00, 0x1F, 0x00, 0x00, 0x00, 0x00, 0x00, 0x7F, 0xF8,
    0x03, 0xFF, 0xFC, 0x0F, 0xD0, 0x3C, 0x2F, 0x00, 0x3C, 0x3E, 0x00, 0x00, 0x3E, 0x00, 0x00, 0x7E,
    0x03, 0xFF, 0x3E, 0x01, 0xBE, 0x3F, 0x00, 0x3D, 0x2F, 0xC0, 0x3D, 0x0F, 0xFF, 0xFD, 0x01, 0xBF,
    0xE4, 0x00, 0x90, 0x00, 0x0B, 0xC0, 0x00, 0x1F, 0x00, 0x00, 0x00, 0x00, 0x07, 0xFB, 0xF0, 0x7E,
    0xFE, 0xC2, 0xE0, 0xF4, 0x0F, 0x83, 0xD0, 0x1F, 0xBF, 0x00, 0x3F, 0xE0, 0x02, 0xD0, 0x00, 0x0F,
    0xD5, 0x40, 0x1F, 0xFF, 0xD0, 0xF5, 0xAF, 0x8B, 0xC0, 0x3D, 0x1F, 0xEF, 0xE0, 0x1F, 0xF9, 0x00,
    0x00, 0x7F, 0xF8, 0x03, 0xFF, 0xFC, 0x0F, 0xD0, 0x3C, 0x2F, 0x00, 0x3C, 0x3E, 0x00, 0x00, 0x3E,
    0x00, 0x00, 0x7E, 0x03, 0xFF, 0x3E, 0x01, 0xBE, 0x3F, 0x00, 0x3D, 0x2F, 0xC0, 0x3D, 0x0F, 0xFF,
    0xFD, 0x01, 0xBF, 0xE4, 0x00, 0x00, 0x00, 0x00, 0x0F, 0x40, 0x00, 0x0B, 0x80, 0x00, 0x0F, 0x00,
    0x00, 0x08, 0x00, 0x00, 0x20, 0x00, 0x03, 0xC0, 0x00, 0x1D, 0x00, 0x00, 0xB8, 0x00, 0x01, 0xE0,
    0x00, 0x00, 0x00, 0x00, 0x7F, 0xBF, 0x07, 0xEF, 0xEC, 0x2E, 0x0F, 0x40, 0xF8, 0x3D, 0x01, 0xFB,
    0xF0, 0x03, 0xFE, 0x00, 0x2D, 0x00, 0x00, 0xFD, 0x54, 0x01, 0xFF, 0xFD, 0x0F, 0x5A, 0xF8, 0xBC,
    0x03, 0xD1, 0xFE, 0xFE, 0x01, 0xFF, 0x90, 0x00, 0x00, 0x0B, 0x80, 0x00, 0x00, 0x3F, 0x40, 0x00,
    0x03, 0xDF, 0x00, 0x00, 0x1C, 0x0C, 0x00, 0x00, 0x00, 0x00, 0x01, 0xFF, 0xD3, 0xFF, 0xC2, 0xFD,
    0x06, 0xFD, 0x03, 0xF0, 0x07, 0xD0, 0x0F, 0xC0, 0x1F, 0x40, 0x3F, 0x00, 0x7D, 0x00, 0xFF, 0xFF,
    0xF4, 0x03, 0xFA, 0xAF, 0xD0, 0x0F, 0xC0, 0x1F, 0x40, 0x3F, 0x00, 0x7D, 0x00, 0xFC, 0x01, 0xF4,
    0x07, 0xF8, 0x0B, 0xF4, 0x7F, 0xF4, 0xFF, 0xF0, 0x01, 0x40, 0x00, 0x0B, 0xE0, 0x00, 0x0E, 0xB8,
    0x00, 0x38, 0x28, 0x00, 0x00, 0x00, 0x00, 0x1B, 0xC0, 0x00, 0x2F, 0xD0, 0x00, 0x07, 0xD0, 0x00,
    0x07, 0xC0, 0x00, 0x07, 0xDB, 0xE0, 0x07, 0xFF, 0xF4, 0x07, 0xE0, 0xF8, 0x07, 0xD0, 0xFC, 0x07,
    0xD0, 0xFC, 0x07, 0xD0, 0xFC, 0x07, 0xD0, 0xFC, 0x0B, 0xD0, 0xFC, 0x2F, 0xF2, 0xFF, 0x7F, 0xF4,
    0xFF, 0xF0, 0xBF, 0x41, 0xBF, 0x40, 0xFC, 0x01, 0xF8, 0x2F, 0xFF, 0xFF, 0xFC, 0x0F, 0xC0, 0x1F,
    0x40, 0x3F, 0xFF, 0xFD, 0x00, 0xFE, 0xAB, 0xF4, 0x03, 0xF0, 0x07, 0xD0, 0x0F, 0xC0, 0x1F, 0x40,
    0x3F, 0x00, 0x7D, 0x01, 0xFE, 0x02, 0xFD, 0x1F, 0xFD, 0x3F, 0xFC, 0x6F, 0x00, 0x01, 0xBD, 0x00,
    0x0F, 0xFF, 0x40, 0x07, 0xD0, 0x00, 0x1F, 0x6F, 0x80, 0x7F, 0xFF, 0x41, 0xF8, 0x3E, 0x07, 0xD0,
    0xFC, 0x1F, 0x43, 0xF0, 0x7D, 0x0F, 0xC1, 0xF4, 0x3F, 0x0B, 0xD0, 0xFC, 0xBF, 0xCB, 0xFC, 0x19,
    0x10, 0xFE, 0xD3, 0x2F, 0x00, 0x00, 0x7F, 0xF4, 0xBF, 0x40, 0xFC, 0x03, 0xF0, 0x0F, 0xC0, 0x3F,
    0x00, 0xFC, 0x03, 0xF0, 0x0F, 0xC0, 0x3F, 0x01, 0xFE, 0x1F, 0xFD, 0x14, 0x1B, 0xFF, 0x63, 0xD0,
    0x00, 0x6F, 0x47, 0xF4, 0x0F, 0x40, 0xF4, 0x0F, 0x40, 0xF4, 0x0F, 0x42, 0xFD, 0x7F, 0xE0, 0x2A,
    0xA0, 0xFF, 0xC0, 0x00, 0x1F, 0xFD, 0x2F, 0xD0, 0x3F, 0x00, 0xFC, 0x03, 0xF0, 0x0F, 0xC0, 0x3F,
    0x00, 0xFC, 0x03, 0xF0, 0x0F, 0xC0, 0x7F, 0x87, 0xFF, 0x40, 0x6A, 0xAB, 0xFF, 0x00, 0x06, 0xF4,
    0x7F, 0x40, 0xF4, 0x0F, 0x40, 0xF4, 0x0F, 0x40, 0xF4, 0x2F, 0xD7, 0xFE, 0x20, 0x10, 0xFA, 0xC1,
    0xFD, 0x00, 0x00, 0x7F, 0xF4, 0xBF, 0x40, 0xFC, 0x03, 0xF0, 0x0F, 0xC0, 0x3F, 0x00, 0xFC, 0x03,
    0xF0, 0x0F, 0xC0, 0x3F, 0x01, 0xFE, 0x1F, 0xFD, 0x60, 0x2B, 0xEE, 0x2F, 0x80, 0x00, 0x6F, 0x47,
    0xF4, 0x0F, 0x40, 0xF4, 0x0F, 0x40, 0xF4, 0x0F, 0x42, 0xFD, 0x7F, 0xE0, 0x7F, 0xF4, 0xBF, 0x40,
    0xFC, 0x03, 0xF0, 0x0F, 0xC0, 0x3F, 0x00, 0xFC, 0x03, 0xF0, 0x0F, 0xC0, 0x3F, 0x01, 0xFE, 0x1F,
    0xFD, 0x0E, 0x00, 0xB4, 0x03, 0xF8, 0x07, 0xE0, 0x0A, 0x00, 0x7E, 0x00, 0xF4, 0x00, 0x00, 0x7F,
    0x40, 0xBD, 0x00, 0xF4, 0x03, 0xD0, 0x0F, 0x40, 0x3D, 0x00, 0xF4, 0x07, 0xE0, 0x7F, 0xE0, 0x0B,
    0x00, 0x74, 0x01, 0xE4, 0x03, 0xF0, 0x06, 0x40, 0x3F, 0x00, 0xB8, 0x00, 0x00, 0x7F, 0xF4, 0xBF,
    0x40, 0xFC, 0x03, 0xF0, 0x0F, 0xC0, 0x3F, 0x00, 0xFC, 0x03, 0xF0, 0x0F, 0xC0, 0x3F, 0x01, 0xFE,
    0x1F, 0xFD, 0x6F, 0x47, 0xF4, 0x0F, 0x40, 0xF4, 0x0F, 0x40, 0xF4, 0x0F, 0x42, 0xFD, 0x7F, 0xE0,
    0x7F, 0xF5, 0xFF, 0xE2, 0xFD, 0x0B, 0xF8, 0x0F, 0xC0, 0x3F, 0x00, 0xFC, 0x03, 0xF0, 0x0F, 0xC0,
    0x3F, 0x00, 0xFC, 0x03, 0xF0, 0x0F, 0xC0, 0x3F, 0x00, 0xFC, 0x03, 0xF0, 0x0F, 0xC0, 0x3F, 0x00,
    0xFC, 0x03, 0xF0, 0x1F, 0xE0, 0x3F, 0x07, 0xFF, 0x43, 0xF0, 0x00, 0x00, 0x3E, 0x00, 0x00, 0x0B,
    0xC0, 0x00, 0x03, 0xF8, 0x00, 0x00, 0x7D, 0x00, 0x0A, 0x00, 0xA0, 0x7E, 0x0B, 0xD0, 0xF4, 0x1F,
    0x00, 0x00, 0x00, 0x6F, 0x47, 0xF5, 0xFD, 0x2F, 0xD0, 0xF4, 0x1F, 0x43, 0xD0, 0x7D, 0x0F, 0x41,
    0xF4, 0x3D, 0x07, 0xD0, 0xF4, 0x1F, 0x47, 0xE0, 0x7D, 0x7F, 0xE1, 0xF0, 0x00, 0x0B, 0xC0, 0x00,
    0x7E, 0x00, 0x0F, 0xF0, 0x00, 0x1F, 0x00, 0x01, 0xE0, 0x03, 0xF8, 0x0F, 0x7C, 0x1D, 0x0D, 0x00,
    0x00, 0x2F, 0xFD, 0x0B, 0xF4, 0x03, 0xF0, 0x03, 0xF0, 0x03, 0xF0, 0x03, 0xF0, 0x03, 0xF0, 0x03,
    0xF0, 0x03, 0xF0, 0x03, 0xF0, 0x03, 0xE0, 0x03, 0xE0, 0x03, 0xD0, 0x0F, 0xC0, 0x7F, 0x40, 0x7D,
    0x00, 0x00, 0x60, 0x01, 0xF8, 0x03, 0xAD, 0x0B, 0x09, 0x00, 0x00, 0x07, 0xF0, 0x06, 0xF0, 0x01,
    0xF0, 0x01, 0xF0, 0x01, 0xF0, 0x01, 0xF0, 0x01, 0xF0, 0x01, 0xF0, 0x01, 0xF0, 0x02, 0xF0, 0x03,
    0xE0, 0x1F, 0xC0, 0x2F, 0x00, 0x7F, 0xF1, 0xFF, 0x8B, 0xF4, 0x3F, 0x80, 0xFC, 0x1F, 0x40, 0x3F,
    0x1F, 0x00, 0x0F, 0xDF, 0x00, 0x03, 0xFF, 0x40, 0x00, 0xFF, 0xF0, 0x00, 0x3F, 0x7F, 0x00, 0x0F,
    0xC7, 0xF0, 0x03, 0xF0, 0xBF, 0x01, 0xFE, 0x0B, 0xF5, 0xFF, 0xD0, 0x7D, 0x00, 0x00, 0x00, 0x00,
    0x03, 0xC0, 0x00, 0x00, 0xF4, 0x00, 0x00, 0x3C, 0x00, 0x00, 0x18, 0x00, 0x00, 0x6F, 0x00, 0x02,
    0xFC, 0x00, 0x01, 0xF0, 0x00, 0x07, 0xC0, 0x00, 0x1F, 0x1F, 0xF0, 0x7C, 0x3F, 0x41, 0xF1, 0xF0,
    0x07, 0xEF, 0x00, 0x1F, 0xFC, 0x00, 0x7D, 0xFC, 0x01, 0xF1, 0xFC, 0x0B, 0xD2, 0xFC, 0xBF, 0xC1,
    0xF4, 0x00, 0x00, 0x00, 0x03, 0xC0, 0x00, 0x0F, 0x00, 0x00, 0x3C, 0x00, 0x01, 0x40, 0x00, 0x7F,
    0x4F, 0xF0, 0xBD, 0x2F, 0x40, 0xF4, 0xF0, 0x03, 0xEF, 0x00, 0x0F, 0xFD, 0x00, 0x3D, 0xBC, 0x00,
    0xF4, 0xFC, 0x07, 0xE1, 0xFC, 0x7F, 0xD1, 0xF4, 0x00, 0x00, 0x00, 0x03, 0xC0, 0x00, 0x7F, 0x00,
    0x03, 0x90, 0x00, 0x00, 0x00, 0x01, 0xFF, 0xD0, 0x02, 0xFD, 0x00, 0x03, 0xF0, 0x00, 0x0F, 0xC0,
    0x00, 0x3F, 0x00, 0x00, 0xFC, 0x00, 0x03, 0xF0, 0x00, 0x0F, 0xC0, 0x00, 0x3F, 0x00, 0xC0, 0xFC,
    0x0B, 0x47, 0xFA, 0xFD, 0x7F, 0xFF, 0xF0, 0x00, 0x00, 0x1C, 0x1F, 0xC3, 0xE0, 0x00, 0x06, 0xF4,
    0xBF, 0x41, 0xF4, 0x1F, 0x41, 0xF4, 0x1F, 0x41, 0xF4, 0x1F, 0x41, 0xF4, 0x1F, 0x41, 0xF4, 0x2F,
    0x8B, 0xFE, 0x7F, 0xF4, 0x00, 0xBF, 0x40, 0x00, 0xFC, 0x00, 0x03, 0xF0, 0x00, 0x0F, 0xC0, 0x00,
    0x3F, 0x00, 0x00, 0xFC, 0x00, 0x03, 0xF0, 0x00, 0x0F, 0xC0, 0x30, 0x3F, 0x02, 0xD1, 0xFE, 0xBF,
    0x5F, 0xFF, 0xFC, 0x00, 0x00, 0x00, 0x03, 0xD0, 0x00, 0x0B, 0x80, 0x00, 0x3C, 0x00, 0x00, 0x80,
    0x00, 0x6F, 0x4B, 0xF4, 0x1F, 0x41, 0xF4, 0x1F, 0x41, 0xF4, 0x1F, 0x41, 0xF4, 0x1F, 0x41, 0xF4,
    0x1F, 0x42, 0xF8, 0xBF, 0xE0, 0x00, 0x0F, 0x00, 0xF4, 0x0F, 0x00, 0x80, 0x00, 0x01, 0xD1, 0xFF,
    0xD7, 0x42, 0xFD, 0x1C, 0x03, 0xF0, 0x60, 0x0F, 0xC0, 0x00, 0x3F, 0x00, 0x00, 0xFC, 0x00, 0x03,
    0xF0, 0x00, 0x0F, 0xC0, 0x00, 0x3F, 0x00, 0xC0, 0xFC, 0x0B, 0x47, 0xFA, 0xFD, 0x7F, 0xFF, 0xF0,
    0x6F, 0x5D, 0xBF, 0x5D, 0x1F, 0x5C, 0x1F, 0x58, 0x1F, 0x40, 0x1F, 0x40, 0x1F, 0x40, 0x1F, 0x40,
    0x1F, 0x40, 0x1F, 0x40, 0x1F, 0x40, 0x2F, 0x80, 0xBF, 0xE0, 0x7F, 0xF4, 0x00, 0xBF, 0x40, 0x00,
    0xFC, 0x00, 0x03, 0xF0, 0x00, 0x0F, 0xC0, 0xA0, 0x3F, 0x0B, 0xC0, 0xFC, 0x1F, 0x03, 0xF0, 0x00,
    0x0F, 0xC0, 0x30, 0x3F, 0x02, 0xD1, 0xFE, 0xBF, 0x5F, 0xFF, 0xFC, 0x6F, 0x40, 0x2F, 0xD0, 0x01,
    0xF4, 0x00, 0x7D, 0x00, 0x1F, 0x40, 0x07, 0xD0, 0x01, 0xF4, 0x24, 0x7D, 0x3F, 0x1F, 0x4B, 0x87,
    0xD0, 0x01, 0xF4, 0x00, 0xBE, 0x00, 0xBF, 0xE0, 0x00, 0x1F, 0xFD, 0x00, 0x0B, 0xF4, 0x00, 0x03,
    0xF0, 0x00, 0x03, 0xF0, 0x00, 0x03, 0xFB, 0x80, 0x03, 0xFD, 0x00, 0x1F, 0xF0, 0x00, 0x3B, 0xF0,
    0x00, 0x03, 0xF0, 0x0C, 0x03, 0xF0, 0x2D, 0x07, 0xFA, 0xFD, 0x1F, 0xFF, 0xFC, 0x1B, 0xD0, 0x6F,
    0x40, 0x7D, 0x01, 0xF4, 0x07, 0xD4, 0x1F, 0xE0, 0x7D, 0x07, 0xF4, 0x2B, 0xD0, 0x1F, 0x40, 0x7D,
    0x02, 0xF8, 0x2F, 0xF8, 0x00, 0x00, 0x00, 0x00, 0x00, 0x2C, 0x00, 0x00, 0x1F, 0xC0, 0x00, 0x03,
    0x90, 0x00, 0x00, 0x00, 0x00, 0x07, 0xFC, 0x07, 0xFE, 0x2F, 0xE0, 0x2F, 0x80, 0xFF, 0x40, 0xF0,
    0x0F, 0xFC, 0x0F, 0x00, 0xFB, 0xE0, 0xF0, 0x0F, 0x3F, 0x4F, 0x00, 0xF0, 0xFC, 0xF0, 0x0F, 0x07,
    0xEF, 0x00, 0xF0, 0x3F, 0xF0, 0x0F, 0x00, 0xFF, 0x02, 0xF8, 0x07, 0xF0, 0xBF, 0xE0, 0x2F, 0x00,
    0x00, 0x09, 0x00, 0x00, 0x0F, 0x00, 0x00, 0x3D, 0x00, 0x00, 0x34, 0x00, 0x00, 0x00, 0x00, 0x2F,
    0x2F, 0x80, 0x7F, 0xFF, 0xE0, 0x0F, 0x83, 0xF0, 0x0F, 0x42, 0xF0, 0x0F, 0x42, 0xF0, 0x0F, 0x42,
    0xF0, 0x0F, 0x42, 0xF0, 0x1F, 0x83, 0xF4, 0x7F, 0xDB, 0xFC, 0x7F, 0xC0, 0x7F, 0xE2, 0xFE, 0x02,
    0xF8, 0x0F, 0xF4, 0x0F, 0x00, 0xFF, 0xC0, 0xF0, 0x0F, 0xBE, 0x0F, 0x00, 0xF3, 0xF4, 0xF0, 0x0F,
    0x0F, 0xCF, 0x00, 0xF0, 0x7E, 0xF0, 0x0F, 0x03, 0xFF, 0x00, 0xF0, 0x0F, 0xF0, 0x2F, 0x80, 0x7F,
    0x0B, 0xFE, 0x02, 0xF0, 0x00, 0x00, 0x00, 0x00, 0x00, 0xF0, 0x00, 0x00, 0x0F, 0x40, 0x00, 0x00,
    0xF0, 0x00, 0x00, 0x18, 0x00, 0x00, 0x2F, 0x2F, 0x80, 0x7F, 0xFF, 0xE0, 0x0F, 0x83, 0xF0, 0x0F,
    0x42, 0xF0, 0x0F, 0x42, 0xF0, 0x0F, 0x42, 0xF0, 0x0F, 0x42, 0xF0, 0x1F, 0x83, 0xF4, 0x7F, 0xDB,
    0xFC, 0x00, 0x00, 0x00, 0x00, 0x3C, 0x00, 0x00, 0x3C, 0x00, 0x00, 0x3C, 0x00, 0x00, 0x50, 0x00,
    0x00, 0x40, 0x40, 0x00, 0x1D, 0x2D, 0x00, 0x00, 0xBB, 0x80, 0x00, 0x02, 0xE0, 0x00, 0x00, 0x00,
    0x00, 0x07, 0xFC, 0x07, 0xFE, 0x2F, 0xE0, 0x2F, 0x80, 0xFF, 0x40, 0xF0, 0x0F, 0xFC, 0x0F, 0x00,
    0xFB, 0xE0, 0xF0, 0x0F, 0x3F, 0x4F, 0x00, 0xF0, 0xFC, 0xF0, 0x0F, 0x07, 0xEF, 0x00, 0xF0, 0x3F,
    0xF0, 0x0F, 0x00, 0xFF, 0x02, 0xF8, 0x07, 0xF0, 0xBF, 0xE0, 0x2F, 0x00, 0x01, 0x01, 0x40, 0x03,
    0xC7, 0x40, 0x00, 0xFE, 0x00, 0x00, 0x7C, 0x00, 0x00, 0x00, 0x00, 0x2F, 0x2F, 0x80, 0x7F, 0xFF,
    0xE0, 0x0F, 0x83, 0xF0, 0x0F, 0x42, 0xF0, 0x0F, 0x42, 0xF0, 0x0F, 0x42, 0xF0, 0x0F, 0x42, 0xF0,
    0x1F, 0x83, 0xF4, 0x7F, 0xDB, 0xFC, 0x2C, 0x00, 0x00, 0x00, 0x3E, 0x00, 0x00, 0x00, 0x2D, 0x00,
    0x00, 0x00, 0x3C, 0x2F, 0x2F, 0x80, 0x74, 0x7F, 0xFF, 0xE0, 0x00, 0x0F, 0x83, 0xF0, 0x00, 0x0F,
    0x42, 0xF0, 0x00, 0x0F, 0x42, 0xF0, 0x00, 0x0F, 0x42, 0xF0, 0x00, 0x0F, 0x42, 0xF0, 0x00, 0x1F,
    0x83, 0xF4, 0x00, 0x7F, 0xDB, 0xFC, 0x7F, 0xC0, 0x7F, 0xE2, 0xFE, 0x02, 0xF8, 0x0F, 0xF0, 0x0F,
    0x00, 0xFF, 0xC0, 0xF0, 0x0F, 0xBD, 0x0F, 0x00, 0xF3, 0xF0, 0xF0, 0x0F, 0x0F, 0xCF, 0x00, 0xF0,
    0x7D, 0xF0, 0x0F, 0x02, 0xFF, 0x00, 0xF0, 0x0F, 0xF0, 0x2F, 0x80, 0x7F, 0x0B, 0xFE, 0x02, 0xF0,
    0x00, 0x00, 0x1F, 0x00, 0x00, 0x32, 0xE0, 0x00, 0x0B, 0xFC, 0x00, 0x00, 0x3F, 0x40, 0x6F, 0x2F,
    0x82, 0xFE, 0xBE, 0x0F, 0x82, 0xF0, 0xF4, 0x2F, 0x0F, 0x42, 0xF0, 0xF4, 0x2F, 0x0F, 0x42, 0xF1,
    0xF8, 0x2F, 0x7F, 0xD2, 0xF0, 0x00, 0x3F, 0x00, 0x07, 0xD0, 0x02, 0xFC, 0x00, 0x3E, 0x00, 0x00,
    0xAA, 0x80, 0x00, 0x3F, 0xF4, 0x00, 0x00, 0x00, 0x00, 0x02, 0xFF, 0x80, 0x07, 0xFF, 0xFC, 0x03,
    0xF0, 0x2F, 0xC2, 0xF0, 0x03, 0xF0, 0xF8, 0x00, 0xBD, 0x3E, 0x00, 0x1F, 0x9F, 0x80, 0x07, 0xE3,
    0xF0, 0x01, 0xF4, 0xFC, 0x00, 0xFC, 0x2F, 0xC0, 0xBD, 0x03, 0xFF, 0xFE, 0x00, 0x1F, 0xF8, 0x00,
    0x06, 0xAA, 0x00, 0xBF, 0xF0, 0x00, 0x00, 0x00, 0x2F, 0xE0, 0x1F, 0xFF, 0xC3, 0xE0, 0xBD, 0x3D,
    0x03, 0xE7, 0xD0, 0x3E, 0x7D, 0x03, 0xE3, 0xF0, 0x7C, 0x2F, 0xFF, 0x80, 0xBF, 0xD0, 0x00, 0x80,
    0x50, 0x00, 0x3E, 0xB4, 0x00, 0x07, 0xF4, 0x00, 0x00, 0x00, 0x00, 0x00, 0xBF, 0xE0, 0x01, 0xFF,
    0xFF, 0x00, 0xFC, 0x0B, 0xF0, 0xBC, 0x00, 0xFC, 0x3E, 0x00, 0x2F, 0x4F, 0x80, 0x07, 0xE7, 0xE0,
    0x01, 0xF8, 0xFC, 0x00, 0x7D, 0x3F, 0x00, 0x3F, 0x0B, 0xF0, 0x2F, 0x40, 0xFF, 0xFF, 0x80, 0x07,
    0xFE, 0x00, 0x06, 0x02, 0x00, 0xBE, 0xE0, 0x02, 0xF8, 0x00, 0x00, 0x00, 0x02, 0xFE, 0x01, 0xFF,
    0xFC, 0x3E, 0x0B, 0xD3, 0xD0, 0x3E, 0x7D, 0x03, 0xE7, 0xD0, 0x3E, 0x3F, 0x07, 0xC2, 0xFF, 0xF8,
    0x0B, 0xFD, 0x00, 0x00, 0x08, 0x08, 0x00, 0x0B, 0x8F, 0x40, 0x0B, 0xCB, 0x80, 0x02, 0x43, 0x00,
    0x00, 0x00, 0x00, 0x00, 0x2F, 0xF8, 0x00, 0x7F, 0xFF, 0xC0, 0x3F, 0x02, 0xFC, 0x2F, 0x00, 0x3F,
    0x0F, 0x80, 0x0B, 0xD3, 0xE0, 0x01, 0xF9, 0xF8, 0x00, 0x7E, 0x3F, 0x00, 0x1F, 0x4F, 0xC0, 0x0F,
    0xC2, 0xFC, 0x0B, 0xD0, 0x3F, 0xFF, 0xE0, 0x01, 0xFF, 0x80, 0x00, 0x00, 0x00, 0x00, 0x0D, 0x34,
    0x01, 0xE7, 0x40, 0x2C, 0xF0, 0x02, 0x4C, 0x00, 0x00, 0x00, 0x02, 0xFE, 0x01, 0xFF, 0xFC, 0x3E,
    0x0B, 0xD3, 0xD0, 0x3E, 0x7D, 0x03, 0xE7, 0xD0, 0x3E, 0x3F, 0x07, 0xC2, 0xFF, 0xF8, 0x0B, 0xFD,
    0x00, 0x00, 0xBF, 0xFF, 0xFF, 0x01, 0xFF, 0xBF, 0xAF, 0xC0, 0xFC, 0x0B, 0xC0, 0xB0, 0xBC, 0x02,
    0xF0, 0x00, 0x3E, 0x00, 0xBC, 0x00, 0x0F, 0x40, 0x2F, 0xBF, 0x07, 0xD0, 0x0B, 0xFF, 0xC0, 0xF8,
    0x02, 0xF0, 0x00, 0x3F, 0x00, 0xBC, 0x02, 0x07, 0xF4, 0x2F, 0x01, 0xD0, 0xBF, 0xFF, 0xEB, 0xF4,
    0x02, 0xFF, 0xFF, 0xFC, 0x02, 0xFD, 0x2F, 0xD0, 0x7F, 0xFF, 0xFF, 0xD3, 0xE0, 0xBE, 0x0F, 0x8F,
    0x40, 0xF9, 0x7F, 0x7D, 0x03, 0xFF, 0xFD, 0xF4, 0x0F, 0x40, 0x03, 0xF0, 0x7F, 0x40, 0x0B, 0xFF,
    0xFF, 0xFE, 0x0B, 0xF8, 0x2F, 0xE0, 0x00, 0x00, 0x00, 0x00, 0x07, 0xC0, 0x00, 0x0B, 0xE0, 0x00,
    0x03, 0x90, 0x00, 0x00, 0x00, 0x00, 0x0B, 0xFF, 0xD0, 0x02, 0xFE, 0xFE, 0x00, 0x3F, 0x0B, 0xC0,
    0x0F, 0xC1, 0xF4, 0x03, 0xF0, 0xFC, 0x00, 0xFE, 0xFC, 0x00, 0x3F, 0xFC, 0x00, 0x0F, 0xDF, 0x40,
    0x03, 0xF2, 0xF4, 0x00, 0xFC, 0x3F, 0x40, 0x7F, 0x83, 0xF8, 0x7F, 0xF4, 0x2F, 0x00, 0x00, 0x30,
    0x00, 0xB8, 0x00, 0xF0, 0x00, 0xC0, 0x00, 0x00, 0x2F, 0x2E, 0xBF, 0xBE, 0x0F, 0xD4, 0x0F, 0x40,
    0x0F, 0x40, 0x0F, 0x40, 0x0F, 0x40, 0x1F, 0x80, 0xBF, 0xF0, 0x2F, 0xFF, 0x40, 0x0B, 0xFB, 0xF8,
    0x00, 0xFC, 0x2F, 0x00, 0x3F, 0x07, 0xD0, 0x0F, 0xC3, 0xF0, 0x03, 0xFB, 0xF0, 0x00, 0xFF, 0xF0,
    0x00, 0x3F, 0x7D, 0x00, 0x0F, 0xCB, 0xD0, 0x03, 0xF0, 0xFD, 0x01, 0xFE, 0x0F, 0xE1, 0xFF, 0xD0,
    0xBC, 0x00, 0x00, 0x00, 0x00, 0x07, 0x80, 0x00, 0x01, 0xF0, 0x00, 0x00, 0x78, 0x00, 0x00, 0x24,
    0x00, 0x00, 0x2F, 0x2E, 0xBF, 0xBE, 0x0F, 0xD4, 0x0F, 0x40, 0x0F, 0x40, 0x0F, 0x40, 0x0F, 0x40,
    0x1F, 0x80, 0xBF, 0xF0, 0x00, 0x00, 0x0F, 0x00, 0x0B, 0x40, 0x0F, 0x00, 0x08, 0x00, 0x00, 0x01,
    0x00, 0x02, 0xC3, 0xC0, 0x00, 0x3F, 0xC0, 0x00, 0x03, 0xD0, 0x00, 0x00, 0x00, 0x00, 0x0B, 0xFF,
    0xD0, 0x02, 0xFE, 0xFE, 0x00, 0x3F, 0x0B, 0xC0, 0x0F, 0xC1, 0xF4, 0x03, 0xF0, 0xFC, 0x00, 0xFE,
    0xFC, 0x00, 0x3F, 0xFC, 0x00, 0x0F, 0xDF, 0x40, 0x03, 0xF2, 0xF4, 0x00, 0xFC, 0x3F, 0x40, 0x7F,
    0x83, 0xF8, 0x7F, 0xF4, 0x2F, 0x00, 0x04, 0x04, 0x0E, 0x3C, 0x0B, 0xF0, 0x02, 0xE0, 0x00, 0x00,
    0x2F, 0x2E, 0xBF, 0xBE, 0x0F, 0xD4, 0x0F, 0x40, 0x0F, 0x40, 0x0F, 0x40, 0x0F, 0x40, 0x1F, 0x80,
    0xBF, 0xF0, 0x00, 0x00, 0x00, 0x01, 0xE0, 0x00, 0xBD, 0x00, 0x1E, 0x00, 0x00, 0x00, 0x00, 0x2F,
    0xE4, 0x0F, 0xFF, 0xC2, 0xF0, 0x38, 0x3F, 0x03, 0x42, 0xFD, 0x00, 0x0F, 0xFD, 0x00, 0x2F, 0xF4,
    0x00, 0x2F, 0xC3, 0x80, 0xBC, 0x3D, 0x0B, 0xC3, 0xFF, 0xF4, 0x1F, 0xF8, 0x00, 0x00, 0x20, 0x00,
    0xF4, 0x01, 0xE0, 0x01, 0x80, 0x00, 0x00, 0x07, 0xF9, 0x2F, 0xBE, 0x3E, 0x0E, 0x3F, 0xD4, 0x0F,
    0xFC, 0x11, 0xBF, 0x38, 0x2F, 0x3F, 0xBD, 0x2F, 0xF4, 0x00, 0xB4, 0x00, 0x1F, 0xC0, 0x03, 0xDF,
    0x00, 0xB0, 0x70, 0x00, 0x00, 0x00, 0x2F, 0xE4, 0x0F, 0xFF, 0xC2, 0xF0, 0x38, 0x3F, 0x03, 0x42,
    0xFD, 0x00, 0x0F, 0xFD, 0x00, 0x2F, 0xF4, 0x00, 0x2F, 0xC3, 0x80, 0xBC, 0x3D, 0x0B, 0xC3, 0xFF,
    0xF4, 0x1F, 0xF8, 0x00, 0x00, 0x80, 0x03, 0xF0, 0x0B, 0x7C, 0x0D, 0x1C, 0x00, 0x00, 0x07, 0xF9,
    0x2F, 0xBE, 0x3E, 0x0E, 0x3F, 0xD4, 0x0F, 0xFC, 0x11, 0xBF, 0x38, 0x2F, 0x3F, 0xBD, 0x2F, 0xF4,
    0x02, 0xFE, 0x40, 0xFF, 0xFC, 0x2F, 0x03, 0x83, 0xF0, 0x34, 0x2F, 0xD0, 0x00, 0xFF, 0xD0, 0x02,
    0xFF, 0x40, 0x02, 0xFC, 0x38, 0x0B, 0xC3, 0xD0, 0xBC, 0x3F, 0xFF, 0x41, 0xFF, 0x80, 0x00, 0x00,
    0x00, 0x0F, 0x40, 0x00, 0x78, 0x00, 0x0B, 0x40, 0x01, 0xE0, 0x00, 0x07, 0xF9, 0x2F, 0xBE, 0x3E,
    0x0E, 0x3F, 0xD4, 0x0F, 0xFC, 0x11, 0xBF, 0x38, 0x2F, 0x3F, 0xBD, 0x2F, 0xF4, 0x00, 0x00, 0x03,
    0xD0, 0x00, 0xF0, 0x00, 0xE0, 0x03, 0x80, 0x00, 0x01, 0x00, 0xF0, 0xF0, 0x07, 0xFC, 0x00, 0x1F,
    0x00, 0x00, 0x00, 0x00, 0x2F, 0xE4, 0x0F, 0xFF, 0xC2, 0xF0, 0x38, 0x3F, 0x03, 0x42, 0xFD, 0x00,
    0x0F, 0xFD, 0x00, 0x2F, 0xF4, 0x00, 0x2F, 0xC3, 0x80, 0xBC, 0x3D, 0x0B, 0xC3, 0xFF, 0xF4, 0x1F,
    0xF8, 0x00, 0x04, 0x04, 0x1D, 0x38, 0x0B, 0xF0, 0x03, 0xD0, 0x00, 0x00, 0x07, 0xF9, 0x2F, 0xBE,
    0x3E, 0x0E, 0x3F, 0xD4, 0x0F, 0xFC, 0x11, 0xBF, 0x38, 0x2F, 0x3F, 0xBD, 0x2F, 0xF4, 0x7F, 0xFF,
    0xFE, 0x7E, 0xFF, 0xBE, 0x74, 0x7D, 0x1D, 0x30, 0x7D, 0x1C, 0x00, 0x7D, 0x00, 0x00, 0x7D, 0x00,
    0x00, 0x7D, 0x00, 0x00, 0x7D, 0x00, 0x00, 0x7D, 0x00, 0x00, 0x7D, 0x00, 0x01, 0xBF, 0x40, 0x03,
    0xFF, 0xC0, 0x00, 0x00, 0x00, 0x00, 0x3D, 0x00, 0x00, 0x1E, 0x00, 0x00, 0x2D, 0x00, 0x00, 0x78,
    0x00, 0x03, 0xC0, 0x07, 0xC0, 0x2F, 0xFE, 0x2F, 0xE9, 0x0B, 0xC0, 0x0B, 0xC0, 0x0B, 0xC0, 0x0B,
    0xC0, 0x0B, 0xC0, 0x07, 0xFF, 0x02, 0xFD, 0x00, 0x00, 0x00, 0xF4, 0x00, 0x3C, 0x00, 0x78, 0x00,
    0xE0, 0x01, 0x00, 0x40, 0x03, 0xC3, 0xC0, 0x01, 0xFF, 0x00, 0x00, 0x7C, 0x00, 0x00, 0x00, 0x00,
    0x7F, 0xFF, 0xFE, 0x7E, 0xFF, 0xBE, 0x74, 0x7D, 0x1D, 0x30, 0x7D, 0x1C, 0x00, 0x7D, 0x00, 0x00,
    0x7D, 0x00, 0x00, 0x7D, 0x00, 0x00, 0x7D, 0x00, 0x00, 0x7D, 0x00, 0x00, 0x7D, 0x00, 0x01, 0xBF,
    0x40, 0x03, 0xFF, 0xC0, 0x00, 0x09, 0x00, 0x0F, 0x00, 0x0E, 0x03, 0xCC, 0x07, 0xC0, 0x2F, 0xFE,
    0x2F, 0xE9, 0x0B, 0xC0, 0x0B, 0xC0, 0x0B, 0xC0, 0x0B, 0xC0, 0x0B, 0xC0, 0x07, 0xFF, 0x02, 0xFD,
    0x7F, 0xFF, 0xFE, 0x7E, 0xFF, 0xBE, 0x74, 0x7D, 0x1D, 0x30, 0x7D, 0x1C, 0x00, 0x7D, 0x00, 0x03,
    0xFF, 0xC0, 0x00, 0xBE, 0x00, 0x00, 0x7D, 0x00, 0x00, 0x7D, 0x00, 0x00, 0x7D, 0x00, 0x01, 0xBF,
    0x40, 0x03, 0xFF, 0xC0, 0x00, 0x40, 0x03, 0xC0, 0x07, 0xC0, 0x2F, 0xFE, 0x2F, 0xE9, 0x0B, 0xC0,
    0x0B, 0xC0, 0x3F, 0xFC, 0x0B, 0xC0, 0x0B, 0xC0, 0x07, 0xFF, 0x02, 0xFD, 0x00, 0x24, 0x40, 0x00,
    0x0F, 0xFE, 0x00, 0x00, 0x97, 0xC0, 0x00, 0x00, 0x00, 0x00, 0xBF, 0xF0, 0xFF, 0xD6, 0xFD, 0x07,
    0xF4, 0x0F, 0x80, 0x2F, 0x00, 0xF8, 0x02, 0xF0, 0x0F, 0x80, 0x2F, 0x00, 0xF8, 0x02, 0xF0, 0x0F,
    0x80, 0x2F, 0x00, 0xF8, 0x02, 0xF0, 0x0F, 0x80, 0x3E, 0x00, 0xFD, 0x07, 0xD0, 0x07, 0xFF, 0xFC,
    0x00, 0x1B, 0xFD, 0x00, 0x01, 0x81, 0x00, 0x03, 0xFB, 0x40, 0x03, 0x2F, 0x00, 0x00, 0x00, 0x00,
    0x7F, 0x0B, 0xE0, 0xBF, 0x0F, 0xE0, 0x2F, 0x03, 0xE0, 0x2F, 0x03, 0xE0, 0x2F, 0x03, 0xE0, 0x2F,
    0x03, 0xE0, 0x1F, 0x47, 0xE0, 0x0F, 0xFF, 0xF4, 0x07, 0xF6, 0xFC, 0x00, 0x6A, 0x90, 0x00, 0x0F,
    0xFE, 0x00, 0x00, 0x00, 0x00, 0x0B, 0xFF, 0x0F, 0xFD, 0x6F, 0xD0, 0x7F, 0x40, 0xF8, 0x02, 0xF0,
    0x0F, 0x80, 0x2F, 0x00, 0xF8, 0x02, 0xF0, 0x0F, 0x80, 0x2F, 0x00, 0xF8, 0x02, 0xF0, 0x0F, 0x80,
    0x2F, 0x00, 0xF8, 0x03, 0xE0, 0x0F, 0xD0, 0x7D, 0x00, 0x7F, 0xFF, 0xC0, 0x01, 0xBF, 0xD0, 0x00,
    0x02, 0xAA, 0x00, 0x07, 0xFF, 0x40, 0x00, 0x00, 0x00, 0x7F, 0x0B, 0xE0, 0xBF, 0x0F, 0xE0, 0x2F,
    0x03, 0xE0, 0x2F, 0x03, 0xE0, 0x2F, 0x03, 0xE0, 0x2F, 0x03, 0xE0, 0x1F, 0x47, 0xE0, 0x0F, 0xFF,
    0xF4, 0x07, 0xF6, 0xFC, 0x00, 0x90, 0x10, 0x00, 0x0F, 0xAE, 0x00, 0x00, 0x3F, 0x80, 0x00, 0x00,
    0x00, 0x00, 0xBF, 0xF0, 0xFF, 0xD6, 0xFD, 0x07, 0xF4, 0x0F, 0x80, 0x2F, 0x00, 0xF8, 0x02, 0xF0,
    0x0F, 0x80, 0x2F, 0x00, 0xF8, 0x02, 0xF0, 0x0F, 0x80, 0x2F, 0x00, 0xF8, 0x02, 0xF0, 0x0F, 0x80,
    0x3E, 0x00, 0xFD, 0x07, 0xD0, 0x07, 0xFF, 0xFC, 0x00, 0x1B, 0xFD, 0x00, 0x03, 0x01, 0x00, 0x03,
    0xEB, 0x00, 0x01, 0xFC, 0x00, 0x00, 0x00, 0x00, 0x7F, 0x0B, 0xE0, 0xBF, 0x0F, 0xE0, 0x2F, 0x03,
    0xE0, 0x2F, 0x03, 0xE0, 0x2F, 0x03, 0xE0, 0x2F, 0x03, 0xE0, 0x1F, 0x47, 0xE0, 0x0F, 0xFF, 0xF4,
    0x07, 0xF6, 0xFC, 0x00, 0x2F, 0x40, 0x00, 0x07, 0x6C, 0x00, 0x00, 0x76, 0xC0, 0x00, 0x02, 0xF4,
    0x00, 0x00, 0x00, 0x00, 0x0B, 0xFF, 0x0F, 0xFD, 0x6F, 0xD0, 0x7F, 0x40, 0xF8, 0x02, 0xF0, 0x0F,
    0x80, 0x2F, 0x00, 0xF8, 0x02, 0xF0, 0x0F, 0x80, 0x2F, 0x00, 0xF8, 0x02, 0xF0, 0x0F, 0x80, 0x2F,
    0x00, 0xF8, 0x03, 0xE0, 0x0F, 0xD0, 0x7D, 0x00, 0x7F, 0xFF, 0xC0, 0x01, 0xBF, 0xD0, 0x00, 0x00,
    0xBC, 0x00, 0x01, 0xCE, 0x00, 0x02, 0x8A, 0x00, 0x02, 0xCE, 0x00, 0x00, 0xF8, 0x00, 0x00, 0x00,
    0x00, 0x7F, 0x0B, 0xE0, 0xBF, 0x0F, 0xE0, 0x2F, 0x03, 0xE0, 0x2F, 0x03, 0xE0, 0x2F, 0x03, 0xE0,
    0x2F, 0x03, 0xE0, 0x1F, 0x47, 0xE0, 0x0F, 0xFF, 0xF4, 0x07, 0xF6, 0xFC, 0x00, 0x09, 0x08, 0x00,
    0x01, 0xF2, 0xE0, 0x00, 0x7C, 0xB8, 0x00, 0x0A, 0x09, 0x00, 0x00, 0x00, 0x00, 0x0B, 0xFF, 0x0F,
    0xFD, 0x6F, 0xD0, 0x7F, 0x40, 0xF8, 0x02, 0xF0, 0x0F, 0x80, 0x2F, 0x00, 0xF8, 0x02, 0xF0, 0x0F,
    0x80, 0x2F, 0x00, 0xF8, 0x02, 0xF0, 0x0F, 0x80, 0x2F, 0x00, 0xF8, 0x03, 0xE0, 0x0F, 0xD0, 0x7D,
    0x00, 0x7F, 0xFF, 0xC0, 0x01, 0xBF, 0xD0, 0x00, 0x00, 0x00, 0x00, 0x00, 0xB2, 0x80, 0x00, 0xF3,
    0xC0, 0x01, 0xD7, 0x40, 0x01, 0x86, 0x00, 0x00, 0x00, 0x00, 0x7F, 0x0B, 0xE0, 0xBF, 0x0F, 0xE0,
    0x2F, 0x03, 0xE0, 0x2F, 0x03, 0xE0, 0x2F, 0x03, 0xE0, 0x2F, 0x03, 0xE0, 0x1F, 0x47, 0xE0, 0x0F,
    0xFF, 0xF4, 0x07, 0xF6, 0xFC, 0xBF, 0xF0, 0xFF, 0xD6, 0xFD, 0x07, 0xF4, 0x0F, 0x80, 0x2F, 0x00,
    0xF8, 0x02, 0xF0, 0x0F, 0x80, 0x2F, 0x00, 0xF8, 0x02, 0xF0, 0x0F, 0x80, 0x2F, 0x00, 0xF8, 0x02,
    0xF0, 0x0F, 0x80, 0x3E, 0x00, 0xFD, 0x07, 0xC0, 0x07, 0xFF, 0xF4, 0x00, 0x1B, 0xF8, 0x00, 0x00,
    0x07, 0x00, 0x00, 0x00, 0xFE, 0x00, 0x00, 0x07, 0xE0, 0x00, 0x7F, 0x0B, 0xE0, 0x7F, 0x0B, 0xE0,
    0x2F, 0x03, 0xE0, 0x2F, 0x03, 0xE0, 0x2F, 0x03, 0xE0, 0x2F, 0x03, 0xE0, 0x1F, 0x47, 0xE0, 0x0F,
    0xFF, 0xE4, 0x07, 0xF5, 0xFC, 0x00, 0x00, 0xF0, 0x00, 0x01, 0xD0, 0x00, 0x02, 0xF4, 0x00, 0x00,
    0xFC, 0x00, 0x00, 0xB8, 0x00, 0x00, 0x00, 0x07, 0xF4, 0x00, 0x00, 0x00, 0x3D, 0xF0, 0x00, 0x00,
    0x02, 0xC0, 0xC0, 0x00, 0x00, 0x00, 0x00, 0x00, 0x02, 0xFF, 0xC2, 0xF0, 0x7F, 0xD3, 0xFD, 0x0F,
    0xC0, 0xBE, 0x03, 0xF0, 0x3F, 0x41, 0xF0, 0x0F, 0xC1, 0xFE, 0x0B, 0x80, 0x2F, 0x4B, 0xFC, 0x3D,
    0x00, 0x3E, 0x3D, 0xF0, 0xF0, 0x00, 0xFC, 0xF3, 0xD3, 0x80, 0x02, 0xF7, 0x4B, 0xDD, 0x00, 0x07,
    0xFC, 0x1F, 0xF0, 0x00, 0x0F, 0xF0, 0x3F, 0xC0, 0x00, 0x2F, 0x80, 0xFD, 0x00, 0x00, 0x7D, 0x01,
    0xF0, 0x00, 0x00, 0x01, 0x40, 0x00, 0x00, 0x0B, 0xD0, 0x00, 0x00, 0x1D, 0xF0, 0x00, 0x00, 0x38,
    0x34, 0x00, 0x00, 0x00, 0x00, 0x00, 0xBF, 0xC3, 0xC3, 0xFC, 0x2F, 0x43, 0xD0, 0xF4, 0x1F, 0x47,
    0xE0, 0xF0, 0x0F, 0x8B, 0xF1, 0xE0, 0x0B, 0xCE, 0xF2, 0xC0, 0x03, 0xDC, 0xB7, 0xC0, 0x03, 0xFC,
    0x7F, 0x40, 0x02, 0xF8, 0x3F, 0x00, 0x00, 0xF4, 0x2E, 0x00, 0x00, 0x3D, 0x00, 0x00, 0x2F, 0xC0,
    0x00, 0x1E, 0x7C, 0x00, 0x0E, 0x07, 0x00, 0x00, 0x00, 0x00, 0x2F, 0xFC, 0xBF, 0xC7, 0xFC, 0x1F,
    0xD0, 0x3F, 0x03, 0xD0, 0x07, 0xD1, 0xE0, 0x00, 0xFC, 0xF0, 0x00, 0x1F, 0xB4, 0x00, 0x02, 0xFC,
    0x00, 0x00, 0x3E, 0x00, 0x00, 0x0F, 0x80, 0x00, 0x03, 0xE0, 0x00, 0x02, 0xFE, 0x00, 0x03, 0xFF,
    0xC0, 0x00, 0x00, 0x60, 0x00, 0x03, 0xF0, 0x00, 0x2D, 0xE0, 0x00, 0xD1, 0xC0, 0x00, 0x00, 0x02,
    0xFF, 0x4F, 0xF2, 0xF8, 0x1F, 0x03, 0xE0, 0xB8, 0x0F, 0xC3, 0xC0, 0x1F, 0x1E, 0x00, 0x3E, 0xB4,
    0x00, 0x7F, 0xC0, 0x00, 0xFD, 0x00, 0x02, 0xF0, 0x00, 0x0B, 0x40, 0x00, 0xBC, 0x00, 0xBF, 0xC0,
    0x01, 0xF8, 0x00, 0x00, 0x00, 0x41, 0x40, 0x00, 0xF5, 0xF0, 0x00, 0x3C, 0x7C, 0x00, 0x00, 0x00,
    0x00, 0xBF, 0xF2, 0xFF, 0x1F, 0xF0, 0x7F, 0x40, 0xFC, 0x0F, 0x40, 0x1F, 0x47, 0x80, 0x03, 0xF3,
    0xC0, 0x00, 0x7E, 0xD0, 0x00, 0x0B, 0xF0, 0x00, 0x00, 0xF8, 0x00, 0x00, 0x3E, 0x00, 0x00, 0x0F,
    0x80, 0x00, 0x0B, 0xF8, 0x00, 0x0F, 0xFF, 0x00, 0x00, 0x00, 0x00, 0x01, 0xE0, 0x00, 0xBE, 0x00,
    0x1E, 0x40, 0x00, 0x00, 0x03, 0xFF, 0xFD, 0x3E, 0xAF, 0xE3, 0x80, 0xFC, 0x20, 0x3F, 0x00, 0x0B,
    0xE0, 0x00, 0xFC, 0x00, 0x3F, 0x00, 0x0B, 0xE0, 0x01, 0xFC, 0x0A, 0x3F, 0x00, 0xF7, 0xFA, 0xFE,
    0x3F, 0xFF, 0xD0, 0x00, 0x20, 0x00, 0x3C, 0x00, 0x1E, 0x00, 0x06, 0x00, 0x00, 0x00, 0x0F, 0xFF,
    0xC3, 0xEB, 0xF0, 0xC2, 0xF4, 0x01, 0xF4, 0x00, 0xF8, 0x00, 0xFC, 0x10, 0xBC, 0x0D, 0x7F, 0xAF,
    0x1F, 0xFF, 0xC0, 0x00, 0x00, 0x00, 0xA0, 0x00, 0x1F, 0x80, 0x00, 0xF4, 0x00, 0x00, 0x00, 0x3F,
    0xFF, 0xD3, 0xEA, 0xFE, 0x38, 0x0F, 0xC2, 0x03, 0xF0, 0x00, 0xBE, 0x00, 0x0F, 0xC0, 0x03, 0xF0,
    0x00, 0xBE, 0x00, 0x1F, 0xC0, 0xA3, 0xF0, 0x0F, 0x7F, 0xAF, 0xE3, 0xFF, 0xFD, 0x01, 0x80, 0x00,
    0xF8, 0x00, 0x3D, 0x00, 0x00, 0x00, 0x3F, 0xFF, 0x0F, 0xAF, 0xC3, 0x0B, 0xD0, 0x07, 0xD0, 0x03,
    0xE0, 0x03, 0xF0, 0x42, 0xF0, 0x35, 0xFE, 0xBC, 0x7F, 0xFF, 0x00, 0x00, 0x00, 0x00, 0x01, 0x00,
    0xF0, 0xF0, 0x07, 0xFC, 0x00, 0x1F, 0x00, 0x00, 0x00, 0x03, 0xFF, 0xFD, 0x3E, 0xAF, 0xE3, 0x80,
    0xFC, 0x20, 0x3F, 0x00, 0x0B, 0xE0, 0x00, 0xFC, 0x00, 0x3F, 0x00, 0x0B, 0xE0, 0x01, 0xFC, 0x0A,
    0x3F, 0x00, 0xF7, 0xFA, 0xFE, 0x3F, 0xFF, 0xD0, 0x04, 0x04, 0x07, 0x4E, 0x00, 0xFF, 0x00, 0x0F,
    0x40, 0x00, 0x00, 0x0F, 0xFF, 0xC3, 0xEB, 0xF0, 0xC2, 0xF4, 0x01, 0xF4, 0x00, 0xF8, 0x00, 0xFC,
    0x10, 0xBC, 0x0D, 0x7F, 0xAF, 0x1F, 0xFF, 0xC0, 0x00, 0x00, 0x01, 0xFE, 0x02, 0xFF, 0xD0, 0xF4,
    0x20, 0x7C, 0x00, 0x1F, 0x00, 0x07, 0xC0, 0x01, 0xF0, 0x00, 0x7C, 0x00, 0x1F, 0x00, 0x07, 0xC0,
    0x01, 0xF0, 0x00, 0xBD, 0x00, 0xBF, 0xF0, 0x00, 0x20, 0x1F, 0x02, 0xE0, 0x1C, 0x24, 0x3C, 0xB4,
    0x90, 0x06, 0x01, 0xF8, 0x3D, 0xD7, 0x0A, 0x24, 0x0B, 0xFF, 0xA7, 0xD0, 0x6A, 0x9F, 0xFF, 0x60,
    0x2B, 0xEE, 0x2F, 0x80, 0x18, 0x7D, 0x3C, 0x00, 0x00, 0x3D, 0x7C, 0x3D, 0x7C, 0x1F, 0x43, 0xAC,
    0x31, 0xD0, 0x2C, 0x0F, 0x40, 0xD0, 0x1F, 0x43, 0x5C, 0x30, 0xC3, 0x5C, 0x1F, 0x40, 0x00, 0x00,
    0x34, 0xD1, 0xDB, 0x4F, 0x3C, 0x30, 0xC0, 0x10, 0x5B, 0x1D, 0x3F, 0x81, 0xF0, 0x00, 0x01, 0xC7,
    0x07, 0x9D, 0x0F, 0x3C, 0x0C, 0x30, 0x06, 0x47, 0xFE, 0x90, 0xE0, 0x08, 0x3C, 0x78, 0x78, 0x3C,
    0x2E, 0x1F, 0x0E, 0x2D, 0x38, 0xB8, 0xF4, 0xB0, 0x78, 0x2C, 0xB2, 0xCE, 0x20, 0x3C, 0x3C, 0x38,
    0x50, 0x3C, 0x7D, 0x28, 0x3D, 0x7C, 0x3D, 0x7C, 0x00, 0x10, 0x7D, 0xDB, 0xEB, 0x7D, 0x3C, 0x3D,
    0x3C, 0x20, 0x7C, 0x1E, 0x2D, 0x74, 0x00, 0x38, 0xB0, 0xF5, 0x7E, 0xB6, 0xDB, 0x6D, 0x0F, 0x43,
    0xFD, 0xB4, 0xF0, 0x00, 0xA0, 0x6B, 0xFD, 0x05, 0x00, 0x7C, 0xAF, 0xFE, 0x01, 0x80, 0xBF, 0xF6,
    0xA9, 0x06, 0x47, 0xFE, 0x90, 0xE0, 0x00, 0x60, 0x00, 0xF0, 0x01, 0xE0, 0x01, 0x80, 0x00, 0x00,
    0x3D, 0x7C, 0x3D, 0x7C, 0x38, 0x3D, 0x2E, 0x00, 0x00, 0x00, 0x0F, 0x00, 0x00, 0x3F, 0x40, 0x00,
    0x1B, 0x00, 0x00, 0x00, 0x01, 0xFF, 0xFF, 0xC1, 0xFE, 0xBF, 0x03, 0xF0, 0x2C, 0x0F, 0xC0, 0x10,
    0x3F, 0x00, 0x00, 0xFF, 0xFC, 0x03, 0xFA, 0xA0, 0x0F, 0xC0, 0x00, 0x3F, 0x00, 0x80, 0xFC, 0x07,
    0x47, 0xFA, 0xFD, 0x7F, 0xFF, 0xF0, 0x01, 0x01, 0x00, 0x2F, 0x3E, 0x00, 0x78, 0xB4, 0x00, 0x00,
    0x00, 0x7F, 0xFF, 0xF0, 0x7F, 0xAF, 0xC0, 0xFC, 0x0B, 0x03, 0xF0, 0x04, 0x0F, 0xC0, 0x00, 0x3F,
    0xFF, 0x00, 0xFE, 0xA8, 0x03, 0xF0, 0x00, 0x0F, 0xC0, 0x20, 0x3F, 0x01, 0xD1, 0xFE, 0xBF, 0x5F,
    0xFF, 0xFC, 0x7F, 0xFF, 0xFD, 0x07, 0xEF, 0xFB, 0xD0, 0x74, 0xBC, 0x2D, 0x02, 0x0B, 0xC1, 0x80,
    0x00, 0xBC, 0x00, 0x00, 0x0B, 0xFF, 0xE0, 0x00, 0xBF, 0xFF, 0xC0, 0x0B, 0xC0, 0xBE, 0x00, 0xBC,
    0x03, 0xF0, 0x0B, 0xC0, 0x3F, 0x01, 0xFE, 0x03, 0xE0, 0x3F, 0xF8, 0x3D, 0x00, 0x00, 0x0B, 0xC0,
    0x00, 0x1B, 0xF4, 0x00, 0x03, 0xF8, 0x00, 0x00, 0x00, 0x00, 0x00, 0x3C, 0x00, 0x0B, 0xF0, 0x00,
    0x39, 0x00, 0x00, 0x00, 0x01, 0xFF, 0xFF, 0xC2, 0xFE, 0xBF, 0x03, 0xF0, 0x3C, 0x0F, 0xC0, 0xE0,
    0x3F, 0x00, 0x00, 0xFC, 0x00, 0x03, 0xF0, 0x00, 0x0F, 0xC0, 0x00, 0x3F, 0x00, 0x00, 0xFC, 0x00,
    0x07, 0xF8, 0x00, 0x7F, 0xF8, 0x00, 0x00, 0xBF, 0xD0, 0x1F, 0xFF, 0xE0, 0xF8, 0x0B, 0x8B, 0xC0,
    0x1E, 0x3E, 0x00, 0x10, 0xFF, 0xF8, 0x07, 0xFF, 0xE0, 0x0F, 0x80, 0x00, 0x3F, 0x00, 0x38, 0xBF,
    0x02, 0xF0, 0xFF, 0xFF, 0x80, 0x7F, 0xE4, 0x02, 0xFE, 0x40, 0xFF, 0xFC, 0x2F, 0x03, 0x83, 0xF0,
    0x34, 0x2F, 0xD0, 0x00, 0xFF, 0xD0, 0x02, 0xFF, 0x40, 0x02, 0xFC, 0x38, 0x0B, 0xC3, 0xD0, 0xBC,
    0x3F, 0xFF, 0x41, 0xFF, 0x80, 0x7F, 0xF4, 0xBF, 0x40, 0xFC, 0x03, 0xF0, 0x0F, 0xC0, 0x3F, 0x00,
    0xFC, 0x03, 0xF0, 0x0F, 0xC0, 0x3F, 0x01, 0xFE, 0x1F, 0xFD, 0x10, 0x12, 0xF3, 0xE7, 0x8B, 0x40,
    0x00, 0x7F, 0xF4, 0xBF, 0x40, 0xFC, 0x03, 0xF0, 0x0F, 0xC0, 0x3F, 0x00, 0xFC, 0x03, 0xF0, 0x0F,
    0xC0, 0x3F, 0x01, 0xFE, 0x1F, 0xFD, 0x2F, 0xFD, 0x0B, 0xF4, 0x03, 0xF0, 0x03, 0xF0, 0x03, 0xF0,
    0x03, 0xF0, 0x03, 0xF0, 0x03, 0xF0, 0x03, 0xF0, 0x03, 0xF0, 0x03, 0xE0, 0x03, 0xE0, 0x03, 0xD0,
    0x0F, 0xC0, 0x7F, 0x40, 0x7D, 0x00, 0x0B, 0xFF, 0xFF, 0x40, 0x00, 0xBF, 0xFF, 0x40, 0x00, 0x0F,
    0x0F, 0xC0, 0x00, 0x03, 0xC3, 0xF0, 0x00, 0x00, 0xF0, 0xFC, 0x00, 0x00, 0x38, 0x3F, 0xFD, 0x00,
    0x1E, 0x0F, 0xEF, 0xE0, 0x0B, 0x43, 0xF0, 0xBC, 0x03, 0xC0, 0xFC, 0x1F, 0x5A, 0xE0, 0x3F, 0x0B,
    0xCB, 0xF0, 0x1F, 0xEF, 0xE1, 0xF0, 0x2F, 0xFF, 0x90, 0x7F, 0xF4, 0xFF, 0xE0, 0x02, 0xFD, 0x0B,
    0xF8, 0x00, 0x0F, 0xC0, 0x2F, 0x00, 0x00, 0xFC, 0x02, 0xF0, 0x00, 0x0F, 0xC0, 0x2F, 0x00, 0x00,
    0xFF, 0xFF, 0xFF, 0xE0, 0x0F, 0xEA, 0xBF, 0xBF, 0xC0, 0xFC, 0x02, 0xF0, 0x7D, 0x0F, 0xC0, 0x2F,
    0x03, 0xD0, 0xFC, 0x02, 0xF0, 0x7D, 0x1F, 0xE0, 0x7F, 0xBF, 0x87, 0xFF, 0x4F, 0xFF, 0xD0, 0x7F,
    0xFF, 0xFD, 0x00, 0x7E, 0xFF, 0xBD, 0x00, 0x74, 0xBC, 0x2D, 0x00, 0x20, 0xBC, 0x18, 0x00, 0x00,
    0xBC, 0x00, 0x00, 0x00, 0xBE, 0xFF, 0x00, 0x00, 0xBF, 0xFF, 0xC0, 0x00, 0xBD, 0x0B, 0xE0, 0x00,
    0xBC, 0x03, 0xE0, 0x00, 0xBC, 0x03, 0xE0, 0x01, 0xFE, 0x07, 0xF4, 0x03, 0xFF, 0x9F, 0xFC, 0x00,
    0x00, 0x00, 0x00, 0x00, 0x74, 0x00, 0x00, 0xFD, 0x00, 0x00, 0x78, 0x00, 0x00, 0x00, 0x00, 0x1F,
    0xFD, 0x0F, 0x42, 0xFD, 0x0F, 0xE0, 0x3F, 0x0B, 0xE4, 0x0F, 0xC3, 0xC0, 0x03, 0xF7, 0xC0, 0x00,
    0xFF, 0xF4, 0x00, 0x3F, 0x3F, 0x00, 0x0F, 0xC7, 0xE0, 0x03, 0xF0, 0xFC, 0x00, 0xFC, 0x1F, 0xC0,
    0x7F, 0x82, 0xFC, 0x7F, 0xF0, 0x2F, 0x40, 0x00, 0x00, 0x00, 0x00, 0x03, 0x80, 0x00, 0x00, 0x3F,
    0x00, 0x00, 0x00, 0x78, 0x00, 0x00, 0x00, 0x00, 0x07, 0xFF, 0x4F, 0xFF, 0x2F, 0xD0, 0x7F, 0x80,
    0xFC, 0x02, 0xF4, 0x0F, 0xC0, 0x7F, 0x40, 0xFC, 0x1F, 0xF4, 0x0F, 0xC7, 0xDF, 0x40, 0xFE, 0xF1,
    0xF4, 0x0F, 0xFC, 0x1F, 0x40, 0xFF, 0x01, 0xF4, 0x0F, 0xC0, 0x1F, 0x41, 0xFE, 0x02, 0xF9, 0x7F,
    0xF4, 0xFF, 0xF0, 0x02, 0xC2, 0xC0, 0x00, 0xBA, 0xF0, 0x00, 0x0B, 0xF4, 0x00, 0x00, 0x00, 0x00,
    0xFF, 0xE2, 0xFF, 0x1F, 0xE0, 0x3F, 0x40, 0xF8, 0x0B, 0x40, 0x2F, 0x03, 0xC0, 0x03, 0xD2, 0xD0,
    0x00, 0xBC, 0xF0, 0x00, 0x0F, 0xF0, 0x00, 0x02, 0xF8, 0x00, 0x00, 0x3C, 0x00, 0x03, 0x2D, 0x00,
    0x01, 0xFF, 0x00, 0x00, 0x3E, 0x00, 0x00, 0x7F, 0xF5, 0xFF, 0xD2, 0xFD, 0x0B, 0xF4, 0x0F, 0xC0,
    0x3F, 0x00, 0xFC, 0x03, 0xF0, 0x0F, 0xC0, 0x3F, 0x00, 0xFC, 0x03, 0xF0, 0x0F, 0xC0, 0x3F, 0x00,
    0xFC, 0x03, 0xF0, 0x0F, 0xC0, 0x3F, 0x00, 0xFC, 0x03, 0xF0, 0x1F, 0xFA, 0xFF, 0x87, 0xFF, 0xFF,
    0xFD, 0x00, 0x1F, 0x00, 0x00, 0x00, 0xF0, 0x00, 0x00, 0x0F, 0x00, 0x00, 0x00, 0xA0, 0x00, 0x00,
    0x0F, 0x00, 0x00, 0x0F, 0xD0, 0x00, 0x03, 0xFC, 0x00, 0x02, 0xEF, 0x00, 0x00, 0xF3, 0xE0, 0x00,
    0xB4, 0xFC, 0x00, 0x3C, 0x2F, 0x40, 0x1F, 0xAF, 0xE0, 0x0F, 0xFF, 0xFC, 0x07, 0xC0, 0x2F, 0x47,
    0xF4, 0x0B, 0xF7, 0xFF, 0x0B, 0xFF, 0x7F, 0xFF, 0xF0, 0xBF, 0xAF, 0xC0, 0xFC, 0x0F, 0x03, 0xF0,
    0x24, 0x0F, 0xC0, 0x00, 0x3F, 0xFD, 0x00, 0xFE, 0xFF, 0x03, 0xF0, 0x7D, 0x0F, 0xC0, 0xF4, 0x3F,
    0x07, 0xD1, 0xFE, 0xFE, 0x1F, 0xFF, 0xD0, 0x2F, 0xFE, 0x40, 0xBF, 0xBF, 0x40, 0xF8, 0x3E, 0x03,
    0xE0, 0xB8, 0x0F, 0x83, 0xD0, 0x3F, 0xFF, 0x00, 0xFE, 0xFF, 0x03, 0xE0, 0x7D, 0x0F, 0x80, 0xF4,
    0x3E, 0x0B, 0xC1, 0xFE, 0xFE, 0x1F, 0xFF, 0xD0, 0x7F, 0xFF, 0xF0, 0xBF, 0xAF, 0xC0, 0xFC, 0x0F,
    0x03, 0xF0, 0x38, 0x0F, 0xC0, 0x00, 0x3F, 0x00, 0x00, 0xFC, 0x00, 0x03, 0xF0, 0x00, 0x0F, 0xC0,
    0x00, 0x3F, 0x00, 0x01, 0xFE, 0x00, 0x1F, 0xFE, 0x00, 0x07, 0xFF, 0xFF, 0x80, 0x2F, 0xEF, 0xE0,
    0x00, 0xF0, 0xBC, 0x00, 0x0F, 0x0B, 0xC0, 0x00, 0xF0, 0xBC, 0x00, 0x0F, 0x0B, 0xC0, 0x01, 0xE0,
    0xBC, 0x00, 0x2D, 0x0B, 0xC0, 0x03, 0xC0, 0xBC, 0x00, 0xB8, 0x0B, 0xC0, 0x7F, 0xFF, 0xFE, 0x4B,
    0xFF, 0xFF, 0xFC, 0xBC, 0x00, 0x07, 0xC7, 0x80, 0x00, 0x38, 0x30, 0x00, 0x03, 0x80, 0x7F, 0xFF,
    0xF0, 0x7F, 0xAF, 0xC0, 0xFC, 0x0B, 0x03, 0xF0, 0x04, 0x0F, 0xC0, 0x00, 0x3F, 0xFF, 0x00, 0xFE,
    0xA8, 0x03, 0xF0, 0x00, 0x0F, 0xC0, 0x20, 0x3F, 0x01, 0xD1, 0xFE, 0xBF, 0x5F, 0xFF, 0xFC, 0x1F,
    0x07, 0xFF, 0x03, 0xC0, 0xBF, 0x0B, 0xF8, 0x3F, 0x81, 0xBD, 0x0F, 0x82, 0xF9, 0x00, 0x3C, 0x3E,
    0x0F, 0x00, 0x00, 0x78, 0xF8, 0xB4, 0x00, 0x00, 0xFF, 0xFF, 0xC0, 0x00, 0x0B, 0xFF, 0xFF, 0x80,
    0x00, 0x7E, 0x3E, 0x2F, 0x00, 0x03, 0xF0, 0xF8, 0x3F, 0x00, 0x3F, 0x43, 0xE0, 0xBE, 0x03, 0xFC,
    0x1F, 0xE0, 0xFE, 0x1F, 0x81, 0xFF, 0xC0, 0xFD, 0x06, 0xFE, 0x02, 0xFE, 0xFC, 0x2C, 0x07, 0xD2,
    0xC0, 0x7D, 0x00, 0x0B, 0xC0, 0x2F, 0xF4, 0x01, 0xAF, 0xD0, 0x00, 0x3F, 0x18, 0x03, 0xF7, 0xD0,
    0x3E, 0x3F, 0xEF, 0xC0, 0xBF, 0xE0, 0x7F, 0xF4, 0xFF, 0xF2, 0xFD, 0x07, 0xF8, 0x0F, 0xC0, 0x2F,
    0x40, 0xFC, 0x07, 0xF4, 0x0F, 0xC1, 0xFF, 0x40, 0xFC, 0x7D, 0xF4, 0x0F, 0xEF, 0x1F, 0x40, 0xFF,
    0xC1, 0xF4, 0x0F, 0xF0, 0x1F, 0x40, 0xFC, 0x01, 0xF4, 0x1F, 0xE0, 0x2F, 0x97, 0xFF, 0x4F, 0xFF,
    0x00, 0xB0, 0x70, 0x00, 0x0B, 0xAF, 0x00, 0x00, 0x2F, 0xD0, 0x00, 0x00, 0x00, 0x00, 0x7F, 0xF4,
    0xFF, 0xF2, 0xFD, 0x07, 0xF8, 0x0F, 0xC0, 0x2F, 0x40, 0xFC, 0x07, 0xF4, 0x0F, 0xC1, 0xFF, 0x40,
    0xFC, 0x7D, 0xF4, 0x0F, 0xEF, 0x1F, 0x40, 0xFF, 0xC1, 0xF4, 0x0F, 0xF0, 0x1F, 0x40, 0xFC, 0x01,
    0xF4, 0x1F, 0xE0, 0x2F, 0x97, 0xFF, 0x4F, 0xFF, 0x7F, 0xF4, 0x3D, 0x0B, 0xF4, 0x3F, 0x80, 0xFC,
    0x2F, 0x90, 0x3F, 0x0F, 0x00, 0x0F, 0xDF, 0x00, 0x03, 0xFF, 0xD0, 0x00, 0xFC, 0xFC, 0x00, 0x3F,
    0x1F, 0x80, 0x0F, 0xC3, 0xF0, 0x03, 0xF0, 0x7F, 0x01, 0xFE, 0x0B, 0xF1, 0xFF, 0xC0, 0xBD, 0x0B,
    0xFF, 0xFF, 0x80, 0xBF, 0xFF, 0x80, 0x0F, 0x0B, 0xC0, 0x03, 0xC2, 0xF0, 0x00, 0xF0, 0xBC, 0x00,
    0x38, 0x2F, 0x00, 0x1E, 0x0B, 0xC0, 0x0B, 0x42, 0xF0, 0x03, 0xC0, 0xBC, 0x1A, 0xE0, 0x2F, 0x0B,
    0xF0, 0x1F, 0xE1, 0xF0, 0x1F, 0xFE, 0x2F, 0xF4, 0x0F, 0xFC, 0x0B, 0xF4, 0x0F, 0xF4, 0x07, 0xFC,
    0x1F, 0xE0, 0x07, 0xBC, 0x2E, 0xF0, 0x0B, 0x7D, 0x3A, 0xF0, 0x0B, 0x3E, 0x75, 0xF0, 0x0F, 0x1F,
    0xB1, 0xF0, 0x0F, 0x0F, 0xF1, 0xF0, 0x0F, 0x0F, 0xD0, 0xF4, 0x0F, 0x07, 0xC0, 0xF4, 0x2F, 0x83,
    0xC2, 0xFD, 0xBF, 0xD0, 0x07, 0xFE, 0x7F, 0xF4, 0xFF, 0xF0, 0xBF, 0x41, 0xBF, 0x40, 0xFC, 0x01,
    0xF4, 0x03, 0xF0, 0x07, 0xD0, 0x0F, 0xC0, 0x1F, 0x40, 0x3F, 0xFF, 0xFD, 0x00, 0xFE, 0xAB, 0xF4,
    0x03, 0xF0, 0x07, 0xD0, 0x0F, 0xC0, 0x1F, 0x40, 0x3F, 0x00, 0x7D, 0x01, 0xFE, 0x02, 0xFD, 0x1F,
    0xFD, 0x3F, 0xFC, 0x00, 0xBF, 0xE0, 0x01, 0xFF, 0xFF, 0x00, 0xFC, 0x0B, 0xF0, 0xBC, 0x00, 0xFC,
    0x3E, 0x00, 0x2F, 0x4F, 0x80, 0x07, 0xE7, 0xE0, 0x01, 0xF8, 0xFC, 0x00, 0x7D, 0x3F, 0x00, 0x3F,
    0x0B, 0xF0, 0x2F, 0x40, 0xFF, 0xFF, 0x80, 0x07, 0xFE, 0x00, 0x7F, 0xFF, 0xFF, 0xE2, 0xFF, 0xAF,
    0xF8, 0x0F, 0xC0, 0x2F, 0x00, 0xFC, 0x02, 0xF0, 0x0F, 0xC0, 0x2F, 0x00, 0xFC, 0x02, 0xF0, 0x0F,
    0xC0, 0x2F, 0x00, 0xFC, 0x02, 0xF0, 0x0F, 0xC0, 0x2F, 0x00, 0xFC, 0x02, 0xF0, 0x1F, 0xE0, 0x7F,
    0x87, 0xFF, 0x4F, 0xFE, 0x2F, 0xFF, 0x40, 0xBF, 0xBF, 0x80, 0xFC, 0x3F, 0x03, 0xF0, 0x7C, 0x0F,
    0xC2, 0xF0, 0x3F, 0x0F, 0xC0, 0xFF, 0xFC, 0x03, 0xFF, 0x80, 0x0F, 0xC0, 0x00, 0x3F, 0x00, 0x01,
    0xFE, 0x00, 0x1F, 0xFD, 0x00, 0x00, 0xBF, 0xE0, 0x1F, 0xFF, 0xC0, 0xF8, 0x0F, 0x0B, 0xC0, 0x2C,
    0x3E, 0x00, 0x00, 0xF8, 0x00, 0x07, 0xE0, 0x00, 0x0F, 0x80, 0x00, 0x3F, 0x00, 0x00, 0xBF, 0x00,
    0x00, 0xFF, 0xFF, 0x40, 0x7F, 0xF4, 0x7F, 0xFF, 0xFE, 0x7E, 0xFF, 0xBE, 0x74, 0x7D, 0x1D, 0x30,
    0x7D, 0x1C, 0x00, 0x7D, 0x00, 0x00, 0x7D, 0x00, 0x00, 0x7D, 0x00, 0x00, 0x7D, 0x00, 0x00, 0x7D,
    0x00, 0x00, 0x7D, 0x00, 0x01, 0xBF, 0x40, 0x03, 0xFF, 0xC0, 0xFF, 0xE2, 0xFF, 0x1F, 0xE0, 0x3F,
    0x40, 0xF8, 0x0B, 0x40, 0x2F, 0x03, 0xC0, 0x03, 0xD2, 0xD0, 0x00, 0xBC, 0xF0, 0x00, 0x0F, 0xF0,
    0x00, 0x02, 0xF8, 0x00, 0x00, 0x3C, 0x00, 0x03, 0x2D, 0x00, 0x01, 0xFF, 0x00, 0x00, 0x3E, 0x00,
    0x00, 0x00, 0xFF, 0xE0, 0x00, 0x02, 0xF4, 0x00, 0x02, 0xFF, 0xF8, 0x01, 0xFA, 0xFB, 0xF0, 0x3E,
    0x1F, 0x0F, 0xC7, 0xD1, 0xF0, 0xBC, 0x7D, 0x1F, 0x0B, 0xC3, 0xE1, 0xF0, 0xFC, 0x1F, 0xAF, 0xBF,
    0x00, 0x6F, 0xFF, 0x40, 0x00, 0x2F, 0x40, 0x00, 0x0F, 0xFE, 0x00, 0x7F, 0xF5, 0xFF, 0x4B, 0xF8,
    0x2F, 0x80, 0x7E, 0x0F, 0x40, 0x0B, 0xDB, 0x80, 0x00, 0xFF, 0xC0, 0x00, 0x0F, 0xC0, 0x00, 0x07,
    0xF8, 0x00, 0x03, 0xEF, 0x40, 0x03, 0xD3, 0xF0, 0x02, 0xE0, 0x3F, 0x02, 0xF8, 0x1F, 0xF7, 0xFF,
    0x8F, 0xFF, 0x7F, 0xF5, 0xFF, 0xD2, 0xFD, 0x0B, 0xF4, 0x0F, 0xC0, 0x3F, 0x00, 0xFC, 0x03, 0xF0,
    0x0F, 0xC0, 0x3F, 0x00, 0xFC, 0x03, 0xF0, 0x0F, 0xC0, 0x3F, 0x00, 0xFC, 0x03, 0xF0, 0x0F, 0xC0,
    0x3F, 0x00, 0xFC, 0x03, 0xF0, 0x1F, 0xFA, 0xFF, 0x97, 0xFF, 0xFF, 0xFF, 0x00, 0x00, 0x02, 0xE0,
    0x00, 0x00, 0x1D, 0x00, 0x00, 0x00, 0xC0, 0xBF, 0xF3, 0xFF, 0x9B, 0xF4, 0x7F, 0x80, 0xF8, 0x0B,
    0xC0, 0x3E, 0x02, 0xF0, 0x0F, 0x80, 0xBC, 0x03, 0xF0, 0x2F, 0x00, 0xBF, 0xFF, 0xC0, 0x07, 0xFF,
    0xF0, 0x00, 0x00, 0xBC, 0x00, 0x00, 0x2F, 0x00, 0x00, 0x1F, 0xE0, 0x00, 0x0F, 0xFE, 0x7F, 0xF7,
    0xFF, 0x7F, 0xF4, 0xBF, 0x4B, 0xF4, 0xBF, 0x40, 0xFC, 0x0F, 0xC0, 0xFC, 0x03, 0xF0, 0x3F, 0x03,
    0xF0, 0x0F, 0xC0, 0xFC, 0x0F, 0xC0, 0x3F, 0x03, 0xF0, 0x3F, 0x00, 0xFC, 0x0F, 0xC0, 0xFC, 0x03,
    0xF0, 0x3F, 0x03, 0xF0, 0x0F, 0xC0, 0xFC, 0x0F, 0xC0, 0x3F, 0x03, 0xF0, 0x3F, 0x01, 0xFF, 0xAF,
    0xEB, 0xFE, 0x1F, 0xFF, 0xFF, 0xFF, 0xFD, 0x7F, 0xF7, 0xFF, 0x7F, 0xF4, 0xBF, 0x4B, 0xF4, 0xBF,
    0x40, 0xFC, 0x0F, 0xC0, 0xFC, 0x03, 0xF0, 0x3F, 0x03, 0xF0, 0x0F, 0xC0, 0xFC, 0x0F, 0xC0, 0x3F,
    0x03, 0xF0, 0x3F, 0x00, 0xFC, 0x0F, 0xC0, 0xFC, 0x03, 0xF0, 0x3F, 0x03, 0xF0, 0x0F, 0xC0, 0xFC,
    0x0F, 0xC0, 0x3F, 0x03, 0xF0, 0x3F, 0x01, 0xFF, 0xAF, 0xEB, 0xFE, 0x5F, 0xFF, 0xFF, 0xFF, 0xFE,
    0x00, 0x00, 0x00, 0x00, 0xF8, 0x00, 0x00, 0x00, 0x02, 0xD0, 0x00, 0x00, 0x00, 0x07, 0x00, 0x00,
    0x00, 0x00, 0x04, 0x7F, 0xFF, 0xC0, 0x1F, 0xBF, 0x80, 0x07, 0x47, 0xD0, 0x00, 0xC1, 0xF4, 0x00,
    0x00, 0x7D, 0x00, 0x00, 0x1F, 0xFE, 0x00, 0x07, 0xFF, 0xF0, 0x01, 0xF4, 0x3E, 0x00, 0x7D, 0x0F,
    0xC0, 0x1F, 0x43, 0xE0, 0x0B, 0xFF, 0xF0, 0x0F, 0xFF, 0xE0, 0x7F, 0xF4, 0x03, 0xFF, 0x8B, 0xF4,
    0x00, 0xBF, 0x80, 0xFC, 0x00, 0x0B, 0xC0, 0x3F, 0x00, 0x02, 0xF0, 0x0F, 0xC0, 0x00, 0xBC, 0x03,
    0xFF, 0xD0, 0x2F, 0x00, 0xFE, 0xFE, 0x0B, 0xC0, 0x3F, 0x0B, 0xC2, 0xF0, 0x0F, 0xC1, 0xF4, 0xBC,
    0x03, 0xF0, 0xBC, 0x2F, 0x01, 0xFE, 0xFE, 0x1F, 0xE5, 0xFF, 0xF9, 0x0F, 0xFE, 0x7F, 0xF4, 0x00,
    0xBF, 0x40, 0x00, 0xFC, 0x00, 0x03, 0xF0, 0x00, 0x0F, 0xC0, 0x00, 0x3F, 0xFE, 0x00, 0xFE, 0xFF,
    0x03, 0xF0, 0x7D, 0x0F, 0xC0, 0xF4, 0x3F, 0x07, 0xD1, 0xFE, 0xFE, 0x1F, 0xFF, 0xD0, 0x0B, 0xFE,
    0x00, 0xFF, 0xFF, 0x43, 0xD0, 0x7F, 0x0F, 0x00, 0x7E, 0x04, 0x00, 0xFC, 0x03, 0xFF, 0xF0, 0x0A,
    0xAF, 0xC0, 0x00, 0x3F, 0x28, 0x01, 0xF5, 0xF4, 0x1F, 0xC3, 0xFF, 0xFC, 0x02, 0xFF, 0x80, 0x7F,
    0xF4, 0x0B, 0xFD, 0x00, 0xBF, 0x40, 0xFF, 0xFE, 0x00, 0xFC, 0x0F, 0xC0, 0xFD, 0x03, 0xF0, 0xBC,
    0x01, 0xFC, 0x0F, 0xC3, 0xF0, 0x03, 0xF0, 0x3F, 0xAF, 0xC0, 0x0F, 0xC0, 0xFF, 0xFF, 0x00, 0x3F,
    0x03, 0xF0, 0xFC, 0x00, 0xFC, 0x0F, 0xC3, 0xF4, 0x03, 0xE0, 0x3F, 0x07, 0xF0, 0x3F, 0x01, 0xFE,
    0x0B, 0xFF, 0xF4, 0x1F, 0xFD, 0x07, 0xFE, 0x00, 0x01, 0xFF, 0xFE, 0x0B, 0xFB, 0xF8, 0x0F, 0x82,
    0xF0, 0x1F, 0x42, 0xF0, 0x0F, 0x82, 0xF0, 0x0B, 0xFB, 0xF0, 0x01, 0xFF, 0xF0, 0x02, 0xF2, 0xF0,
    0x07, 0xD2, 0xF0, 0x0F, 0xC2, 0xF0, 0x3F, 0x47, 0xF8, 0xBD, 0x0F, 0xFE, 0x07, 0xF8, 0x02, 0xFB,
    0xF0, 0x3D, 0x1F, 0x00, 0x41, 0xF0, 0x06, 0xFF, 0x03, 0xFA, 0xF0, 0x3D, 0x1F, 0x03, 0xFF, 0xFD,
    0x1F, 0x8B, 0xC0, 0x00, 0x00, 0x80, 0x1F, 0xFD, 0x0B, 0xFF, 0xC1, 0xF0, 0x00, 0x3E, 0x00, 0x03,
    0xEF, 0xE0, 0x7F, 0xFF, 0xC7, 0xD0, 0xBD, 0x7D, 0x03, 0xD3, 0xE0, 0x3D, 0x3F, 0x0B, 0xC1, 0xFF,
    0xF8, 0x07, 0xFD, 0x00, 0x7F, 0xFE, 0x02, 0xF9, 0xF8, 0x0F, 0x07, 0xC0, 0xF5, 0xB4, 0x0F, 0xFF,
    0x40, 0xF0, 0xBC, 0x0F, 0x03, 0xC1, 0xF9, 0xFC, 0x7F, 0xFE, 0x00, 0x7F, 0xFF, 0x47, 0xEB, 0xD0,
    0xF4, 0x74, 0x3D, 0x0C, 0x0F, 0x40, 0x03, 0xD0, 0x00, 0xF4, 0x00, 0x7E, 0x40, 0x7F, 0xF0, 0x00,
    0x0F, 0xFF, 0xF8, 0x07, 0xD7, 0xE0, 0x02, 0xC3, 0xD0, 0x03, 0xC3, 0xD0, 0x03, 0xC3, 0xD0, 0x03,
    0x83, 0xD0, 0x0B, 0x43, 0xD0, 0x2F, 0x57, 0xE0, 0xBF, 0xFF, 0xFC, 0xB8, 0x00, 0x3C, 0x74, 0x00,
    0x3C, 0x30, 0x00, 0x28, 0x00, 0x00, 0x00, 0x02, 0xFD, 0x07, 0xEF, 0xC3, 0xD0, 0xF8, 0xF9, 0x7E,
    0x7F, 0xFF, 0x9F, 0x00, 0x03, 0xE0, 0x00, 0xBF, 0xBD, 0x0B, 0xFE, 0x00, 0x3D, 0x1F, 0xE0, 0xF0,
    0x3F, 0x0B, 0xC3, 0xF4, 0x07, 0xC7, 0xCB, 0x80, 0x01, 0xDB, 0xDE, 0x00, 0x02, 0xFF, 0xFF, 0x00,
    0x03, 0xD7, 0xCF, 0x80, 0x0F, 0xC7, 0xCB, 0xD0, 0x2F, 0x0B, 0xC3, 0xF0, 0x7D, 0x1F, 0xE0, 0xF8,
    0x0B, 0xF8, 0x0F, 0xFF, 0xC2, 0x42, 0xF0, 0x0A, 0xF4, 0x03, 0xFD, 0x00, 0x0B, 0xC7, 0x41, 0xF1,
    0xFF, 0xF8, 0x1F, 0xF4, 0x00, 0x7F, 0xC7, 0xFC, 0x1F, 0x42, 0xF4, 0x0F, 0x43, 0xF0, 0x0F, 0x4F,
    0xF0, 0x0F, 0x7E, 0xF0, 0x0F, 0xF1, 0xF0, 0x0F, 0xC1, 0xF0, 0x1F, 0x82, 0xF4, 0x7F, 0xC7, 0xFC,
    0x03, 0x83, 0x80, 0x03, 0xD7, 0x80, 0x00, 0xFE, 0x00, 0x00, 0x00, 0x00, 0x7F, 0xC7, 0xFC, 0x1F,
    0x42, 0xF4, 0x0F, 0x43, 0xF0, 0x0F, 0x4F, 0xF0, 0x0F, 0x7E, 0xF0, 0x0F, 0xF1, 0xF0, 0x0F, 0xC1,
    0xF0, 0x1F, 0x82, 0xF4, 0x7F, 0xC7, 0xFC, 0x7F, 0xC1, 0xE0, 0x7D, 0x1F, 0xC0, 0xF4, 0xF4, 0x03,
    0xDB, 0x40, 0x0F, 0xFD, 0x00, 0x3D, 0x7C, 0x00, 0xF4, 0xFC, 0x07, 0xE1, 0xF8, 0x7F, 0xC2, 0xF4,
    0x0F, 0xFF, 0xF4, 0x1F, 0x6F, 0x40, 0x3C, 0x7C, 0x00, 0xE1, 0xF0, 0x03, 0x87, 0xC0, 0x1D, 0x1F,
    0x05, 0xF0, 0x7C, 0x2F, 0x82, 0xF4, 0xB8, 0x3F, 0xF4, 0x7F, 0xC0, 0x7F, 0x87, 0xF0, 0x3F, 0x80,
    0xFE, 0x1F, 0xE0, 0x3B, 0xCF, 0xF8, 0x0E, 0xBB, 0x7E, 0x03, 0x8F, 0xCF, 0x80, 0xE2, 0xD3, 0xE0,
    0x7C, 0x20, 0xF8, 0x7F, 0x80, 0xFF, 0x80, 0x7F, 0xC7, 0xFD, 0x1F, 0x82, 0xF4, 0x0F, 0x41, 0xF0,
    0x0F, 0x96, 0xF0, 0x0F, 0xFF, 0xF0, 0x0F, 0x41, 0xF0, 0x0F, 0x41, 0xF0, 0x1F, 0x82, 0xF4, 0x7F,
    0xC7, 0xFD, 0x02, 0xFE, 0x01, 0xFF, 0xFC, 0x3E, 0x0B, 0xD3, 0xD0, 0x3E, 0x7D, 0x03, 0xE7, 0xD0,
    0x3E, 0x3F, 0x07, 0xC2, 0xFF, 0xF8, 0x0B, 0xFD, 0x00, 0x7F, 0xFF, 0xFC, 0x1F, 0x97, 0xF0, 0x0F,
    0x42, 0xF0, 0x0F, 0x42, 0xF0, 0x0F, 0x42, 0xF0, 0x0F, 0x42, 0xF0, 0x0F, 0x42, 0xF0, 0x1F, 0x82,
    0xF4, 0x7F, 0xD7, 0xFC, 0x6F, 0x7F, 0x82, 0xFF, 0xFF, 0x41, 0xF8, 0x7F, 0x07, 0xC0, 0xFC, 0x1F,
    0x02, 0xF0, 0x7C, 0x0F, 0xC1, 0xF0, 0x3E, 0x07, 0xFF, 0xF0, 0x1F, 0xFE, 0x00, 0x7C, 0x00, 0x01,
    0xF0, 0x00, 0x0B, 0xE0, 0x00, 0xBF, 0xE0, 0x00, 0x02, 0xFD, 0x07, 0xFF, 0xC3, 0xE0, 0xF0, 0xF4,
    0x14, 0x7D, 0x00, 0x1F, 0x80, 0x03, 0xF4, 0x00, 0xBF, 0xFC, 0x07, 0xFD, 0x00, 0x7F, 0xFF, 0xF7,
    0x9F, 0x9F, 0x74, 0xF8, 0xF2, 0x0F, 0x84, 0x00, 0xF8, 0x00, 0x0F, 0x80, 0x00, 0xF8, 0x00, 0x1F,
    0x80, 0x07, 0xFF, 0x00, 0xBF, 0xD3, 0xFC, 0xFE, 0x07, 0xC0, 0xF8, 0x2E, 0x03, 0xF0, 0xF0, 0x07,
    0xC7, 0x80, 0x0F, 0xAD, 0x00, 0x1F, 0xF0, 0x00, 0x3F, 0x40, 0x00, 0xBC, 0x00, 0x02, 0xD0, 0x05,
    0x2F, 0x00, 0x3F, 0xF0, 0x00, 0xBE, 0x00, 0x00, 0x00, 0xBF, 0x00, 0x00, 0x2F, 0xC0, 0x00, 0x02,
    0xF0, 0x00, 0x00, 0xBC, 0x00, 0x02, 0xFF, 0xE4, 0x03, 0xFF, 0xFF, 0x83, 0xF2, 0xF2, 0xF5, 0xF4,
    0xBC, 0x3E, 0x7C, 0x2F, 0x0F, 0x9F, 0x4B, 0xC3, 0xE3, 0xF2, 0xF2, 0xF0, 0x7F, 0xFF, 0xF4, 0x02,
    0xFF, 0xE0, 0x00, 0x0B, 0xC0, 0x00, 0x02, 0xF0, 0x00, 0x00, 0xBD, 0x00, 0x00, 0xFF, 0xD0, 0x00,
    0x7F, 0xCB, 0xF0, 0xBE, 0x1F, 0x40, 0xBC, 0xF0, 0x00, 0xBF, 0x40, 0x00, 0xFC, 0x00, 0x0B, 0xF8,
    0x00, 0xB9, 0xF4, 0x0B, 0xC2, 0xF4, 0xBF, 0x9F, 0xF4, 0x7F, 0xDB, 0xFC, 0x1F, 0x83, 0xF0, 0x0F,
    0x42, 0xF0, 0x0F, 0x42, 0xF0, 0x0F, 0x42, 0xF0, 0x0F, 0x42, 0xF0, 0x0F, 0x42, 0xF0, 0x1F, 0x97,
    0xF4, 0x7F, 0xFF, 0xFE, 0x00, 0x00, 0x2D, 0x00, 0x00, 0x2D, 0x00, 0x00, 0x0C, 0xFF, 0xDF, 0xF0,
    0xFC, 0x2F, 0x42, 0xF0, 0x7C, 0x0B, 0xC1, 0xF0, 0x1F, 0x9B, 0xC0, 0x1F, 0xFF, 0x00, 0x00, 0x7C,
    0x00, 0x02, 0xF4, 0x00, 0x3F, 0xF0, 0x7F, 0xCF, 0xF7, 0xFC, 0x7D, 0x2F, 0x0F, 0xC0, 0xF0, 0x7C,
    0x2F, 0x03, 0xC1, 0xF0, 0xBC, 0x0F, 0x07, 0xC2, 0xF0, 0x3C, 0x1F, 0x0B, 0xC0, 0xF0, 0x7C, 0x2F,
    0x07, 0xE6, 0xF5, 0xFC, 0x7F, 0xFF, 0xFF, 0xFC, 0x7F, 0xCF, 0xF7, 0xFC, 0x1F, 0x4B, 0xC3, 0xF0,
    0x0F, 0x07, 0xC2, 0xF0, 0x0F, 0x07, 0xC2, 0xF0, 0x0F, 0x07, 0xC2, 0xF0, 0x0F, 0x07, 0xC2, 0xF0,
    0x0F, 0x07, 0xC2, 0xF0, 0x1F, 0x9B, 0xD7, 0xF4, 0x7F, 0xFF, 0xFF, 0xFD, 0x00, 0x00, 0x00, 0x3D,
    0x00, 0x00, 0x00, 0x2C, 0x00, 0x00, 0x00, 0x1C, 0x7F, 0xFE, 0x01, 0xEB, 0xE0, 0x07, 0x0F, 0x40,
    0x08, 0x3F, 0xE4, 0x00, 0xFE, 0xF4, 0x03, 0xD2, 0xF0, 0x0F, 0x4B, 0xC0, 0x7E, 0xBD, 0x0B, 0xFF,
    0xD0, 0x7F, 0xE0, 0x2F, 0xF4, 0x7E, 0x00, 0x2F, 0x40, 0xF4, 0x00, 0xBC, 0x03, 0xFE, 0x42, 0xF0,
    0x0F, 0xAF, 0x4B, 0xC0, 0x3D, 0x2E, 0x2F, 0x00, 0xF4, 0xBC, 0xBC, 0x07, 0xEB, 0xD2, 0xF4, 0x7F,
    0xFD, 0x2F, 0xF0, 0x7F, 0xE0, 0x07, 0xE0, 0x00, 0xF4, 0x00, 0x3F, 0xE4, 0x0F, 0xAF, 0x43, 0xD2,
    0xF0, 0xF4, 0xBC, 0x7E, 0xBD, 0x7F, 0xFD, 0x00, 0x0B, 0xF8, 0x0F, 0xFF, 0xC2, 0x01, 0xF4, 0x05,
    0x7E, 0x03, 0xFF, 0x80, 0x03, 0xE7, 0x41, 0xF1, 0xFF, 0xF8, 0x1F, 0xF4, 0x00, 0x7F, 0xC0, 0xBF,
    0x80, 0x7D, 0x0F, 0xFF, 0x80, 0xF4, 0xBC, 0x2F, 0x03, 0xE7, 0xE0, 0x7D, 0x0F, 0xFF, 0x80, 0xF4,
    0x3D, 0x3E, 0x03, 0xD0, 0xF4, 0xFC, 0x2F, 0x07, 0xE1, 0xFF, 0xF4, 0x7F, 0xC1, 0xFE, 0x40, 0x06,
    0xFF, 0xE1, 0xF9, 0xF8, 0x2F, 0x0F, 0x82, 0xF4, 0xF8, 0x0F, 0xFF, 0x80, 0x3E, 0xF8, 0x0F, 0x8F,
    0x82, 0xF0, 0xF8, 0x7D, 0x2F, 0xE0, 0x02, 0x00, 0x01, 0xE0, 0x00, 0x2E, 0x00, 0x01, 0x80, 0x00,
    0x00, 0x00, 0xBF, 0x41, 0xFB, 0xF0, 0xF4, 0x3E, 0x3E, 0x5F, 0x9F, 0xFF, 0xE7, 0xC0, 0x00, 0xF8,
    0x00, 0x2F, 0xEF, 0x42, 0xFF, 0x80, 0x00, 0x00, 0x03, 0xDB, 0xC0, 0xF1, 0xE0, 0x00, 0x00, 0x02,
    0xFD, 0x07, 0xEF, 0xC3, 0xD0, 0xF8, 0xF9, 0x7E, 0x7F, 0xFF, 0x9F, 0x00, 0x03, 0xE0, 0x00, 0xBF,
    0xBD, 0x0B, 0xFE, 0x00, 0x6F, 0x00, 0x06, 0xF4, 0x00, 0x1F, 0x40, 0x0F, 0xFF, 0xC0, 0x1F, 0x40,
    0x01, 0xF6, 0xF8, 0x1F, 0xFF, 0xD1, 0xF8, 0x7F, 0x1F, 0x43, 0xF1, 0xF4, 0x3F, 0x1F, 0x43, 0xF2,
    0xF4, 0x3F, 0xBF, 0xC3, 0xE0, 0x00, 0x3D, 0x00, 0x0B, 0xC0, 0x0B, 0xF4, 0x00, 0xFD, 0x00, 0x00,
    0x30, 0x00, 0x2E, 0x00, 0x0F, 0x00, 0x03, 0x00, 0x00, 0x00, 0x1F, 0xFF, 0xD1, 0xFA, 0xF4, 0x3D,
    0x1D, 0x0F, 0x43, 0x03, 0xD0, 0x00, 0xF4, 0x00, 0x3D, 0x00, 0x1F, 0x90, 0x1F, 0xFC, 0x00, 0x02,
    0xFE, 0x07, 0xFF, 0xE3, 0xE0, 0x74, 0xF9, 0x80, 0x7F, 0xF4, 0x1F, 0x40, 0x03, 0xF0, 0x00, 0xBF,
    0xFE, 0x0B, 0xFE, 0x00, 0x07, 0xF9, 0x2F, 0xBE, 0x3E, 0x0E, 0x3F, 0xD4, 0x0F, 0xFC, 0x11, 0xBF,
    0x38, 0x2F, 0x3F, 0xBD, 0x2F, 0xF4, 0x0A, 0x01, 0xF8, 0x0F, 0x40, 0x00, 0x6F, 0x47, 0xF4, 0x0F,
    0x40, 0xF4, 0x0F, 0x40, 0xF4, 0x0F, 0x41, 0xF8, 0x7F, 0xE0, 0x10, 0x03, 0xE7, 0xCF, 0x4F, 0x00,
    0x00, 0x6F, 0x41, 0xFD, 0x00, 0xF4, 0x03, 0xD0, 0x0F, 0x40, 0x3D, 0x00, 0xF4, 0x0B, 0xF4, 0x7F,
    0xE0, 0x00, 0xA0, 0x0B, 0xD0, 0x1F, 0x00, 0x00, 0x07, 0xF0, 0x2F, 0xC0, 0x1F, 0x00, 0x7C, 0x01,
    0xF0, 0x07, 0xC0, 0x1F, 0x00, 0x7C, 0x01, 0xF0, 0x0B, 0xC0, 0x7E, 0x0F, 0xF0, 0x1F, 0x00, 0x0F,
    0xFF, 0xF0, 0x00, 0x7D, 0xFC, 0x00, 0x03, 0xCB, 0xC0, 0x00, 0x38, 0xBF, 0xF0, 0x03, 0x8B, 0xDF,
    0xC0, 0x74, 0xBC, 0x3C, 0x5F, 0x0B, 0xC3, 0xCB, 0xE0, 0xFD, 0xFC, 0xB8, 0x2F, 0xFE, 0x00, 0x7F,
    0xC7, 0xFC, 0x00, 0x7E, 0x0F, 0xC0, 0x00, 0xF4, 0x2F, 0x00, 0x03, 0xEA, 0xFF, 0xF4, 0x0F, 0xFF,
    0xF6, 0xF0, 0x3D, 0x0B, 0xC3, 0xD0, 0xF4, 0x2F, 0x0F, 0x47, 0xE0, 0xBD, 0xFC, 0x7F, 0xCB, 0xFF,
    0x80, 0x6F, 0x00, 0x01, 0xBD, 0x00, 0x01, 0xF4, 0x00, 0x3F, 0xFF, 0x00, 0x1F, 0x40, 0x00, 0x7D,
    0xBE, 0x01, 0xFF, 0xFD, 0x07, 0xE0, 0xF8, 0x1F, 0x43, 0xF0, 0x7D, 0x0F, 0xC1, 0xF4, 0x3F, 0x0B,
    0xD0, 0xFC, 0xBF, 0xCB, 0xFC, 0x00, 0x09, 0x00, 0x00, 0x78, 0x00, 0x03, 0xC0, 0x00, 0x0C, 0x00,
    0x00, 0x00, 0x01, 0xFF, 0x07, 0x81, 0xF4, 0x7F, 0x03, 0xD3, 0xD0, 0x0F, 0x6D, 0x00, 0x3F, 0xF4,
    0x00, 0xF5, 0xF0, 0x03, 0xD3, 0xF0, 0x1F, 0x87, 0xE1, 0xFF, 0x0B, 0xD0, 0x00, 0x80, 0x00, 0x01,
    0xF0, 0x00, 0x00, 0xB8, 0x00, 0x00, 0x18, 0x00, 0x00, 0x00, 0x00, 0x7F, 0xC7, 0xFC, 0x1F, 0x42,
    0xF4, 0x0F, 0x43, 0xF0, 0x0F, 0x4F, 0xF0, 0x0F, 0x7E, 0xF0, 0x0F, 0xF1, 0xF0, 0x0F, 0xC1, 0xF0,
    0x1F, 0x82, 0xF4, 0x7F, 0xC7, 0xFC, 0x07, 0x0B, 0x00, 0x2E, 0x3C, 0x00, 0x2F, 0xD0, 0x00, 0x00,
    0x00, 0xBF, 0xD3, 0xFC, 0xFE, 0x07, 0xC0, 0xF8, 0x2E, 0x03, 0xF0, 0xF0, 0x07, 0xC7, 0x80, 0x0F,
    0xAD, 0x00, 0x1F, 0xF0, 0x00, 0x3F, 0x40, 0x00, 0xBC, 0x00, 0x02, 0xD0, 0x05, 0x2F, 0x00, 0x3F,
    0xF0, 0x00, 0xBE, 0x00, 0x00, 0x7F, 0xDB, 0xFC, 0x1F, 0x83, 0xF0, 0x0F, 0x42, 0xF0, 0x0F, 0x42,
    0xF0, 0x0F, 0x42, 0xF0, 0x0F, 0x42, 0xF0, 0x0F, 0x42, 0xF0, 0x1F, 0x97, 0xF4, 0x7F, 0xFF, 0xFC,
    0x00, 0x7C, 0x00, 0x00, 0x3C, 0x00, 0x00, 0x38, 0x00, 0x00, 0x00, 0x00, 0x03, 0xFF, 0x40, 0x00,
    0x7F, 0x40, 0x02, 0xAF, 0xEA, 0x81, 0xFF, 0xFF, 0xF0, 0x74, 0xBC, 0x2C, 0x0C, 0x2F, 0x0B, 0x00,
    0x0B, 0xE9, 0x00, 0x02, 0xFF, 0xF4, 0x00, 0xBC, 0x3F, 0x00, 0x2F, 0x07, 0xD0, 0x0B, 0xC2, 0xF0,
    0x03, 0xFB, 0xF8, 0x03, 0xFF, 0xF4, 0x00, 0x06, 0xF0, 0x00, 0x2F, 0xC0, 0x00, 0x1F, 0x00, 0x1F,
    0xFF, 0xF8, 0x7A, 0xF6, 0xD1, 0xC7, 0xC3, 0x00, 0x1F, 0x00, 0x00, 0x7F, 0xF4, 0x01, 0xF6, 0xF4,
    0x07, 0xC3, 0xE0, 0x2F, 0x6F, 0x42, 0xFF, 0xE4, 0x00, 0xBF, 0xE0, 0x01, 0xFF, 0xFF, 0x00, 0xF8,
    0x0B, 0xF0, 0xBC, 0x00, 0xFD, 0x3E, 0x00, 0x1F, 0x4F, 0xEA, 0xAF, 0xE7, 0xFF, 0xFF, 0xF8, 0xF8,
    0x00, 0x7D, 0x3F, 0x00, 0x2F, 0x0B, 0xF4, 0x2F, 0x40, 0xBF, 0xFF, 0x80, 0x07, 0xFE, 0x00, 0x02,
    0xFE, 0x01, 0xFF, 0xFC, 0x3E, 0x07, 0xD3, 0xD0, 0x3E, 0x7F, 0xFF, 0xE7, 0xC0, 0x3E, 0x3E, 0x07,
    0xC2, 0xFF, 0xF8, 0x0B, 0xFD, 0x00, 0xBF, 0xF0, 0x0B, 0xC7, 0xFD, 0x02, 0xFC, 0x1F, 0xC0, 0x3C,
    0x00, 0xFC, 0x0B, 0x80, 0x0B, 0xD0, 0xF4, 0x00, 0x3E, 0x0F, 0x00, 0x02, 0xF1, 0xE0, 0x00, 0x1F,
    0x6C, 0x00, 0x00, 0xFB, 0xC0, 0x00, 0x0B, 0xF8, 0x00, 0x00, 0x3F, 0x00, 0x00, 0x02, 0xF0, 0x00,
    0xBF, 0xD0, 0x7C, 0x3F, 0x80, 0xFD, 0x0F, 0x82, 0xFC, 0x0F, 0xC3, 0xC0, 0x07, 0xC7, 0x80, 0x03,
    0xEB, 0x40, 0x02, 0xFF, 0x00, 0x00, 0xFD, 0x00, 0x00, 0xBC, 0x00, 0x00, 0xF0, 0xB0, 0x00, 0x03,
    0xEB, 0xC0, 0x00, 0x03, 0xFD, 0x00, 0x00, 0x00, 0x00, 0x00, 0x7F, 0xF4, 0xFF, 0xF0, 0xBF, 0x41,
    0xFE, 0x00, 0xFC, 0x02, 0xF4, 0x03, 0xF0, 0x1F, 0xD0, 0x0F, 0xC1, 0xFF, 0x40, 0x3F, 0x1F, 0x7D,
    0x00, 0xFD, 0xF1, 0xF4, 0x03, 0xFF, 0x07, 0xD0, 0x0F, 0xF0, 0x1F, 0x40, 0x3F, 0x00, 0x7D, 0x01,
    0xFE, 0x02, 0xFD, 0x1F, 0xFD, 0x3F, 0xFC, 0x00, 0x00, 0x03, 0xD0, 0x00, 0x00, 0x0F, 0x00, 0x00,
    0x00, 0x70, 0x00, 0x03, 0x83, 0x80, 0x03, 0xCB, 0x80, 0x01, 0xFE, 0x00, 0x00, 0x00, 0x00, 0x7F,
    0xC7, 0xFC, 0x2F, 0x42, 0xF0, 0x1F, 0x03, 0xF0, 0x1F, 0x0F, 0xF0, 0x1F, 0x7A, 0xF0, 0x1F, 0xE2,
    0xF0, 0x1F, 0x82, 0xF0, 0x1F, 0x42, 0xF4, 0x7F, 0xC7, 0xFD, 0x00, 0x00, 0x3C, 0x00, 0x00, 0x78,
    0x00, 0x00, 0x70, 0x00, 0x00, 0x00, 0x7F, 0xF4, 0x00, 0xBF, 0x40, 0x00, 0xFC, 0x00, 0x1F, 0xFF,
    0x00, 0x0F, 0xC0, 0x00, 0x3F, 0xFE, 0x00, 0xFE, 0xFF, 0x03, 0xF0, 0x7D, 0x0F, 0xC0, 0xF4, 0x3F,
    0x07, 0xD1, 0xFE, 0xFE, 0x1F, 0xFF, 0xD0, 0x7F, 0x00, 0x1B, 0xC0, 0x01, 0xF0, 0x02, 0xFF, 0xD0,
    0x1F, 0x00, 0x07, 0xC0, 0x01, 0xFF, 0xD0, 0x7E, 0xBD, 0x1F, 0x0F, 0x87, 0xC3, 0xE2, 0xF6, 0xF6,
    0xFF, 0xF4, 0x2F, 0xFF, 0x40, 0xBF, 0xBF, 0x80, 0xFC, 0x3F, 0x03, 0xF0, 0x7C, 0x0F, 0xC6, 0xF0,
    0x3F, 0x7F, 0x80, 0xFF, 0xFC, 0x03, 0xFA, 0xE0, 0x0F, 0xC0, 0x40, 0x3F, 0x00, 0x01, 0xFE, 0x00,
    0x1F, 0xFD, 0x00, 0x6F, 0x7F, 0x82, 0xFF, 0xFF, 0x41, 0xF8, 0x7F, 0x07, 0xC0, 0xFC, 0x1F, 0x02,
    0xF0, 0x7C, 0x4F, 0xC1, 0xF2, 0xFE, 0x07, 0xFF, 0xF0, 0x1F, 0xFF, 0x00, 0x7C, 0x09, 0x01, 0xF0,
    0x00, 0x0B, 0xE0, 0x00, 0xBF, 0xE0, 0x00, 0x00, 0x00, 0x00, 0x00, 0x1C, 0x00, 0x02, 0xD7, 0xFF,
    0xFC, 0x2F, 0xEA, 0xC0, 0xFC, 0x00, 0x0F, 0xC0, 0x00, 0xFC, 0x00, 0x0F, 0xC0, 0x00, 0xFC, 0x00,
    0x0F, 0xC0, 0x00, 0xFC, 0x00, 0x0F, 0xC0, 0x01, 0xFE, 0x00, 0x7F, 0xF8, 0x00, 0x00, 0x00, 0x00,
    0x01, 0xC0, 0x00, 0xB1, 0xFF, 0xFC, 0x1F, 0x96, 0x03, 0xD0, 0x00, 0xF4, 0x00, 0x3D, 0x00, 0x0F,
    0x40, 0x03, 0xD0, 0x01, 0xF9, 0x01, 0xFF, 0xC0, 0x7F, 0xFF, 0xF0, 0xBF, 0xAF, 0xC0, 0xFC, 0x0F,
    0x03, 0xF0, 0x38, 0x0F, 0xC0, 0x00, 0x3F, 0x00, 0x07, 0xFF, 0xC0, 0x03, 0xF0, 0x00, 0x0F, 0xC0,
    0x00, 0x3F, 0x00, 0x01, 0xFE, 0x00, 0x1F, 0xFE, 0x00, 0x7F, 0xFF, 0x87, 0xEB, 0xE0, 0xF4, 0x74,
    0x7D, 0x0C, 0xBF, 0xF0, 0x03, 0xD0, 0x00, 0xF4, 0x00, 0x7E, 0x40, 0x7F, 0xF0, 0x00, 0x7F, 0xFF,
    0xE0, 0x2F, 0xEB, 0xE0, 0x0F, 0xC0, 0xD0, 0x0F, 0xC0, 0x80, 0x0F, 0xC0, 0x00, 0x0F, 0xFF, 0xD0,
    0x0F, 0xFF, 0xF8, 0x0F, 0xC1, 0xFC, 0x0F, 0xC0, 0x7D, 0x0F, 0xC0, 0x7E, 0x1F, 0xE0, 0x3D, 0x7F,
    0xF0, 0x7D, 0x00, 0x00, 0xBC, 0x00, 0x00, 0xF8, 0x00, 0x1B, 0xF0, 0x00, 0x3F, 0x40, 0x7F, 0xFF,
    0x41, 0xF9, 0xB4, 0x0F, 0x03, 0x00, 0xF0, 0x00, 0x0F, 0xFE, 0x00, 0xFF, 0xFD, 0x0F, 0x03, 0xE1,
    0xF4, 0x2F, 0x7F, 0xC2, 0xF0, 0x00, 0x3E, 0x00, 0x03, 0xD0, 0x01, 0xF8, 0x00, 0xBD, 0x00, 0x1F,
    0x07, 0xFF, 0x03, 0xC0, 0xBF, 0x0B, 0xF4, 0x3F, 0x81, 0xBD, 0x0F, 0x82, 0xF9, 0x00, 0x3C, 0x3E,
    0x0F, 0x00, 0x00, 0xB8, 0xF8, 0xB4, 0x00, 0x00, 0xFF, 0xFF, 0xC0, 0x00, 0x0B, 0xEF, 0xEF, 0x80,
    0x00, 0x7D, 0x3E, 0x2F, 0x00, 0x03, 0xF0, 0xF8, 0x3F, 0x00, 0x3F, 0x43, 0xE0, 0xBE, 0x03, 0xF8,
    0x1F, 0xE0, 0xFE, 0x1F, 0x81, 0xFF, 0xC0, 0xFE, 0x00, 0x00, 0x00, 0x00, 0xB8, 0x00, 0x00, 0x00,
    0x01, 0xD0, 0x00, 0x00, 0x00, 0x03, 0x00, 0x00, 0x00, 0x00, 0x00, 0x3D, 0x1F, 0xE0, 0xF0, 0x3F,
    0x4B, 0xC3, 0xF4, 0x07, 0xC7, 0xCB, 0x40, 0x01, 0xEB, 0xEE, 0x00, 0x03, 0xFF, 0xFF, 0x00, 0x07,
    0xD7, 0xCF, 0x80, 0x0F, 0xC7, 0xCB, 0xD0, 0x3F, 0x0B, 0xC3, 0xF0, 0x7D, 0x1F, 0xE0, 0xFC, 0x00,
    0x00, 0x00, 0x3C, 0x00, 0x00, 0x00, 0x38, 0x00, 0x00, 0x00, 0x28, 0x06, 0xFE, 0x02, 0xFF, 0xFC,
    0x2D, 0x07, 0xD2, 0xC0, 0x7D, 0x00, 0x0B, 0xC0, 0x2F, 0xF4, 0x01, 0xAF, 0xD0, 0x00, 0x3F, 0x2C,
    0x03, 0xF7, 0xE0, 0x7E, 0x3F, 0xFF, 0xC0, 0xBF, 0xD0, 0x00, 0x3C, 0x00, 0x3F, 0xC0, 0x03, 0xF0,
    0x00, 0x0B, 0xF8, 0x0F, 0xFF, 0xC2, 0x42, 0xF0, 0x0A, 0xF4, 0x03, 0xFD, 0x00, 0x0B, 0xC7, 0x41,
    0xF1, 0xFF, 0xF8, 0x1F, 0xF8, 0x00, 0x34, 0x01, 0xFC, 0x00, 0x3D, 0x00, 0x7F, 0xF4, 0x3D, 0x0B,
    0xF4, 0x3F, 0x80, 0xFC, 0x1F, 0x90, 0x3F, 0x0F, 0x00, 0x0F, 0xCB, 0x40, 0x03, 0xFF, 0xC0, 0x00,
    0xFD, 0xF8, 0x00, 0x3F, 0x1F, 0x40, 0x0F, 0xC3, 0xF0, 0x03, 0xF0, 0x7F, 0x01, 0xFE, 0x0B, 0xF1,
    0xFF, 0xC0, 0xBF, 0x00, 0x00, 0x07, 0x80, 0x00, 0x01, 0xD0, 0x00, 0x00, 0x34, 0x7F, 0xC1, 0xE0,
    0x7D, 0x1F, 0xC0, 0xF4, 0xF0, 0x03, 0xDB, 0x40, 0x0F, 0xFD, 0x00, 0x3D, 0x7C, 0x00, 0xF4, 0xF8,
    0x07, 0xE1, 0xF4, 0x7F, 0xC2, 0xF4, 0x00, 0x02, 0xE0, 0x00, 0x07, 0x40, 0x00, 0x0C, 0x7F, 0xF4,
    0x1F, 0x02, 0xFD, 0x03, 0xF4, 0x0F, 0xC0, 0xBA, 0x00, 0xFD, 0x8F, 0x00, 0x0F, 0xD9, 0xD0, 0x00,
    0xFF, 0xFC, 0x00, 0x0F, 0xFF, 0xE0, 0x00, 0xFD, 0x9F, 0x40, 0x0F, 0xD8, 0xFC, 0x00, 0xFC, 0x0B,
    0xE0, 0x1F, 0xE0, 0x3F, 0x87, 0xFF, 0x00, 0xFC, 0x7F, 0xC0, 0xF0, 0x1F, 0x02, 0xF4, 0x0F, 0x63,
    0x80, 0x0F, 0xBB, 0x00, 0x0F, 0xFF, 0x00, 0x0F, 0x6B, 0x80, 0x0F, 0x63, 0xD0, 0x1F, 0x42, 0xF0,
    0x7F, 0xC0, 0xF8, 0x7F, 0xF4, 0x3D, 0x0B, 0xF4, 0x2F, 0x80, 0xFC, 0x1F, 0x91, 0xFF, 0xCF, 0x00,
    0x0F, 0xC7, 0x80, 0x03, 0xFB, 0xC0, 0x00, 0xFF, 0xF4, 0x00, 0x3F, 0x2F, 0x00, 0x0F, 0xC3, 0xF0,
    0x03, 0xF0, 0x7E, 0x01, 0xFE, 0x0F, 0xE1, 0xFF, 0xC0, 0xBD, 0x7F, 0x00, 0x01, 0xBC, 0x00, 0x01,
    0xF0, 0x00, 0x2F, 0xF4, 0xB8, 0x1F, 0x07, 0xF0, 0x7C, 0x3C, 0x01, 0xF2, 0xC0, 0x07, 0xFF, 0x40,
    0x1F, 0x2F, 0x00, 0x7C, 0x3E, 0x02, 0xF4, 0xBE, 0x2F, 0xF0, 0xBC, 0x7F, 0xFF, 0x43, 0xC1, 0xFB,
    0xF4, 0x3F, 0x87, 0x4F, 0xC2, 0xF9, 0x1D, 0x3F, 0x0F, 0x00, 0x00, 0xFC, 0xB4, 0x00, 0x03, 0xFF,
    0xC0, 0x00, 0x0F, 0xEF, 0x80, 0x00, 0x3F, 0x2F, 0x00, 0x00, 0xFC, 0x3F, 0x00, 0x03, 0xF0, 0xBE,
    0x00, 0x1F, 0xF0, 0xFE, 0x01, 0xFF, 0xD0, 0xBD, 0x7F, 0xFC, 0x1F, 0x1E, 0xBE, 0x1F, 0xC7, 0x0F,
    0x4F, 0x40, 0x83, 0xDB, 0x40, 0x00, 0xFF, 0xE0, 0x00, 0x3D, 0x7C, 0x00, 0x0F, 0x4F, 0xC0, 0x07,
    0xE1, 0xF8, 0x0B, 0xFC, 0x1F, 0x40, 0x7F, 0xF4, 0xFF, 0xF0, 0xBF, 0x41, 0xBF, 0x40, 0xFC, 0x01,
    0xF4, 0x03, 0xF0, 0x07, 0xD0, 0x0F, 0xC0, 0x1F, 0x40, 0x3F, 0xFF, 0xFD, 0x00, 0xFE, 0xAB, 0xF4,
    0x03, 0xF0, 0x07, 0xD0, 0x0F, 0xC0, 0x1F, 0x40, 0x3F, 0x00, 0x7D, 0x01, 0xFE, 0x02, 0xFE, 0x1F,
    0xFD, 0x3F, 0xFD, 0x00, 0x00, 0x00, 0xF4, 0x00, 0x00, 0x03, 0xC0, 0x00, 0x00, 0x07, 0x00, 0x7F,
    0xC7, 0xFD, 0x1F, 0x82, 0xF4, 0x0F, 0x41, 0xF0, 0x0F, 0x96, 0xF0, 0x0F, 0xFF, 0xF0, 0x0F, 0x41,
    0xF0, 0x0F, 0x41, 0xF0, 0x1F, 0x82, 0xF4, 0x7F, 0xC7, 0xFF, 0x00, 0x00, 0x2E, 0x00, 0x00, 0x1D,
    0x00, 0x00, 0x0D, 0x00, 0x00, 0x00, 0x7F, 0xF4, 0xFF, 0xFF, 0x4B, 0xF4, 0x1B, 0xFB, 0xC0, 0xFC,
    0x01, 0xF4, 0xB0, 0x3F, 0x00, 0x7D, 0x2C, 0x0F, 0xC0, 0x1F, 0x40, 0x03, 0xFF, 0xFF, 0xD0, 0x00,
    0xFE, 0xAB, 0xF4, 0x00, 0x3F, 0x00, 0x7D, 0x00, 0x0F, 0xC0, 0x1F, 0x40, 0x03, 0xF0, 0x07, 0xD0,
    0x01, 0xFE, 0x02, 0xFD, 0x01, 0xFF, 0xD3, 0xFF, 0xC0, 0x7F, 0xC7, 0xFF, 0xD1, 0xF8, 0x2F, 0x6D,
    0x0F, 0x41, 0xF1, 0xD0, 0xF9, 0x6F, 0x1C, 0x0F, 0xFF, 0xF0, 0x00, 0xF4, 0x1F, 0x00, 0x0F, 0x41,
    0xF0, 0x01, 0xF8, 0x2F, 0x40, 0x7F, 0xC7, 0xFD, 0x00, 0x7F, 0xFF, 0xFF, 0xC0, 0x00, 0xBF, 0xEB,
    0xFD, 0x00, 0x00, 0xFC, 0x03, 0xE0, 0x00, 0x03, 0xF0, 0x0F, 0x80, 0x00, 0x0F, 0xC0, 0x3E, 0x00,
    0x00, 0x3F, 0x00, 0xFF, 0xF8, 0x00, 0xFC, 0x03, 0xFF, 0xFC, 0x03, 0xF0, 0x0F, 0x82, 0xFC, 0x0F,
    0xC0, 0x3E, 0x03, 0xF0, 0x3F, 0x00, 0xF8, 0x0B, 0xC1, 0xFE, 0x0B, 0xF4, 0x2F, 0x1F, 0xFC, 0x7F,
    0xF0, 0xBC, 0x00, 0x00, 0x00, 0x03, 0xE0, 0x00, 0x00, 0x00, 0x1F, 0x00, 0x00, 0x00, 0x16, 0xF4,
    0x00, 0x00, 0x00, 0x7E, 0x40, 0x7F, 0xFF, 0xFC, 0x00, 0x1F, 0x97, 0xF0, 0x00, 0x0F, 0x43, 0xE0,
    0x00, 0x0F, 0x43, 0xFF, 0xE0, 0x0F, 0x43, 0xFF, 0xF8, 0x0F, 0x43, 0xE0, 0xBC, 0x0F, 0x43, 0xE0,
    0x7D, 0x1F, 0x43, 0xF0, 0x3D, 0x7F, 0xCB, 0xF8, 0x3D, 0x00, 0x00, 0x00, 0x7C, 0x00, 0x00, 0x00,
    0xB8, 0x00, 0x00, 0x06, 0xF0, 0x00, 0x00, 0x0F, 0x80, 0x00, 0x6F, 0x00, 0x00, 0x0F, 0xD0, 0x00,
    0x00, 0xFC, 0x1F, 0xE0, 0x0B, 0xC1, 0xFF, 0xE0, 0x3E, 0x0F, 0x8B, 0xC0, 0xF8, 0x7D, 0x1F, 0x47,
    0xE1, 0xF4, 0x7C, 0x0F, 0xC7, 0xD2, 0xF0, 0x3F, 0x0F, 0x8F, 0x40, 0x7F, 0x0F, 0xF8, 0x00, 0xBF,
    0xFF, 0xEB, 0x00, 0x2F, 0xFB, 0xF8, 0x02, 0xF4, 0x00, 0x0F, 0x81, 0x40, 0x3E, 0x2F, 0xF4, 0x3C,
    0x3C, 0xBC, 0x7C, 0x7C, 0x7C, 0x7C, 0x7C, 0xB8, 0x3E, 0x3C, 0xF0, 0x1F, 0xEF, 0xE9, 0x06, 0xFF,
    0xFC, 0x00, 0xBF, 0xE0, 0x1F, 0xFF, 0xC0, 0xF8, 0x0F, 0x0B, 0xC0, 0x2C, 0x3E, 0x00, 0x00, 0xF8,
    0x00, 0x07, 0xE0, 0x00, 0x0F, 0x80, 0x00, 0x3F, 0x00, 0x00, 0xBF, 0x00, 0x00, 0xFF, 0xFF, 0x40,
    0x7F, 0xF4, 0x00, 0x0E, 0x00, 0x07, 0xF8, 0x00, 0x0F, 0x80, 0x00, 0x02, 0xFD, 0x07, 0xFF, 0xC3,
    0xE0, 0xF0, 0xF4, 0x14, 0x7D, 0x00, 0x1F, 0x80, 0x03, 0xF4, 0x00, 0xBF, 0xFC, 0x07, 0xFD, 0x00,
    0x2C, 0x00, 0xBF, 0x00, 0x1F, 0x00, 0x7F, 0xFF, 0xFE, 0x7E, 0xFF, 0xBE, 0x74, 0x7D, 0x1D, 0x30,
    0x7D, 0x1C, 0x00, 0x7D, 0x00, 0x00, 0x7D, 0x00, 0x00, 0x7D, 0x00, 0x00, 0x7D, 0x00, 0x00, 0x7D,
    0x00, 0x00, 0x7D, 0x00, 0x01, 0xBF, 0x80, 0x03, 0xFF, 0xD0, 0x00, 0x03, 0xC0, 0x00, 0x03, 0xC0,
    0x00, 0x03, 0xC0, 0x00, 0x00, 0x40, 0x7F, 0xFF, 0xF7, 0x9F, 0x9F, 0x74, 0xF8, 0xF2, 0x0F, 0x84,
    0x00, 0xF8, 0x00, 0x0F, 0x80, 0x00, 0xF8, 0x00, 0x1F, 0x90, 0x07, 0xFF, 0x00, 0x00, 0xF0, 0x00,
    0x0F, 0x00, 0x00, 0xA0, 0xBF, 0xF2, 0xFF, 0x1F, 0xF0, 0x7F, 0x40, 0xFC, 0x0F, 0x40, 0x1F, 0x47,
    0x80, 0x03, 0xF3, 0xC0, 0x00, 0x7E, 0xD0, 0x00, 0x0B, 0xF0, 0x00, 0x00, 0xF8, 0x00, 0x00, 0x3E,
    0x00, 0x00, 0x0F, 0x80, 0x00, 0x0B, 0xF8, 0x00, 0x0F, 0xFF, 0x00, 0xBF, 0xD3, 0xFC, 0xFE, 0x07,
    0xC0, 0xF8, 0x2E, 0x03, 0xF0, 0xF0, 0x07, 0xC7, 0xC0, 0x0F, 0x6D, 0x00, 0x2F, 0xF0, 0x00, 0x3F,
    0x40, 0x00, 0xBC, 0x00, 0x02, 0xF0, 0x00, 0x0B, 0xC0, 0x00, 0x2F, 0x40, 0x03, 0xFF, 0x00, 0xBF,
    0xF2, 0xFF, 0x1F, 0xF0, 0x7F, 0x40, 0xFC, 0x0F, 0x40, 0x2F, 0x47, 0x80, 0x03, 0xE3, 0xC0, 0x00,
    0x7D, 0xE0, 0x00, 0x0F, 0xF0, 0x00, 0x2F, 0xFF, 0xC0, 0x00, 0x7E, 0x00, 0x00, 0x0F, 0x80, 0x00,
    0x0B, 0xF8, 0x00, 0x0F, 0xFF, 0x00, 0xBF, 0xD3, 0xFC, 0xFE, 0x07, 0xC0, 0xF8, 0x2E, 0x03, 0xF0,
    0xF0, 0x07, 0xC7, 0x80, 0x0F, 0x6C, 0x00, 0x1F, 0xF0, 0x00, 0x3F, 0x40, 0x07, 0xFF, 0xC0, 0x02,
    0xF0, 0x00, 0x0B, 0xC0, 0x00, 0x2F, 0x40, 0x03, 0xFF, 0x00, 0x7F, 0xF5, 0xFF, 0x42, 0xFE, 0x0B,
    0xE0, 0x07, 0xE0, 0xF4, 0x00, 0x2F, 0x6E, 0x00, 0x00, 0xFF, 0xC0, 0x00, 0x03, 0xF0, 0x00, 0x00,
    0x7F, 0x80, 0x00, 0x0F, 0xBD, 0x00, 0x03, 0xD3, 0xF0, 0x00, 0xB8, 0x0F, 0xC0, 0x2F, 0x81, 0xFF,
    0x8F, 0xFE, 0x3F, 0xFC, 0x00, 0x00, 0x07, 0xC0, 0x00, 0x00, 0x38, 0x00, 0x00, 0x03, 0x40, 0x7F,
    0xCB, 0xF0, 0xBE, 0x1F, 0x40, 0xBC, 0xF0, 0x00, 0xBF, 0x40, 0x00, 0xFC, 0x00, 0x0B, 0xF8, 0x00,
    0xB9, 0xF4, 0x0B, 0xC2, 0xF4, 0xBF, 0x9F, 0xF4, 0x00, 0x03, 0xD0, 0x00, 0x0B, 0x00, 0x00, 0x1C,
    0x7F, 0xFF, 0xCF, 0xF8, 0x7F, 0xFB, 0xCB, 0xE0, 0x72, 0xF3, 0xC7, 0xD0, 0x22, 0xF2, 0x47, 0xD0,
    0x02, 0xF0, 0x07, 0xD0, 0x02, 0xF0, 0x07, 0xD0, 0x02, 0xF0, 0x07, 0xD0, 0x02, 0xF0, 0x07, 0xD0,
    0x02, 0xF0, 0x07, 0xD0, 0x02, 0xF0, 0x07, 0xD0, 0x07, 0xFE, 0xAF, 0xF8, 0x1F, 0xFF, 0xFF, 0xFD,
    0x00, 0x00, 0x00, 0x3C, 0x00, 0x00, 0x00, 0x3C, 0x00, 0x00, 0x00, 0x2C, 0x7F, 0xFE, 0x7F, 0xC7,
    0xBE, 0xE3, 0xF0, 0x73, 0xEA, 0x2E, 0x01, 0x3E, 0x02, 0xE0, 0x03, 0xE0, 0x2E, 0x00, 0x3E, 0x02,
    0xE0, 0x03, 0xE0, 0x2E, 0x00, 0x3E, 0x57, 0xF4, 0x0F, 0xFF, 0xFF, 0xD0, 0x00, 0x00, 0x3C, 0x00,
    0x00, 0x02, 0xC0, 0x00, 0x00, 0x1C, 0xBF, 0xF3, 0xFF, 0x86, 0xFD, 0x1F, 0xE0, 0x0F, 0x80, 0xBC,
    0x00, 0xF8, 0x0B, 0xC0, 0x0F, 0x80, 0xBC, 0x00, 0xFC, 0x0B, 0xC0, 0x0B, 0xFF, 0xFC, 0x00, 0x1F,
    0xFF, 0xC0, 0x00, 0x00, 0xBC, 0x00, 0x00, 0x0B, 0xC0, 0x00, 0x01, 0xFE, 0x40, 0x00, 0x3F, 0xFC,
    0x00, 0x00, 0x0B, 0xC0, 0x00, 0x00, 0x78, 0x00, 0x00, 0x03, 0x40, 0x00, 0x00, 0x10, 0xFF, 0xDF,
    0xF0, 0xFC, 0x2F, 0x42, 0xF0, 0x7C, 0x0B, 0xC1, 0xF0, 0x1F, 0xEF, 0xC0, 0x1F, 0xFF, 0x00, 0x00,
    0x7C, 0x00, 0x02, 0xF4, 0x00, 0x3F, 0xFC, 0x00, 0x02, 0xE0, 0x00, 0x07, 0x40, 0x00, 0x0D, 0x00,
    0x00, 0x00, 0xBF, 0xF3, 0xFF, 0x9B, 0xF4, 0x7F, 0x80, 0xF8, 0x0B, 0xC0, 0x3E, 0x02, 0xF0, 0x0F,
    0x8C, 0xBC, 0x03, 0xF3, 0x2F, 0x00, 0xBF, 0xFF, 0xC0, 0x07, 0xFF, 0xF0, 0x00, 0x0C, 0xBC, 0x00,
    0x01, 0x2F, 0x00, 0x00, 0x1F, 0xE0, 0x00, 0x0F, 0xFE, 0xFF, 0xCF, 0xF4, 0xFC, 0x2F, 0x42, 0xF0,
    0x7D, 0x0B, 0xCD, 0xF4, 0x1F, 0xFF, 0xD0, 0x1F, 0xFF, 0x40, 0x03, 0x7D, 0x00, 0x02, 0xF8, 0x00,
    0x3F, 0xF4, 0x7F, 0xF4, 0x00, 0x07, 0xF4, 0x00, 0x00, 0xFC, 0x00, 0x00, 0x3F, 0x00, 0x00, 0x0F,
    0xEF, 0xE0, 0x03, 0xFE, 0xFE, 0x00, 0xFC, 0x0F, 0xC0, 0x3F, 0x01, 0xF4, 0x0F, 0xC0, 0x7D, 0x03,
    0xF0, 0x1F, 0x41, 0xFD, 0x0B, 0xE5, 0xFF, 0xCB, 0xFF, 0x6F, 0x00, 0x02, 0xFD, 0x00, 0x01, 0xF4,
    0x00, 0x07, 0xC0, 0x00, 0x1F, 0x6F, 0x80, 0x7F, 0xFF, 0x41, 0xF8, 0x3E, 0x07, 0xD0, 0xFC, 0x1F,
    0x43, 0xF0, 0x7D, 0x0F, 0xC1, 0xF4, 0x3F, 0x0B, 0xD0, 0xFC, 0xBF, 0xCB, 0xFC, 0x00, 0x07, 0xFD,
    0x00, 0x02, 0xFF, 0xF8, 0x00, 0xBD, 0x0B, 0xD3, 0x4F, 0x80, 0x3E, 0xB6, 0xF0, 0x03, 0xEB, 0xFF,
    0xAA, 0xBE, 0x3F, 0xFF, 0xFF, 0xE0, 0x2F, 0x00, 0x00, 0x02, 0xF8, 0x00, 0x00, 0x0F, 0xD0, 0x00,
    0x00, 0x7F, 0xFF, 0xD0, 0x01, 0xBF, 0xE4, 0x00, 0x2F, 0xD0, 0x03, 0xFF, 0xD7, 0x3E, 0x0F, 0xAE,
    0xF9, 0x7E, 0x7F, 0xFF, 0xF8, 0x1F, 0x40, 0x00, 0x3F, 0x00, 0x00, 0xBF, 0xFD, 0x00, 0x7F, 0xE0,
    0x00, 0x07, 0xFD, 0x00, 0x02, 0xFF, 0xF8, 0x00, 0xBD, 0x0B, 0xD3, 0x4F, 0x80, 0x3E, 0xB6, 0xF0,
    0x03, 0xEB, 0xFF, 0xAA, 0xBE, 0x3F, 0xFF, 0xFF, 0xE0, 0x3F, 0x00, 0x00, 0x02, 0xF8, 0x00, 0x00,
    0x0F, 0xD0, 0x00, 0x00, 0xBF, 0xFF, 0xD0, 0x01, 0xBF, 0xF4, 0x00, 0x00, 0xF0, 0x00, 0x00, 0x0F,
    0x00, 0x00, 0x00, 0xA0, 0x00, 0x00, 0x2F, 0xD0, 0x03, 0xFF, 0xD7, 0x3E, 0x0F, 0xAE, 0xF9, 0x7E,
    0x7F, 0xFF, 0xF8, 0x0F, 0x40, 0x00, 0x3E, 0x00, 0x00, 0xBF, 0xEE, 0x00, 0xBF, 0xE0, 0x00, 0x3C,
    0x00, 0x00, 0xF0, 0x00, 0x01, 0xC0, 0x7F, 0xF4, 0xBF, 0x40, 0xFC, 0x03, 0xF0, 0x0F, 0xC0, 0x3F,
    0x00, 0xFC, 0x03, 0xF0, 0x0F, 0xC0, 0x3F, 0x01, 0xFE, 0x1F, 0xFD, 0x00, 0x07, 0x07, 0x40, 0x00,
    0x00, 0x2F, 0x7D, 0x00, 0x00, 0x00, 0x2F, 0xE0, 0x00, 0x00, 0x00, 0x00, 0x00, 0x00, 0x1F, 0x07,
    0xFF, 0x03, 0xC0, 0xBF, 0x0B, 0xF8, 0x3F, 0x81, 0xBD, 0x0F, 0x82, 0xF9, 0x00, 0x3C, 0x3E, 0x0F,
    0x00, 0x00, 0x78, 0xF8, 0xB4, 0x00, 0x00, 0xFF, 0xFF, 0xC0, 0x00, 0x0B, 0xFF, 0xFF, 0x80, 0x00,
    0x7E, 0x3E, 0x2F, 0x00, 0x03, 0xF0, 0xF8, 0x3F, 0x00, 0x3F, 0x43, 0xE0, 0xBE, 0x03, 0xFC, 0x1F,
    0xE0, 0xFE, 0x1F, 0x81, 0xFF, 0xC0, 0xFD, 0x00, 0x34, 0x34, 0x00, 0x00, 0x3C, 0xB4, 0x00, 0x00,
    0x1F, 0xE0, 0x00, 0x00, 0x00, 0x00, 0x00, 0x3D, 0x1F, 0xE0, 0xF0, 0x3F, 0x0B, 0xC3, 0xF4, 0x07,
    0xC7, 0xCB, 0x80, 0x01, 0xDB, 0xDE, 0x00, 0x02, 0xFF, 0xFF, 0x00, 0x03, 0xD7, 0xCF, 0x80, 0x0F,
    0xC7, 0xCB, 0xD0, 0x2F, 0x0B, 0xC3, 0xF0, 0x7D, 0x1F, 0xE0, 0xF8, 0x7F, 0xF4, 0x2E, 0x2F, 0xD0,
    0xFF, 0x0F, 0xC1, 0xF9, 0x0F, 0xC3, 0xC0, 0x0F, 0xCB, 0x40, 0x0F, 0xFF, 0xD0, 0x0F, 0xFF, 0xF8,
    0x0F, 0xC1, 0xFC, 0x0F, 0xC0, 0x7E, 0x0F, 0xC0, 0x3E, 0x1F, 0xE0, 0x3E, 0x7F, 0xF0, 0x3E, 0x00,
    0x00, 0x7C, 0x00, 0x00, 0xF8, 0x00, 0x1B, 0xF0, 0x00, 0x3F, 0x80, 0x7F, 0xC1, 0xE0, 0x7D, 0x1F,
    0xC0, 0xF4, 0xF4, 0x03, 0xD7, 0x80, 0x0F, 0xFF, 0x40, 0x3F, 0xFF, 0x40, 0xF4, 0x3F, 0x07, 0xE0,
    0xBC, 0x7F, 0xC2, 0xF0, 0x00, 0x0B, 0xC0, 0x00, 0x3D, 0x00, 0x07, 0xF0, 0x00, 0x7E, 0x00, 0x0B,
    0xFF, 0xFF, 0x80, 0xBF, 0xFF, 0x80, 0x0F, 0x0B, 0xC0, 0x03, 0xC2, 0xF0, 0x00, 0xF0, 0xBC, 0x00,
    0x38, 0x2F, 0x00, 0x1E, 0x0B, 0xC0, 0x0B, 0x42, 0xF0, 0x03, 0xC0, 0xBC, 0x1A, 0xE0, 0x2F, 0x0B,
    0xF0, 0x1F, 0xE5, 0xF0, 0x1F, 0xFE, 0x00, 0x00, 0x0F, 0x40, 0x00, 0x07, 0x80, 0x00, 0x02, 0xC0,
    0x00, 0x00, 0x10, 0x0F, 0xFF, 0xF4, 0x1F, 0x6F, 0x40, 0x3C, 0x7C, 0x00, 0xE1, 0xF0, 0x03, 0x87,
    0xC0, 0x1D, 0x1F, 0x05, 0xF0, 0x7C, 0x2F, 0x82, 0xF4, 0xB8, 0x3F, 0xF8, 0x00, 0x03, 0xC0, 0x00,
    0x0E, 0x00, 0x00, 0x30, 0x00, 0x00, 0x00, 0x7F, 0xF4, 0xFF, 0xF0, 0xBF, 0x41, 0xBF, 0x40, 0xFC,
    0x01, 0xF4, 0x03, 0xF0, 0x07, 0xD0, 0x0F, 0xC0, 0x1F, 0x40, 0x3F, 0xFF, 0xFD, 0x00, 0xFE, 0xAB,
    0xF4, 0x03, 0xF0, 0x07, 0xD0, 0x0F, 0xC0, 0x1F, 0x40, 0x3F, 0x00, 0x7D, 0x01, 0xFE, 0x01, 0xF4,
    0x1F, 0xFD, 0x07, 0xD0, 0x00, 0x00, 0x1F, 0x00, 0x00, 0x00, 0xFC, 0x00, 0x00, 0x5F, 0xD0, 0x00,
    0x02, 0xFD, 0x00, 0x7F, 0xD7, 0xFD, 0x1F, 0x82, 0xF4, 0x0F, 0x42, 0xF0, 0x0F, 0x42, 0xF0, 0x0F,
    0xFF, 0xF0, 0x0F, 0xEB, 0xF0, 0x0F, 0x42, 0xF0, 0x1F, 0x82, 0xF0, 0x7F, 0xD2, 0xF0, 0x00, 0x02,
    0xF0, 0x00, 0x03, 0xE0, 0x00, 0x1B, 0xC0, 0x00, 0x7F, 0x00, 0x7F, 0xF4, 0xFF, 0xF0, 0xBF, 0x41,
    0xBF, 0x40, 0xFC, 0x01, 0xF4, 0x03, 0xF0, 0x07, 0xD0, 0x0F, 0xC0, 0x1F, 0x40, 0x3F, 0xFF, 0xFD,
    0x00, 0xFE, 0xAB, 0xF4, 0x03, 0xF0, 0x07, 0xD0, 0x0F, 0xC0, 0x1F, 0x40, 0x3F, 0x00, 0x7D, 0x01,
    0xFE, 0x02, 0xFE, 0x1F, 0xFD, 0x3F, 0xFC, 0x00, 0x00, 0x02, 0xE0, 0x00, 0x00, 0x0F, 0x00, 0x00,
    0x00, 0x38, 0x00, 0x00, 0x00, 0x40, 0x7F, 0xC7, 0xFD, 0x1F, 0x82, 0xF4, 0x0F, 0x41, 0xF0, 0x0F,
    0x96, 0xF0, 0x0F, 0xFF, 0xF0, 0x0F, 0x41, 0xF0, 0x0F, 0x41, 0xF0, 0x1F, 0x82, 0xF4, 0x7F, 0xC7,
    0xFE, 0x00, 0x00, 0x3C, 0x00, 0x00, 0x38, 0x00, 0x00, 0x30, 0xBF, 0xF3, 0xFF, 0x9B, 0xF4, 0x7F,
    0x80, 0xF8, 0x0B, 0xC0, 0x3E, 0x02, 0xF0, 0x0F, 0x80, 0xBC, 0x03, 0xF0, 0x2F, 0x00, 0xBF, 0xFF,
    0xC0, 0x07, 0xFF, 0xF0, 0x00, 0x00, 0xBC, 0x00, 0x00, 0x2F, 0x00, 0x00, 0x1F, 0xE0, 0x00, 0x2F,
    0xFE, 0x00, 0x0B, 0xC0, 0x00, 0x01, 0xE0, 0x00, 0x00, 0x34, 0x00, 0xFF, 0xDF, 0xF0, 0xFC, 0x2F,
    0x42, 0xF0, 0x7C, 0x0B, 0xC1, 0xF0, 0x1F, 0xEF, 0xC0, 0x1F, 0xFF, 0x00, 0x00, 0x7C, 0x00, 0x02,
    0xF4, 0x00, 0x3F, 0xF0, 0x00, 0xF0, 0x00, 0x03, 0xC0, 0x00, 0x0A, 0x00, 0x2F, 0xF4, 0x0F, 0xFC,
    0x02, 0xFE, 0x03, 0xFD, 0x00, 0x7F, 0xC1, 0xFE, 0x00, 0x1E, 0xF0, 0xBB, 0xC0, 0x0B, 0x7D, 0x3A,
    0xF0, 0x02, 0xCB, 0x9D, 0x7C, 0x00, 0xF1, 0xFB, 0x1F, 0x00, 0x3C, 0x3F, 0xC7, 0xC0, 0x0F, 0x0F,
    0xD0, 0xF4, 0x03, 0xC1, 0xF0, 0x3D, 0x02, 0xF8, 0x3C, 0x2F, 0xD2, 0xFF, 0x40, 0x1F, 0xFC, 0x00,
    0x00, 0x00, 0x3E, 0x00, 0x00, 0x00, 0x0F, 0x00, 0x00, 0x00, 0x07, 0x40, 0x00, 0x00, 0x00, 0x40,
    0x7F, 0xC0, 0x7F, 0x81, 0xFC, 0x0F, 0xE0, 0x0F, 0xE1, 0xFE, 0x00, 0xEF, 0x3F, 0xE0, 0x0E, 0xBB,
    0x7E, 0x00, 0xE3, 0xF3, 0xE0, 0x0E, 0x2D, 0x3E, 0x01, 0xF0, 0x83, 0xE0, 0x7F, 0x80, 0xFF, 0xC0,
    0x00, 0x00, 0xB8, 0x00, 0x00, 0x0F, 0x00, 0x00, 0x00, 0xD0, 0x3F, 0xF0, 0x7F, 0x00, 0xFC, 0x03,
    0xF0, 0x0F, 0xC0, 0x3F, 0x00, 0xFC, 0x03, 0xF0, 0x0F, 0xC0, 0x3F, 0x00, 0xFC, 0x03, 0xF4, 0x3F,
    0xF0, 0x02, 0xC1, 0xC0, 0x00, 0xB9, 0xF4, 0x00, 0x0B, 0xF4, 0x00, 0x00, 0x00, 0x00, 0x00, 0x0F,
    0x00, 0x00, 0x0F, 0xD0, 0x00, 0x03, 0xFC, 0x00, 0x02, 0xEF, 0x00, 0x00, 0xF3, 0xE0, 0x00, 0xB4,
    0xFC, 0x00, 0x3C, 0x2F, 0x40, 0x1F, 0xAF, 0xE0, 0x0F, 0xFF, 0xFC, 0x07, 0xC0, 0x2F, 0x47, 0xF4,
    0x0B, 0xF7, 0xFF, 0x0B, 0xFF, 0x0D, 0x0D, 0x00, 0xF2, 0xD0, 0x07, 0xF8, 0x00, 0x00, 0x00, 0x07,
    0xF8, 0x02, 0xFB, 0xF0, 0x3D, 0x1F, 0x00, 0x41, 0xF0, 0x06, 0xFF, 0x03, 0xFA, 0xF0, 0x3D, 0x1F,
    0x03, 0xFF, 0xFD, 0x1F, 0x8B, 0xC0, 0x00, 0x40, 0x40, 0x00, 0xF8, 0xF4, 0x00, 0x2E, 0x3D, 0x00,
    0x00, 0x00, 0x00, 0x00, 0x0F, 0x00, 0x00, 0x0F, 0xD0, 0x00, 0x03, 0xFC, 0x00, 0x02, 0xEF, 0x00,
    0x00, 0xF3, 0xE0, 0x00, 0xB4, 0xFC, 0x00, 0x3C, 0x2F, 0x40, 0x1F, 0xAF, 0xE0, 0x0F, 0xFF, 0xFC,
    0x07, 0xC0, 0x2F, 0x47, 0xF4, 0x0B, 0xF7, 0xFF, 0x0B, 0xFF, 0x00, 0x04, 0x01, 0xF3, 0xE0, 0x1F,
    0x2D, 0x00, 0x00, 0x00, 0x07, 0xF8, 0x02, 0xFB, 0xF0, 0x3D, 0x1F, 0x00, 0x41, 0xF0, 0x06, 0xFF,
    0x03, 0xFA, 0xF0, 0x3D, 0x1F, 0x03, 0xFF, 0xFD, 0x1F, 0x8B, 0xC0, 0x00, 0x1F, 0xFF, 0xFF, 0x80,
    0x01, 0xFF, 0xEB, 0xE0, 0x00, 0x7B, 0xF0, 0x34, 0x00, 0x3C, 0xFC, 0x04, 0x00, 0x2E, 0x3F, 0x00,
    0x00, 0x0F, 0x0F, 0xEB, 0x40, 0x0B, 0x83, 0xFF, 0xD0, 0x03, 0xFA, 0xFC, 0x00, 0x03, 0xFF, 0xFF,
    0x01, 0x41, 0xF0, 0x0F, 0xC0, 0xF1, 0xFD, 0x07, 0xFA, 0xFC, 0xFF, 0xC7, 0xFF, 0xFE, 0x06, 0xF8,
    0xBE, 0x02, 0xFB, 0xFE, 0xFC, 0x3D, 0x1F, 0x03, 0xD0, 0x42, 0xF6, 0xBD, 0x0B, 0xFF, 0xFE, 0x83,
    0xF6, 0xF0, 0x00, 0x7D, 0x0F, 0x80, 0x03, 0xFB, 0xFF, 0xFC, 0x1F, 0xE1, 0xFF, 0x40, 0x07, 0x43,
    0x40, 0x1F, 0x7D, 0x00, 0x2F, 0xE0, 0x00, 0x00, 0x00, 0x7F, 0xFF, 0xF0, 0x7F, 0xAF, 0xC0, 0xFC,
    0x0B, 0x03, 0xF0, 0x04, 0x0F, 0xC0, 0x00, 0x3F, 0xFF, 0x00, 0xFE, 0xA8, 0x03, 0xF0, 0x00, 0x0F,
    0xC0, 0x20, 0x3F, 0x01, 0xD1, 0xFE, 0xBF, 0x5F, 0xFF, 0xFC, 0x0E, 0x0E, 0x03, 0xD7, 0x80, 0x7F,
    0x80, 0x00, 0x00, 0x02, 0xFD, 0x07, 0xEF, 0xC3, 0xD0, 0xF8, 0xF9, 0x7E, 0x7F, 0xFF, 0x9F, 0x00,
    0x03, 0xE0, 0x00, 0xBF, 0xBD, 0x0B, 0xFE, 0x00, 0x06, 0xFE, 0x40, 0x2F, 0xFF, 0xE0, 0x3D, 0x07,
    0xF4, 0x10, 0x01, 0xFC, 0x00, 0x00, 0xFC, 0x00, 0x00, 0xFC, 0x3F, 0xFF, 0xFC, 0x7E, 0xAA, 0xFC,
    0x7D, 0x00, 0xF8, 0x3F, 0x02, 0xF0, 0x1F, 0xFF, 0xD0, 0x07, 0xFE, 0x00, 0x0B, 0xF8, 0x0F, 0xBF,
    0xC2, 0x01, 0xF4, 0x00, 0x3E, 0x7F, 0xFF, 0x9F, 0xAB, 0xD7, 0xC0, 0xF0, 0xFE, 0xF8, 0x0B, 0xF4,
    0x00, 0x01, 0x01, 0x00, 0x07, 0xCB, 0xC0, 0x07, 0xCB, 0x80, 0x00, 0x00, 0x00, 0x06, 0xFE, 0x40,
    0x2F, 0xFF, 0xE0, 0x3D, 0x07, 0xF4, 0x10, 0x01, 0xFC, 0x00, 0x00, 0xFC, 0x00, 0x00, 0xFC, 0x3F,
    0xFF, 0xFC, 0x7E, 0xAA, 0xFC, 0x7D, 0x00, 0xF8, 0x3F, 0x02, 0xF0, 0x1F, 0xFF, 0xD0, 0x07, 0xFE,
    0x00, 0x04, 0x00, 0x0B, 0x8F, 0x42, 0xE3, 0xC0, 0x00, 0x00, 0x0B, 0xF8, 0x0F, 0xBF, 0xC2, 0x01,
    0xF4, 0x00, 0x3E, 0x7F, 0xFF, 0x9F, 0xAB, 0xD7, 0xC0, 0xF0, 0xFE, 0xF8, 0x0B, 0xF4, 0x00, 0x00,
    0x01, 0x01, 0x00, 0x00, 0x00, 0x2F, 0x3E, 0x00, 0x00, 0x00, 0xB8, 0xF4, 0x00, 0x00, 0x00, 0x00,
    0x00, 0x00, 0x1F, 0x07, 0xFF, 0x03, 0xC0, 0xBF, 0x0B, 0xF8, 0x3F, 0x81, 0xBD, 0x0F, 0x82, 0xF9,
    0x00, 0x3C, 0x3E, 0x0F, 0x00, 0x00, 0x78, 0xF8, 0xB4, 0x00, 0x00, 0xFF, 0xFF, 0xC0, 0x00, 0x0B,
    0xFF, 0xFF, 0x80, 0x00, 0x7E, 0x3E, 0x2F, 0x00, 0x03, 0xF0, 0xF8, 0x3F, 0x00, 0x3F, 0x43, 0xE0,
    0xBE, 0x03, 0xFC, 0x1F, 0xE0, 0xFE, 0x1F, 0x81, 0xFF, 0xC0, 0xFD, 0x00, 0x00, 0x10, 0x00, 0x00,
    0x7C, 0xF8, 0x00, 0x00, 0x3C, 0xB4, 0x00, 0x00, 0x00, 0x00, 0x00, 0x3D, 0x1F, 0xE0, 0xF0, 0x3F,
    0x0B, 0xC3, 0xF4, 0x07, 0xC7, 0xCB, 0x80, 0x01, 0xDB, 0xDE, 0x00, 0x02, 0xFF, 0xFF, 0x00, 0x03,
    0xD7, 0xCF, 0x80, 0x0F, 0xC7, 0xCB, 0xD0, 0x2F, 0x0B, 0xC3, 0xF0, 0x7D, 0x1F, 0xE0, 0xF8, 0x01,
    0x04, 0x00, 0xF5, 0xF0, 0x0F, 0x1F, 0x00, 0x00, 0x00, 0x06, 0xFE, 0x02, 0xFE, 0xFC, 0x2C, 0x07,
    0xD2, 0xC0, 0x7D, 0x00, 0x0B, 0xC0, 0x2F, 0xF4, 0x01, 0xAF, 0xD0, 0x00, 0x3F, 0x18, 0x03, 0xF7,
    0xD0, 0x3E, 0x3F, 0xEF, 0xC0, 0xBF, 0xE0, 0x04, 0x00, 0x0B, 0x8F, 0x42, 0xE3, 0xC0, 0x00, 0x00,
    0x0B, 0xF8, 0x0F, 0xFF, 0xC2, 0x42, 0xF0, 0x0A, 0xF4, 0x03, 0xFD, 0x00, 0x0B, 0xC7, 0x41, 0xF1,
    0xFF, 0xF8, 0x1F, 0xF4, 0x00, 0x3F, 0xFF, 0xC3, 0xEA, 0xFC, 0x38, 0x0F, 0x42, 0x43, 0xD0, 0x00,
    0xF4, 0x00, 0x2F, 0xD0, 0x01, 0xFF, 0x80, 0x00, 0xFC, 0x10, 0x07, 0xC7, 0x80, 0xFC, 0x7F, 0xFF,
    0x41, 0xBF, 0x90, 0x3F, 0xFF, 0x5F, 0xAF, 0xD3, 0x03, 0xD0, 0x03, 0xD0, 0x02, 0xE0, 0x01, 0xFE,
    0x00, 0x3F, 0xF0, 0x00, 0xBD, 0x00, 0x0F, 0x84, 0x03, 0xDB, 0x41, 0xF1, 0xFF, 0xF4, 0x1F, 0xE4,
    0x00, 0x00, 0x2A, 0xA0, 0x00, 0x0B, 0xFF, 0x00, 0x00, 0x00, 0x00, 0x07, 0xFF, 0x4F, 0xFF, 0x2F,
    0xD0, 0x7F, 0x80, 0xFC, 0x02, 0xF4, 0x0F, 0xC0, 0x7F, 0x40, 0xFC, 0x1F, 0xF4, 0x0F, 0xC7, 0xDF,
    0x40, 0xFE, 0xF1, 0xF4, 0x0F, 0xFC, 0x1F, 0x40, 0xFF, 0x01, 0xF4, 0x0F, 0xC0, 0x1F, 0x41, 0xFE,
    0x02, 0xF9, 0x7F, 0xF4, 0xFF, 0xF0, 0x01, 0xAA, 0x40, 0x03, 0xFF, 0x80, 0x00, 0x00, 0x00, 0x7F,
    0xC7, 0xFC, 0x1F, 0x42, 0xF4, 0x0F, 0x43, 0xF0, 0x0F, 0x4F, 0xF0, 0x0F, 0x7E, 0xF0, 0x0F, 0xF1,
    0xF0, 0x0F, 0xC1, 0xF0, 0x1F, 0x82, 0xF4, 0x7F, 0xC7, 0xFC, 0x00, 0x10, 0x10, 0x00, 0x0F, 0x8F,
    0x40, 0x00, 0xB4, 0xF0, 0x00, 0x00, 0x00, 0x00, 0x7F, 0xF4, 0xFF, 0xF2, 0xFD, 0x07, 0xF8, 0x0F,
    0xC0, 0x2F, 0x40, 0xFC, 0x07, 0xF4, 0x0F, 0xC1, 0xFF, 0x40, 0xFC, 0x7D, 0xF4, 0x0F, 0xEF, 0x1F,
    0x40, 0xFF, 0xC1, 0xF4, 0x0F, 0xF0, 0x1F, 0x40, 0xFC, 0x01, 0xF4, 0x1F, 0xE0, 0x2F, 0x97, 0xFF,
    0x4F, 0xFF, 0x00, 0x00, 0x00, 0x03, 0xD7, 0xC0, 0x03, 0xC7, 0x80, 0x00, 0x00, 0x00, 0x7F, 0xC7,
    0xFC, 0x1F, 0x42, 0xF4, 0x0F, 0x43, 0xF0, 0x0F, 0x4F, 0xF0, 0x0F, 0x7E, 0xF0, 0x0F, 0xF1, 0xF0,
    0x0F, 0xC1, 0xF0, 0x1F, 0x82, 0xF4, 0x7F, 0xC7, 0xFC, 0x00, 0x40, 0x40, 0x00, 0x7C, 0xFC, 0x00,
    0x1F, 0x2E, 0x00, 0x00, 0x00, 0x00, 0x00, 0xBF, 0xE0, 0x01, 0xFF, 0xFF, 0x00, 0xFC, 0x0B, 0xF0,
    0xBC, 0x00, 0xFC, 0x3E, 0x00, 0x2F, 0x4F, 0x80, 0x07, 0xE7, 0xE0, 0x01, 0xF8, 0xFC, 0x00, 0x7D,
    0x3F, 0x00, 0x3F, 0x0B, 0xF0, 0x2F, 0x40, 0xFF, 0xFF, 0x80, 0x07, 0xFE, 0x00, 0x01, 0x00, 0x00,
    0xF9, 0xF0, 0x0B, 0x4F, 0x00, 0x00, 0x00, 0x02, 0xFE, 0x01, 0xFF, 0xFC, 0x3E, 0x0B, 0xD3, 0xD0,
    0x3E, 0x7D, 0x03, 0xE7, 0xD0, 0x3E, 0x3F, 0x07, 0xC2, 0xFF, 0xF8, 0x0B, 0xFD, 0x00, 0x00, 0xBF,
    0xE0, 0x01, 0xFF, 0xFF, 0x00, 0xF8, 0x0B, 0xF0, 0xBC, 0x00, 0xFD, 0x3E, 0x00, 0x1F, 0x4F, 0xEA,
    0xAF, 0xE7, 0xFF, 0xFF, 0xF8, 0xF8, 0x00, 0x7D, 0x3F, 0x00, 0x2F, 0x0B, 0xF4, 0x2F, 0x40, 0xBF,
    0xFF, 0x80, 0x07, 0xFE, 0x00, 0x02, 0xFE, 0x01, 0xFF, 0xFC, 0x3E, 0x07, 0xD3, 0xD0, 0x3E, 0x7F,
    0xFF, 0xE7, 0xC0, 0x3E, 0x3E, 0x07, 0xC2, 0xFF, 0xF8, 0x0B, 0xFD, 0x00, 0x00, 0x40, 0x40, 0x00,
    0x7C, 0xFC, 0x00, 0x1F, 0x2E, 0x00, 0x00, 0x00, 0x00, 0x00, 0xBF, 0xE0, 0x01, 0xFF, 0xFF, 0x00,
    0xF8, 0x0B, 0xF0, 0xBC, 0x00, 0xFD, 0x3E, 0x00, 0x1F, 0x4F, 0xEA, 0xAF, 0xE7, 0xFF, 0xFF, 0xF8,
    0xF8, 0x00, 0x7D, 0x3F, 0x00, 0x2F, 0x0B, 0xF4, 0x2F, 0x40, 0xBF, 0xFF, 0x80, 0x07, 0xFE, 0x00,
    0x01, 0x00, 0x00, 0xF9, 0xF0, 0x0B, 0x4F, 0x00, 0x00, 0x00, 0x02, 0xFE, 0x01, 0xFF, 0xFC, 0x3E,
    0x07, 0xD3, 0xD0, 0x3E, 0x7F, 0xFF, 0xE7, 0xC0, 0x3E, 0x3E, 0x07, 0xC2, 0xFF, 0xF8, 0x0B, 0xFD,
    0x00, 0x01, 0x04, 0x00, 0x3D, 0x7C, 0x00, 0xF1, 0xF0, 0x00, 0x00, 0x00, 0x0B, 0xFE, 0x00, 0xFF,
    0xFF, 0x43, 0xD0, 0x7F, 0x0F, 0x00, 0x7E, 0x04, 0x00, 0xFC, 0x03, 0xFF, 0xF0, 0x0A, 0xAF, 0xC0,
    0x00, 0x3F, 0x28, 0x01, 0xF5, 0xF4, 0x1F, 0xC3, 0xFF, 0xFC, 0x02, 0xFF, 0x80, 0x04, 0x00, 0x0F,
    0x8F, 0x02, 0xD3, 0xC0, 0x00, 0x00, 0x0B, 0xF8, 0x0F, 0xFF, 0xC2, 0x01, 0xF4, 0x05, 0x7E, 0x03,
    0xFF, 0x80, 0x03, 0xE7, 0x41, 0xF1, 0xFF, 0xF8, 0x1F, 0xF4, 0x00, 0x00, 0xAA, 0x80, 0x00, 0xBF,
    0xF0, 0x00, 0x00, 0x00, 0x03, 0xFF, 0x8B, 0xFC, 0x7F, 0x80, 0xFD, 0x03, 0xE0, 0x2D, 0x00, 0xBC,
    0x0F, 0x00, 0x0F, 0x4B, 0x40, 0x02, 0xF3, 0xC0, 0x00, 0x3F, 0xC0, 0x00, 0x0B, 0xE0, 0x00, 0x00,
    0xF0, 0x00, 0x0C, 0xB4, 0x00, 0x07, 0xFC, 0x00, 0x00, 0xF8, 0x00, 0x00, 0x02, 0xAA, 0x00, 0x2F,
    0xFC, 0x00, 0x00, 0x00, 0x2F, 0xF4, 0xFF, 0x3F, 0x81, 0xF0, 0x3E, 0x0B, 0x80, 0xFC, 0x3C, 0x01,
    0xF1, 0xE0, 0x03, 0xEB, 0x40, 0x07, 0xFC, 0x00, 0x0F, 0xD0, 0x00, 0x2F, 0x00, 0x00, 0xB4, 0x01,
    0x4B, 0xC0, 0x0F, 0xFC, 0x00, 0x2F, 0x80, 0x00, 0x00, 0x41, 0x40, 0x00, 0xF8, 0xF4, 0x00, 0x2D,
    0x3C, 0x00, 0x00, 0x00, 0x00, 0xFF, 0xE2, 0xFF, 0x1F, 0xE0, 0x3F, 0x40, 0xF8, 0x0B, 0x40, 0x2F,
    0x03, 0xC0, 0x03, 0xD2, 0xD0, 0x00, 0xBC, 0xF0, 0x00, 0x0F, 0xF0, 0x00, 0x02, 0xF8, 0x00, 0x00,
    0x3C, 0x00, 0x03, 0x2D, 0x00, 0x01, 0xFF, 0x00, 0x00, 0x3E, 0x00, 0x00, 0x01, 0x00, 0x00, 0x2E,
    0x3D, 0x00, 0xB4, 0xF0, 0x00, 0x00, 0x00, 0xBF, 0xD3, 0xFC, 0xFE, 0x07, 0xC0, 0xF8, 0x2E, 0x03,
    0xF0, 0xF0, 0x07, 0xC7, 0x80, 0x0F, 0xAD, 0x00, 0x1F, 0xF0, 0x00, 0x3F, 0x40, 0x00, 0xBC, 0x00,
    0x02, 0xD0, 0x05, 0x2F, 0x00, 0x3F, 0xF0, 0x00, 0xBE, 0x00, 0x00, 0x00, 0x08, 0x18, 0x00, 0x0F,
    0x1F, 0x00, 0x0F, 0x4F, 0x40, 0x03, 0x06, 0x00, 0x00, 0x00, 0x00, 0x3F, 0xF8, 0xBF, 0xC7, 0xF8,
    0x0F, 0xD0, 0x3E, 0x02, 0xD0, 0x0B, 0xC0, 0xF0, 0x00, 0xF4, 0xB4, 0x00, 0x2F, 0x3C, 0x00, 0x03,
    0xFC, 0x00, 0x00, 0xBE, 0x00, 0x00, 0x0F, 0x00, 0x00, 0xCB, 0x40, 0x00, 0x7F, 0xC0, 0x00, 0x0F,
    0x80, 0x00, 0x00, 0x00, 0x00, 0x00, 0x03, 0x8D, 0x00, 0x0E, 0x78, 0x00, 0xB2, 0xC0, 0x02, 0x49,
    0x00, 0x00, 0x00, 0x0B, 0xFD, 0x3F, 0xCF, 0xE0, 0x7C, 0x0F, 0x82, 0xE0, 0x3F, 0x0F, 0x00, 0x7C,
    0x78, 0x00, 0xFA, 0xD0, 0x01, 0xFF, 0x00, 0x03, 0xF4, 0x00, 0x0B, 0xC0, 0x00, 0x2D, 0x00, 0x52,
    0xF0, 0x03, 0xFF, 0x00, 0x0B, 0xE0, 0x00, 0x00, 0x00, 0x40, 0x40, 0x00, 0xBC, 0xF8, 0x00, 0x2E,
    0x3D, 0x00, 0x00, 0x00, 0x00, 0xBF, 0xF3, 0xFF, 0x9B, 0xF4, 0x7F, 0x80, 0xF8, 0x0B, 0xC0, 0x3E,
    0x02, 0xF0, 0x0F, 0x80, 0xBC, 0x03, 0xF0, 0x2F, 0x00, 0xBF, 0xFF, 0xC0, 0x07, 0xFF, 0xF0, 0x00,
    0x00, 0xBC, 0x00, 0x00, 0x2F, 0x00, 0x00, 0x1F, 0xE0, 0x00, 0x0F, 0xFE, 0x01, 0x00, 0x00, 0x3E,
    0x3C, 0x00, 0xB4, 0xF0, 0x00, 0x00, 0x00, 0xFF, 0xDF, 0xF0, 0xFC, 0x2F, 0x42, 0xF0, 0x7C, 0x0B,
    0xC1, 0xF0, 0x1F, 0x9B, 0xC0, 0x1F, 0xFF, 0x00, 0x00, 0x7C, 0x00, 0x02, 0xF4, 0x00, 0x3F, 0xF0,
    0x7F, 0xFF, 0xF0, 0xBF, 0xAF, 0xC0, 0xFC, 0x0F, 0x03, 0xF0, 0x38, 0x0F, 0xC0, 0x00, 0x3F, 0x00,
    0x00, 0xFC, 0x00, 0x03, 0xF0, 0x00, 0x0F, 0xC0, 0x00, 0x3F, 0x00, 0x01, 0xFE, 0x40, 0x1F, 0xFF,
    0x00, 0x00, 0xB8, 0x00, 0x01, 0xE0, 0x00, 0x03, 0x40, 0x00, 0x04, 0x00, 0x7F, 0xFF, 0x87, 0xEB,
    0xD0, 0xF4, 0x74, 0x3D, 0x1C, 0x0F, 0x40, 0x03, 0xD0, 0x00, 0xF4, 0x00, 0x7E, 0x40, 0x7F, 0xF0,
    0x00, 0x3C, 0x00, 0x0F, 0x00, 0x02, 0x80, 0x00, 0x04, 0x04, 0x00, 0x00, 0x07, 0xCB, 0xC0, 0x00,
    0x01, 0xF2, 0xE0, 0x00, 0x00, 0x00, 0x00, 0x00, 0x7F, 0xF4, 0x03, 0xFF, 0x8B, 0xF4, 0x00, 0xBF,
    0x80, 0xFC, 0x00, 0x0B, 0xC0, 0x3F, 0x00, 0x02, 0xF0, 0x0F, 0xC0, 0x00, 0xBC, 0x03, 0xFF, 0xD0,
    0x2F, 0x00, 0xFE, 0xFE, 0x0B, 0xC0, 0x3F, 0x0B, 0xC2, 0xF0, 0x0F, 0xC1, 0xF4, 0xBC, 0x03, 0xF0,
    0xBC, 0x2F, 0x01, 0xFE, 0xFE, 0x1F, 0xE5, 0xFF, 0xF9, 0x0F, 0xFE, 0x00, 0x10, 0x10, 0x00, 0x02,
    0xF3, 0xD0, 0x00, 0x07, 0x8F, 0x40, 0x00, 0x00, 0x00, 0x00, 0x7F, 0xE0, 0x2F, 0xF4, 0x7E, 0x00,
    0x2F, 0x40, 0xF4, 0x00, 0xBC, 0x03, 0xFE, 0x42, 0xF0, 0x0F, 0xAF, 0x4B, 0xC0, 0x3D, 0x2E, 0x2F,
    0x00, 0xF4, 0xBC, 0xBC, 0x07, 0xEB, 0xD2, 0xF4, 0x7F, 0xFD, 0x2F, 0xF0, 0x7F, 0xFF, 0xF0, 0xBF,
    0xAF, 0xC0, 0xFC, 0x0F, 0x03, 0xF0, 0x38, 0x0F, 0xC0, 0x01, 0xBF, 0xA0, 0x02, 0xFE, 0x80, 0x03,
    0xF0, 0x00, 0x0F, 0xC0, 0x00, 0x3F, 0x00, 0x01, 0xFE, 0x40, 0x1F, 0xFF, 0x00, 0x00, 0x1D, 0x00,
    0x07, 0xF0, 0x00, 0x1F, 0x40, 0x00, 0x7F, 0xFF, 0x87, 0xEB, 0xE0, 0xF4, 0x74, 0x7D, 0x08, 0xBF,
    0xF0, 0x03, 0xD0, 0x00, 0xF4, 0x00, 0x7E, 0x40, 0x7F, 0xF4, 0x00, 0x0E, 0x00, 0x3F, 0x40, 0x0F,
    0x80, 0x7F, 0xF5, 0xFF, 0x4B, 0xF8, 0x2F, 0x80, 0x7E, 0x0F, 0x40, 0x0B, 0xDB, 0x80, 0x00, 0xFF,
    0xC0, 0x00, 0x0F, 0xC0, 0x00, 0x07, 0xF8, 0x00, 0x03, 0xEF, 0x40, 0x03, 0xD3, 0xF0, 0x02, 0xE0,
    0x7E, 0x02, 0xF8, 0x0B, 0xD3, 0xFF, 0x80, 0xFC, 0x00, 0x00, 0x3F, 0x00, 0x00, 0x0F, 0xC0, 0x00,
    0x1B, 0xD0, 0x00, 0x0F, 0xD0, 0x7F, 0xCB, 0xF0, 0xBE, 0x1F, 0x40, 0xBC, 0xF0, 0x00, 0xBF, 0x40,
    0x00, 0xFC, 0x00, 0x0B, 0xF4, 0x00, 0xB9, 0xF4, 0x0B, 0xC2, 0xF0, 0xBF, 0x83, 0xE0, 0x00, 0x07,
    0xC0, 0x00, 0x1F, 0x00, 0x01, 0xF8, 0x00, 0x1F, 0x80, 0x7F, 0xF5, 0xFF, 0x4B, 0xF8, 0x2F, 0x80,
    0x7E, 0x0F, 0x40, 0x0B, 0xDB, 0x80, 0x00, 0xFF, 0xC0, 0x02, 0xFF, 0xFE, 0x00, 0x1B, 0xFD, 0x40,
    0x03, 0xEF, 0x40, 0x03, 0xD3, 0xF0, 0x02, 0xE0, 0x3F, 0x02, 0xF8, 0x1F, 0xF7, 0xFF, 0x8F, 0xFF,
    0x7F, 0xCB, 0xF0, 0x7E, 0x1F, 0x40, 0x7C, 0xF0, 0x00, 0xBF, 0x40, 0x1F, 0xFF, 0xC0, 0x0B, 0xF4,
    0x00, 0xF8, 0xF4, 0x1F, 0xC2, 0xF4, 0xFF, 0x9F, 0xF4, 0x55, 0x55, 0x55, 0x55, 0x55, 0x55, 0x50,
    0x55, 0x28, 0x7D, 0x14, 0x14, 0x14, 0x14, 0x14, 0x14, 0x14, 0x14, 0x14, 0x14, 0x14, 0x00, 0x02,
    0x00, 0x08, 0xAA, 0xE8, 0x08, 0x82, 0x08, 0x00, 0x80, 0x08, 0x00, 0x80, 0x08, 0x00, 0x80, 0x08,
    0x00, 0x80, 0x08, 0x00, 0x80, 0x04, 0x00, 0x08, 0x02, 0x40, 0xBA, 0xA2, 0x02, 0x08, 0x20, 0x02,
    0x00, 0x20, 0x02, 0x00, 0x20, 0x02, 0x00, 0x20, 0x02, 0x00, 0x20, 0x02, 0x00, 0x20, 0x01, 0x7F,
    0xF7, 0xFE, 0x7F, 0xF7, 0xFE, 0xFF, 0xFF, 0x6A, 0xAA, 0x80, 0xFF, 0xFF, 0xAA, 0xAA, 0x90, 0xFF,
    0xFF, 0xFF, 0xFF, 0xEA, 0xAA, 0xAA, 0xAA, 0xA0, 0xFF, 0xFF, 0xFF, 0xFF, 0xEA, 0xAA, 0xAA, 0xAA,
    0xA0, 0xB8, 0xF2, 0xE3, 0xCB, 0x8F, 0x2E, 0x3C, 0xB8, 0xF2, 0xE3, 0xCB, 0x8F, 0x2E, 0x3C, 0xB8,
    0xF2, 0xE3, 0xCB, 0x8F, 0x2E, 0x3C, 0xB8, 0xF2, 0xE3, 0xCB, 0x8F, 0x2E, 0x3C, 0xB8, 0xF0, 0xFF,
    0xFF, 0xAA, 0xAA, 0x90, 0x00, 0x03, 0xFF, 0xFE, 0xAA, 0xAA, 0x40, 0x00, 0x1D, 0x3C, 0x3C, 0x7C,
    0x3C, 0x2C, 0x3E, 0x2D, 0x3C, 0x74, 0x00, 0x2C, 0x3E, 0x2D, 0x3C, 0x74, 0x00, 0x00, 0x3C, 0x7C,
    0x3C, 0x2C, 0x0D, 0x00, 0x00, 0x1D, 0x3C, 0x3C, 0x74, 0x3C, 0xF0, 0x7C, 0xF4, 0x3C, 0xB4, 0x2C,
    0x78, 0xF9, 0xF2, 0xD3, 0xCF, 0x1D, 0x74, 0xF0, 0x00, 0x00, 0x2C, 0x78, 0xF9, 0xF2, 0xD3, 0xCF,
    0x1D, 0x74, 0xF0, 0x00, 0x00, 0x00, 0x00, 0x3C, 0xB8, 0x7C, 0xF4, 0x3C, 0xF0, 0x2C, 0x78, 0x0D,
    0x2C, 0x03, 0xD0, 0x03, 0xD0, 0x12, 0xC5, 0x7F, 0xFF, 0x7F, 0xEF, 0x02, 0xC0, 0x02, 0xC0, 0x02,
    0xC0, 0x03, 0xC0, 0x03, 0xC0, 0x03, 0xD0, 0x03, 0xD0, 0x02, 0xC0, 0x7F, 0xEF, 0x7F, 0xFF, 0x12,
    0xC5, 0x02, 0xC0, 0x03, 0xD0, 0x02, 0xC0, 0x12, 0xC5, 0x7F, 0xFF, 0x7F, 0xEF, 0x02, 0xC0, 0x03,
    0xD0, 0x19, 0x0F, 0xD7, 0xF4, 0xBC, 0x74, 0x02, 0xFD, 0x0B, 0xFF, 0x2F, 0xFC, 0xBF, 0x41, 0xD0,
    0x00, 0x19, 0x3F, 0x2E, 0x28, 0x19, 0x7E, 0x3F, 0x3D, 0x3E, 0x28, 0x06, 0x40, 0xA2, 0xF4, 0x3F,
    0x07, 0xE7, 0xC0, 0xB8, 0x0F, 0x40, 0x19, 0x3F, 0x2E, 0x02, 0x00, 0x08, 0x82, 0xE8, 0x08, 0x82,
    0x08, 0x00, 0x80, 0x08, 0x00, 0x80, 0x08, 0x00, 0x80, 0x08, 0x00, 0x80, 0x08, 0x00, 0x80, 0x04,
    0x00, 0x08, 0x02, 0x40, 0xB8, 0x22, 0x02, 0x08, 0x20, 0x02, 0x00, 0x20, 0x02, 0x00, 0x20, 0x02,
    0x00, 0x20, 0x02, 0x00, 0x20, 0x02, 0x00, 0x20, 0x01, 0x05, 0x00, 0xF0, 0x25, 0x80, 0x50, 0x05,
    0x00, 0x50, 0x05, 0x00, 0x50, 0x05, 0x00, 0x50, 0x05, 0x00, 0x50, 0x05, 0x00, 0x50, 0x05, 0x00,
    0x00, 0x05, 0x50, 0x01, 0x94, 0x6A, 0xD9, 0x50, 0x98, 0x56, 0x60, 0x50, 0x00, 0x50, 0x00, 0x50,
    0x00, 0x50, 0x00, 0x50, 0x00, 0x50, 0x00, 0x50, 0x00, 0x50, 0x00, 0x50, 0x00, 0x50, 0x00, 0x40,
    0x00, 0x05, 0x50, 0x16, 0x40, 0x67, 0xA9, 0x26, 0x05, 0x09, 0x95, 0x00, 0x05, 0x00, 0x05, 0x00,
    0x05, 0x00, 0x05, 0x00, 0x05, 0x00, 0x05, 0x00, 0x05, 0x00, 0x05, 0x00, 0x05, 0x00, 0x05, 0x00,
    0x01, 0x00, 0x00, 0x06, 0x00, 0x00, 0x00, 0x2F, 0x80, 0x3C, 0x00, 0x00, 0x02, 0xEB, 0x81, 0xE0,
    0x00, 0x00, 0x0F, 0x0F, 0x0F, 0x00, 0x00, 0x00, 0x38, 0x3C, 0x74, 0x00, 0x00, 0x00, 0xF0, 0xE3,
    0xC0, 0x00, 0x00, 0x03, 0xEF, 0x5D, 0x2F, 0x40, 0xBE, 0x03, 0xF4, 0xF3, 0xEF, 0x4B, 0xAD, 0x00,
    0x07, 0x5E, 0x1E, 0x38, 0x3C, 0x00, 0x3C, 0x78, 0x39, 0xE0, 0xF0, 0x02, 0xD1, 0xE1, 0xE3, 0x83,
    0x80, 0x0E, 0x03, 0xDF, 0x0F, 0xBD, 0x00, 0xB0, 0x07, 0xF4, 0x0F, 0xD0, 0x01, 0x80, 0x00, 0x00,
    0x00, 0x00, 0x0A, 0x03, 0xC2, 0xE0, 0xF0, 0x74, 0x04, 0x00, 0x0A, 0x0D, 0x0F, 0x2F, 0x2E, 0x3D,
    0x3C, 0x7C, 0x74, 0xB0, 0x10, 0x00, 0x0A, 0x0D, 0x1C, 0x0F, 0x2F, 0x3E, 0x2E, 0x3D, 0x7C, 0x3C,
    0x7C, 0xB8, 0x74, 0xB0, 0xF0, 0x10, 0x00, 0x00, 0x34, 0x1F, 0x03, 0xD0, 0x7C, 0x0B, 0x00, 0x00,
    0x28, 0x74, 0x7C, 0xB8, 0x3D, 0x3C, 0x1F, 0x2E, 0x0B, 0x0F, 0x01, 0x00, 0x28, 0x74, 0x70, 0x7C,
    0xB8, 0xF4, 0x3D, 0x3C, 0xBC, 0x1F, 0x2E, 0x3D, 0x0B, 0x0F, 0x0E, 0x01, 0x00, 0x00, 0x01, 0x80,
    0x07, 0xF0, 0x2D, 0x3C, 0x03, 0x87, 0xC7, 0xD1, 0xF4, 0x1F, 0x00, 0xE0, 0x38, 0x01, 0xF0, 0x0B,
    0xC0, 0xBC, 0x1F, 0x03, 0x80, 0x90, 0x00, 0x21, 0xD2, 0xC3, 0xC1, 0xDB, 0x2C, 0x01, 0xD2, 0xC0,
    0x11, 0xEC, 0x51, 0xE3, 0xD3, 0xC2, 0x1E, 0xC5, 0x01, 0xD2, 0xC0, 0x1D, 0xB2, 0xC1, 0xD2, 0xC3,
    0xC9, 0x00, 0x02, 0x00, 0x7C, 0x1F, 0x3F, 0x0F, 0xCF, 0x83, 0xE3, 0xE0, 0xF8, 0xF8, 0x3D, 0x2D,
    0x0B, 0x4B, 0x42, 0xD1, 0xD0, 0xB4, 0x74, 0x1D, 0x00, 0x00, 0x02, 0x80, 0xA2, 0xF0, 0xBC, 0x7C,
    0x1F, 0x00, 0xFF, 0xFF, 0xAA, 0xAA, 0x90, 0x7F, 0x5F, 0xD0, 0x00, 0x03, 0x40, 0x01, 0xD0, 0x00,
    0xF0, 0x00, 0x74, 0x00, 0x3C, 0x00, 0x1D, 0x00, 0x0E, 0x00, 0x0B, 0x00, 0x03, 0x80, 0x02, 0xC0,
    0x00, 0xE0, 0x00, 0xF0, 0x00, 0x78, 0x00, 0x0C, 0x00, 0x00, 0x7E, 0x40, 0xBE, 0x03, 0xFF, 0x43,
    0xFF, 0x05, 0x6F, 0x09, 0x6E, 0x00, 0x1D, 0x00, 0x3C, 0x00, 0x74, 0x00, 0xF0, 0x6F, 0xC0, 0x7F,
    0xC3, 0xFD, 0x07, 0xF8, 0x0F, 0x40, 0x0E, 0x00, 0x28, 0x00, 0x34, 0x00, 0x00, 0x00, 0x00, 0x01,
    0x90, 0x02, 0x80, 0x0F, 0xC0, 0x1F, 0x80, 0x2E, 0x00, 0x3D, 0x00, 0x7E, 0x40, 0x3C, 0xFF, 0xD0,
    0xBC, 0x56, 0xF0, 0xBC, 0x00, 0x74, 0xB8, 0x00, 0x74, 0xB8, 0x1B, 0xF0, 0xB8, 0x3F, 0xD0, 0x78,
    0x3D, 0x00, 0x78, 0x28, 0x00, 0x38, 0x00, 0x00, 0x00, 0x19, 0x00, 0x28, 0x3F, 0x00, 0x7D, 0x2E,
    0x00, 0x7C, 0x7C, 0x2F, 0x80, 0xFC, 0x3F, 0xF0, 0xF8, 0x25, 0xBC, 0xF8, 0x00, 0x2C, 0xF8, 0x00,
    0x2C, 0xB4, 0x06, 0xFC, 0xB4, 0x0F, 0xF0, 0x74, 0x0F, 0x00, 0x74, 0x0A, 0x00, 0x00, 0x00, 0x00,
    0x28, 0x06, 0x40, 0xBC, 0x0F, 0x80, 0x7C, 0x0F, 0x40, 0x06, 0x40, 0x10, 0xFF, 0xFB, 0xC2, 0x42,
    0xFD, 0x00, 0x0A, 0x0D, 0x1C, 0x28, 0x0F, 0x2F, 0x3E, 0x3C, 0x2E, 0x3D, 0x7C, 0xBC, 0x3C, 0x7C,
    0xB8, 0xF4, 0x74, 0xB0, 0xF1, 0xE0, 0x10, 0x00, 0x00, 0x40, 0x0B, 0xE0, 0x3E, 0xBC, 0x78, 0x3C,
    0xB4, 0x3C, 0xB8, 0x3C, 0x3E, 0xF8, 0x1F, 0xE0, 0x00, 0xB0, 0x03, 0xF0, 0x0F, 0xF0, 0x2C, 0xF0,
    0x7A, 0xF8, 0x7F, 0xFC, 0x00, 0xF0, 0x00, 0xF0, 0x3F, 0xD3, 0xE8, 0x34, 0x07, 0xF4, 0x1B, 0xD0,
    0x2D, 0x5B, 0xCB, 0xE0, 0x01, 0xF4, 0x2F, 0x42, 0xF0, 0x0F, 0xF8, 0x3D, 0xB8, 0xF0, 0xF3, 0xEB,
    0x82, 0xF8, 0xFF, 0xFF, 0xAE, 0x93, 0xC0, 0x74, 0x0F, 0x01, 0xE0, 0x3C, 0x02, 0xC0, 0x0B, 0xE0,
    0xBA, 0xD3, 0xC7, 0x43, 0xF8, 0x2E, 0xF4, 0xE0, 0xE3, 0xEB, 0x87, 0xF8, 0x0F, 0xD0, 0xFB, 0xD3,
    0xC3, 0x8F, 0xAF, 0x0F, 0xF8, 0x03, 0xC1, 0xBE, 0x0F, 0xD0, 0x7A, 0xF0, 0x3E, 0xF4, 0x2C, 0x38,
    0x2C, 0x38, 0x2C, 0x38, 0xBD, 0xBD, 0x0B, 0xE0, 0x3E, 0xBC, 0x78, 0x3C, 0xB4, 0x3C, 0xB8, 0x3C,
    0x3E, 0xF8, 0x1F, 0xE0, 0x0B, 0x0B, 0xF0, 0x0F, 0x00, 0xF0, 0x0F, 0x01, 0xF4, 0xBF, 0xD0, 0x0B,
    0xE0, 0xFB, 0xE2, 0x8B, 0x40, 0x7C, 0x07, 0x80, 0xBE, 0x93, 0xFF, 0xC0, 0x1F, 0xE0, 0xF7, 0xD1,
    0x0F, 0x02, 0xF8, 0x06, 0xF4, 0x02, 0xE1, 0x6F, 0x0F, 0xE0, 0x00, 0xB0, 0x03, 0xF0, 0x0F, 0xF0,
    0x2C, 0xF0, 0x7A, 0xF8, 0x7F, 0xFC, 0x00, 0xF0, 0x00, 0xF0, 0x3F, 0xD3, 0xE8, 0x34, 0x07, 0xF4,
    0x1B, 0xD0, 0x2D, 0x5B, 0xCB, 0xE0, 0x01, 0xF4, 0x2F, 0x42, 0xF0, 0x0F, 0xF8, 0x3D, 0xB8, 0xF0,
    0xF3, 0xEB, 0x82, 0xF8, 0xFF, 0xFF, 0xAE, 0x93, 0xC0, 0x74, 0x0F, 0x01, 0xE0, 0x3C, 0x02, 0xC0,
    0x0B, 0xE0, 0xBA, 0xD3, 0xC7, 0x43, 0xF8, 0x2E, 0xF4, 0xE0, 0xE3, 0xEB, 0x87, 0xF8, 0x0F, 0xD0,
    0xFB, 0xD3, 0xC3, 0x8F, 0xAF, 0x0F, 0xF8, 0x03, 0xC1, 0xBE, 0x0F, 0xD0, 0x3F, 0xFF, 0xF1, 0xFE,
    0xBF, 0x0B, 0xC0, 0xF0, 0xBC, 0x05, 0x0B, 0xC0, 0x00, 0xBE, 0xA8, 0x0B, 0xFF, 0xC0, 0xBC, 0x00,
    0x3F, 0xFC, 0x00, 0xBC, 0x00, 0x1F, 0xE4, 0x03, 0xFF, 0xC0, 0x00, 0x2F, 0x80, 0x03, 0xFF, 0xC0,
    0x1F, 0x0F, 0x00, 0xF8, 0x24, 0x03, 0xE5, 0x00, 0xBF, 0xFD, 0x00, 0x7D, 0x50, 0x0F, 0xFF, 0xC0,
    0x0B, 0x80, 0x00, 0x3D, 0x00, 0x07, 0xFF, 0xFF, 0x0F, 0xAF, 0xF8, 0x2F, 0xFE, 0x00, 0x00, 0x00,
    0x01, 0xFF, 0xBF, 0x00, 0x00, 0x00, 0x00, 0xF8, 0x3E, 0x00, 0x00, 0x00, 0x03, 0xE0, 0xF8, 0x3C,
    0x00, 0x00, 0x0F, 0x83, 0xD1, 0xF0, 0x00, 0x00, 0x3F, 0xFF, 0x2F, 0xFC, 0x2F, 0x80, 0xFF, 0xE0,
    0xBF, 0xA3, 0xD7, 0x43, 0xE0, 0x00, 0x7C, 0x0F, 0x98, 0x0F, 0x80, 0x01, 0xF0, 0x1F, 0xF0, 0x3E,
    0x00, 0x07, 0xC0, 0x97, 0xE1, 0xFE, 0x00, 0x1F, 0xF7, 0x9F, 0x5F, 0xFD, 0x00, 0x2F, 0x8B, 0xF4,
    0x00, 0x2F, 0xE0, 0x07, 0xFF, 0xD0, 0x3E, 0x0B, 0x02, 0xF0, 0x18, 0x0F, 0x94, 0x01, 0xFF, 0xF4,
    0x02, 0xF5, 0x40, 0x3F, 0xFF, 0x00, 0x0F, 0x40, 0x00, 0x3F, 0x40, 0x00, 0x3F, 0xFF, 0x00, 0x2F,
    0xF4, 0x02, 0x00, 0x00, 0x3D, 0x00, 0x02, 0xD0, 0x00, 0x2F, 0xFF, 0xFE, 0x7E, 0xFF, 0xF8, 0xB4,
    0x00, 0x00, 0xB8, 0x00, 0x00, 0x80, 0x00, 0x02, 0xD0, 0x02, 0xFE, 0x03, 0xFF, 0xF0, 0x97, 0x54,
    0x01, 0xD0, 0x00, 0x74, 0x00, 0x1D, 0x00, 0x07, 0x40, 0x01, 0xD0, 0x00, 0x74, 0x00, 0x1D, 0x00,
    0x00, 0x02, 0x00, 0x00, 0x1F, 0x00, 0x00, 0x1E, 0x2F, 0xFF, 0xFE, 0xBF, 0xFE, 0xF4, 0x00, 0x07,
    0x80, 0x00, 0xB8, 0x00, 0x00, 0x80, 0x01, 0xD0, 0x00, 0x74, 0x00, 0x1D, 0x00, 0x07, 0x40, 0x01,
    0xD0, 0x00, 0x74, 0x02, 0x5D, 0x60, 0xF7, 0x7C, 0x0F, 0xFC, 0x01, 0xFD, 0x00, 0x1D, 0x00, 0x02,
    0x02, 0x00, 0x3C, 0x0F, 0x03, 0xC0, 0x0F, 0x2F, 0xFF, 0xFE, 0x7E, 0xAA, 0xF4, 0x78, 0x0B, 0x40,
    0x60, 0x24, 0x00, 0x00, 0x40, 0x00, 0xF8, 0x00, 0xFF, 0xC0, 0xFB, 0xB8, 0x05, 0xD4, 0x00, 0x74,
    0x00, 0x1D, 0x00, 0x07, 0x50, 0x3D, 0xDF, 0x03, 0xFF, 0x00, 0x3F, 0x00, 0x02, 0x00, 0x01, 0xD0,
    0x02, 0xFE, 0x02, 0xFF, 0xE0, 0x67, 0x64, 0x01, 0xD0, 0x06, 0x76, 0x42, 0xEE, 0xE0, 0x2F, 0xE0,
    0x02, 0xE0, 0x0A, 0xBA, 0x87, 0xFF, 0xF4, 0x00, 0x0F, 0x00, 0x03, 0xC0, 0x00, 0xF0, 0x00, 0x3C,
    0x01, 0x8F, 0x01, 0xF3, 0xC0, 0xE0, 0xF0, 0xFF, 0xFC, 0x3F, 0xFF, 0x07, 0x80, 0x00, 0x7C, 0x00,
    0x06, 0x00, 0x28, 0x00, 0x0F, 0x00, 0x03, 0xC0, 0x00, 0xF0, 0x00, 0x3C, 0x40, 0x0F, 0x3C, 0x03,
    0xC7, 0xC0, 0xFF, 0xFC, 0x3F, 0xFF, 0x00, 0x0F, 0x00, 0x0F, 0x00, 0x01, 0x00, 0x00, 0x00, 0xF0,
    0x06, 0x03, 0xC0, 0x7C, 0x0F, 0x07, 0x80, 0x2C, 0x3F, 0xFF, 0xF0, 0xFE, 0xAA, 0x80, 0xF0, 0x00,
    0x00, 0xF0, 0x00, 0x01, 0x80, 0x00, 0x00, 0x80, 0x00, 0x0E, 0x00, 0x00, 0xFF, 0xFF, 0x8F, 0xFF,
    0xFE, 0xB0, 0x00, 0x00, 0xFF, 0xFF, 0xE1, 0xFF, 0xFF, 0x82, 0xC0, 0x00, 0x03, 0xC0, 0x00, 0x02,
    0x00, 0x00, 0x00, 0x74, 0x00, 0x03, 0xF0, 0x00, 0x3D, 0xF0, 0x03, 0xF3, 0xF0, 0x2E, 0xCE, 0xE0,
    0x97, 0x35, 0x80, 0x2C, 0xD0, 0x00, 0xB3, 0x80, 0x02, 0xCE, 0x00, 0x0B, 0x38, 0x00, 0x2C, 0xE0,
    0x00, 0x00, 0x08, 0x00, 0x00, 0x2C, 0x0B, 0xFF, 0xFC, 0x2F, 0xFF, 0xFC, 0x00, 0x00, 0x3A, 0xFF,
    0xFF, 0xCB, 0xFF, 0xFC, 0x00, 0x02, 0xC0, 0x00, 0x08, 0x00, 0x02, 0xCE, 0x00, 0x0B, 0x38, 0x00,
    0x2C, 0xE0, 0x00, 0xB3, 0x80, 0x02, 0xCE, 0x00, 0x07, 0x34, 0x02, 0x5C, 0xD6, 0x0B, 0xF3, 0xF8,
    0x0B, 0xCF, 0x80, 0x07, 0xF4, 0x00, 0x07, 0x40, 0x00, 0x02, 0x46, 0x00, 0x2D, 0x1D, 0x01, 0xFA,
    0xBD, 0x0F, 0xFF, 0xFC, 0xF0, 0x00, 0x3C, 0xFF, 0xFF, 0xC1, 0xFA, 0xBD, 0x02, 0xD1, 0xD0, 0x02,
    0x46, 0x00, 0x3F, 0x00, 0x0F, 0x0B, 0xC0, 0x0B, 0x81, 0xF8, 0x03, 0xC0, 0x3F, 0xFF, 0xF0, 0x0B,
    0xFF, 0xF4, 0x01, 0xF8, 0x3C, 0x00, 0x3F, 0x1E, 0x00, 0x0B, 0xCF, 0x00, 0x00, 0xFB, 0x80, 0x00,
    0x3F, 0xD0, 0x00, 0x07, 0xF0, 0x00, 0x00, 0xF0, 0x00, 0x07, 0xF8, 0x07, 0xFF, 0x80, 0x41, 0xF0,
    0x00, 0x3D, 0x02, 0xFF, 0x47, 0xFF, 0xD3, 0xD0, 0xF6, 0xE0, 0x3C, 0xF4, 0x1F, 0x3D, 0x0B, 0x8F,
    0x87, 0xC2, 0xFF, 0xD0, 0x2F, 0x80, 0x00, 0x7F, 0xFF, 0x5F, 0xFF, 0xE0, 0x00, 0xF8, 0x00, 0x3E,
    0x00, 0x0F, 0x8F, 0xFF, 0xE3, 0xFF, 0xF8, 0x00, 0x3E, 0x00, 0x0F, 0x80, 0x03, 0xEB, 0xFB, 0xFA,
    0xFF, 0xFD, 0x00, 0x00, 0x01, 0x40, 0x2F, 0xF4, 0xD0, 0x7F, 0xFF, 0xE0, 0x7E, 0x01, 0xF8, 0x3E,
    0x00, 0xFF, 0x0F, 0x00, 0xF3, 0xD7, 0xC0, 0xF0, 0xF5, 0xF0, 0xF0, 0x3D, 0x7C, 0xF0, 0x0F, 0x0F,
    0xF0, 0x0B, 0xC2, 0xF4, 0x0B, 0xD0, 0xBF, 0xFF, 0xD0, 0x71, 0xFF, 0x80, 0x14, 0x00, 0x00, 0x00,
    0x00, 0x2D, 0x00, 0x00, 0xBE, 0x00, 0x00, 0xFF, 0x00, 0x01, 0xEF, 0x40, 0x03, 0xCF, 0xC0, 0x07,
    0x8B, 0xC0, 0x0F, 0x03, 0xE0, 0x0E, 0x03, 0xF0, 0x2D, 0x01, 0xF4, 0x3C, 0x00, 0xF8, 0x7E, 0xAA,
    0xFC, 0xBF, 0xFF, 0xFC, 0xBF, 0xFF, 0xFA, 0xFE, 0xAF, 0xE7, 0xD0, 0x0F, 0x0F, 0xC0, 0x7C, 0x2F,
    0x02, 0xD0, 0x3E, 0x0F, 0x00, 0xFC, 0x78, 0x01, 0xF3, 0xC0, 0x03, 0xEE, 0x00, 0x0B, 0xF4, 0x00,
    0x1F, 0xC0, 0x00, 0x3C, 0x00, 0x00, 0xBF, 0xFF, 0x01, 0xFF, 0xFF, 0xC0, 0xF8, 0x00, 0x00, 0xBC,
    0x00, 0x00, 0x3D, 0x00, 0x00, 0x0F, 0xFF, 0xFF, 0xC3, 0xFF, 0xFF, 0xF0, 0xF4, 0x00, 0x00, 0x2F,
    0x00, 0x00, 0x03, 0xE0, 0x00, 0x00, 0x7F, 0xFF, 0xF0, 0x02, 0xFF, 0xFC, 0x00, 0x00, 0x3C, 0x00,
    0x2F, 0xFF, 0xC0, 0x7F, 0xFF, 0xF0, 0x3E, 0x07, 0xC0, 0x2F, 0x02, 0xD0, 0x0F, 0x40, 0xF0, 0x03,
    0xFF, 0xFF, 0xF0, 0xFF, 0xFF, 0xFC, 0x3D, 0x0F, 0x00, 0x0B, 0xC7, 0x80, 0x00, 0xFB, 0xD0, 0x00,
    0x1F, 0xFF, 0xFC, 0x00, 0xFF, 0xFF, 0x00, 0x3C, 0x00, 0x00, 0x01, 0xBF, 0xFF, 0x02, 0xFF, 0xFF,
    0xC2, 0xF4, 0x00, 0x00, 0xF8, 0x00, 0x00, 0x3F, 0xFF, 0xFF, 0x0F, 0xFF, 0xFF, 0xC3, 0xE0, 0x00,
    0x00, 0xBD, 0x00, 0x00, 0x0B, 0xFF, 0xFF, 0x00, 0x6F, 0xFF, 0xC0, 0x3F, 0xFF, 0x80, 0x0F, 0xFF,
    0xFD, 0x00, 0x00, 0x0B, 0xC0, 0x00, 0x00, 0xF8, 0x00, 0x00, 0x1F, 0x0F, 0xFF, 0xFF, 0xC3, 0xFF,
    0xFF, 0xF0, 0x00, 0x00, 0x7C, 0x00, 0x00, 0x3E, 0x00, 0x00, 0x2F, 0x03, 0xFF, 0xFF, 0x40, 0xFF,
    0xFE, 0x00, 0x0F, 0x00, 0x00, 0x0B, 0xFF, 0xE0, 0x03, 0xFF, 0xFF, 0x40, 0x0F, 0x42, 0xF0, 0x01,
    0xE0, 0x3E, 0x00, 0x3C, 0x07, 0xC3, 0xFF, 0xFF, 0xF0, 0xFF, 0xFF, 0xFC, 0x00, 0x3C, 0x1F, 0x00,
    0x0B, 0x4F, 0x80, 0x01, 0xFB, 0xC0, 0xFF, 0xFF, 0xD0, 0x3F, 0xFF, 0xC0, 0x00, 0x00, 0xF0, 0x00,
    0x3F, 0xFF, 0x90, 0x0F, 0xFF, 0xFE, 0x00, 0x00, 0x07, 0xE0, 0x00, 0x00, 0xBC, 0x3F, 0xFF, 0xFF,
    0x0F, 0xFF, 0xFF, 0xC0, 0x00, 0x02, 0xF0, 0x00, 0x01, 0xF8, 0x3F, 0xFF, 0xF8, 0x0F, 0xFF, 0xE4,
    0x00, 0x7F, 0xFF, 0xFF, 0xE2, 0xFF, 0xAF, 0xF8, 0x0F, 0xC0, 0x2F, 0x00, 0xFC, 0x02, 0xF0, 0x0F,
    0xC0, 0x2F, 0x00, 0xFC, 0x02, 0xF0, 0x0F, 0xC0, 0x2F, 0x00, 0xFC, 0x02, 0xF0, 0x0F, 0xC0, 0x2F,
    0x00, 0xFC, 0x02, 0xF0, 0x0F, 0xC0, 0x2F, 0x00, 0xFC, 0x02, 0xF0, 0x0F, 0xC0, 0x2F, 0x01, 0xFE,
    0x07, 0xF8, 0x7F, 0xF4, 0xFF, 0xE0, 0x3F, 0xFF, 0xF4, 0xFE, 0xAB, 0xD2, 0xF4, 0x07, 0x43, 0xF0,
    0x08, 0x03, 0xE0, 0x00, 0x0B, 0xD0, 0x00, 0x0F, 0xC0, 0x00, 0x1F, 0x00, 0x00, 0xF8, 0x00, 0x0B,
    0xC0, 0x00, 0x7C, 0x00, 0x03, 0xD0, 0x0A, 0x2F, 0x00, 0x3D, 0xFE, 0xAF, 0xE3, 0xFF, 0xFF, 0x40,
    0x00, 0x00, 0x7F, 0xFF, 0x1A, 0xAA, 0x80, 0x00, 0x0F, 0x00, 0x07, 0xC0, 0x03, 0xD0, 0x01, 0xF0,
    0x00, 0xF4, 0x00, 0x3C, 0x00, 0x2E, 0x00, 0x0F, 0x00, 0x0B, 0x80, 0x03, 0xD0, 0x01, 0xF0, 0x00,
    0xF4, 0x00, 0x3C, 0x00, 0x00, 0x3C, 0x00, 0x0F, 0x40, 0x01, 0xF0, 0x00, 0x3D, 0x00, 0x0B, 0x80,
    0x00, 0xF0, 0x00, 0x2E, 0x00, 0x03, 0xC0, 0x00, 0xF4, 0x00, 0x1F, 0x00, 0x03, 0xD0, 0x00, 0x7C,
    0x00, 0x0F, 0x00, 0x02, 0xC0, 0x08, 0xB1, 0x47, 0xEE, 0xF0, 0x7F, 0xE0, 0x1F, 0xF8, 0x1F, 0xBB,
    0xC2, 0x2C, 0x50, 0x0B, 0x00, 0x1F, 0xC1, 0xFB, 0xCB, 0x0B, 0x6C, 0x2C, 0x7E, 0xF0, 0xBE, 0x00,
    0x19, 0x3F, 0x3D, 0x00, 0x00, 0x2D, 0x00, 0x00, 0x3C, 0x00, 0x00, 0x3C, 0x00, 0x00, 0x74, 0x00,
    0x00, 0xB0, 0x00, 0x00, 0xF0, 0x00, 0x00, 0xE0, 0x3F, 0x42, 0xC0, 0x3F, 0x83, 0xC0, 0x07, 0xC3,
    0x80, 0x03, 0xC7, 0x40, 0x03, 0xDB, 0x00, 0x01, 0xEE, 0x00, 0x00, 0xFD, 0x00, 0x00, 0xFC, 0x00,
    0x00, 0x7C, 0x00, 0x1F, 0x42, 0x5F, 0xB7, 0xCB, 0x0B, 0xC2, 0xC2, 0xF0, 0x7E, 0xDF, 0x0B, 0xC0,
    0xD0, 0x2F, 0x47, 0xD1, 0xEF, 0x7B, 0xCB, 0x0F, 0x47, 0x7C, 0x3E, 0x1D, 0xBB, 0xEE, 0xF0, 0xBC,
    0x1F, 0x40, 0xB4, 0x00, 0x02, 0xD0, 0x00, 0x0B, 0x40, 0x00, 0x2D, 0x00, 0x00, 0xB4, 0x00, 0x02,
    0xD0, 0x00, 0x0B, 0x40, 0x00, 0x2D, 0x00, 0x00, 0xB4, 0x00, 0x02, 0xD0, 0x00, 0x0B, 0xFF, 0xFF,
    0xAF, 0xFF, 0xFE, 0x00, 0x00, 0x24, 0x00, 0x00, 0x2F, 0x00, 0x00, 0x1F, 0x40, 0x00, 0x0F, 0x80,
    0x00, 0x0F, 0xC0, 0x00, 0x0B, 0xC0, 0x00, 0x07, 0xC0, 0x00, 0x03, 0xD0, 0x00, 0x03, 0xE0, 0x00,
    0x03, 0xF0, 0x00, 0x02, 0xFF, 0xFF, 0xF9, 0xFF, 0xFF, 0xFE, 0xF7, 0xDF, 0x7D, 0xF7, 0xDF, 0x7D,
    0xF7, 0xDF, 0x7D, 0xF7, 0xDF, 0x7D, 0xF4, 0xB8, 0xF2, 0xE3, 0xCB, 0x8F, 0x2E, 0x3C, 0xB8, 0xF2,
    0xE3, 0xCB, 0x8F, 0x2E, 0x3C, 0xB8, 0xF2, 0xE3, 0xCB, 0x8F, 0x2E, 0x3C, 0xB8, 0xF2, 0xE3, 0xCB,
    0x8F, 0x2E, 0x3C, 0xB8, 0xF0, 0x00, 0x2E, 0x00, 0x00, 0x0F, 0xC0, 0x00, 0x07, 0xF8, 0x00, 0x03,
    0xEF, 0x00, 0x00, 0xF3, 0xD0, 0x00, 0xB8, 0x78, 0x00, 0x3D, 0x0F, 0x00, 0x1F, 0x02, 0xE0, 0x0F,
    0x80, 0x7C, 0x03, 0xC0, 0x0F, 0x42, 0xF0, 0x02, 0xE0, 0xF4, 0x00, 0x3C, 0x3D, 0x00, 0x0F, 0x0B,
    0xC0, 0x0B, 0x80, 0xF0, 0x03, 0xD0, 0x3E, 0x01, 0xF0, 0x07, 0xC0, 0xB8, 0x00, 0xF4, 0x3C, 0x00,
    0x2E, 0x1E, 0x00, 0x03, 0xCF, 0x40, 0x00, 0xFB, 0xC0, 0x00, 0x1F, 0xE0, 0x00, 0x03, 0xF0, 0x00,
    0x00, 0xB8, 0x00, 0x02, 0xFE, 0x00, 0x7F, 0xFF, 0x43, 0xE0, 0x2F, 0x0F, 0x00, 0x3C, 0x3C, 0x00,
    0xF0, 0xF0, 0x03, 0xC3, 0xC0, 0x0F, 0x0F, 0x00, 0x3C, 0x3C, 0x00, 0xF0, 0xF0, 0x03, 0xC3, 0xC0,
    0x0F, 0x0F, 0x00, 0x3C, 0x3C, 0x00, 0xF0, 0xF0, 0x03, 0xC3, 0xC0, 0x0F, 0x0F, 0x00, 0x3C, 0x3C,
    0x00, 0xF0, 0xF0, 0x03, 0xC3, 0xC0, 0x0F, 0x0F, 0x00, 0x3C, 0x3C, 0x00, 0xF0, 0xF8, 0x0B, 0xC1,
    0xFF, 0xFD, 0x00, 0xBF, 0x80, 0x00, 0x1F, 0xD0, 0x07, 0xFF, 0x00, 0xF8, 0x80, 0x0F, 0x80, 0x00,
    0xF8, 0x00, 0x0F, 0x80, 0x00, 0xF8, 0x00, 0x0F, 0x80, 0x00, 0xF8, 0x00, 0x0F, 0x80, 0x00, 0xF8,
    0x00, 0x0F, 0x80, 0x00, 0xF8, 0x00, 0x0F, 0x80, 0x24, 0xF4, 0x07, 0xFF, 0x00, 0x2F, 0x80, 0x00,
    0x00, 0x64, 0x00, 0x03, 0xF0, 0x00, 0x0B, 0x80, 0x00, 0x00, 0x00, 0x00, 0x00, 0x00, 0x00, 0x00,
    0x00, 0x00, 0x00, 0x19, 0x00, 0x19, 0xFC, 0x00, 0xFE, 0xE0, 0x03, 0xE0, 0x64, 0x00, 0x67, 0xF0,
    0x03, 0xFB, 0x80, 0x0F, 0x80, 0x00, 0x00, 0x00, 0x00, 0x00, 0x00, 0x00, 0x00, 0x00, 0x00, 0x00,
    0x19, 0x00, 0x00, 0xFC, 0x00, 0x02, 0xE0, 0x00, 0x68, 0xFC, 0xBC, 0x00, 0x00, 0x00, 0x68, 0xFC,
    0xBC, 0x64, 0x00, 0x67, 0xF0, 0x03, 0xFB, 0x80, 0x0F, 0x80, 0x00, 0x00, 0x00, 0x00, 0x00, 0x00,
    0x00, 0x00, 0x00, 0x00, 0x19, 0x00, 0x19, 0xFC, 0x00, 0xFE, 0xE0, 0x03, 0xE0, 0x06, 0x40, 0x10,
    0xFF, 0xFB, 0xC2, 0x42, 0xFD, 0x00, 0x06, 0x40, 0x10, 0xFF, 0xFB, 0xC2, 0x42, 0xFD, 0x00, 0x00,
    0x00, 0x2A, 0xAA, 0xA0, 0xFF, 0xFF, 0xC0, 0x00, 0x00, 0x0A, 0xAA, 0xA8, 0x3F, 0xFF, 0xF0, 0x2F,
    0x43, 0x2F, 0xFF, 0xC6, 0x0B, 0xD0, 0x00, 0x00, 0x2F, 0x43, 0x2F, 0xFF, 0xC6, 0x0B, 0xD0, 0x40,
    0x00, 0x7F, 0xAB, 0xF6, 0xFF, 0xE4, 0x00, 0x00, 0x00, 0x00, 0x1B, 0xFF, 0x9F, 0xEA, 0xFD, 0x00,
    0x01, 0x00, 0x04, 0x00, 0x0F, 0x07, 0xFF, 0xF1, 0xAB, 0xE8, 0x01, 0xC0, 0x00, 0xF0, 0x07, 0xFF,
    0xF1, 0xBE, 0xA8, 0x0C, 0x00, 0x00, 0x00, 0x00, 0x2A, 0xAA, 0xA0, 0xFF, 0xFF, 0xC0, 0x00, 0x00,
    0x0A, 0xAA, 0xA8, 0x3F, 0xFF, 0xF0, 0x00, 0x00, 0x02, 0xAA, 0xAA, 0x0F, 0xFF, 0xFC, 0x00, 0x05,
    0x00, 0x1F, 0x80, 0x7F, 0x41, 0xF9, 0x00, 0x7E, 0x00, 0x02, 0xF8, 0x00, 0x0B, 0xE0, 0x00, 0x28,
    0x00, 0x00, 0x1A, 0xAA, 0x87, 0xFF, 0xF0, 0x00, 0x00, 0x0D, 0x00, 0x03, 0xF4, 0x00, 0x1F, 0xD0,
    0x00, 0x7F, 0x00, 0x1F, 0x80, 0xBE, 0x00, 0xF8, 0x00, 0x20, 0x00, 0x00, 0x00, 0x06, 0xAA, 0xA1,
    0xFF, 0xFC, 0x00, 0x0A, 0x00, 0xA0, 0x06, 0xF8, 0x2F, 0xC1, 0xFE, 0x1B, 0xE0, 0x1F, 0x40, 0xF8,
    0x00, 0x2F, 0x81, 0xF8, 0x00, 0x0B, 0xD0, 0xBE, 0x00, 0x07, 0xF0, 0x3F, 0x00, 0x02, 0x80, 0x18,
    0x24, 0x02, 0x80, 0x00, 0xFE, 0x0B, 0xE4, 0x00, 0x6F, 0x82, 0xFD, 0x00, 0x0B, 0xC0, 0x7D, 0x00,
    0xFD, 0x0B, 0xE0, 0x2F, 0x81, 0xF8, 0x03, 0xF0, 0x3F, 0x40, 0x09, 0x00, 0xA0, 0x00, 0x3F, 0xFF,
    0x90, 0x0F, 0xFF, 0xFE, 0x00, 0x00, 0x07, 0xE0, 0x00, 0x00, 0xBC, 0x00, 0x00, 0x1F, 0x00, 0x00,
    0x07, 0xC0, 0x00, 0x02, 0xF0, 0x00, 0x01, 0xF8, 0x3F, 0xFF, 0xF8, 0x0F, 0xFF, 0xE4, 0x00, 0x00,
    0x00, 0x3C, 0x00, 0x00, 0x2E, 0x00, 0x1B, 0xFF, 0xF0, 0x2F, 0xFF, 0xFC, 0x1F, 0x42, 0xD0, 0x0F,
    0x80, 0xF0, 0x03, 0xD0, 0x78, 0x00, 0xF4, 0x2D, 0x00, 0x3E, 0x0F, 0x00, 0x0B, 0xD7, 0x80, 0x00,
    0xFF, 0xFF, 0xF0, 0x0B, 0xFF, 0xFC, 0x00, 0x78, 0x00, 0x00, 0x3C, 0x00, 0x00, 0x00, 0x03, 0xC0,
    0x00, 0x02, 0xD0, 0x03, 0xFF, 0xFE, 0x00, 0xFF, 0xFF, 0xF0, 0x00, 0x2D, 0x7E, 0x00, 0x0F, 0x0B,
    0xC0, 0x07, 0x81, 0xF0, 0x02, 0xD0, 0x7C, 0x00, 0xF0, 0x2F, 0x00, 0x78, 0x1F, 0x43, 0xFF, 0xFF,
    0x80, 0xFF, 0xFE, 0x40, 0x0B, 0x80, 0x00, 0x03, 0xC0, 0x00, 0x00, 0x06, 0xFF, 0xFC, 0xBF, 0xFF,
    0xF7, 0xD0, 0x00, 0x3E, 0x00, 0x00, 0xF8, 0x00, 0x03, 0xE0, 0x00, 0x07, 0xD0, 0x00, 0x0B, 0xFF,
    0xFF, 0x06, 0xFF, 0xFC, 0x00, 0x00, 0x07, 0xFF, 0xFF, 0xDF, 0xFF, 0xFF, 0xFF, 0xFE, 0x43, 0xFF,
    0xFF, 0x80, 0x00, 0x1F, 0x40, 0x00, 0x2F, 0x00, 0x00, 0xBC, 0x00, 0x02, 0xF0, 0x00, 0x1F, 0x7F,
    0xFF, 0xF8, 0xFF, 0xFE, 0x40, 0x00, 0x00, 0x0F, 0xFF, 0xFF, 0x7F, 0xFF, 0xFD, 0x01, 0xBF, 0x90,
    0x02, 0xEB, 0xAE, 0x02, 0xD0, 0xC1, 0xE0, 0xD0, 0x30, 0x2C, 0x70, 0x0C, 0x03, 0x6E, 0xAB, 0xAA,
    0xEB, 0xFF, 0xFF, 0xF9, 0xC0, 0x30, 0x0D, 0x34, 0x0C, 0x07, 0x0B, 0x03, 0x03, 0x80, 0xB9, 0xDB,
    0x80, 0x06, 0xFE, 0x40, 0x01, 0xBF, 0x90, 0x02, 0xE4, 0x6E, 0x02, 0xC0, 0x00, 0xE0, 0xD0, 0x00,
    0x1C, 0x70, 0x00, 0x03, 0x6F, 0xFF, 0xFF, 0xEB, 0x55, 0x55, 0x79, 0xC0, 0x00, 0x0D, 0x38, 0x00,
    0x0B, 0x0B, 0x40, 0x07, 0x80, 0xB9, 0x1B, 0x80, 0x06, 0xFE, 0x40, 0x01, 0xBF, 0x90, 0x02, 0xE4,
    0x6E, 0x02, 0xF0, 0x03, 0xE0, 0xEF, 0x03, 0xEC, 0x70, 0xF3, 0xC3, 0x6C, 0x0F, 0xC0, 0xEB, 0x03,
    0xF0, 0x39, 0xC3, 0xCF, 0x0D, 0x3B, 0xC0, 0xFB, 0x0B, 0xC0, 0x0F, 0x80, 0xB9, 0x5B, 0x80, 0x06,
    0xFE, 0x40, 0x01, 0xBF, 0x90, 0x02, 0xE4, 0x6E, 0x02, 0xC0, 0x03, 0xE0, 0xD0, 0x03, 0xEC, 0x70,
    0x03, 0xC3, 0x6C, 0x03, 0xC0, 0xEB, 0x03, 0xC0, 0x39, 0xC3, 0xC0, 0x0D, 0x3B, 0xC0, 0x07, 0x0B,
    0xC0, 0x03, 0x80, 0xB9, 0x1B, 0x80, 0x06, 0xFE, 0x40, 0x00, 0xB8, 0x00, 0x02, 0xE0, 0x00, 0x0B,
    0x80, 0x00, 0x2E, 0x00, 0x00, 0xB8, 0x00, 0x02, 0xE0, 0x00, 0x0B, 0x80, 0x00, 0x2E, 0x00, 0x00,
    0xB8, 0x00, 0x02, 0xE0, 0x07, 0xFF, 0xFF, 0x5F, 0xFF, 0xFD, 0x19, 0x3F, 0x3D, 0x28, 0x06, 0x40,
    0xA2, 0xF4, 0x3F, 0x07, 0xE7, 0xC0, 0xB8, 0x0F, 0x40, 0x00, 0x00, 0x80, 0x00, 0x00, 0x00, 0xFC,
    0x00, 0x00, 0x00, 0xFF, 0xC0, 0x00, 0x00, 0xE0, 0x7C, 0x00, 0x00, 0xF4, 0x03, 0xC0, 0x00, 0xFF,
    0xFC, 0x7C, 0x00, 0xFF, 0xFF, 0x8F, 0xC0, 0xFF, 0xFF, 0x83, 0xFC, 0x3F, 0xFC, 0x02, 0xFF, 0x03,
    0xFF, 0x0B, 0xFF, 0x00, 0x3F, 0xC7, 0xFF, 0x00, 0x03, 0xFF, 0xFF, 0x00, 0x00, 0x3E, 0x3F, 0x00,
    0x00, 0x03, 0x8F, 0x00, 0x00, 0x00, 0x3F, 0x00, 0x00, 0x00, 0x02, 0x00, 0x00,
};

static const EpdGlyph bookerly_8_boldGlyphs[] = {
    { 0, 0, 0, 0, 0, 0, 0 }, //  
    { 0, 0, 0, 0, 0, 0, 0 }, // 
    { 0, 0, 4, 0, 0, 0, 0 }, // 	
    { 0, 0, 4, 0, 0, 0, 0 }, // 
    { 0, 0, 0, 0, 0, 0, 0 }, // 
    { 0, 0, 4, 0, 0, 0, 0 }, //  
    { 4, 13, 5, 1, 13, 13, 0 }, // !
    { 7, 6, 7, 0, 12, 11, 13 }, // "
    { 11, 11, 11, 0, 10, 31, 24 }, // #
    { 9, 18, 11, 1, 15, 41, 55 }, // $
    { 16, 14, 16, 0, 13, 56, 96 }, // %
    { 14, 13, 14, 0, 13, 46, 152 }, // &
    { 4, 6, 4, 0, 12, 6, 198 }, // '
    { 6, 16, 6, 0, 13, 24, 204 }, // (
    { 6, 16, 6, 0, 13, 24, 228 }, // )
    { 7, 6, 7, 0, 13, 11, 252 }, // *
    { 9, 8, 11, 1, 10, 18, 263 }, // +
    { 5, 6, 5, 0, 2, 8, 281 }, // ,
    { 6, 2, 6, 0, 5, 3, 289 }, // -
    { 4, 3, 5, 0, 3, 3, 292 }, // .
    { 9, 13, 9, 0, 12, 30, 295 }, // /
    { 11, 12, 11, 0, 12, 33, 325 }, // 0
    { 8, 12, 11, 1, 12, 24, 358 }, // 1
    { 10, 12, 11, 0, 12, 30, 382 }, // 2
    { 9, 12, 11, 1, 12, 27, 412 }, // 3
    { 11, 12, 11, 0, 12, 33, 439 }, // 4
    { 10, 12, 11, 0, 12, 30, 472 }, // 5
    { 10, 12, 11, 0, 12, 30, 502 }, // 6
    { 9, 12, 11, 1, 12, 27, 532 }, // 7
    { 10, 12, 11, 0, 12, 30, 559 }, // 8
    { 10, 12, 11, 0, 12, 30, 589 }, // 9
    { 4, 9, 5, 0, 9, 9, 619 }, // :
    { 5, 13, 5, 0, 9, 17, 628 }, // ;
    { 9, 9, 11, 1, 10, 21, 645 }, // <
    { 9, 6, 11, 1, 9, 14, 666 }, // =
    { 9, 9, 11, 1, 11, 21, 680 }, // >
    { 7, 13, 8, 1, 13, 23, 701 }, // ?
    { 17, 15, 17, 0, 12, 64, 724 }, // @
    { 13, 12, 13, 0, 12, 39, 788 }, // A
    { 11, 12, 11, 0, 12, 33, 827 }, // B
    { 11, 12, 11, 0, 12, 33, 860 }, // C
    { 13, 12, 13, 0, 12, 39, 893 }, // D
    { 11, 12, 11, 0, 12, 33, 932 }, // E
    { 10, 12, 10, 0, 12, 30, 965 }, // F
    { 12, 12, 13, 0, 12, 36, 995 }, // G
    { 15, 12, 15, 0, 12, 45, 1031 }, // H
    { 7, 12, 7, 0, 12, 21, 1076 }, // I
    { 8, 16, 7, -1, 12, 32, 1097 }, // J
    { 13, 12, 13, 0, 12, 39, 1129 }, // K
    { 11, 12, 11, 0, 12, 33, 1168 }, // L
    { 16, 12, 16, 0, 12, 48, 1201 }, // M
    { 14, 12, 14, 0, 12, 42, 1249 }, // N
    { 13, 12, 13, 0, 12, 39, 1291 }, // O
    { 11, 12, 11, 0, 12, 33, 1330 }, // P
    { 14, 16, 13, 0, 12, 56, 1363 }, // Q
    { 13, 12, 12, 0, 12, 39, 1419 }, // R
    { 10, 12, 10, 0, 12, 30, 1458 }, // S
    { 12, 12, 12, 0, 12, 36, 1488 }, // T
    { 14, 12, 14, 0, 12, 42, 1524 }, // U
    { 14, 12, 13, 0, 12, 42, 1566 }, // V
    { 19, 12, 19, 0, 12, 57, 1608 }, // W
    { 13, 12, 13, 0, 12, 39, 1665 }, // X
    { 13, 12, 12, 0, 12, 39, 1704 }, // Y
    { 10, 12, 10, 0, 12, 30, 1743 }, // Z
    { 5, 16, 6, 1, 13, 20, 1773 }, // [
    { 9, 13, 9, 0, 12, 30, 1793 }, // <backslash>
    { 5, 16, 6, 0, 13, 20, 1823 }, // ]
    { 9, 8, 11, 1, 10, 18, 1843 }, // ^
    { 9, 2, 9, 0, -1, 5, 1861 }, // _
    { 5, 4, 11, 3, 14, 5, 1866 }, // `
    { 10, 9, 10, 0, 9, 23, 1871 }, // a
    { 11, 13, 11, -1, 13, 36, 1894 }, // b
    { 9, 9, 9, 0, 9, 21, 1930 }, // c
    { 11, 13, 11, 0, 13, 36, 1951 }, // d
    { 9, 9, 9, 0, 9, 21, 1987 }, // e
    { 9, 13, 7, 0, 13, 30, 2008 }, // f
    { 11, 13, 10, 0, 9, 36, 2038 }, // g
    { 11, 13, 11, 0, 13, 36, 2074 }, // h
    { 6, 13, 6, 0, 13, 20, 2110 }, // i
    { 7, 17, 5, -2, 13, 30, 2130 }, // j
    { 11, 13, 11, 0, 13, 36, 2160 }, // k
    { 6, 13, 6, 0, 13, 20, 2196 }, // l
    { 17, 9, 17, 0, 9, 39, 2216 }, // m
    { 12, 9, 11, 0, 9, 27, 2255 }, // n
    { 10, 9, 10, 0, 9, 23, 2282 }, // o
    { 11, 13, 11, 0, 9, 36, 2305 }, // p
    { 11, 13, 10, 0, 9, 36, 2341 }, // q
    { 8, 9, 8, 0, 9, 18, 2377 }, // r
    { 8, 9, 9, 0, 9, 18, 2395 }, // s
    { 8, 11, 7, -1, 11, 22, 2413 }, // t
    { 12, 9, 11, 0, 9, 27, 2435 }, // u
    { 11, 9, 11, 0, 9, 25, 2462 }, // v
    { 16, 9, 15, 0, 9, 36, 2487 }, // w
    { 11, 9, 11, 0, 9, 25, 2523 }, // x
    { 11, 13, 11, 0, 9, 36, 2548 }, // y
    { 9, 10, 9, 0, 9, 23, 2584 }, // z
    { 6, 17, 7, 1, 14, 26, 2607 }, // {
    { 3, 15, 5, 1, 13, 12, 2633 }, // |
    { 6, 16, 7, 0, 13, 24, 2645 }, // }
    { 9, 3, 11, 1, 7, 7, 2669 }, // ~
    { 0, 0, 4, 0, 0, 0, 2676 }, //  
    { 4, 13, 5, 0, 9, 13, 2676 }, // ¡
    { 9, 16, 11, 1, 13, 36, 2689 }, // ¢
    { 11, 12, 11, 0, 12, 33, 2725 }, // £
    { 10, 9, 11, 0, 10, 23, 2758 }, // ¤
    { 12, 12, 11, -1, 12, 36, 2781 }, // ¥
    { 3, 15, 5, 1, 13, 12, 2817 }, // ¦
    { 9, 14, 9, 0, 12, 32, 2829 }, // §
    { 7, 3, 11, 2, 13, 6, 2861 }, // ¨
    { 13, 12, 13, 0, 12, 39, 2867 }, // ©
    { 7, 8, 7, 0, 12, 14, 2906 }, // ª
    { 10, 6, 10, 0, 7, 15, 2920 }, // «
    { 9, 4, 11, 1, 8, 9, 2935 }, // ¬
    { 6, 2, 6, 0, 5, 3, 2944 }, // ­
    { 10, 9, 10, 0, 13, 23, 2947 }, // ®
    { 7, 2, 11, 2, 12, 4, 2970 }, // ¯
    { 7, 6, 9, 1, 12, 11, 2974 }, // °
    { 9, 11, 11, 1, 11, 25, 2985 }, // ±
    { 7, 7, 8, 0, 14, 13, 3010 }, // ²
    { 7, 8, 8, 0, 14, 14, 3023 }, // ³
    { 4, 4, 11, 4, 14, 4, 3037 }, // ´
    { 12, 13, 11, 0, 9, 39, 3041 }, // µ
    { 10, 14, 10, 0, 12, 35, 3080 }, // ¶
    { 4, 3, 5, 0, 7, 3, 3115 }, // ·
    { 4, 4, 11, 4, -1, 4, 3118 }, // ¸
    { 6, 7, 8, 1, 14, 11, 3122 }, // ¹
    { 7, 9, 7, 0, 12, 16, 3133 }, // º
    { 10, 6, 10, 0, 7, 15, 3149 }, // »
    { 17, 14, 18, 1, 13, 60, 3164 }, // ¼
    { 17, 14, 18, 1, 13, 60, 3224 }, // ½
    { 18, 14, 18, 0, 13, 63, 3284 }, // ¾
    { 8, 13, 8, 0, 9, 26, 3347 }, // ¿
    { 13, 17, 13, 0, 17, 56, 3373 }, // À
    { 13, 17, 13, 0, 17, 56, 3429 }, // Á
    { 13, 17, 13, 0, 17, 56, 3485 }, // Â
    { 13, 16, 13, 0, 16, 52, 3541 }, // Ã
    { 13, 16, 13, 0, 16, 52, 3593 }, // Ä
    { 13, 17, 13, 0, 17, 56, 3645 }, // Å
    { 17, 12, 17, -1, 12, 51, 3701 }, // Æ
    { 11, 17, 11, 0, 12, 47, 3752 }, // Ç
    { 11, 17, 11, 0, 17, 47, 3799 }, // È
    { 11, 17, 11, 0, 17, 47, 3846 }, // É
    { 11, 17, 11, 0, 17, 47, 3893 }, // Ê
    { 11, 16, 11, 0, 16, 44, 3940 }, // Ë
    { 7, 17, 7, 0, 17, 30, 3984 }, // Ì
    { 7, 17, 7, 0, 17, 30, 4014 }, // Í
    { 7, 17, 7, 0, 17, 30, 4044 }, // Î
    { 7, 16, 7, 0, 16, 28, 4074 }, // Ï
    { 13, 12, 13, 0, 12, 39, 4102 }, // Ð
    { 14, 16, 14, 0, 16, 56, 4141 }, // Ñ
    { 13, 17, 13, 0, 17, 56, 4197 }, // Ò
    { 13, 17, 13, 0, 17, 56, 4253 }, // Ó
    { 13, 17, 13, 0, 17, 56, 4309 }, // Ô
    { 13, 16, 13, 0, 16, 52, 4365 }, // Õ
    { 13, 16, 13, 0, 16, 52, 4417 }, // Ö
    { 8, 7, 11, 1, 9, 14, 4469 }, // ×
    { 13, 12, 13, 0, 12, 39, 4483 }, // Ø
    { 14, 17, 14, 0, 17, 60, 4522 }, // Ù
    { 14, 17, 14, 0, 17, 60, 4582 }, // Ú
    { 14, 17, 14, 0, 17, 60, 4642 }, // Û
    { 14, 16, 14, 0, 16, 56, 4702 }, // Ü
    { 13, 17, 12, 0, 17, 56, 4758 }, // Ý
    { 11, 12, 11, 0, 12, 33, 4814 }, // Þ
    { 11, 13, 11, 0, 13, 36, 4847 }, // ß
    { 10, 14, 10, 0, 14, 35, 4883 }, // à
    { 10, 14, 10, 0, 14, 35, 4918 }, // á
    { 10, 14, 10, 0, 14, 35, 4953 }, // â
    { 10, 13, 10, 0, 13, 33, 4988 }, // ã
    { 10, 13, 10, 0, 13, 33, 5021 }, // ä
    { 10, 15, 10, 0, 15, 38, 5054 }, // å
    { 14, 9, 14, 0, 9, 32, 5092 }, // æ
    { 9, 14, 9, 0, 9, 32, 5124 }, // ç
    { 9, 14, 9, 0, 14, 32, 5156 }, // è
    { 9, 14, 9, 0, 14, 32, 5188 }, // é
    { 9, 14, 9, 0, 14, 32, 5220 }, // ê
    { 9, 13, 9, 0, 13, 30, 5252 }, // ë
    { 6, 14, 6, 0, 14, 21, 5282 }, // ì
    { 6, 14, 6, 0, 14, 21, 5303 }, // í
    { 6, 14, 6, 0, 14, 21, 5324 }, // î
    { 7, 13, 6, 0, 13, 23, 5345 }, // ï
    { 10, 14, 10, 0, 14, 35, 5368 }, // ð
    { 12, 13, 11, 0, 13, 39, 5403 }, // ñ
    { 10, 14, 10, 0, 14, 35, 5442 }, // ò
    { 10, 14, 10, 0, 14, 35, 5477 }, // ó
    { 10, 14, 10, 0, 14, 35, 5512 }, // ô
    { 10, 13, 10, 0, 13, 33, 5547 }, // õ
    { 10, 13, 10, 0, 13, 33, 5580 }, // ö
    { 9, 10, 11, 1, 11, 23, 5613 }, // ÷
    { 10, 9, 10, 0, 9, 23, 5636 }, // ø
    { 12, 14, 11, 0, 14, 42, 5659 }, // ù
    { 12, 14, 11, 0, 14, 42, 5701 }, // ú
    { 12, 14, 11, 0, 14, 42, 5743 }, // û
    { 12, 13, 11, 0, 13, 39, 5785 }, // ü
    { 11, 18, 11, 0, 14, 50, 5824 }, // ý
    { 11, 17, 11, 0, 13, 47, 5874 }, // þ
    { 11, 17, 11, 0, 13, 47, 5921 }, // ÿ
    { 13, 15, 13, 0, 15, 49, 5968 }, // Ā
    { 10, 12, 10, 0, 12, 30, 6017 }, // ā
    { 13, 16, 13, 0, 16, 52, 6047 }, // Ă
    { 10, 13, 10, 0, 13, 33, 6099 }, // ă
    { 13, 16, 13, 0, 12, 52, 6132 }, // Ą
    { 10, 13, 10, 0, 9, 33, 6184 }, // ą
    { 11, 17, 11, 0, 17, 47, 6217 }, // Ć
    { 9, 14, 9, 0, 14, 32, 6264 }, // ć
    { 11, 17, 11, 0, 17, 47, 6296 }, // Ĉ
    { 9, 14, 9, 0, 14, 32, 6343 }, // ĉ
    { 11, 16, 11, 0, 16, 44, 6375 }, // Ċ
    { 9, 13, 9, 0, 13, 30, 6419 }, // ċ
    { 11, 17, 11, 0, 17, 47, 6449 }, // Č
    { 9, 14, 9, 0, 14, 32, 6496 }, // č
    { 13, 17, 13, 0, 17, 56, 6528 }, // Ď
    { 13, 13, 11, 0, 13, 43, 6584 }, // ď
    { 13, 12, 13, 0, 12, 39, 6627 }, // Đ
    { 11, 13, 11, 0, 13, 36, 6666 }, // đ
    { 11, 15, 11, 0, 15, 42, 6702 }, // Ē
    { 9, 12, 9, 0, 12, 27, 6744 }, // ē
    { 11, 16, 11, 0, 16, 44, 6771 }, // Ĕ
    { 9, 13, 9, 0, 13, 30, 6815 }, // ĕ
    { 11, 16, 11, 0, 16, 44, 6845 }, // Ė
    { 9, 13, 9, 0, 13, 30, 6889 }, // ė
    { 11, 16, 11, 0, 12, 44, 6919 }, // Ę
    { 9, 12, 9, 0, 9, 27, 6963 }, // ę
    { 11, 17, 11, 0, 17, 47, 6990 }, // Ě
    { 9, 14, 9, 0, 14, 32, 7037 }, // ě
    { 12, 17, 13, 0, 17, 51, 7069 }, // Ĝ
    { 11, 18, 10, 0, 14, 50, 7120 }, // ĝ
    { 12, 16, 13, 0, 16, 48, 7170 }, // Ğ
    { 11, 17, 10, 0, 13, 47, 7218 }, // ğ
    { 12, 16, 13, 0, 16, 48, 7265 }, // Ġ
    { 11, 17, 10, 0, 13, 47, 7313 }, // ġ
    { 12, 17, 13, 0, 12, 51, 7360 }, // Ģ
    { 11, 19, 10, 0, 15, 53, 7411 }, // ģ
    { 15, 17, 15, 0, 17, 64, 7464 }, // Ĥ
    { 12, 18, 11, -1, 18, 54, 7528 }, // ĥ
    { 15, 12, 15, 0, 12, 45, 7582 }, // Ħ
    { 11, 13, 11, 0, 13, 36, 7627 }, // ħ
    { 7, 16, 7, 0, 16, 28, 7663 }, // Ĩ
    { 6, 13, 6, 0, 13, 20, 7691 }, // ĩ
    { 7, 15, 7, 0, 15, 27, 7711 }, // Ī
    { 6, 12, 6, 0, 12, 18, 7738 }, // ī
    { 7, 16, 7, 0, 16, 28, 7756 }, // Ĭ
    { 6, 13, 6, 0, 13, 20, 7784 }, // ĭ
    { 7, 16, 7, 0, 12, 28, 7804 }, // Į
    { 7, 17, 6, 0, 13, 30, 7832 }, // į
    { 7, 16, 7, 0, 16, 28, 7862 }, // İ
    { 6, 9, 6, 0, 9, 14, 7890 }, // ı
    { 14, 16, 14, 0, 12, 56, 7904 }, // Ĳ
    { 11, 17, 11, 0, 13, 47, 7960 }, // ĳ
    { 8, 21, 7, -1, 17, 42, 8007 }, // Ĵ
    { 8, 18, 5, -2, 14, 36, 8049 }, // ĵ
    { 13, 17, 13, 0, 12, 56, 8085 }, // Ķ
    { 11, 18, 11, 0, 13, 50, 8141 }, // ķ
    { 11, 9, 11, 0, 9, 25, 8191 }, // ĸ
    { 11, 17, 11, 0, 17, 47, 8216 }, // Ĺ
    { 6, 18, 6, 0, 18, 27, 8263 }, // ĺ
    { 11, 17, 11, 0, 12, 47, 8290 }, // Ļ
    { 6, 18, 6, 0, 13, 27, 8337 }, // ļ
    { 11, 13, 11, 0, 13, 36, 8364 }, // Ľ
    { 8, 13, 6, 0, 13, 26, 8400 }, // ľ
    { 11, 12, 11, 0, 12, 33, 8426 }, // Ŀ
    { 9, 13, 9, 0, 13, 30, 8459 }, // ŀ
    { 12, 12, 11, -1, 12, 36, 8489 }, // Ł
    { 7, 13, 6, -1, 13, 23, 8525 }, // ł
    { 14, 17, 14, 0, 17, 60, 8548 }, // Ń
    { 12, 14, 11, 0, 14, 42, 8608 }, // ń
    { 14, 17, 14, 0, 12, 60, 8650 }, // Ņ
    { 12, 14, 11, 0, 9, 42, 8710 }, // ņ
    { 14, 17, 14, 0, 17, 60, 8752 }, // Ň
    { 12, 14, 11, 0, 14, 42, 8812 }, // ň
    { 16, 12, 15, 0, 12, 48, 8854 }, // ŉ
    { 14, 16, 14, 0, 12, 56, 8902 }, // Ŋ
    { 10, 13, 11, 0, 9, 33, 8958 }, // ŋ
    { 13, 15, 13, 0, 15, 49, 8991 }, // Ō
    { 10, 12, 10, 0, 12, 30, 9040 }, // ō
    { 13, 16, 13, 0, 16, 52, 9070 }, // Ŏ
    { 10, 13, 10, 0, 13, 33, 9122 }, // ŏ
    { 13, 17, 13, 0, 17, 56, 9155 }, // Ő
    { 10, 15, 10, 0, 15, 38, 9211 }, // ő
    { 17, 12, 17, 0, 12, 51, 9249 }, // Œ
    { 15, 9, 15, 0, 9, 34, 9300 }, // œ
    { 13, 17, 12, 0, 17, 56, 9334 }, // Ŕ
    { 8, 14, 8, 0, 14, 28, 9390 }, // ŕ
    { 13, 17, 12, 0, 12, 56, 9418 }, // Ŗ
    { 8, 14, 8, 0, 9, 28, 9474 }, // ŗ
    { 13, 17, 12, 0, 17, 56, 9502 }, // Ř
    { 8, 14, 8, 0, 14, 28, 9558 }, // ř
    { 10, 17, 10, 0, 17, 43, 9586 }, // Ś
    { 8, 14, 9, 0, 14, 28, 9629 }, // ś
    { 10, 17, 10, 0, 17, 43, 9657 }, // Ŝ
    { 8, 14, 9, 0, 14, 28, 9700 }, // ŝ
    { 10, 17, 10, 0, 12, 43, 9728 }, // Ş
    { 8, 14, 9, 0, 9, 28, 9771 }, // ş
    { 10, 17, 10, 0, 17, 43, 9799 }, // Š
    { 8, 14, 9, 0, 14, 28, 9842 }, // š
    { 12, 17, 12, 0, 12, 51, 9870 }, // Ţ
    { 8, 16, 7, -1, 11, 32, 9921 }, // ţ
    { 12, 17, 12, 0, 17, 51, 9953 }, // Ť
    { 8, 14, 7, -1, 14, 28, 10004 }, // ť
    { 12, 12, 12, 0, 12, 36, 10032 }, // Ŧ
    { 8, 12, 7, -1, 12, 24, 10068 }, // ŧ
    { 14, 16, 14, 0, 16, 56, 10092 }, // Ũ
    { 12, 13, 11, 0, 13, 39, 10148 }, // ũ
    { 14, 15, 14, 0, 15, 53, 10187 }, // Ū
    { 12, 12, 11, 0, 12, 36, 10240 }, // ū
    { 14, 16, 14, 0, 16, 56, 10276 }, // Ŭ
    { 12, 13, 11, 0, 13, 39, 10332 }, // ŭ
    { 14, 17, 14, 0, 17, 60, 10371 }, // Ů
    { 12, 15, 11, 0, 15, 45, 10431 }, // ů
    { 14, 17, 14, 0, 17, 60, 10476 }, // Ű
    { 12, 15, 11, 0, 15, 45, 10536 }, // ű
    { 14, 15, 14, 0, 12, 53, 10581 }, // Ų
    { 12, 13, 11, 0, 9, 39, 10634 }, // ų
    { 19, 17, 19, 0, 17, 81, 10673 }, // Ŵ
    { 16, 14, 15, 0, 14, 56, 10754 }, // ŵ
    { 13, 17, 12, 0, 17, 56, 10810 }, // Ŷ
    { 11, 18, 11, 0, 14, 50, 10866 }, // ŷ
    { 13, 16, 12, 0, 16, 52, 10916 }, // Ÿ
    { 10, 17, 10, 0, 17, 43, 10968 }, // Ź
    { 9, 15, 9, 0, 14, 34, 11011 }, // ź
    { 10, 16, 10, 0, 16, 40, 11045 }, // Ż
    { 9, 14, 9, 0, 13, 32, 11085 }, // ż
    { 10, 17, 10, 0, 17, 43, 11117 }, // Ž
    { 9, 15, 9, 0, 14, 34, 11160 }, // ž
    { 9, 13, 7, 0, 13, 30, 11194 }, // ſ
    { 5, 4, 0, -3, 14, 5, 11224 }, // ̀
    { 4, 4, 0, -1, 14, 4, 11229 }, // ́
    { 6, 4, 0, -3, 14, 6, 11233 }, // ̂
    { 6, 3, 0, -3, 13, 5, 11239 }, // ̃
    { 6, 2, 0, -3, 12, 3, 11244 }, // ̄
    { 6, 3, 0, -3, 13, 5, 11247 }, // ̆
    { 4, 3, 0, -2, 13, 3, 11252 }, // ̇
    { 8, 3, 0, -4, 13, 6, 11255 }, // ̈
    { 6, 6, 0, -3, 16, 9, 11261 }, // ̉
    { 6, 5, 0, -3, 15, 8, 11270 }, // ̊
    { 7, 5, 0, -3, 15, 9, 11278 }, // ̋
    { 6, 4, 0, -3, 14, 6, 11287 }, // ̌
    { 7, 5, 0, -4, 15, 9, 11293 }, // ̏
    { 6, 3, 0, -3, 13, 5, 11302 }, // ̑
    { 4, 5, 0, -2, 15, 5, 11307 }, // ̒
    { 4, 5, 0, -2, 15, 5, 11312 }, // ̓
    { 4, 5, 0, -2, 15, 5, 11317 }, // ̔
    { 3, 4, 0, -1, 14, 3, 11322 }, // ̕
    { 4, 4, 0, -2, 10, 4, 11325 }, // ̛
    { 4, 3, 0, -2, -1, 3, 11329 }, // ̣
    { 8, 3, 0, -4, -2, 6, 11332 }, // ̤
    { 4, 4, 0, -2, -1, 4, 11338 }, // ̥
    { 4, 4, 0, -2, -1, 4, 11342 }, // ̦
    { 4, 4, 0, -2, -1, 4, 11346 }, // ̧
    { 4, 5, 0, -2, 1, 5, 11350 }, // ̨
    { 3, 4, 5, 1, -1, 3, 11355 }, // ̩
    { 6, 4, 0, -3, -1, 6, 11358 }, // ̭
    { 6, 3, 0, -3, -1, 5, 11364 }, // ̮
    { 6, 3, 0, -3, -1, 5, 11369 }, // ̰
    { 6, 2, 0, -3, -2, 3, 11374 }, // ̱
    { 6, 3, 0, -3, 13, 5, 11377 }, // ͂
    { 8, 7, 0, -4, 17, 14, 11382 }, // ̈́
    { 4, 3, 0, -2, -1, 3, 11396 }, // ͅ
    { 11, 17, 11, 0, 17, 47, 11399 }, // Ѐ
    { 11, 16, 11, 0, 16, 44, 11446 }, // Ё
    { 14, 15, 15, 0, 12, 53, 11490 }, // Ђ
    { 11, 17, 11, 0, 17, 47, 11543 }, // Ѓ
    { 11, 12, 12, 0, 12, 33, 11590 }, // Є
    { 10, 12, 10, 0, 12, 30, 11623 }, // Ѕ
    { 7, 12, 7, 0, 12, 21, 11653 }, // І
    { 7, 16, 7, 0, 16, 28, 11674 }, // Ї
    { 8, 16, 7, -1, 12, 32, 11702 }, // Ј
    { 17, 12, 17, 0, 12, 51, 11734 }, // Љ
    { 18, 12, 18, 0, 12, 54, 11785 }, // Њ
    { 16, 12, 16, 0, 12, 48, 11839 }, // Ћ
    { 13, 17, 13, 0, 17, 56, 11887 }, // Ќ
    { 14, 17, 14, 0, 17, 60, 11943 }, // Ѝ
    { 13, 16, 12, 0, 16, 52, 12003 }, // Ў
    { 14, 16, 14, 0, 12, 56, 12055 }, // Џ
    { 13, 12, 13, 0, 12, 39, 12111 }, // А
    { 11, 12, 11, 0, 12, 33, 12150 }, // Б
    { 11, 12, 11, 0, 12, 33, 12183 }, // В
    { 11, 12, 11, 0, 12, 33, 12216 }, // Г
    { 14, 15, 13, 0, 12, 53, 12249 }, // Д
    { 11, 12, 11, 0, 12, 33, 12302 }, // Е
    { 19, 12, 19, 0, 12, 57, 12335 }, // Ж
    { 10, 12, 11, 0, 12, 30, 12392 }, // З
    { 14, 12, 14, 0, 12, 42, 12422 }, // И
    { 14, 16, 14, 0, 16, 56, 12464 }, // Й
    { 13, 12, 13, 0, 12, 39, 12520 }, // К
    { 13, 12, 13, 0, 12, 39, 12559 }, // Л
    { 16, 12, 16, 0, 12, 48, 12598 }, // М
    { 15, 12, 15, 0, 12, 45, 12646 }, // Н
    { 13, 12, 13, 0, 12, 39, 12691 }, // О
    { 14, 12, 14, 0, 12, 42, 12730 }, // П
    { 11, 12, 11, 0, 12, 33, 12772 }, // Р
    { 11, 12, 11, 0, 12, 33, 12805 }, // С
    { 12, 12, 12, 0, 12, 36, 12838 }, // Т
    { 13, 12, 12, 0, 12, 39, 12874 }, // У
    { 14, 12, 14, 0, 12, 42, 12913 }, // Ф
    { 13, 12, 13, 0, 12, 39, 12955 }, // Х
    { 14, 15, 14, 0, 12, 53, 12994 }, // Ц
    { 13, 12, 13, 0, 12, 39, 13047 }, // Ч
    { 19, 12, 19, 0, 12, 57, 13086 }, // Ш
    { 19, 16, 19, 0, 12, 76, 13143 }, // Щ
    { 13, 12, 13, 0, 12, 39, 13219 }, // Ъ
    { 17, 12, 17, 0, 12, 51, 13258 }, // Ы
    { 11, 12, 11, 0, 12, 33, 13309 }, // Ь
    { 11, 12, 12, 0, 12, 33, 13342 }, // Э
    { 19, 12, 19, 0, 12, 57, 13375 }, // Ю
    { 12, 12, 12, 0, 12, 36, 13432 }, // Я
    { 10, 9, 10, 0, 9, 23, 13468 }, // а
    { 10, 13, 10, 0, 13, 33, 13491 }, // б
    { 10, 9, 10, 0, 9, 23, 13524 }, // в
    { 9, 9, 9, 0, 9, 21, 13547 }, // г
    { 12, 13, 11, 0, 9, 39, 13568 }, // д
    { 9, 9, 9, 0, 9, 21, 13607 }, // е
    { 16, 9, 15, 0, 9, 36, 13628 }, // ж
    { 9, 9, 9, 0, 9, 21, 13664 }, // з
    { 12, 9, 12, 0, 9, 27, 13685 }, // и
    { 12, 13, 12, 0, 13, 39, 13712 }, // й
    { 11, 9, 11, 0, 9, 25, 13751 }, // к
    { 11, 9, 11, 0, 9, 25, 13776 }, // л
    { 13, 9, 13, 0, 9, 30, 13801 }, // м
    { 12, 9, 12, 0, 9, 27, 13831 }, // н
    { 10, 9, 10, 0, 9, 23, 13858 }, // о
    { 12, 9, 12, 0, 9, 27, 13881 }, // п
    { 11, 13, 11, 0, 9, 36, 13908 }, // р
    { 9, 9, 9, 0, 9, 21, 13944 }, // с
    { 10, 9, 10, 0, 9, 23, 13965 }, // т
    { 11, 13, 11, 0, 9, 36, 13988 }, // у
    { 13, 17, 13, 0, 13, 56, 14024 }, // ф
    { 11, 9, 11, 0, 9, 25, 14080 }, // х
    { 12, 12, 12, 0, 9, 36, 14105 }, // ц
    { 11, 9, 11, 0, 9, 25, 14141 }, // ч
    { 15, 9, 16, 0, 9, 34, 14166 }, // ш
    { 16, 12, 16, 0, 9, 48, 14200 }, // щ
    { 11, 9, 11, 0, 9, 25, 14248 }, // ъ
    { 15, 9, 15, 0, 9, 34, 14273 }, // ы
    { 9, 9, 9, 0, 9, 21, 14307 }, // ь
    { 9, 9, 9, 0, 9, 21, 14328 }, // э
    { 15, 9, 15, 0, 9, 34, 14349 }, // ю
    { 10, 9, 10, 0, 9, 23, 14383 }, // я
    { 9, 14, 9, 0, 14, 32, 14406 }, // ѐ
    { 9, 13, 9, 0, 13, 30, 14438 }, // ё
    { 10, 17, 11, 0, 13, 43, 14468 }, // ђ
    { 9, 14, 9, 0, 14, 32, 14511 }, // ѓ
    { 9, 9, 9, 0, 9, 21, 14543 }, // є
    { 8, 9, 9, 0, 9, 18, 14564 }, // ѕ
    { 6, 13, 6, 0, 13, 20, 14582 }, // і
    { 7, 13, 6, 0, 13, 23, 14602 }, // ї
    { 7, 17, 5, -2, 13, 30, 14625 }, // ј
    { 14, 9, 14, 0, 9, 32, 14655 }, // љ
    { 15, 9, 15, 0, 9, 34, 14687 }, // њ
    { 11, 13, 11, 0, 13, 36, 14721 }, // ћ
    { 11, 14, 11, 0, 14, 39, 14757 }, // ќ
    { 12, 14, 12, 0, 14, 42, 14796 }, // ѝ
    { 11, 17, 11, 0, 13, 47, 14838 }, // ў
    { 12, 13, 12, 0, 9, 39, 14885 }, // џ
    { 13, 13, 13, 0, 13, 43, 14924 }, // Ѣ
    { 11, 12, 11, 0, 12, 33, 14967 }, // ѣ
    { 13, 12, 13, 0, 12, 39, 15000 }, // Ѳ
    { 10, 9, 10, 0, 9, 23, 15039 }, // ѳ
    { 14, 12, 13, 0, 12, 42, 15062 }, // Ѵ
    { 12, 9, 11, 0, 9, 27, 15104 }, // ѵ
    { 15, 19, 14, 0, 16, 72, 15131 }, // Ҋ
    { 12, 17, 12, 0, 13, 51, 15203 }, // ҋ
    { 11, 12, 11, 0, 12, 33, 15254 }, // Ҍ
    { 9, 12, 9, 0, 12, 27, 15287 }, // ҍ
    { 11, 12, 11, 0, 12, 33, 15314 }, // Ҏ
    { 11, 13, 11, 0, 9, 36, 15347 }, // ҏ
    { 10, 15, 10, 0, 15, 38, 15383 }, // Ґ
    { 9, 12, 9, 0, 12, 27, 15421 }, // ґ
    { 11, 12, 11, 0, 12, 33, 15448 }, // Ғ
    { 9, 9, 9, 0, 9, 21, 15481 }, // ғ
    { 12, 16, 12, 0, 12, 48, 15502 }, // Ҕ
    { 10, 13, 11, 0, 9, 33, 15550 }, // ҕ
    { 19, 16, 19, 0, 12, 76, 15583 }, // Җ
    { 16, 12, 15, 0, 9, 48, 15659 }, // җ
    { 10, 15, 11, 0, 12, 38, 15707 }, // Ҙ
    { 9, 12, 9, 0, 9, 27, 15745 }, // ҙ
    { 13, 15, 13, 0, 12, 49, 15772 }, // Қ
    { 11, 12, 11, 0, 9, 33, 15821 }, // қ
    { 14, 12, 14, 0, 12, 42, 15854 }, // Ҝ
    { 12, 9, 11, 0, 9, 27, 15896 }, // ҝ
    { 13, 12, 13, 0, 12, 39, 15923 }, // Ҟ
    { 11, 12, 11, 0, 12, 33, 15962 }, // ҟ
    { 15, 12, 15, 0, 12, 45, 15995 }, // Ҡ
    { 13, 9, 13, 0, 9, 30, 16040 }, // ҡ
    { 15, 15, 15, 0, 12, 57, 16070 }, // Ң
    { 12, 13, 12, 0, 9, 39, 16127 }, // ң
    { 17, 12, 17, 0, 12, 51, 16166 }, // Ҥ
    { 14, 9, 14, 0, 9, 32, 16217 }, // ҥ
    { 19, 16, 19, 0, 12, 76, 16249 }, // Ҧ
    { 16, 13, 16, 0, 9, 52, 16325 }, // ҧ
    { 15, 12, 15, 0, 12, 45, 16377 }, // Ҩ
    { 12, 9, 12, 0, 9, 27, 16422 }, // ҩ
    { 11, 15, 11, 0, 12, 42, 16449 }, // Ҫ
    { 9, 12, 9, 0, 9, 27, 16491 }, // ҫ
    { 12, 16, 12, 0, 12, 48, 16518 }, // Ҭ
    { 10, 12, 10, 0, 9, 30, 16566 }, // ҭ
    { 13, 12, 12, 0, 12, 39, 16596 }, // Ү
    { 11, 13, 11, 0, 9, 36, 16635 }, // ү
    { 13, 12, 12, 0, 12, 39, 16671 }, // Ұ
    { 11, 13, 11, 0, 9, 36, 16710 }, // ұ
    { 14, 15, 13, 0, 12, 53, 16746 }, // Ҳ
    { 11, 12, 11, 0, 9, 33, 16799 }, // ҳ
    { 16, 15, 16, 0, 12, 60, 16832 }, // Ҵ
    { 14, 12, 14, 0, 9, 42, 16892 }, // ҵ
    { 14, 16, 13, 0, 12, 56, 16934 }, // Ҷ
    { 11, 13, 11, 0, 9, 36, 16990 }, // ҷ
    { 13, 12, 13, 0, 12, 39, 17026 }, // Ҹ
    { 11, 9, 11, 0, 9, 25, 17065 }, // ҹ
    { 13, 12, 13, 0, 12, 39, 17090 }, // Һ
    { 11, 13, 11, 0, 13, 36, 17129 }, // һ
    { 14, 12, 14, 0, 12, 42, 17165 }, // Ҽ
    { 11, 9, 11, 0, 9, 25, 17207 }, // ҽ
    { 14, 15, 14, 0, 12, 53, 17232 }, // Ҿ
    { 11, 12, 11, 0, 9, 33, 17285 }, // ҿ
    { 7, 12, 7, 0, 12, 21, 17318 }, // Ӏ
    { 19, 16, 19, 0, 16, 76, 17339 }, // Ӂ
    { 16, 13, 15, 0, 13, 52, 17415 }, // ӂ
    { 12, 16, 13, 0, 12, 48, 17467 }, // Ӄ
    { 11, 13, 11, 0, 9, 36, 17515 }, // ӄ
    { 13, 16, 13, 0, 12, 52, 17551 }, // Ӆ
    { 11, 13, 11, 0, 9, 36, 17603 }, // ӆ
    { 15, 16, 14, 0, 12, 60, 17639 }, // Ӈ
    { 12, 13, 12, 0, 9, 39, 17699 }, // ӈ
    { 15, 16, 15, 0, 12, 60, 17738 }, // Ӊ
    { 12, 12, 12, 0, 9, 36, 17798 }, // ӊ
    { 13, 15, 13, 0, 12, 49, 17834 }, // Ӌ
    { 11, 12, 11, 0, 9, 33, 17883 }, // ӌ
    { 17, 16, 16, 0, 12, 68, 17916 }, // Ӎ
    { 14, 12, 13, 0, 9, 42, 17984 }, // ӎ
    { 7, 13, 7, 0, 13, 23, 18026 }, // ӏ
    { 13, 16, 13, 0, 16, 52, 18049 }, // Ӑ
    { 10, 13, 10, 0, 13, 33, 18101 }, // ӑ
    { 13, 16, 13, 0, 16, 52, 18134 }, // Ӓ
    { 10, 13, 10, 0, 13, 33, 18186 }, // ӓ
    { 17, 12, 17, -1, 12, 51, 18219 }, // Ӕ
    { 14, 9, 14, 0, 9, 32, 18270 }, // ӕ
    { 11, 16, 11, 0, 16, 44, 18302 }, // Ӗ
    { 9, 13, 9, 0, 13, 30, 18346 }, // ӗ
    { 12, 12, 12, 0, 12, 36, 18376 }, // Ә
    { 9, 9, 9, 0, 9, 21, 18412 }, // ә
    { 12, 16, 12, 0, 16, 48, 18433 }, // Ӛ
    { 9, 13, 9, 0, 13, 30, 18481 }, // ӛ
    { 19, 16, 19, 0, 16, 76, 18511 }, // Ӝ
    { 16, 13, 15, 0, 13, 52, 18587 }, // ӝ
    { 10, 16, 11, 0, 16, 40, 18639 }, // Ӟ
    { 9, 13, 9, 0, 13, 30, 18679 }, // ӟ
    { 10, 12, 10, 0, 12, 30, 18709 }, // Ӡ
    { 9, 13, 9, 0, 9, 30, 18739 }, // ӡ
    { 14, 15, 14, 0, 15, 53, 18769 }, // Ӣ
    { 12, 12, 12, 0, 12, 36, 18822 }, // ӣ
    { 14, 16, 14, 0, 16, 56, 18858 }, // Ӥ
    { 12, 13, 12, 0, 13, 39, 18914 }, // ӥ
    { 13, 16, 13, 0, 16, 52, 18953 }, // Ӧ
    { 10, 13, 10, 0, 13, 33, 19005 }, // ӧ
    { 13, 12, 13, 0, 12, 39, 19038 }, // Ө
    { 10, 9, 10, 0, 9, 23, 19077 }, // ө
    { 13, 16, 13, 0, 16, 52, 19100 }, // Ӫ
    { 10, 13, 10, 0, 13, 33, 19152 }, // ӫ
    { 11, 16, 12, 0, 16, 44, 19185 }, // Ӭ
    { 9, 13, 9, 0, 13, 30, 19229 }, // ӭ
    { 13, 15, 12, 0, 15, 49, 19259 }, // Ӯ
    { 11, 16, 11, 0, 12, 44, 19308 }, // ӯ
    { 13, 16, 12, 0, 16, 52, 19352 }, // Ӱ
    { 11, 17, 11, 0, 13, 47, 19404 }, // ӱ
    { 13, 17, 12, 0, 17, 56, 19451 }, // Ӳ
    { 11, 19, 11, 0, 15, 53, 19507 }, // ӳ
    { 13, 16, 13, 0, 16, 52, 19560 }, // Ӵ
    { 11, 13, 11, 0, 13, 36, 19612 }, // ӵ
    { 11, 16, 11, 0, 12, 44, 19648 }, // Ӷ
    { 9, 12, 9, 0, 9, 27, 19692 }, // ӷ
    { 17, 16, 17, 0, 16, 68, 19719 }, // Ӹ
    { 15, 13, 15, 0, 13, 49, 19787 }, // ӹ
    { 11, 15, 11, 0, 12, 42, 19836 }, // Ӻ
    { 9, 12, 9, 0, 9, 27, 19878 }, // ӻ
    { 13, 16, 13, 0, 12, 52, 19905 }, // Ӽ
    { 11, 13, 10, 0, 9, 36, 19957 }, // ӽ
    { 13, 12, 13, 0, 12, 39, 19993 }, // Ӿ
    { 11, 9, 11, 0, 9, 25, 20032 }, // ӿ
    { 0, 0, 9, 0, 0, 0, 20057 }, //  
    { 0, 0, 17, 0, 0, 0, 20057 }, //  
    { 0, 0, 9, 0, 0, 0, 20057 }, //  
    { 0, 0, 17, 0, 0, 0, 20057 }, //  
    { 0, 0, 6, 0, 0, 0, 20057 }, //  
    { 0, 0, 4, 0, 0, 0, 20057 }, //  
    { 0, 0, 3, 0, 0, 0, 20057 }, //  
    { 0, 0, 11, 0, 0, 0, 20057 }, //  
    { 0, 0, 5, 0, 0, 0, 20057 }, //  
    { 0, 0, 3, 0, 0, 0, 20057 }, //  
    { 0, 0, 1, 0, 0, 0, 20057 }, //  
    { 0, 0, 0, 0, 0, 0, 20057 }, // ​
    { 2, 14, 0, -1, 10, 7, 20057 }, // ‌
    { 4, 15, 0, -2, 11, 15, 20064 }, // ‍
    { 6, 16, 0, -3, 12, 24, 20079 }, // ‎
    { 6, 16, 0, -3, 12, 24, 20103 }, // ‏
    { 6, 2, 6, 0, 5, 3, 20127 }, // ‐
    { 6, 2, 6, 0, 5, 3, 20130 }, // ‑
    { 9, 2, 11, 1, 6, 5, 20133 }, // ‒
    { 9, 2, 9, 0, 5, 5, 20138 }, // –
    { 17, 2, 17, 0, 5, 9, 20143 }, // —
    { 17, 2, 17, 0, 5, 9, 20152 }, // ―
    { 7, 17, 9, 1, 13, 30, 20161 }, // ‖
    { 9, 5, 9, 0, -1, 12, 20191 }, // ‗
    { 4, 6, 4, 0, 13, 6, 20203 }, // ‘
    { 4, 6, 4, 0, 12, 6, 20209 }, // ’
    { 4, 6, 4, 0, 2, 6, 20215 }, // ‚
    { 4, 6, 4, 0, 13, 6, 20221 }, // ‛
    { 8, 6, 8, 0, 13, 12, 20227 }, // “
    { 7, 6, 8, 0, 12, 11, 20239 }, // ”
    { 7, 6, 8, 0, 2, 11, 20250 }, // „
    { 8, 6, 8, 0, 13, 12, 20261 }, // ‟
    { 8, 11, 8, 0, 12, 22, 20273 }, // †
    { 8, 13, 8, 0, 12, 26, 20295 }, // ‡
    { 5, 4, 5, 0, 7, 5, 20321 }, // •
    { 7, 6, 11, 2, 9, 11, 20326 }, // ‣
    { 4, 3, 5, 0, 2, 3, 20337 }, // ․
    { 8, 3, 9, 0, 3, 6, 20340 }, // ‥
    { 15, 3, 17, 1, 3, 12, 20346 }, // …
    { 4, 3, 5, 0, 6, 3, 20358 }, // ‧
    { 0, 0, 0, 0, 0, 0, 20361 }, //  
    { 0, 0, 0, 0, 0, 0, 20361 }, //  
    { 6, 16, 0, -3, 12, 24, 20361 }, // ‪
    { 6, 16, 0, -3, 12, 24, 20385 }, // ‫
    { 6, 16, 0, -3, 12, 24, 20409 }, // ‬
    { 8, 16, 0, -4, 12, 32, 20433 }, // ‭
    { 8, 16, 0, -4, 12, 32, 20465 }, // ‮
    { 0, 0, 2, 0, 0, 0, 20497 }, //  
    { 23, 14, 24, 0, 13, 81, 20497 }, // ‰
    { 5, 6, 5, 0, 12, 8, 20578 }, // ′
    { 8, 6, 8, 0, 12, 12, 20586 }, // ″
    { 12, 6, 12, 0, 12, 18, 20598 }, // ‴
    { 5, 6, 5, 0, 12, 8, 20616 }, // ‵
    { 8, 6, 9, 0, 12, 12, 20624 }, // ‶
    { 12, 6, 12, 0, 12, 18, 20636 }, // ‷
    { 8, 3, 8, 0, 0, 6, 20654 }, // ‸
    { 5, 6, 6, 0, 7, 8, 20660 }, // ‹
    { 6, 6, 6, 0, 7, 9, 20668 }, // ›
    { 11, 11, 11, 0, 11, 31, 20677 }, // ※
    { 9, 13, 10, 1, 13, 30, 20708 }, // ‼
    { 9, 2, 9, 0, 14, 5, 20738 }, // ‾
    { 5, 2, 5, 0, 5, 3, 20743 }, // ⁃
    { 9, 14, 3, -3, 13, 32, 20746 }, // ⁄
    { 15, 13, 16, 1, 13, 49, 20778 }, // ⁇
    { 12, 13, 13, 1, 13, 39, 20827 }, // ⁈
    { 12, 13, 13, 1, 13, 39, 20866 }, // ⁉
    { 11, 3, 17, 3, 6, 9, 20905 }, // ⁓
    { 16, 6, 16, 0, 12, 24, 20914 }, // ⁗
    { 0, 0, 4, 0, 0, 0, 20938 }, //  
    { 0, 0, 0, 0, 0, 0, 20938 }, // ⁠
    { 0, 0, 0, 0, 0, 0, 20938 }, // ⁡
    { 0, 0, 0, 0, 0, 0, 20938 }, // ⁢
    { 0, 0, 0, 0, 0, 0, 20938 }, // ⁣
    { 0, 0, 0, 0, 0, 0, 20938 }, // ⁤
    { 8, 7, 8, 0, 14, 14, 20938 }, // ⁰
    { 8, 8, 8, 0, 14, 16, 20952 }, // ⁴
    { 6, 8, 8, 1, 14, 12, 20968 }, // ⁵
    { 7, 8, 8, 0, 14, 14, 20980 }, // ⁶
    { 6, 8, 8, 1, 14, 12, 20994 }, // ⁷
    { 7, 8, 8, 0, 14, 14, 21006 }, // ⁸
    { 7, 8, 8, 0, 14, 14, 21020 }, // ⁹
    { 8, 6, 10, 1, 12, 12, 21034 }, // ⁿ
    { 8, 7, 8, 0, 5, 14, 21046 }, // ₀
    { 6, 7, 8, 1, 5, 11, 21060 }, // ₁
    { 7, 7, 8, 0, 5, 13, 21071 }, // ₂
    { 7, 8, 8, 0, 5, 14, 21084 }, // ₃
    { 8, 8, 8, 0, 5, 16, 21098 }, // ₄
    { 6, 8, 8, 1, 5, 12, 21114 }, // ₅
    { 7, 8, 8, 0, 5, 14, 21126 }, // ₆
    { 6, 8, 8, 1, 5, 12, 21140 }, // ₇
    { 7, 8, 8, 0, 5, 14, 21152 }, // ₈
    { 7, 8, 8, 0, 5, 14, 21166 }, // ₉
    { 10, 12, 11, 0, 12, 30, 21180 }, // ₣
    { 11, 12, 11, 0, 12, 33, 21210 }, // ₤
    { 23, 12, 23, 0, 12, 69, 21243 }, // ₧
    { 11, 12, 11, 0, 12, 33, 21312 }, // €
    { 11, 8, 17, 3, 10, 22, 21345 }, // ←
    { 9, 11, 17, 4, 12, 25, 21367 }, // ↑
    { 11, 8, 17, 3, 10, 22, 21392 }, // →
    { 9, 11, 17, 4, 12, 25, 21414 }, // ↓
    { 11, 7, 17, 3, 10, 20, 21439 }, // ↔
    { 9, 12, 17, 4, 12, 27, 21459 }, // ↕
    { 9, 11, 17, 4, 12, 25, 21486 }, // ↨
    { 9, 12, 17, 4, 13, 27, 21511 }, // ↲
    { 9, 12, 17, 4, 12, 27, 21538 }, // ↳
    { 11, 9, 17, 3, 10, 25, 21565 }, // ↵
    { 11, 10, 17, 3, 10, 28, 21590 }, // ⇐
    { 11, 11, 17, 3, 12, 31, 21618 }, // ⇑
    { 11, 9, 17, 3, 10, 25, 21649 }, // ⇒
    { 11, 11, 17, 3, 12, 31, 21674 }, // ⇓
    { 11, 9, 17, 3, 10, 25, 21705 }, // ⇔
    { 13, 12, 17, 2, 12, 39, 21730 }, // ∀
    { 9, 13, 11, 1, 13, 30, 21769 }, // ∂
    { 9, 12, 17, 4, 12, 27, 21799 }, // ∃
    { 13, 14, 17, 2, 13, 46, 21826 }, // ∅
    { 12, 12, 12, 0, 12, 36, 21872 }, // ∆
    { 11, 12, 17, 3, 12, 33, 21908 }, // ∇
    { 13, 12, 17, 2, 12, 39, 21941 }, // ∈
    { 13, 14, 17, 2, 13, 46, 21980 }, // ∉
    { 13, 10, 17, 2, 11, 33, 22026 }, // ∊
    { 13, 12, 17, 2, 12, 39, 22059 }, // ∋
    { 13, 14, 17, 2, 13, 46, 22098 }, // ∌
    { 13, 10, 17, 2, 11, 33, 22144 }, // ∍
    { 14, 15, 14, 0, 12, 53, 22177 }, // ∏
    { 11, 16, 11, 0, 12, 44, 22230 }, // ∑
    { 9, 2, 11, 1, 7, 5, 22274 }, // −
    { 9, 13, 9, 0, 12, 30, 22279 }, // ∕
    { 9, 13, 9, 0, 12, 30, 22309 }, // ∖
    { 9, 8, 11, 1, 10, 18, 22339 }, // ∗
    { 7, 6, 11, 2, 9, 11, 22357 }, // ∘
    { 4, 3, 11, 3, 6, 3, 22368 }, // ∙
    { 12, 16, 11, -1, 14, 48, 22371 }, // √
    { 9, 6, 11, 1, 8, 14, 22419 }, // ∝
    { 11, 6, 11, 0, 8, 17, 22433 }, // ∞
    { 11, 12, 17, 3, 12, 33, 22450 }, // ∟
    { 13, 12, 17, 2, 12, 39, 22483 }, // ∠
    { 3, 17, 9, 3, 13, 13, 22522 }, // ∣
    { 7, 17, 9, 1, 13, 30, 22535 }, // ∥
    { 13, 12, 17, 2, 12, 39, 22565 }, // ∧
    { 13, 12, 17, 2, 12, 39, 22604 }, // ∨
    { 11, 12, 17, 3, 12, 33, 22643 }, // ∩
    { 11, 12, 17, 3, 12, 33, 22676 }, // ∪
    { 10, 17, 11, 0, 13, 43, 22709 }, // ∫
    { 11, 10, 17, 3, 9, 28, 22752 }, // ∴
    { 11, 10, 17, 3, 9, 28, 22780 }, // ∵
    { 4, 9, 5, 1, 11, 9, 22808 }, // ∶
    { 11, 10, 17, 3, 9, 28, 22817 }, // ∷
    { 11, 3, 17, 3, 6, 9, 22845 }, // ∼
    { 11, 9, 17, 3, 10, 25, 22854 }, // ≅
    { 9, 7, 11, 1, 9, 16, 22879 }, // ≈
    { 9, 8, 17, 4, 9, 18, 22895 }, // ≍
    { 9, 10, 11, 1, 11, 23, 22913 }, // ≠
    { 11, 8, 17, 3, 9, 22, 22936 }, // ≡
    { 9, 11, 11, 1, 11, 25, 22958 }, // ≤
    { 9, 12, 11, 1, 12, 27, 22983 }, // ≥
    { 15, 8, 17, 1, 9, 30, 23010 }, // ≪
    { 15, 8, 17, 1, 9, 30, 23040 }, // ≫
    { 13, 10, 17, 2, 11, 33, 23070 }, // ⊃
    { 13, 14, 17, 2, 13, 46, 23103 }, // ⊄
    { 13, 14, 17, 2, 13, 46, 23149 }, // ⊅
    { 11, 12, 17, 3, 12, 33, 23195 }, // ⊆
    { 11, 12, 17, 3, 12, 33, 23228 }, // ⊇
    { 13, 12, 17, 2, 12, 39, 23261 }, // ⊕
    { 13, 12, 17, 2, 12, 39, 23300 }, // ⊖
    { 13, 12, 17, 2, 12, 39, 23339 }, // ⊗
    { 13, 12, 17, 2, 12, 39, 23378 }, // ⊘
    { 11, 12, 17, 3, 12, 33, 23417 }, // ⊥
    { 4, 3, 11, 3, 6, 3, 23450 }, // ⋅
    { 15, 3, 17, 1, 6, 12, 23453 }, // ⋯
    { 17, 16, 17, 0, 14, 68, 23465 }, // �
};

static const EpdUnicodeInterval bookerly_8_boldIntervals[] = {
    { 0x0, 0x0, 0x0 },
    { 0x8, 0x9, 0x1 },
    { 0xD, 0xD, 0x3 },
    { 0x1D, 0x1D, 0x4 },
    { 0x20, 0x7E, 0x5 },
    { 0xA0, 0xFF, 0x64 },
    { 0x100, 0x17F, 0xC4 },
    { 0x300, 0x304, 0x144 },
    { 0x306, 0x30C, 0x149 },
    { 0x30F, 0x30F, 0x150 },
    { 0x311, 0x315, 0x151 },
    { 0x31B, 0x31B, 0x156 },
    { 0x323, 0x329, 0x157 },
    { 0x32D, 0x32E, 0x15E },
    { 0x330, 0x331, 0x160 },
    { 0x342, 0x342, 0x162 },
    { 0x344, 0x345, 0x163 },
    { 0x400, 0x45F, 0x165 },
    { 0x462, 0x463, 0x1C5 },
    { 0x472, 0x475, 0x1C7 },
    { 0x48A, 0x4FF, 0x1CB },
    { 0x2000, 0x2030, 0x241 },
    { 0x2032, 0x203C, 0x272 },
    { 0x203E, 0x203E, 0x27D },
    { 0x2043, 0x2044, 0x27E },
    { 0x2047, 0x2049, 0x280 },
    { 0x2053, 0x2053, 0x283 },
    { 0x2057, 0x2057, 0x284 },
    { 0x205F, 0x2064, 0x285 },
    { 0x2070, 0x2070, 0x28B },
    { 0x2074, 0x2079, 0x28C },
    { 0x207F, 0x2089, 0x292 },
    { 0x20A3, 0x20A4, 0x29D },
    { 0x20A7, 0x20A7, 0x29F },
    { 0x20AC, 0x20AC, 0x2A0 },
    { 0x2190, 0x2195, 0x2A1 },
    { 0x21A8, 0x21A8, 0x2A7 },
    { 0x21B2, 0x21B3, 0x2A8 },
    { 0x21B5, 0x21B5, 0x2AA },
    { 0x21D0, 0x21D4, 0x2AB },
    { 0x2200, 0x2200, 0x2B0 },
    { 0x2202, 0x2203, 0x2B1 },
    { 0x2205, 0x220D, 0x2B3 },
    { 0x220F, 0x220F, 0x2BC },
    { 0x2211, 0x2212, 0x2BD },
    { 0x2215, 0x221A, 0x2BF },
    { 0x221D, 0x2220, 0x2C5 },
    { 0x2223, 0x2223, 0x2C9 },
    { 0x2225, 0x2225, 0x2CA },
    { 0x2227, 0x222B, 0x2CB },
    { 0x2234, 0x2237, 0x2D0 },
    { 0x223C, 0x223C, 0x2D4 },
    { 0x2245, 0x2245, 0x2D5 },
    { 0x2248, 0x2248, 0x2D6 },
    { 0x224D, 0x224D, 0x2D7 },
    { 0x2260, 0x2261, 0x2D8 },
    { 0x2264, 0x2265, 0x2DA },
    { 0x226A, 0x226B, 0x2DC },
    { 0x2283, 0x2287, 0x2DE },
    { 0x2295, 0x2298, 0x2E3 },
    { 0x22A5, 0x22A5, 0x2E7 },
    { 0x22C5, 0x22C5, 0x2E8 },
    { 0x22EF, 0x22EF, 0x2E9 },
    { 0xFFFD, 0xFFFD, 0x2EA },
};

static const EpdFontData bookerly_8_bold = {
    bookerly_8_boldBitmaps,
    bookerly_8_boldGlyphs,
    bookerly_8_boldIntervals,
    64,
    22,
    18,
    -5,
    true,
};
