/**
 * generated by fontconvert.py
 * name: notosans_8_italic
 * size: 8
 * mode: 2-bit
 * Command used: /Users/jesse/Documents/GitHub/crosspoint/crosspoint-reader/lib/EpdFont/scripts/fontconvert.py notosans_8_italic 8 /Users/jesse/Documents/GitHub/crosspoint/crosspoint-reader/lib/EpdFont/builtinFonts/source/NotoSans/NotoSans-Italic.ttf --2bit
 */
#pragma once
#include "EpdFontData.h"

static const uint8_t notosans_8_italicBitmaps[23576] = {
    0x07, 0x41, 0xC0, 0xB0, 0x38, 0x0D, 0x03, 0x41, 0xC0, 0xB0, 0x14, 0x00, 0x07, 0x42, 0xD0, 0x00,
    0x00, 0x2C, 0xA3, 0x8D, 0x34, 0xC3, 0x0C, 0x10, 0x40, 0x00, 0x30, 0x60, 0x01, 0xC3, 0x40, 0x0A,
    0x0C, 0x01, 0x79, 0xB5, 0x1B, 0xEB, 0xE8, 0x0A, 0x0C, 0x00, 0x34, 0x30, 0x1A, 0xEB, 0xE8, 0x2B,
    0xAE, 0x90, 0x24, 0x30, 0x00, 0xC1, 0xC0, 0x07, 0x09, 0x00, 0x00, 0x14, 0x00, 0x0A, 0x00, 0x2F,
    0xF4, 0x2C, 0xC4, 0x0D, 0x30, 0x03, 0x98, 0x00, 0x7E, 0x00, 0x03, 0xF0, 0x00, 0xCE, 0x00, 0x72,
    0x85, 0x29, 0xD1, 0xFF, 0xD0, 0x03, 0x00, 0x00, 0xC0, 0x00, 0x00, 0x00, 0x00, 0x0F, 0xC0, 0x28,
    0x38, 0xD0, 0x70, 0x70, 0xD0, 0xC0, 0xA0, 0xD3, 0x40, 0xA0, 0xCA, 0x10, 0xA2, 0x9D, 0xFC, 0x7F,
    0x37, 0x4A, 0x04, 0xE3, 0x0A, 0x02, 0xC7, 0x0D, 0x07, 0x0A, 0x0C, 0x0D, 0x07, 0x28, 0x28, 0x03,
    0xF0, 0x00, 0x00, 0x00, 0x00, 0x00, 0x00, 0x02, 0xFC, 0x00, 0x3C, 0x38, 0x00, 0xD0, 0xA0, 0x03,
    0x43, 0x40, 0x0B, 0xB8, 0x00, 0x2F, 0x00, 0x03, 0xEC, 0x09, 0x38, 0x3C, 0x71, 0xC0, 0x3B, 0x87,
    0x00, 0xB8, 0x0E, 0x07, 0xF0, 0x1F, 0xF4, 0xE0, 0x00, 0x00, 0x00, 0x2C, 0xE3, 0x4C, 0x10, 0x00,
    0xA0, 0x07, 0x00, 0x34, 0x03, 0x80, 0x1C, 0x00, 0xB0, 0x03, 0x80, 0x0D, 0x00, 0x70, 0x01, 0xC0,
    0x07, 0x00, 0x0C, 0x00, 0x34, 0x00, 0xA0, 0x00, 0x80, 0x00, 0x00, 0xC0, 0x02, 0x80, 0x07, 0x00,
    0x1C, 0x00, 0x70, 0x01, 0xC0, 0x07, 0x00, 0x1C, 0x00, 0xA0, 0x03, 0x40, 0x2C, 0x00, 0xD0, 0x0B,
    0x00, 0x70, 0x02, 0x00, 0x00, 0x00, 0x50, 0x00, 0x28, 0x03, 0x49, 0x00, 0xBF, 0x54, 0x02, 0xEB,
    0x42, 0xA8, 0x02, 0xC3, 0x00, 0x00, 0xD0, 0x01, 0x80, 0x02, 0x80, 0x02, 0x80, 0x56, 0xD5, 0xAB,
    0xEA, 0x02, 0x80, 0x02, 0x80, 0x02, 0x80, 0x00, 0x00, 0x0D, 0x2C, 0x34, 0x70, 0x00, 0x00, 0x1F,
    0xE0, 0x00, 0x01, 0xDB, 0x40, 0x00, 0x07, 0x00, 0x03, 0x80, 0x01, 0xC0, 0x00, 0xD0, 0x00, 0xB0,
    0x00, 0x34, 0x00, 0x2C, 0x00, 0x1C, 0x00, 0x0E, 0x00, 0x07, 0x00, 0x03, 0x80, 0x01, 0xC0, 0x00,
    0x00, 0x00, 0x00, 0x3F, 0x80, 0x38, 0x74, 0x3C, 0x0B, 0x0D, 0x02, 0xCB, 0x00, 0xB3, 0x80, 0x2C,
    0xE0, 0x0E, 0x34, 0x03, 0x4D, 0x01, 0xC3, 0x80, 0xE0, 0xB0, 0xB0, 0x0F, 0xF0, 0x00, 0x00, 0x00,
    0x02, 0xD0, 0xFC, 0x7A, 0xC1, 0x38, 0x03, 0x40, 0x30, 0x07, 0x00, 0xB0, 0x0E, 0x00, 0xD0, 0x1C,
    0x02, 0xC0, 0x00, 0x00, 0x00, 0xBF, 0x80, 0xB4, 0x78, 0x00, 0x0F, 0x00, 0x03, 0x80, 0x00, 0xD0,
    0x00, 0xE0, 0x00, 0xF0, 0x00, 0xE0, 0x01, 0xE0, 0x01, 0xE0, 0x01, 0xE5, 0x50, 0xFF, 0xFE, 0x00,
    0x00, 0x00, 0x00, 0xBF, 0x80, 0xB4, 0x78, 0x00, 0x0E, 0x00, 0x03, 0x80, 0x02, 0xC0, 0x2F, 0x80,
    0x06, 0xF0, 0x00, 0x0E, 0x00, 0x02, 0xC0, 0x00, 0xE1, 0x40, 0xB0, 0x7F, 0xF4, 0x00, 0x00, 0x00,
    0x00, 0x07, 0x80, 0x03, 0xD0, 0x03, 0xB4, 0x03, 0x9C, 0x02, 0xCB, 0x02, 0xC3, 0x81, 0xC0, 0xD1,
    0xD0, 0x30, 0xFF, 0xFF, 0xD5, 0x5F, 0x40, 0x03, 0x80, 0x00, 0xD0, 0x02, 0xFF, 0xC0, 0xE5, 0x50,
    0x30, 0x00, 0x2C, 0x00, 0x0E, 0x40, 0x03, 0xFF, 0x00, 0x00, 0xF0, 0x00, 0x1C, 0x00, 0x07, 0x00,
    0x03, 0xC5, 0x02, 0xD0, 0xFF, 0xD0, 0x00, 0x00, 0x00, 0x00, 0x00, 0x00, 0x2F, 0xC0, 0x79, 0x00,
    0x34, 0x00, 0x38, 0x00, 0x0D, 0x54, 0x0B, 0xBF, 0x83, 0xD0, 0x70, 0xE0, 0x0D, 0x38, 0x03, 0x0E,
    0x02, 0xC2, 0xD1, 0xD0, 0x2F, 0xD0, 0x00, 0x00, 0x00, 0x3F, 0xFF, 0x45, 0x57, 0xC0, 0x00, 0xD0,
    0x00, 0xB0, 0x00, 0x74, 0x00, 0x38, 0x00, 0x1C, 0x00, 0x0E, 0x00, 0x0B, 0x00, 0x03, 0x40, 0x03,
    0xC0, 0x01, 0xC0, 0x00, 0x00, 0x00, 0x00, 0x1F, 0xF0, 0x03, 0x87, 0xC0, 0x70, 0x1C, 0x07, 0x02,
    0xC0, 0x38, 0xB4, 0x01, 0xFC, 0x00, 0xBA, 0xC0, 0x3C, 0x0B, 0x03, 0x40, 0x70, 0x34, 0x07, 0x03,
    0xC1, 0xE0, 0x0F, 0xF8, 0x00, 0x00, 0x00, 0x00, 0x00, 0x00, 0xBF, 0x40, 0xB4, 0xB4, 0x34, 0x0E,
    0x1C, 0x03, 0x8B, 0x00, 0xE1, 0xC0, 0x78, 0x3E, 0xFD, 0x01, 0x97, 0x00, 0x03, 0x80, 0x01, 0xC0,
    0x42, 0xE0, 0x3F, 0xD0, 0x00, 0x00, 0x00, 0x00, 0x0E, 0x0D, 0x00, 0x00, 0x00, 0x00, 0x00, 0x74,
    0xB4, 0x00, 0x00, 0x00, 0xE0, 0x34, 0x00, 0x00, 0x00, 0x00, 0x00, 0x00, 0x1D, 0x0B, 0x03, 0x42,
    0x80, 0x00, 0x00, 0x00, 0x00, 0x00, 0x01, 0xC0, 0x07, 0xD0, 0x1F, 0x40, 0x7D, 0x00, 0x2E, 0x00,
    0x00, 0xB9, 0x00, 0x02, 0xF4, 0x00, 0x07, 0x00, 0x00, 0x00, 0x00, 0x00, 0xBF, 0xFF, 0x00, 0x00,
    0x00, 0x00, 0xBF, 0xFE, 0x55, 0x55, 0x00, 0x00, 0x34, 0x00, 0x07, 0xD0, 0x00, 0x1B, 0x40, 0x00,
    0x2D, 0x00, 0x07, 0xC0, 0x2E, 0x41, 0xF8, 0x00, 0x90, 0x00, 0x00, 0x00, 0x00, 0x00, 0x00, 0xBF,
    0x82, 0x4B, 0x40, 0x0E, 0x00, 0x34, 0x02, 0xC0, 0x3C, 0x03, 0x80, 0x2C, 0x00, 0x90, 0x00, 0x00,
    0x1D, 0x00, 0xB0, 0x00, 0x00, 0x00, 0x00, 0x1B, 0xF8, 0x00, 0x0B, 0x91, 0xB4, 0x03, 0x80, 0x01,
    0xC0, 0xE0, 0x69, 0x0D, 0x1C, 0x2D, 0x74, 0xA3, 0x87, 0x03, 0x0A, 0x34, 0xD0, 0xB0, 0xA3, 0x0D,
    0x0E, 0x0D, 0x30, 0xD1, 0xD2, 0xC3, 0x4B, 0xE7, 0xF0, 0x2C, 0x00, 0x00, 0x00, 0xE0, 0x00, 0x00,
    0x03, 0xEA, 0xF0, 0x00, 0x01, 0x94, 0x00, 0x00, 0x0B, 0x00, 0x01, 0xF4, 0x00, 0x3B, 0x40, 0x07,
    0x38, 0x00, 0xE3, 0x80, 0x1C, 0x2C, 0x03, 0x82, 0xC0, 0xBF, 0xFC, 0x0E, 0x56, 0xC2, 0xC0, 0x0C,
    0x34, 0x00, 0xDB, 0x00, 0x0D, 0x03, 0xFF, 0x40, 0x39, 0x6D, 0x07, 0x00, 0xF0, 0xB0, 0x0E, 0x0B,
    0x01, 0xD0, 0xFF, 0xE4, 0x0E, 0x5B, 0x41, 0xC0, 0x2C, 0x2C, 0x02, 0xC3, 0x80, 0x3C, 0x39, 0x5F,
    0x43, 0xFF, 0x80, 0x00, 0x00, 0x00, 0x0B, 0xFC, 0x07, 0xD5, 0x81, 0xE0, 0x00, 0x3C, 0x00, 0x07,
    0x40, 0x00, 0xB0, 0x00, 0x0B, 0x00, 0x00, 0xF0, 0x00, 0x0B, 0x00, 0x00, 0x74, 0x00, 0x03, 0xD0,
    0x40, 0x0F, 0xFC, 0x00, 0x00, 0x00, 0x03, 0xFE, 0x40, 0x0E, 0x5F, 0x80, 0x70, 0x0B, 0x02, 0xC0,
    0x0D, 0x0B, 0x00, 0x38, 0x38, 0x00, 0xE0, 0xD0, 0x03, 0x47, 0x00, 0x1C, 0x2C, 0x00, 0xF0, 0xE0,
    0x0F, 0x03, 0x96, 0xF4, 0x0F, 0xFD, 0x00, 0x03, 0xFF, 0xC0, 0x39, 0x54, 0x07, 0x00, 0x00, 0xB0,
    0x00, 0x0B, 0x00, 0x00, 0xFF, 0xE0, 0x0E, 0x55, 0x01, 0xC0, 0x00, 0x2C, 0x00, 0x03, 0x80, 0x00,
    0x39, 0x54, 0x03, 0xFF, 0xC0, 0x03, 0xFF, 0xC0, 0x39, 0x54, 0x07, 0x00, 0x00, 0xB0, 0x00, 0x0B,
    0x00, 0x00, 0xE5, 0x50, 0x0F, 0xFE, 0x01, 0xC0, 0x00, 0x2C, 0x00, 0x03, 0x80, 0x00, 0x34, 0x00,
    0x03, 0x40, 0x00, 0x00, 0x00, 0x00, 0x02, 0xFF, 0x80, 0x7D, 0x5A, 0x07, 0x80, 0x00, 0x3C, 0x00,
    0x01, 0xD0, 0x00, 0x0B, 0x00, 0x54, 0x2C, 0x0B, 0xF4, 0xF0, 0x01, 0xC2, 0xC0, 0x0B, 0x0B, 0x40,
    0x38, 0x0F, 0x41, 0xD0, 0x0B, 0xFF, 0x00, 0x00, 0x00, 0x00, 0x03, 0x80, 0x0D, 0x03, 0x40, 0x1C,
    0x07, 0x00, 0x2C, 0x0B, 0x00, 0x38, 0x0B, 0x00, 0x34, 0x0F, 0xFF, 0xF4, 0x0E, 0x55, 0xB0, 0x1C,
    0x00, 0xB0, 0x2C, 0x00, 0xE0, 0x38, 0x00, 0xD0, 0x38, 0x01, 0xC0, 0x34, 0x01, 0xC0, 0x03, 0xFC,
    0x00, 0xE0, 0x00, 0xD0, 0x00, 0xD0, 0x01, 0xC0, 0x02, 0xC0, 0x03, 0x80, 0x03, 0x40, 0x07, 0x00,
    0x07, 0x00, 0x0B, 0x00, 0x3F, 0xC0, 0x00, 0x0E, 0x00, 0x0D, 0x00, 0x1C, 0x00, 0x2C, 0x00, 0x2C,
    0x00, 0x38, 0x00, 0x34, 0x00, 0x70, 0x00, 0xB0, 0x00, 0xE0, 0x00, 0xE0, 0x00, 0xD0, 0x01, 0xC0,
    0x07, 0x80, 0xBE, 0x00, 0x00, 0x00, 0x03, 0x80, 0x74, 0x0D, 0x07, 0x40, 0x70, 0x74, 0x02, 0xC7,
    0x40, 0x0B, 0x78, 0x00, 0x3F, 0xC0, 0x00, 0xFB, 0x00, 0x07, 0x0E, 0x00, 0x2C, 0x2C, 0x00, 0xE0,
    0x34, 0x03, 0x40, 0xB0, 0x0D, 0x01, 0xD0, 0x03, 0x80, 0x0D, 0x00, 0x70, 0x02, 0xC0, 0x0B, 0x00,
    0x38, 0x00, 0xD0, 0x07, 0x00, 0x2C, 0x00, 0xE0, 0x03, 0x95, 0x4F, 0xFF, 0x03, 0xD0, 0x01, 0xF0,
    0x0F, 0x40, 0x0F, 0xC0, 0x7A, 0x00, 0xBE, 0x02, 0xE8, 0x03, 0x74, 0x0A, 0x70, 0x2D, 0xC0, 0x35,
    0xC0, 0xCB, 0x00, 0xC3, 0x0A, 0x2C, 0x07, 0x0C, 0x30, 0xE0, 0x2C, 0x37, 0x83, 0x40, 0xE0, 0xEC,
    0x1C, 0x03, 0x42, 0xD0, 0xB0, 0x0C, 0x0B, 0x03, 0x80, 0x03, 0xC0, 0x0A, 0x03, 0xD0, 0x0E, 0x07,
    0xE0, 0x0D, 0x0B, 0x70, 0x1C, 0x0A, 0x34, 0x1C, 0x0D, 0x2C, 0x28, 0x0C, 0x1C, 0x38, 0x1C, 0x0E,
    0x34, 0x2C, 0x0B, 0x70, 0x38, 0x03, 0xB0, 0x34, 0x03, 0xE0, 0x30, 0x01, 0xD0, 0x00, 0x00, 0x00,
    0x07, 0xFE, 0x00, 0xB9, 0x6E, 0x07, 0x40, 0x2C, 0x38, 0x00, 0x35, 0xD0, 0x00, 0xDB, 0x00, 0x03,
    0x6C, 0x00, 0x1D, 0xF0, 0x00, 0xB2, 0xC0, 0x03, 0xC7, 0x40, 0x2D, 0x0F, 0x46, 0xD0, 0x0B, 0xFD,
    0x00, 0x00, 0x00, 0x00, 0x03, 0xFE, 0x00, 0x39, 0x7C, 0x07, 0x00, 0xD0, 0xB0, 0x0D, 0x0B, 0x01,
    0xD0, 0xE0, 0x7C, 0x0F, 0xFE, 0x01, 0xD5, 0x00, 0x2C, 0x00, 0x03, 0x80, 0x00, 0x34, 0x00, 0x03,
    0x40, 0x00, 0x00, 0x00, 0x00, 0x07, 0xFE, 0x00, 0xB9, 0x6E, 0x07, 0x40, 0x2C, 0x38, 0x00, 0x35,
    0xD0, 0x00, 0xDB, 0x00, 0x03, 0x6C, 0x00, 0x1D, 0xF0, 0x00, 0xB2, 0xC0, 0x03, 0xC7, 0x40, 0x2C,
    0x0F, 0x46, 0xD0, 0x0B, 0xFD, 0x00, 0x00, 0xF0, 0x00, 0x00, 0xE0, 0x00, 0x01, 0xC0, 0x03, 0xFE,
    0x00, 0x39, 0x7C, 0x07, 0x00, 0xD0, 0xB0, 0x0D, 0x0B, 0x01, 0xC0, 0xE0, 0xB8, 0x0F, 0xFD, 0x01,
    0xC2, 0xC0, 0x2C, 0x1C, 0x03, 0x80, 0xE0, 0x34, 0x0B, 0x03, 0x40, 0x74, 0x00, 0x00, 0x00, 0xBF,
    0xD0, 0xB5, 0x64, 0x38, 0x00, 0x0D, 0x00, 0x03, 0xC0, 0x00, 0x7D, 0x00, 0x03, 0xE0, 0x00, 0x2D,
    0x00, 0x03, 0x40, 0x01, 0xD1, 0x41, 0xF0, 0xBF, 0xE0, 0x00, 0x00, 0x00, 0x7F, 0xFF, 0x85, 0xB9,
    0x40, 0x1C, 0x00, 0x0B, 0x00, 0x03, 0x80, 0x00, 0xD0, 0x00, 0x70, 0x00, 0x2C, 0x00, 0x0B, 0x00,
    0x03, 0x80, 0x00, 0xD0, 0x00, 0x70, 0x00, 0x0D, 0x00, 0x34, 0x70, 0x01, 0xC1, 0xC0, 0x0B, 0x0B,
    0x00, 0x28, 0x38, 0x00, 0xE0, 0xD0, 0x03, 0x47, 0x00, 0x1C, 0x2C, 0x00, 0xB0, 0xB0, 0x03, 0x82,
    0xC0, 0x1D, 0x07, 0x81, 0xE0, 0x0B, 0xFE, 0x00, 0x00, 0x00, 0x00, 0x70, 0x00, 0xD7, 0x00, 0x2C,
    0x30, 0x03, 0x43, 0x40, 0xB0, 0x34, 0x0D, 0x03, 0x82, 0xC0, 0x38, 0x34, 0x02, 0x8B, 0x00, 0x2C,
    0xD0, 0x01, 0xE8, 0x00, 0x1F, 0x00, 0x00, 0xE0, 0x00, 0x30, 0x03, 0x40, 0x34, 0xD0, 0x2E, 0x01,
    0xC3, 0x40, 0xF8, 0x0E, 0x0D, 0x0A, 0xA0, 0x70, 0x34, 0x36, 0x83, 0x80, 0xD2, 0xCB, 0x0D, 0x03,
    0x4D, 0x1C, 0xB0, 0x0D, 0x70, 0x73, 0x40, 0x37, 0x41, 0xDC, 0x00, 0xEC, 0x07, 0xD0, 0x03, 0xE0,
    0x1F, 0x00, 0x0B, 0x00, 0x38, 0x00, 0x03, 0x40, 0x28, 0x02, 0xC0, 0xB0, 0x00, 0xC1, 0xD0, 0x00,
    0xE3, 0x40, 0x00, 0x7E, 0x00, 0x00, 0x3C, 0x00, 0x00, 0xBC, 0x00, 0x01, 0xDD, 0x00, 0x03, 0x4E,
    0x00, 0x0E, 0x07, 0x00, 0x2C, 0x03, 0x40, 0x70, 0x03, 0x80, 0x70, 0x03, 0x83, 0x40, 0xB0, 0x38,
    0x0D, 0x02, 0xC3, 0x80, 0x1C, 0xB0, 0x00, 0xED, 0x00, 0x0F, 0x80, 0x00, 0xB0, 0x00, 0x0A, 0x00,
    0x00, 0xE0, 0x00, 0x0D, 0x00, 0x01, 0xC0, 0x00, 0x02, 0xFF, 0xF4, 0x05, 0x57, 0xC0, 0x00, 0x1D,
    0x00, 0x00, 0xE0, 0x00, 0x0F, 0x00, 0x00, 0xB0, 0x00, 0x0B, 0x00, 0x00, 0x74, 0x00, 0x03, 0x80,
    0x00, 0x3C, 0x00, 0x02, 0xD5, 0x50, 0x0F, 0xFF, 0xD0, 0x00, 0xFC, 0x01, 0xD4, 0x02, 0xC0, 0x03,
    0x80, 0x03, 0x40, 0x03, 0x00, 0x07, 0x00, 0x0B, 0x00, 0x0E, 0x00, 0x0D, 0x00, 0x1C, 0x00, 0x1C,
    0x00, 0x28, 0x00, 0x3E, 0x00, 0x2A, 0x00, 0x30, 0x34, 0x34, 0x28, 0x2C, 0x1C, 0x1C, 0x0C, 0x0D,
    0x0E, 0x0A, 0x0B, 0x00, 0xFC, 0x00, 0x6C, 0x00, 0x38, 0x00, 0x34, 0x00, 0x30, 0x00, 0x70, 0x00,
    0xA0, 0x00, 0xE0, 0x00, 0xD0, 0x01, 0xC0, 0x01, 0xC0, 0x02, 0x80, 0x03, 0x40, 0x2B, 0x00, 0x2A,
    0x00, 0x00, 0xD0, 0x00, 0xBC, 0x00, 0x33, 0x40, 0x18, 0x70, 0x0D, 0x0D, 0x07, 0x01, 0xC3, 0x40,
    0x34, 0x80, 0x05, 0x2A, 0xA8, 0x6A, 0xA8, 0x70, 0x38, 0x0C, 0x00, 0x00, 0x00, 0x2F, 0x8C, 0x0F,
    0x4B, 0xC1, 0xD0, 0x38, 0x3C, 0x03, 0x43, 0x40, 0x70, 0x34, 0x0B, 0x03, 0x40, 0xF0, 0x38, 0x7E,
    0x01, 0xFC, 0xD0, 0x00, 0x00, 0x00, 0x02, 0x40, 0x00, 0xD0, 0x00, 0x70, 0x00, 0x2C, 0x00, 0x0A,
    0x7F, 0x03, 0xF1, 0xE0, 0xF0, 0x2C, 0x74, 0x0B, 0x2C, 0x03, 0x8E, 0x00, 0xD3, 0x80, 0xB0, 0xF4,
    0x78, 0x73, 0xF4, 0x00, 0x00, 0x00, 0x00, 0x00, 0x02, 0xFD, 0x0F, 0x44, 0x1C, 0x00, 0x38, 0x00,
    0x34, 0x00, 0x34, 0x00, 0x34, 0x00, 0x3C, 0x10, 0x0F, 0xF4, 0x00, 0x00, 0x00, 0x00, 0x60, 0x00,
    0x0A, 0x00, 0x00, 0xD0, 0x00, 0x0D, 0x02, 0xF9, 0xC0, 0xF4, 0xBC, 0x1D, 0x03, 0x83, 0xC0, 0x34,
    0x34, 0x07, 0x03, 0x40, 0xB0, 0x34, 0x0F, 0x03, 0x87, 0xE0, 0x1F, 0xCD, 0x00, 0x00, 0x00, 0x00,
    0x00, 0x02, 0xFC, 0x0F, 0x4E, 0x1C, 0x0A, 0x38, 0x2D, 0x3F, 0xE4, 0x34, 0x00, 0x34, 0x00, 0x3C,
    0x14, 0x0F, 0xF4, 0x00, 0x00, 0x00, 0x06, 0x80, 0x02, 0xE8, 0x00, 0x34, 0x00, 0x07, 0x00, 0x02,
    0xFF, 0x00, 0x0F, 0x00, 0x00, 0xE0, 0x00, 0x0D, 0x00, 0x01, 0xC0, 0x00, 0x2C, 0x00, 0x03, 0x80,
    0x00, 0x38, 0x00, 0x03, 0x40, 0x00, 0x70, 0x00, 0x0B, 0x00, 0x05, 0xD0, 0x00, 0xF8, 0x00, 0x00,
    0x00, 0x00, 0x00, 0x2F, 0x8C, 0x0F, 0x4B, 0xC1, 0xD0, 0x38, 0x3C, 0x03, 0x43, 0x40, 0x70, 0x34,
    0x0B, 0x03, 0x40, 0xF0, 0x38, 0x7E, 0x01, 0xFC, 0xD0, 0x00, 0x1C, 0x00, 0x02, 0xC0, 0x55, 0xB4,
    0x07, 0xFD, 0x00, 0x02, 0x40, 0x00, 0xD0, 0x00, 0x70, 0x00, 0x2C, 0x00, 0x0A, 0x7F, 0x03, 0xF0,
    0xE0, 0xF0, 0x38, 0x74, 0x0E, 0x2C, 0x03, 0x4E, 0x01, 0xC3, 0x40, 0xB0, 0xD0, 0x38, 0x70, 0x0D,
    0x00, 0x00, 0x00, 0xD0, 0x20, 0x00, 0x0A, 0x03, 0x80, 0xD0, 0x70, 0x2C, 0x0E, 0x03, 0x40, 0xD0,
    0x70, 0x00, 0x00, 0x00, 0x00, 0x0D, 0x00, 0x08, 0x00, 0x00, 0x00, 0x28, 0x00, 0x38, 0x00, 0x34,
    0x00, 0x70, 0x00, 0xB0, 0x00, 0xE0, 0x00, 0xD0, 0x00, 0xC0, 0x01, 0xC0, 0x02, 0xC0, 0x03, 0x80,
    0x1B, 0x40, 0x3D, 0x00, 0x02, 0x40, 0x00, 0xD0, 0x00, 0x70, 0x00, 0x2C, 0x00, 0x0A, 0x07, 0x43,
    0x87, 0x40, 0xD7, 0x40, 0x77, 0x40, 0x2F, 0xC0, 0x0F, 0x38, 0x03, 0x47, 0x00, 0xC0, 0xE0, 0x70,
    0x2C, 0x00, 0x02, 0x40, 0xD0, 0x70, 0x2C, 0x0A, 0x03, 0x80, 0xD0, 0x70, 0x2C, 0x0E, 0x03, 0x40,
    0xC0, 0x70, 0x00, 0x00, 0x00, 0x00, 0x00, 0x97, 0xE1, 0xFC, 0x0F, 0x87, 0xB4, 0xE0, 0xF0, 0x3C,
    0x0E, 0x1D, 0x03, 0x40, 0xD2, 0xC0, 0x70, 0x0D, 0x38, 0x0B, 0x01, 0xC3, 0x40, 0xE0, 0x2C, 0x34,
    0x0D, 0x03, 0x87, 0x00, 0xC0, 0x34, 0x00, 0x00, 0x03, 0x9F, 0xC0, 0xFD, 0x78, 0x3C, 0x0E, 0x1D,
    0x03, 0x8B, 0x00, 0xD3, 0x80, 0x70, 0xE0, 0x2C, 0x74, 0x0E, 0x1C, 0x03, 0x80, 0x00, 0x00, 0x00,
    0xBF, 0x40, 0xF4, 0xB0, 0x70, 0x0E, 0x38, 0x03, 0x8D, 0x00, 0xE3, 0x40, 0x34, 0xD0, 0x2C, 0x3C,
    0x2D, 0x03, 0xFD, 0x00, 0x00, 0x00, 0x00, 0x00, 0x00, 0x25, 0xFC, 0x03, 0xF1, 0xE0, 0x3C, 0x0B,
    0x07, 0x40, 0xB0, 0xB0, 0x0E, 0x0E, 0x00, 0xD0, 0xE0, 0x2C, 0x0F, 0x47, 0x41, 0xCF, 0xE0, 0x2C,
    0x00, 0x03, 0x80, 0x00, 0x34, 0x00, 0x07, 0x00, 0x00, 0x00, 0x00, 0x00, 0x2F, 0x8C, 0x0F, 0x4B,
    0xC1, 0xD0, 0x38, 0x3C, 0x03, 0x43, 0x40, 0x70, 0x34, 0x0B, 0x03, 0x40, 0xF0, 0x38, 0x7E, 0x01,
    0xFC, 0xD0, 0x00, 0x1C, 0x00, 0x02, 0xC0, 0x00, 0x28, 0x00, 0x03, 0x80, 0x00, 0x00, 0x09, 0x7C,
    0x0F, 0xD0, 0x0F, 0x00, 0x1D, 0x00, 0x2C, 0x00, 0x38, 0x00, 0x34, 0x00, 0x34, 0x00, 0x70, 0x00,
    0x00, 0x00, 0x2F, 0xE2, 0xD1, 0x4E, 0x00, 0x2D, 0x00, 0x2F, 0x00, 0x0F, 0x00, 0x1C, 0x40, 0xF2,
    0xFF, 0x00, 0x00, 0x00, 0x03, 0x00, 0x1C, 0x03, 0xFF, 0x03, 0x80, 0x0D, 0x00, 0x70, 0x02, 0xC0,
    0x0E, 0x00, 0x34, 0x00, 0xE0, 0x02, 0xF4, 0x00, 0x00, 0x0E, 0x01, 0xC0, 0xD0, 0x2C, 0x1C, 0x03,
    0x81, 0xC0, 0x34, 0x2C, 0x07, 0x03, 0x80, 0xB0, 0x34, 0x0F, 0x03, 0x87, 0xE0, 0x2F, 0xCD, 0x00,
    0x00, 0x00, 0x34, 0x03, 0x4D, 0x03, 0xC3, 0x81, 0xD0, 0xE0, 0xE0, 0x28, 0x70, 0x0B, 0x38, 0x01,
    0xDC, 0x00, 0x7E, 0x00, 0x0F, 0x00, 0x00, 0x34, 0x0E, 0x03, 0x4D, 0x0B, 0x81, 0xC3, 0x43, 0xA0,
    0xE0, 0xD2, 0x98, 0x70, 0x38, 0xC7, 0x38, 0x0E, 0xA1, 0xDC, 0x03, 0xB0, 0x7A, 0x00, 0xFC, 0x1F,
    0x00, 0x2D, 0x03, 0xC0, 0x00, 0x07, 0x02, 0xC0, 0x34, 0x74, 0x02, 0xCD, 0x00, 0x0F, 0x80, 0x00,
    0xF0, 0x00, 0x2F, 0x00, 0x0B, 0x28, 0x01, 0xD1, 0xC0, 0x34, 0x0E, 0x00, 0x03, 0x40, 0x34, 0x0D,
    0x02, 0xC0, 0x38, 0x1D, 0x00, 0xA0, 0xE0, 0x02, 0xC7, 0x00, 0x07, 0x38, 0x00, 0x0D, 0xC0, 0x00,
    0x3E, 0x00, 0x00, 0xF0, 0x00, 0x03, 0x40, 0x00, 0x2C, 0x00, 0x02, 0xD0, 0x00, 0xBD, 0x00, 0x00,
    0x03, 0xFF, 0x00, 0x03, 0xC0, 0x02, 0xC0, 0x01, 0xD0, 0x00, 0xD0, 0x00, 0xE0, 0x00, 0xF0, 0x00,
    0xB0, 0x00, 0x3F, 0xFC, 0x00, 0x00, 0x78, 0x07, 0x40, 0x28, 0x00, 0xD0, 0x03, 0x00, 0x1C, 0x02,
    0xD0, 0x2E, 0x00, 0x1C, 0x00, 0x30, 0x01, 0xC0, 0x0B, 0x00, 0x38, 0x00, 0xB8, 0x00, 0x60, 0x00,
    0x5A, 0xAA, 0xAA, 0xAA, 0xAA, 0xAA, 0xAA, 0xAA, 0xA0, 0x03, 0x80, 0x07, 0x80, 0x0A, 0x00, 0x34,
    0x00, 0xD0, 0x03, 0x00, 0x0D, 0x00, 0x2E, 0x02, 0xC0, 0x0C, 0x00, 0x70, 0x02, 0xC0, 0x0E, 0x01,
    0xF0, 0x06, 0x00, 0x00, 0x7F, 0x42, 0x25, 0xBF, 0x80, 0x00, 0x00, 0x00, 0x00, 0x3C, 0x03, 0xC0,
    0x00, 0x02, 0x00, 0x30, 0x06, 0x00, 0xA0, 0x0D, 0x01, 0xC0, 0x2C, 0x03, 0xC0, 0x38, 0x00, 0x00,
    0x00, 0x00, 0x00, 0x30, 0x00, 0xB9, 0x07, 0xA9, 0x0E, 0x00, 0x2C, 0x00, 0x38, 0x00, 0x34, 0x00,
    0x34, 0x00, 0x38, 0x00, 0x1F, 0xB4, 0x03, 0x90, 0x03, 0x00, 0x00, 0x00, 0x00, 0x00, 0x00, 0x00,
    0x7F, 0xD0, 0x03, 0x82, 0x00, 0x2C, 0x00, 0x00, 0xE0, 0x00, 0x03, 0x40, 0x00, 0x5E, 0x50, 0x02,
    0xFA, 0x80, 0x02, 0xC0, 0x00, 0x0E, 0x00, 0x00, 0x70, 0x00, 0x07, 0x95, 0x50, 0x3F, 0xFF, 0x80,
    0x00, 0x00, 0x7B, 0xEC, 0x38, 0x38, 0x30, 0x0C, 0x30, 0x0C, 0x38, 0x28, 0x7F, 0xFC, 0x10, 0x04,
    0x34, 0x02, 0xC2, 0x80, 0x74, 0x1C, 0x0E, 0x00, 0xC2, 0xC0, 0x0D, 0x30, 0x00, 0xAE, 0x00, 0x2F,
    0xE4, 0x01, 0xB9, 0x40, 0x1B, 0x50, 0x0F, 0xFF, 0x00, 0x0E, 0x00, 0x00, 0xD0, 0x00, 0x5A, 0xAA,
    0xAA, 0x50, 0x00, 0x0A, 0xAA, 0xAA, 0xA0, 0x01, 0xA9, 0x01, 0xE5, 0x80, 0xB0, 0x00, 0x1D, 0x00,
    0x07, 0xF4, 0x03, 0x0B, 0x02, 0x80, 0xD0, 0x70, 0x70, 0x0B, 0xF0, 0x00, 0x3C, 0x00, 0x03, 0x41,
    0x41, 0xC0, 0x7F, 0xD0, 0x00, 0x00, 0x00, 0x00, 0x03, 0x0C, 0x10, 0x40, 0x00, 0x00, 0x00, 0x00,
    0x0B, 0xFE, 0x00, 0x07, 0x40, 0x1C, 0x00, 0xC0, 0xA4, 0x70, 0x24, 0x79, 0x82, 0x83, 0x0E, 0x00,
    0x0C, 0x30, 0xD0, 0x00, 0xC3, 0x0C, 0x00, 0x0C, 0x30, 0xD0, 0x00, 0xC2, 0x47, 0x58, 0x18, 0x0C,
    0x1B, 0x83, 0x00, 0x74, 0x01, 0xD0, 0x00, 0xBB, 0xE0, 0x00, 0x00, 0x00, 0x00, 0x00, 0x01, 0xF9,
    0x30, 0xC6, 0x0C, 0x91, 0x8A, 0x74, 0x25, 0x00, 0x01, 0x45, 0x07, 0x0D, 0x2C, 0x38, 0x34, 0xE0,
    0x38, 0xB0, 0x1C, 0x30, 0x09, 0x28, 0x00, 0x00, 0x55, 0x55, 0xAA, 0xAF, 0x00, 0x03, 0x00, 0x03,
    0x00, 0x03, 0x00, 0x1F, 0xE0, 0x00, 0x00, 0x00, 0x00, 0x00, 0x0B, 0xFE, 0x00, 0x07, 0x40, 0x1C,
    0x00, 0xC2, 0xA0, 0x70, 0x24, 0x76, 0xC2, 0x83, 0x07, 0x0D, 0x0C, 0x30, 0x71, 0xC0, 0xC3, 0x07,
    0xF4, 0x0C, 0x30, 0x72, 0x80, 0xC2, 0x47, 0x0D, 0x18, 0x0C, 0x20, 0x63, 0x00, 0x74, 0x01, 0xD0,
    0x00, 0xBB, 0xE0, 0x00, 0x00, 0x00, 0x00, 0x3F, 0xFD, 0x15, 0x54, 0x00, 0x00, 0x3F, 0x43, 0x43,
    0x0C, 0x0C, 0x34, 0x30, 0x3F, 0x40, 0x00, 0x00, 0x02, 0x80, 0x00, 0xA0, 0x00, 0x28, 0x01, 0xAF,
    0xA8, 0xAB, 0xEA, 0x00, 0xA0, 0x00, 0x28, 0x00, 0x0A, 0x00, 0x00, 0x40, 0x3F, 0xFF, 0xC0, 0x00,
    0x01, 0xFD, 0x00, 0xA0, 0x0D, 0x02, 0x80, 0xA0, 0x34, 0x0B, 0xFC, 0x00, 0x00, 0x00, 0x01, 0xFD,
    0x00, 0xA0, 0x0D, 0x0F, 0x40, 0x0C, 0x00, 0xCB, 0xF4, 0x00, 0x00, 0x07, 0x03, 0x42, 0x40, 0x02,
    0x80, 0x70, 0x0E, 0x01, 0xC0, 0x34, 0x0B, 0x01, 0xC0, 0x38, 0x0B, 0x00, 0xD0, 0x38, 0x0B, 0x00,
    0xE0, 0x3C, 0x03, 0x87, 0xE0, 0x1F, 0xF3, 0x40, 0xB0, 0x00, 0x03, 0x80, 0x00, 0x0D, 0x00, 0x00,
    0x70, 0x00, 0x00, 0x06, 0xAA, 0x8B, 0xFE, 0xB3, 0xFF, 0x0D, 0xFF, 0xC3, 0x7F, 0xF0, 0xDF, 0xFC,
    0x33, 0xFF, 0x0C, 0xBF, 0xC3, 0x06, 0xB0, 0xC0, 0x0C, 0x30, 0x03, 0x0C, 0x00, 0xC3, 0x00, 0x30,
    0xC0, 0x0C, 0x30, 0x03, 0x0C, 0x00, 0x00, 0x01, 0xDB, 0x40, 0x0C, 0x0D, 0x0A, 0x7C, 0x00, 0x0F,
    0x7E, 0x0D, 0x0C, 0x1C, 0x28, 0x24, 0x00, 0x00, 0x01, 0xF8, 0x30, 0xC6, 0x0C, 0x90, 0xC7, 0x68,
    0x19, 0x00, 0x14, 0x50, 0x1C, 0x30, 0x0D, 0x38, 0x0B, 0x1C, 0x1D, 0x38, 0x34, 0xE0, 0x91, 0x80,
    0x00, 0x00, 0x00, 0x00, 0x00, 0x2C, 0x00, 0xC3, 0xB0, 0x0E, 0x01, 0xC0, 0xB0, 0x0A, 0x07, 0x00,
    0x34, 0x34, 0x00, 0xC2, 0x83, 0x43, 0x1C, 0x3C, 0x00, 0xC3, 0x70, 0x0D, 0x25, 0xC0, 0xA1, 0xEB,
    0x47, 0x05, 0x78, 0x30, 0x00, 0xC0, 0x00, 0x00, 0x00, 0x00, 0x00, 0x00, 0x0B, 0x00, 0x34, 0x3B,
    0x00, 0xA0, 0x07, 0x01, 0xC0, 0x0A, 0x03, 0x00, 0x0D, 0x0D, 0x00, 0x0C, 0x28, 0xFD, 0x0C, 0x70,
    0x0A, 0x00, 0xC0, 0x09, 0x03, 0x40, 0x2C, 0x0A, 0x00, 0xA0, 0x1C, 0x02, 0x80, 0x30, 0x0B, 0xFC,
    0x00, 0x00, 0x00, 0x00, 0x00, 0x00, 0x03, 0xFC, 0x00, 0xD0, 0x03, 0x00, 0xA0, 0x01, 0xC0, 0x70,
    0x07, 0xC0, 0x30, 0x00, 0x28, 0x34, 0x00, 0x0A, 0x28, 0x34, 0xFF, 0x1C, 0x3C, 0x00, 0x0C, 0x27,
    0x00, 0x0D, 0x29, 0xC0, 0x0A, 0x1E, 0xB4, 0x07, 0x05, 0x78, 0x03, 0x00, 0x0C, 0x00, 0x00, 0x00,
    0x00, 0x00, 0x00, 0x00, 0xF0, 0x03, 0x80, 0x00, 0x00, 0x20, 0x01, 0xC0, 0x1D, 0x02, 0xD0, 0x2C,
    0x00, 0xD0, 0x07, 0x00, 0x0E, 0x04, 0x2F, 0xF4, 0x00, 0x00, 0x00, 0x0D, 0x00, 0x00, 0xB0, 0x00,
    0x02, 0x40, 0x00, 0x00, 0x00, 0x0B, 0x00, 0x01, 0xF4, 0x00, 0x3B, 0x40, 0x07, 0x38, 0x00, 0xE3,
    0x80, 0x1C, 0x2C, 0x03, 0x82, 0xC0, 0xBF, 0xFC, 0x0E, 0x56, 0xC2, 0xC0, 0x0C, 0x34, 0x00, 0xDB,
    0x00, 0x0D, 0x00, 0x00, 0xA0, 0x00, 0x07, 0x00, 0x00, 0x30, 0x00, 0x00, 0x00, 0x00, 0x0B, 0x00,
    0x00, 0x7D, 0x00, 0x03, 0xB4, 0x00, 0x1C, 0xE0, 0x00, 0xE3, 0x80, 0x07, 0x0B, 0x00, 0x38, 0x2C,
    0x02, 0xFF, 0xF0, 0x0E, 0x56, 0xC0, 0xB0, 0x03, 0x03, 0x40, 0x0D, 0x2C, 0x00, 0x34, 0x00, 0x03,
    0x80, 0x00, 0xEC, 0x00, 0x24, 0x60, 0x00, 0x00, 0x00, 0x0B, 0x00, 0x01, 0xF4, 0x00, 0x3B, 0x40,
    0x07, 0x38, 0x00, 0xE3, 0x80, 0x1C, 0x2C, 0x03, 0x82, 0xC0, 0xBF, 0xFC, 0x0E, 0x56, 0xC2, 0xC0,
    0x0C, 0x34, 0x00, 0xDB, 0x00, 0x0D, 0x00, 0x00, 0x00, 0x00, 0xBD, 0x90, 0x02, 0x1E, 0x00, 0x00,
    0x00, 0x00, 0x0B, 0x00, 0x00, 0x7D, 0x00, 0x03, 0xB4, 0x00, 0x1C, 0xE0, 0x00, 0xE3, 0x80, 0x07,
    0x0B, 0x00, 0x38, 0x2C, 0x02, 0xFF, 0xF0, 0x0E, 0x56, 0xC0, 0xB0, 0x03, 0x03, 0x40, 0x0D, 0x2C,
    0x00, 0x34, 0x00, 0x00, 0x00, 0x01, 0xC7, 0x00, 0x04, 0x10, 0x00, 0x00, 0x00, 0x0B, 0x00, 0x01,
    0xF4, 0x00, 0x3B, 0x40, 0x07, 0x38, 0x00, 0xE3, 0x80, 0x1C, 0x2C, 0x03, 0x82, 0xC0, 0xBF, 0xFC,
    0x0E, 0x56, 0xC2, 0xC0, 0x0C, 0x34, 0x00, 0xDB, 0x00, 0x0D, 0x00, 0x02, 0x40, 0x00, 0xDD, 0x00,
    0x0C, 0x90, 0x00, 0xB8, 0x00, 0x00, 0x00, 0x00, 0xB0, 0x00, 0x1F, 0x40, 0x03, 0xB4, 0x00, 0x73,
    0x80, 0x0E, 0x38, 0x01, 0xC2, 0xC0, 0x38, 0x2C, 0x0B, 0xFF, 0xC0, 0xE5, 0x6C, 0x2C, 0x00, 0xC3,
    0x40, 0x0D, 0xB0, 0x00, 0xD0, 0x00, 0x02, 0xFF, 0xFD, 0x00, 0x07, 0xB9, 0x54, 0x00, 0x0E, 0x34,
    0x00, 0x00, 0x2C, 0x70, 0x00, 0x00, 0x34, 0xB0, 0x00, 0x00, 0xF0, 0xFF, 0xF0, 0x01, 0xC0, 0xE5,
    0x50, 0x03, 0xFF, 0xD0, 0x00, 0x0B, 0x56, 0xC0, 0x00, 0x1D, 0x02, 0xC0, 0x00, 0x38, 0x03, 0xD5,
    0x40, 0xB0, 0x03, 0xFF, 0xC0, 0x00, 0x00, 0x00, 0x0B, 0xFC, 0x07, 0xD5, 0x81, 0xE0, 0x00, 0x3C,
    0x00, 0x07, 0x40, 0x00, 0xB0, 0x00, 0x0B, 0x00, 0x00, 0xF0, 0x00, 0x0B, 0x00, 0x00, 0x74, 0x00,
    0x03, 0xD0, 0x40, 0x0F, 0xFC, 0x00, 0x28, 0x00, 0x02, 0xC0, 0x00, 0x0D, 0x00, 0x0F, 0x80, 0x00,
    0x00, 0x34, 0x00, 0x02, 0x80, 0x00, 0x0C, 0x00, 0x00, 0x00, 0x03, 0xFF, 0xC0, 0x39, 0x54, 0x07,
    0x00, 0x00, 0xB0, 0x00, 0x0B, 0x00, 0x00, 0xFF, 0xE0, 0x0E, 0x55, 0x01, 0xC0, 0x00, 0x2C, 0x00,
    0x03, 0x80, 0x00, 0x39, 0x54, 0x03, 0xFF, 0xC0, 0x00, 0x02, 0x80, 0x00, 0x70, 0x00, 0x0C, 0x00,
    0x00, 0x00, 0x03, 0xFF, 0xC0, 0x39, 0x54, 0x07, 0x00, 0x00, 0xB0, 0x00, 0x0B, 0x00, 0x00, 0xFF,
    0xE0, 0x0E, 0x55, 0x01, 0xC0, 0x00, 0x2C, 0x00, 0x03, 0x80, 0x00, 0x39, 0x54, 0x03, 0xFF, 0xC0,
    0x00, 0x0D, 0x00, 0x03, 0xB0, 0x00, 0xD1, 0x80, 0x00, 0x00, 0x03, 0xFF, 0xC0, 0x39, 0x54, 0x07,
    0x00, 0x00, 0xB0, 0x00, 0x0B, 0x00, 0x00, 0xFF, 0xE0, 0x0E, 0x55, 0x01, 0xC0, 0x00, 0x2C, 0x00,
    0x03, 0x80, 0x00, 0x39, 0x54, 0x03, 0xFF, 0xC0, 0x00, 0x00, 0x00, 0x0B, 0x2C, 0x00, 0x10, 0x40,
    0x00, 0x00, 0x03, 0xFF, 0xC0, 0x39, 0x54, 0x07, 0x00, 0x00, 0xB0, 0x00, 0x0B, 0x00, 0x00, 0xFF,
    0xE0, 0x0E, 0x55, 0x01, 0xC0, 0x00, 0x2C, 0x00, 0x03, 0x80, 0x00, 0x39, 0x54, 0x03, 0xFF, 0xC0,
    0x00, 0xD0, 0x00, 0xB0, 0x00, 0x24, 0x00, 0x00, 0x03, 0xFC, 0x00, 0xE0, 0x00, 0xD0, 0x00, 0xD0,
    0x01, 0xC0, 0x02, 0xC0, 0x03, 0x80, 0x03, 0x40, 0x07, 0x00, 0x07, 0x00, 0x0B, 0x00, 0x3F, 0xC0,
    0x00, 0x0A, 0x00, 0x07, 0x00, 0x03, 0x00, 0x00, 0x00, 0x03, 0xFC, 0x00, 0x38, 0x00, 0x0D, 0x00,
    0x03, 0x40, 0x01, 0xC0, 0x00, 0xB0, 0x00, 0x38, 0x00, 0x0D, 0x00, 0x07, 0x00, 0x01, 0xC0, 0x00,
    0xB0, 0x00, 0xFF, 0x00, 0x00, 0x38, 0x00, 0xEC, 0x02, 0x46, 0x00, 0x00, 0x03, 0xFC, 0x00, 0xE0,
    0x00, 0xD0, 0x00, 0xD0, 0x01, 0xC0, 0x02, 0xC0, 0x03, 0x80, 0x03, 0x40, 0x07, 0x00, 0x07, 0x00,
    0x0B, 0x00, 0x3F, 0xC0, 0x00, 0x00, 0x01, 0xC7, 0x00, 0x41, 0x00, 0x00, 0x03, 0xFC, 0x00, 0xE0,
    0x00, 0xD0, 0x00, 0xD0, 0x01, 0xC0, 0x02, 0xC0, 0x03, 0x80, 0x03, 0x40, 0x07, 0x00, 0x07, 0x00,
    0x0B, 0x00, 0x3F, 0xC0, 0x03, 0xFE, 0x40, 0x0E, 0x5F, 0x80, 0x70, 0x0B, 0x02, 0xC0, 0x0D, 0x0B,
    0x00, 0x38, 0xBE, 0x80, 0xE7, 0xFE, 0x03, 0x47, 0x00, 0x1C, 0x2C, 0x00, 0xF0, 0xE0, 0x0F, 0x03,
    0x96, 0xF4, 0x0F, 0xFD, 0x00, 0x00, 0x00, 0x00, 0x00, 0x1F, 0x9C, 0x00, 0x30, 0xB0, 0x00, 0x00,
    0x00, 0x03, 0xC0, 0x0A, 0x03, 0xD0, 0x0E, 0x07, 0xE0, 0x0D, 0x0B, 0x70, 0x1C, 0x0A, 0x34, 0x1C,
    0x0D, 0x2C, 0x28, 0x0C, 0x1C, 0x38, 0x1C, 0x0E, 0x34, 0x2C, 0x0B, 0x70, 0x38, 0x03, 0xB0, 0x34,
    0x03, 0xE0, 0x30, 0x01, 0xD0, 0x00, 0x28, 0x00, 0x00, 0x30, 0x00, 0x00, 0x60, 0x00, 0x00, 0x00,
    0x01, 0xFF, 0x80, 0x2E, 0x5B, 0x81, 0xD0, 0x0B, 0x0E, 0x00, 0x0D, 0x74, 0x00, 0x36, 0xC0, 0x00,
    0xDB, 0x00, 0x07, 0x7C, 0x00, 0x2C, 0xB0, 0x00, 0xF1, 0xD0, 0x0B, 0x43, 0xD1, 0xB4, 0x02, 0xFF,
    0x40, 0x00, 0x00, 0x00, 0x00, 0x01, 0xC0, 0x00, 0x0D, 0x00, 0x00, 0x90, 0x00, 0x00, 0x00, 0x01,
    0xFF, 0x80, 0x2E, 0x5B, 0x81, 0xD0, 0x0B, 0x0E, 0x00, 0x0D, 0x74, 0x00, 0x36, 0xC0, 0x00, 0xDB,
    0x00, 0x07, 0x7C, 0x00, 0x2C, 0xB0, 0x00, 0xF1, 0xD0, 0x0B, 0x43, 0xD1, 0xB4, 0x02, 0xFF, 0x40,
    0x00, 0x00, 0x00, 0x00, 0x0B, 0x00, 0x00, 0xBE, 0x00, 0x0A, 0x0C, 0x00, 0x00, 0x00, 0x01, 0xFF,
    0x80, 0x2E, 0x5B, 0x81, 0xD0, 0x0B, 0x0E, 0x00, 0x0D, 0x74, 0x00, 0x36, 0xC0, 0x00, 0xDB, 0x00,
    0x07, 0x7C, 0x00, 0x2C, 0xB0, 0x00, 0xF1, 0xD0, 0x0B, 0x43, 0xD1, 0xB4, 0x02, 0xFF, 0x40, 0x00,
    0x00, 0x00, 0x00, 0x00, 0x00, 0x01, 0xF9, 0xC0, 0x08, 0x2C, 0x00, 0x00, 0x00, 0x01, 0xFF, 0x80,
    0x2E, 0x5B, 0x81, 0xD0, 0x0B, 0x0E, 0x00, 0x0D, 0x74, 0x00, 0x36, 0xC0, 0x00, 0xDB, 0x00, 0x07,
    0x7C, 0x00, 0x2C, 0xB0, 0x00, 0xF1, 0xD0, 0x0B, 0x43, 0xD1, 0xB4, 0x02, 0xFF, 0x40, 0x00, 0x00,
    0x00, 0x00, 0x00, 0x00, 0x00, 0xD3, 0x40, 0x01, 0x04, 0x00, 0x00, 0x00, 0x01, 0xFF, 0x80, 0x2E,
    0x5B, 0x81, 0xD0, 0x0B, 0x0E, 0x00, 0x0D, 0x74, 0x00, 0x36, 0xC0, 0x00, 0xDB, 0x00, 0x07, 0x7C,
    0x00, 0x2C, 0xB0, 0x00, 0xF1, 0xD0, 0x0B, 0x43, 0xD1, 0xB4, 0x02, 0xFF, 0x40, 0x00, 0x00, 0x00,
    0x10, 0x00, 0x74, 0x0D, 0x1D, 0x38, 0x07, 0xE0, 0x03, 0xD0, 0x0E, 0x74, 0x38, 0x1D, 0x20, 0x05,
    0x00, 0x00, 0x00, 0x00, 0x7F, 0xDE, 0x02, 0xE5, 0xBC, 0x07, 0x40, 0xBC, 0x0E, 0x01, 0xDD, 0x1D,
    0x03, 0x4D, 0x2C, 0x0E, 0x0D, 0x2C, 0x2C, 0x1D, 0x3C, 0xB0, 0x2C, 0x2D, 0xD0, 0x3C, 0x1F, 0x40,
    0xB4, 0x0F, 0x46, 0xD0, 0x2E, 0xFF, 0x40, 0x10, 0x00, 0x00, 0x00, 0x34, 0x00, 0x00, 0xB0, 0x00,
    0x00, 0x90, 0x00, 0x00, 0x00, 0x0D, 0x00, 0x34, 0x70, 0x01, 0xC1, 0xC0, 0x0B, 0x0B, 0x00, 0x28,
    0x38, 0x00, 0xE0, 0xD0, 0x03, 0x47, 0x00, 0x1C, 0x2C, 0x00, 0xB0, 0xB0, 0x03, 0x82, 0xC0, 0x1D,
    0x07, 0x81, 0xE0, 0x0B, 0xFE, 0x00, 0x00, 0x00, 0x00, 0x00, 0x02, 0x80, 0x00, 0x1C, 0x00, 0x00,
    0xC0, 0x00, 0x00, 0x00, 0x0D, 0x00, 0x34, 0x70, 0x01, 0xC1, 0xC0, 0x0B, 0x0B, 0x00, 0x28, 0x38,
    0x00, 0xE0, 0xD0, 0x03, 0x47, 0x00, 0x1C, 0x2C, 0x00, 0xB0, 0xB0, 0x03, 0x82, 0xC0, 0x1D, 0x07,
    0x81, 0xE0, 0x0B, 0xFE, 0x00, 0x00, 0x00, 0x00, 0x00, 0x0E, 0x00, 0x00, 0xEC, 0x00, 0x0D, 0x18,
    0x00, 0x00, 0x00, 0x0D, 0x00, 0x34, 0x70, 0x01, 0xC1, 0xC0, 0x0B, 0x0B, 0x00, 0x28, 0x38, 0x00,
    0xE0, 0xD0, 0x03, 0x47, 0x00, 0x1C, 0x2C, 0x00, 0xB0, 0xB0, 0x03, 0x82, 0xC0, 0x1D, 0x07, 0x81,
    0xE0, 0x0B, 0xFE, 0x00, 0x00, 0x00, 0x00, 0x00, 0x00, 0x00, 0x01, 0xC7, 0x00, 0x01, 0x04, 0x00,
    0x00, 0x00, 0x0D, 0x00, 0x34, 0x70, 0x01, 0xC1, 0xC0, 0x0B, 0x0B, 0x00, 0x28, 0x38, 0x00, 0xE0,
    0xD0, 0x03, 0x47, 0x00, 0x1C, 0x2C, 0x00, 0xB0, 0xB0, 0x03, 0x82, 0xC0, 0x1D, 0x07, 0x81, 0xE0,
    0x0B, 0xFE, 0x00, 0x00, 0x00, 0x00, 0x00, 0x0D, 0x00, 0x03, 0x80, 0x00, 0xA0, 0x00, 0x00, 0x00,
    0x70, 0x03, 0x83, 0x40, 0xB0, 0x38, 0x0D, 0x02, 0xC3, 0x80, 0x1C, 0xB0, 0x00, 0xED, 0x00, 0x0F,
    0x80, 0x00, 0xB0, 0x00, 0x0A, 0x00, 0x00, 0xE0, 0x00, 0x0D, 0x00, 0x01, 0xC0, 0x00, 0x03, 0x80,
    0x00, 0x34, 0x00, 0x07, 0xFD, 0x00, 0xB5, 0xB8, 0x0A, 0x02, 0xC0, 0xE0, 0x2C, 0x0D, 0x02, 0xC1,
    0xC0, 0xB4, 0x2F, 0xFD, 0x03, 0xD5, 0x00, 0x34, 0x00, 0x03, 0x40, 0x00, 0x00, 0x01, 0xA8, 0x00,
    0x02, 0xE7, 0xC0, 0x00, 0xD0, 0x70, 0x00, 0xB0, 0x2C, 0x00, 0x28, 0x3C, 0x00, 0x0E, 0x3C, 0x00,
    0x03, 0x4D, 0x00, 0x01, 0xC3, 0xC0, 0x00, 0xB0, 0x3C, 0x00, 0x38, 0x03, 0x80, 0x0D, 0x00, 0xE0,
    0x03, 0x50, 0x74, 0x01, 0xCB, 0xF8, 0x00, 0xB0, 0x00, 0x00, 0x38, 0x00, 0x00, 0x6C, 0x00, 0x00,
    0x3D, 0x00, 0x00, 0x00, 0x00, 0xA0, 0x00, 0x03, 0x40, 0x00, 0x18, 0x00, 0x00, 0x00, 0x02, 0xF8,
    0xC0, 0xF4, 0xBC, 0x1D, 0x03, 0x83, 0xC0, 0x34, 0x34, 0x07, 0x03, 0x40, 0xB0, 0x34, 0x0F, 0x03,
    0x87, 0xE0, 0x1F, 0xCD, 0x00, 0x00, 0x00, 0x00, 0x07, 0x40, 0x00, 0xE0, 0x00, 0x24, 0x00, 0x00,
    0x00, 0x02, 0xF8, 0xC0, 0xF4, 0xBC, 0x1D, 0x03, 0x83, 0xC0, 0x34, 0x34, 0x07, 0x03, 0x40, 0xB0,
    0x34, 0x0F, 0x03, 0x87, 0xE0, 0x1F, 0xCD, 0x00, 0x00, 0x00, 0x00, 0x2C, 0x00, 0x0B, 0xE0, 0x01,
    0x83, 0x00, 0x00, 0x00, 0x02, 0xF8, 0xC0, 0xF4, 0xBC, 0x1D, 0x03, 0x83, 0xC0, 0x34, 0x34, 0x07,
    0x03, 0x40, 0xB0, 0x34, 0x0F, 0x03, 0x87, 0xE0, 0x1F, 0xCD, 0x00, 0x00, 0x00, 0x00, 0x00, 0x00,
    0x1F, 0x9C, 0x02, 0x0B, 0x40, 0x00, 0x00, 0x02, 0xF8, 0xC0, 0xF4, 0xBC, 0x1D, 0x03, 0x83, 0xC0,
    0x34, 0x34, 0x07, 0x03, 0x40, 0xB0, 0x34, 0x0F, 0x03, 0x87, 0xE0, 0x1F, 0xCD, 0x00, 0x00, 0x00,
    0x00, 0x00, 0x00, 0x0D, 0x34, 0x00, 0x41, 0x00, 0x00, 0x00, 0x02, 0xF8, 0xC0, 0xF4, 0xBC, 0x1D,
    0x03, 0x83, 0xC0, 0x34, 0x34, 0x07, 0x03, 0x40, 0xB0, 0x34, 0x0F, 0x03, 0x87, 0xE0, 0x1F, 0xCD,
    0x00, 0x00, 0x00, 0x00, 0x28, 0x00, 0x09, 0x60, 0x00, 0x83, 0x00, 0x03, 0xD0, 0x00, 0x00, 0x00,
    0x2F, 0x8C, 0x0F, 0x4B, 0xC1, 0xD0, 0x38, 0x3C, 0x03, 0x43, 0x40, 0x70, 0x34, 0x0B, 0x03, 0x40,
    0xF0, 0x38, 0x7E, 0x01, 0xFC, 0xD0, 0x00, 0x00, 0x00, 0x00, 0x00, 0x00, 0x00, 0x2F, 0x5A, 0xF8,
    0x0F, 0x4F, 0xE1, 0xC1, 0xD0, 0x78, 0x0C, 0x3C, 0x07, 0x07, 0xC3, 0x40, 0xBF, 0xE0, 0x34, 0x0F,
    0x00, 0x03, 0x42, 0xF0, 0x00, 0x38, 0x7F, 0x41, 0x01, 0xF8, 0xDF, 0xF0, 0x00, 0x00, 0x00, 0x00,
    0x00, 0x00, 0x02, 0xFD, 0x0F, 0x44, 0x1C, 0x00, 0x38, 0x00, 0x34, 0x00, 0x34, 0x00, 0x34, 0x00,
    0x3C, 0x10, 0x0F, 0xF4, 0x03, 0x00, 0x07, 0x40, 0x02, 0x80, 0x1F, 0x00, 0x00, 0xD0, 0x00, 0xB0,
    0x00, 0x24, 0x00, 0x00, 0x02, 0xFC, 0x0F, 0x4E, 0x1C, 0x0A, 0x38, 0x2D, 0x3F, 0xE4, 0x34, 0x00,
    0x34, 0x00, 0x3C, 0x14, 0x0F, 0xF4, 0x00, 0x00, 0x00, 0x0A, 0x00, 0x07, 0x00, 0x03, 0x00, 0x00,
    0x00, 0x02, 0xFC, 0x03, 0xD3, 0x81, 0xC0, 0xA0, 0xE0, 0xB4, 0x3F, 0xE4, 0x0D, 0x00, 0x03, 0x40,
    0x00, 0xF0, 0x50, 0x0F, 0xF4, 0x00, 0x00, 0x00, 0x00, 0x38, 0x00, 0xEC, 0x03, 0x46, 0x00, 0x00,
    0x02, 0xFC, 0x0F, 0x4E, 0x1C, 0x0A, 0x38, 0x2D, 0x3F, 0xE4, 0x34, 0x00, 0x34, 0x00, 0x3C, 0x14,
    0x0F, 0xF4, 0x00, 0x00, 0x00, 0x00, 0x02, 0xCB, 0x00, 0x41, 0x00, 0x00, 0x02, 0xFC, 0x0F, 0x4E,
    0x1C, 0x0A, 0x38, 0x2D, 0x3F, 0xE4, 0x34, 0x00, 0x34, 0x00, 0x3C, 0x14, 0x0F, 0xF4, 0x00, 0x00,
    0x0C, 0x02, 0x80, 0x30, 0x00, 0x0A, 0x03, 0x80, 0xD0, 0x70, 0x2C, 0x0E, 0x03, 0x40, 0xD0, 0x70,
    0x00, 0x00, 0xA0, 0x2C, 0x06, 0x00, 0x00, 0x0A, 0x00, 0xE0, 0x0D, 0x01, 0xC0, 0x2C, 0x03, 0x80,
    0x34, 0x03, 0x40, 0x70, 0x00, 0x07, 0x40, 0xEC, 0x30, 0xA0, 0x00, 0x0A, 0x00, 0xE0, 0x0D, 0x01,
    0xC0, 0x2C, 0x03, 0x80, 0x34, 0x03, 0x40, 0x70, 0x00, 0x00, 0x02, 0xCA, 0x10, 0x40, 0x00, 0x0A,
    0x00, 0xE0, 0x0D, 0x01, 0xC0, 0x2C, 0x03, 0x80, 0x34, 0x03, 0x40, 0x70, 0x00, 0x00, 0x10, 0x40,
    0x07, 0xB8, 0x00, 0x7E, 0x00, 0x0D, 0x70, 0x00, 0x03, 0x40, 0x2F, 0x68, 0x0F, 0x5F, 0x82, 0xC0,
    0x38, 0x34, 0x03, 0x47, 0x00, 0x34, 0x34, 0x0B, 0x03, 0xC2, 0xD0, 0x1F, 0xF4, 0x00, 0x00, 0x00,
    0x00, 0x00, 0x00, 0x0F, 0x9C, 0x02, 0x4B, 0x40, 0x00, 0x00, 0x0E, 0x7F, 0x00, 0xFD, 0x78, 0x0F,
    0x03, 0x81, 0xD0, 0x38, 0x2C, 0x03, 0x43, 0x80, 0x70, 0x38, 0x0B, 0x07, 0x40, 0xE0, 0x70, 0x0E,
    0x00, 0x00, 0x90, 0x00, 0x1C, 0x00, 0x02, 0x40, 0x00, 0x00, 0x02, 0xFD, 0x03, 0xD2, 0xC1, 0xC0,
    0x38, 0xE0, 0x0E, 0x34, 0x03, 0x8D, 0x00, 0xD3, 0x40, 0xB0, 0xF0, 0xB4, 0x0F, 0xF4, 0x00, 0x00,
    0x00, 0x00, 0x0A, 0x00, 0x07, 0x40, 0x03, 0x00, 0x00, 0x00, 0x02, 0xFD, 0x03, 0xD2, 0xC1, 0xC0,
    0x38, 0xE0, 0x0E, 0x34, 0x03, 0x8D, 0x00, 0xD3, 0x40, 0xB0, 0xF0, 0xB4, 0x0F, 0xF4, 0x00, 0x00,
    0x00, 0x00, 0x28, 0x00, 0x3B, 0x40, 0x24, 0x70, 0x00, 0x00, 0x02, 0xFD, 0x03, 0xD2, 0xC1, 0xC0,
    0x38, 0xE0, 0x0E, 0x34, 0x03, 0x8D, 0x00, 0xD3, 0x40, 0xB0, 0xF0, 0xB4, 0x0F, 0xF4, 0x00, 0x00,
    0x00, 0x00, 0x00, 0x00, 0xBE, 0xA0, 0x31, 0xE0, 0x00, 0x00, 0x02, 0xFD, 0x03, 0xD2, 0xC1, 0xC0,
    0x38, 0xE0, 0x0E, 0x34, 0x03, 0x8D, 0x00, 0xD3, 0x40, 0xB0, 0xF0, 0xB4, 0x0F, 0xF4, 0x00, 0x00,
    0x00, 0x00, 0x00, 0x00, 0x71, 0xC0, 0x04, 0x10, 0x00, 0x00, 0x02, 0xFD, 0x03, 0xD2, 0xC1, 0xC0,
    0x38, 0xE0, 0x0E, 0x34, 0x03, 0x8D, 0x00, 0xD3, 0x40, 0xB0, 0xF0, 0xB4, 0x0F, 0xF4, 0x00, 0x00,
    0x00, 0x01, 0x80, 0x00, 0xF0, 0x00, 0x00, 0x01, 0x55, 0x54, 0xAA, 0xAA, 0x00, 0x00, 0x00, 0x2C,
    0x00, 0x0B, 0x00, 0x00, 0x00, 0x00, 0xBF, 0xE0, 0xF4, 0xF0, 0x70, 0x7E, 0x38, 0x37, 0x8D, 0x34,
    0xD3, 0x68, 0x30, 0xFC, 0x2C, 0x3D, 0x2D, 0x0F, 0xFD, 0x01, 0x00, 0x00, 0x00, 0x60, 0x00, 0x03,
    0x40, 0x00, 0x18, 0x00, 0x00, 0x00, 0x0E, 0x01, 0xC0, 0xD0, 0x2C, 0x1C, 0x03, 0x81, 0xC0, 0x34,
    0x2C, 0x07, 0x03, 0x80, 0xB0, 0x34, 0x0F, 0x03, 0x87, 0xE0, 0x2F, 0xCD, 0x00, 0x00, 0x00, 0x00,
    0x03, 0x40, 0x00, 0xE0, 0x00, 0x28, 0x00, 0x00, 0x00, 0x0E, 0x01, 0xC0, 0xD0, 0x2C, 0x1C, 0x03,
    0x81, 0xC0, 0x34, 0x2C, 0x07, 0x03, 0x80, 0xB0, 0x34, 0x0F, 0x03, 0x87, 0xE0, 0x2F, 0xCD, 0x00,
    0x00, 0x00, 0x00, 0x2C, 0x00, 0x07, 0xA0, 0x01, 0x82, 0x40, 0x00, 0x00, 0x0E, 0x01, 0xC0, 0xD0,
    0x2C, 0x1C, 0x03, 0x81, 0xC0, 0x34, 0x2C, 0x07, 0x03, 0x80, 0xB0, 0x34, 0x0F, 0x03, 0x87, 0xE0,
    0x2F, 0xCD, 0x00, 0x00, 0x00, 0x00, 0x00, 0x00, 0x0D, 0x34, 0x00, 0x41, 0x00, 0x00, 0x00, 0x0E,
    0x01, 0xC0, 0xD0, 0x2C, 0x1C, 0x03, 0x81, 0xC0, 0x34, 0x2C, 0x07, 0x03, 0x80, 0xB0, 0x34, 0x0F,
    0x03, 0x87, 0xE0, 0x2F, 0xCD, 0x00, 0x00, 0x00, 0x00, 0x01, 0xC0, 0x00, 0x0D, 0x00, 0x00, 0x90,
    0x00, 0x00, 0x00, 0x03, 0x40, 0x34, 0x0D, 0x02, 0xC0, 0x38, 0x1D, 0x00, 0xA0, 0xE0, 0x02, 0xC7,
    0x00, 0x07, 0x38, 0x00, 0x0D, 0xC0, 0x00, 0x3E, 0x00, 0x00, 0xF0, 0x00, 0x03, 0x40, 0x00, 0x2C,
    0x00, 0x02, 0xD0, 0x00, 0xBD, 0x00, 0x00, 0x00, 0x90, 0x00, 0x0D, 0x00, 0x01, 0xC0, 0x00, 0x2C,
    0x00, 0x02, 0x9F, 0xC0, 0x3F, 0x1E, 0x03, 0xC0, 0xB0, 0x74, 0x0B, 0x0B, 0x00, 0xE0, 0xE0, 0x0D,
    0x0E, 0x02, 0xC0, 0xF4, 0x78, 0x1C, 0xFE, 0x02, 0xC0, 0x00, 0x38, 0x00, 0x03, 0x40, 0x00, 0x70,
    0x00, 0x00, 0x00, 0x00, 0x00, 0x00, 0xC3, 0x00, 0x01, 0x04, 0x00, 0x00, 0x00, 0x03, 0x40, 0x34,
    0x0D, 0x02, 0xC0, 0x38, 0x1D, 0x00, 0xA0, 0xE0, 0x02, 0xC7, 0x00, 0x07, 0x38, 0x00, 0x0D, 0xC0,
    0x00, 0x3E, 0x00, 0x00, 0xF0, 0x00, 0x03, 0x40, 0x00, 0x2C, 0x00, 0x02, 0xD0, 0x00, 0xBD, 0x00,
    0x00, 0x00, 0x05, 0x50, 0x02, 0xFE, 0x00, 0x00, 0x00, 0x00, 0xB0, 0x00, 0x1F, 0x40, 0x03, 0xB4,
    0x00, 0x73, 0x80, 0x0E, 0x38, 0x01, 0xC2, 0xC0, 0x38, 0x2C, 0x0B, 0xFF, 0xC0, 0xE5, 0x6C, 0x2C,
    0x00, 0xC3, 0x40, 0x0D, 0xB0, 0x00, 0xD0, 0x00, 0x55, 0x00, 0x1F, 0xF0, 0x00, 0x00, 0x00, 0x2F,
    0x8C, 0x0F, 0x4B, 0xC1, 0xD0, 0x38, 0x3C, 0x03, 0x43, 0x40, 0x70, 0x34, 0x0B, 0x03, 0x40, 0xF0,
    0x38, 0x7E, 0x01, 0xFC, 0xD0, 0x00, 0x00, 0x00, 0x00, 0x00, 0x10, 0x00, 0xA6, 0xC0, 0x00, 0xB8,
    0x00, 0x00, 0x00, 0x00, 0x0B, 0x00, 0x00, 0x7D, 0x00, 0x03, 0xB4, 0x00, 0x1C, 0xE0, 0x00, 0xE3,
    0x80, 0x07, 0x0B, 0x00, 0x38, 0x2C, 0x02, 0xFF, 0xF0, 0x0E, 0x56, 0xC0, 0xB0, 0x03, 0x03, 0x40,
    0x0D, 0x2C, 0x00, 0x34, 0x00, 0x00, 0x00, 0x0D, 0x74, 0x00, 0x7D, 0x00, 0x00, 0x00, 0x02, 0xF8,
    0xC0, 0xF4, 0xBC, 0x1D, 0x03, 0x83, 0xC0, 0x34, 0x34, 0x07, 0x03, 0x40, 0xB0, 0x34, 0x0F, 0x03,
    0x87, 0xE0, 0x1F, 0xCD, 0x00, 0x00, 0x00, 0x00, 0x0B, 0x00, 0x01, 0xF4, 0x00, 0x3B, 0x40, 0x07,
    0x38, 0x00, 0xE3, 0x80, 0x1C, 0x2C, 0x03, 0x82, 0xC0, 0xBF, 0xFC, 0x0E, 0x56, 0xC2, 0xC0, 0x0C,
    0x34, 0x00, 0xDB, 0x00, 0x0D, 0x00, 0x02, 0x80, 0x00, 0x60, 0x00, 0x0B, 0x40, 0x00, 0x24, 0x00,
    0x00, 0x00, 0x2F, 0x8C, 0x0F, 0x4B, 0xC1, 0xD0, 0x38, 0x3C, 0x03, 0x43, 0x40, 0x70, 0x34, 0x0B,
    0x03, 0x40, 0xF0, 0x38, 0x7E, 0x01, 0xFC, 0xD0, 0x00, 0x28, 0x00, 0x06, 0x00, 0x00, 0xB4, 0x00,
    0x02, 0x40, 0x00, 0x01, 0x80, 0x00, 0x74, 0x00, 0x0C, 0x00, 0x00, 0x00, 0x00, 0xBF, 0xC0, 0x7D,
    0x58, 0x1E, 0x00, 0x03, 0xC0, 0x00, 0x74, 0x00, 0x0B, 0x00, 0x00, 0xB0, 0x00, 0x0F, 0x00, 0x00,
    0xB0, 0x00, 0x07, 0x40, 0x00, 0x3D, 0x04, 0x00, 0xFF, 0xC0, 0x00, 0x00, 0x00, 0x00, 0x0A, 0x00,
    0x2C, 0x00, 0x60, 0x00, 0x00, 0x02, 0xFD, 0x0F, 0x44, 0x1C, 0x00, 0x38, 0x00, 0x34, 0x00, 0x34,
    0x00, 0x34, 0x00, 0x3C, 0x10, 0x0F, 0xF4, 0x00, 0x00, 0x00, 0x0A, 0x00, 0x03, 0xB4, 0x00, 0x91,
    0xC0, 0x00, 0x00, 0x00, 0xBF, 0xC0, 0x7D, 0x58, 0x1E, 0x00, 0x03, 0xC0, 0x00, 0x74, 0x00, 0x0B,
    0x00, 0x00, 0xB0, 0x00, 0x0F, 0x00, 0x00, 0xB0, 0x00, 0x07, 0x40, 0x00, 0x3D, 0x04, 0x00, 0xFF,
    0xC0, 0x00, 0x00, 0x00, 0x00, 0x74, 0x00, 0xEC, 0x03, 0x0A, 0x00, 0x00, 0x02, 0xFD, 0x0F, 0x44,
    0x1C, 0x00, 0x38, 0x00, 0x34, 0x00, 0x34, 0x00, 0x34, 0x00, 0x3C, 0x10, 0x0F, 0xF4, 0x00, 0x00,
    0x00, 0x00, 0x00, 0x00, 0xE0, 0x00, 0x04, 0x00, 0x00, 0x00, 0x00, 0xBF, 0xC0, 0x7D, 0x58, 0x1E,
    0x00, 0x03, 0xC0, 0x00, 0x74, 0x00, 0x0B, 0x00, 0x00, 0xB0, 0x00, 0x0F, 0x00, 0x00, 0xB0, 0x00,
    0x07, 0x40, 0x00, 0x3D, 0x04, 0x00, 0xFF, 0xC0, 0x00, 0x00, 0x00, 0x00, 0x00, 0x00, 0x74, 0x00,
    0x20, 0x00, 0x00, 0x02, 0xFD, 0x0F, 0x44, 0x1C, 0x00, 0x38, 0x00, 0x34, 0x00, 0x34, 0x00, 0x34,
    0x00, 0x3C, 0x10, 0x0F, 0xF4, 0x00, 0x00, 0x00, 0x60, 0x90, 0x03, 0xB8, 0x00, 0x1E, 0x00, 0x00,
    0x00, 0x00, 0xBF, 0xC0, 0x7D, 0x58, 0x1E, 0x00, 0x03, 0xC0, 0x00, 0x74, 0x00, 0x0B, 0x00, 0x00,
    0xB0, 0x00, 0x0F, 0x00, 0x00, 0xB0, 0x00, 0x07, 0x40, 0x00, 0x3D, 0x04, 0x00, 0xFF, 0xC0, 0x00,
    0x00, 0x00, 0x02, 0x42, 0x00, 0x3B, 0x40, 0x0B, 0x40, 0x00, 0x00, 0x02, 0xFD, 0x03, 0xD1, 0x01,
    0xC0, 0x00, 0xE0, 0x00, 0x34, 0x00, 0x0D, 0x00, 0x03, 0x40, 0x00, 0xF0, 0x40, 0x0F, 0xF4, 0x00,
    0x00, 0x00, 0x00, 0x14, 0x20, 0x00, 0x3B, 0x40, 0x00, 0xB4, 0x00, 0x00, 0x00, 0x03, 0xFE, 0x40,
    0x0E, 0x5F, 0x80, 0x70, 0x0B, 0x02, 0xC0, 0x0D, 0x0B, 0x00, 0x38, 0x38, 0x00, 0xE0, 0xD0, 0x03,
    0x47, 0x00, 0x1C, 0x2C, 0x00, 0xF0, 0xE0, 0x0F, 0x03, 0x96, 0xF4, 0x0F, 0xFD, 0x00, 0x00, 0x00,
    0x62, 0x40, 0x00, 0x28, 0xC0, 0x00, 0x0D, 0x90, 0x00, 0x03, 0x40, 0x02, 0xF9, 0xC0, 0x03, 0xD2,
    0xF0, 0x01, 0xD0, 0x38, 0x00, 0xF0, 0x0D, 0x00, 0x34, 0x07, 0x00, 0x0D, 0x02, 0xC0, 0x03, 0x40,
    0xF0, 0x00, 0xE1, 0xF8, 0x00, 0x1F, 0xCD, 0x00, 0x00, 0x00, 0x00, 0x00, 0x03, 0xFE, 0x40, 0x0E,
    0x5F, 0x80, 0x70, 0x0B, 0x02, 0xC0, 0x0D, 0x0B, 0x00, 0x38, 0xBE, 0x80, 0xE7, 0xFE, 0x03, 0x47,
    0x00, 0x1C, 0x2C, 0x00, 0xF0, 0xE0, 0x0F, 0x03, 0x96, 0xF4, 0x0F, 0xFD, 0x00, 0x00, 0x00, 0x60,
    0x00, 0x03, 0xC0, 0x03, 0xFF, 0x80, 0x00, 0x34, 0x02, 0xF9, 0xC0, 0x3D, 0x2F, 0x01, 0xC0, 0x38,
    0x0F, 0x00, 0xD0, 0x34, 0x07, 0x00, 0xD0, 0x2C, 0x03, 0x40, 0xF0, 0x0E, 0x1F, 0x80, 0x1F, 0xCD,
    0x00, 0x00, 0x00, 0x00, 0x00, 0x15, 0x00, 0x0B, 0xF8, 0x00, 0x00, 0x00, 0x3F, 0xFC, 0x03, 0x95,
    0x40, 0x70, 0x00, 0x0B, 0x00, 0x00, 0xB0, 0x00, 0x0F, 0xFE, 0x00, 0xE5, 0x50, 0x1C, 0x00, 0x02,
    0xC0, 0x00, 0x38, 0x00, 0x03, 0x95, 0x40, 0x3F, 0xFC, 0x00, 0x00, 0x54, 0x02, 0xFE, 0x00, 0x00,
    0x02, 0xFC, 0x0F, 0x4E, 0x1C, 0x0A, 0x38, 0x2D, 0x3F, 0xE4, 0x34, 0x00, 0x34, 0x00, 0x3C, 0x14,
    0x0F, 0xF4, 0x00, 0x00, 0x00, 0x00, 0x40, 0x0A, 0x6C, 0x00, 0x2E, 0x00, 0x00, 0x00, 0x03, 0xFF,
    0xC0, 0x39, 0x54, 0x07, 0x00, 0x00, 0xB0, 0x00, 0x0B, 0x00, 0x00, 0xFF, 0xE0, 0x0E, 0x55, 0x01,
    0xC0, 0x00, 0x2C, 0x00, 0x03, 0x80, 0x00, 0x39, 0x54, 0x03, 0xFF, 0xC0, 0x00, 0x01, 0x00, 0xA6,
    0xC0, 0x0B, 0x80, 0x00, 0x00, 0x02, 0xFC, 0x03, 0xD3, 0x81, 0xC0, 0xA0, 0xE0, 0xB4, 0x3F, 0xE4,
    0x0D, 0x00, 0x03, 0x40, 0x00, 0xF0, 0x50, 0x0F, 0xF4, 0x00, 0x00, 0x00, 0x00, 0x00, 0x00, 0x00,
    0xD0, 0x00, 0x08, 0x00, 0x00, 0x00, 0x03, 0xFF, 0xC0, 0x39, 0x54, 0x07, 0x00, 0x00, 0xB0, 0x00,
    0x0B, 0x00, 0x00, 0xFF, 0xE0, 0x0E, 0x55, 0x01, 0xC0, 0x00, 0x2C, 0x00, 0x03, 0x80, 0x00, 0x39,
    0x54, 0x03, 0xFF, 0xC0, 0x00, 0x00, 0x00, 0x38, 0x00, 0x20, 0x00, 0x00, 0x02, 0xFC, 0x0F, 0x4E,
    0x1C, 0x0A, 0x38, 0x2D, 0x3F, 0xE4, 0x34, 0x00, 0x34, 0x00, 0x3C, 0x14, 0x0F, 0xF4, 0x00, 0x00,
    0x03, 0xFF, 0xC0, 0x39, 0x54, 0x07, 0x00, 0x00, 0xB0, 0x00, 0x0B, 0x00, 0x00, 0xFF, 0xE0, 0x0E,
    0x55, 0x01, 0xC0, 0x00, 0x2C, 0x00, 0x03, 0x80, 0x00, 0x39, 0x54, 0x03, 0xFF, 0xC0, 0x00, 0x60,
    0x00, 0x1C, 0x00, 0x01, 0xD0, 0x00, 0x0A, 0x00, 0x00, 0x00, 0x02, 0xFC, 0x0F, 0x4E, 0x1C, 0x0A,
    0x38, 0x2D, 0x3F, 0xE4, 0x34, 0x00, 0x34, 0x00, 0x3C, 0x14, 0x0F, 0xF8, 0x00, 0xD0, 0x02, 0x80,
    0x02, 0x90, 0x00, 0x90, 0x00, 0x50, 0x80, 0x03, 0xB4, 0x00, 0x1D, 0x00, 0x00, 0x00, 0x03, 0xFF,
    0xC0, 0x39, 0x54, 0x07, 0x00, 0x00, 0xB0, 0x00, 0x0B, 0x00, 0x00, 0xFF, 0xE0, 0x0E, 0x55, 0x01,
    0xC0, 0x00, 0x2C, 0x00, 0x03, 0x80, 0x00, 0x39, 0x54, 0x03, 0xFF, 0xC0, 0x01, 0x42, 0x00, 0x3B,
    0x40, 0x07, 0x40, 0x00, 0x00, 0x02, 0xFC, 0x03, 0xD3, 0x81, 0xC0, 0xA0, 0xE0, 0xB4, 0x3F, 0xE4,
    0x0D, 0x00, 0x03, 0x40, 0x00, 0xF0, 0x50, 0x0F, 0xF4, 0x00, 0x00, 0x00, 0x00, 0x0B, 0x00, 0x00,
    0xBE, 0x00, 0x06, 0x0C, 0x00, 0x00, 0x00, 0x00, 0xBF, 0xE0, 0x1F, 0x56, 0x81, 0xE0, 0x00, 0x0F,
    0x00, 0x00, 0x74, 0x00, 0x02, 0xC0, 0x15, 0x0B, 0x02, 0xFD, 0x3C, 0x00, 0x70, 0xB0, 0x02, 0xC2,
    0xD0, 0x0E, 0x03, 0xD0, 0x74, 0x02, 0xFF, 0xC0, 0x00, 0x00, 0x00, 0x00, 0x2C, 0x00, 0x0B, 0xE0,
    0x02, 0x83, 0x00, 0x00, 0x00, 0x02, 0xF8, 0xC0, 0xF4, 0xBC, 0x1D, 0x03, 0x83, 0xC0, 0x34, 0x34,
    0x07, 0x03, 0x40, 0xB0, 0x34, 0x0F, 0x03, 0x87, 0xE0, 0x1F, 0xCD, 0x00, 0x01, 0xC0, 0x00, 0x2C,
    0x05, 0x5B, 0x40, 0x7F, 0xD0, 0x00, 0x00, 0x10, 0x00, 0x00, 0xD7, 0x40, 0x01, 0xF4, 0x00, 0x00,
    0x00, 0x00, 0xBF, 0xE0, 0x1F, 0x56, 0x81, 0xE0, 0x00, 0x0F, 0x00, 0x00, 0x74, 0x00, 0x02, 0xC0,
    0x15, 0x0B, 0x02, 0xFD, 0x3C, 0x00, 0x70, 0xB0, 0x02, 0xC2, 0xD0, 0x0E, 0x03, 0xD0, 0x74, 0x02,
    0xFF, 0xC0, 0x00, 0x00, 0x00, 0x00, 0x00, 0x00, 0x0D, 0x70, 0x00, 0x7D, 0x00, 0x00, 0x00, 0x02,
    0xF8, 0xC0, 0xF4, 0xBC, 0x1D, 0x03, 0x83, 0xC0, 0x34, 0x34, 0x07, 0x03, 0x40, 0xB0, 0x34, 0x0F,
    0x03, 0x87, 0xE0, 0x1F, 0xCD, 0x00, 0x01, 0xC0, 0x00, 0x2C, 0x05, 0x5B, 0x40, 0x7F, 0xD0, 0x00,
    0x00, 0x00, 0x00, 0x00, 0x2C, 0x00, 0x00, 0x50, 0x00, 0x00, 0x00, 0x00, 0xBF, 0xE0, 0x1F, 0x56,
    0x81, 0xE0, 0x00, 0x0F, 0x00, 0x00, 0x74, 0x00, 0x02, 0xC0, 0x15, 0x0B, 0x02, 0xFD, 0x3C, 0x00,
    0x70, 0xB0, 0x02, 0xC2, 0xD0, 0x0E, 0x03, 0xD0, 0x74, 0x02, 0xFF, 0xC0, 0x00, 0x00, 0x00, 0x00,
    0x00, 0x00, 0x02, 0xC0, 0x00, 0x14, 0x00, 0x00, 0x00, 0x02, 0xF8, 0xC0, 0xF4, 0xBC, 0x1D, 0x03,
    0x83, 0xC0, 0x34, 0x34, 0x07, 0x03, 0x40, 0xB0, 0x34, 0x0F, 0x03, 0x87, 0xE0, 0x1F, 0xCD, 0x00,
    0x01, 0xC0, 0x00, 0x2C, 0x05, 0x5B, 0x40, 0x7F, 0xD0, 0x00, 0x00, 0x00, 0x00, 0x02, 0xFF, 0x80,
    0x7D, 0x5A, 0x07, 0x80, 0x00, 0x3C, 0x00, 0x01, 0xD0, 0x00, 0x0B, 0x00, 0x54, 0x2C, 0x0B, 0xF4,
    0xF0, 0x01, 0xC2, 0xC0, 0x0B, 0x0B, 0x40, 0x38, 0x0F, 0x41, 0xD0, 0x0B, 0xFF, 0x00, 0x00, 0x00,
    0x00, 0x1C, 0x00, 0x00, 0xD0, 0x00, 0x02, 0x00, 0x00, 0x00, 0x05, 0x00, 0x00, 0xC0, 0x00, 0x28,
    0x00, 0x00, 0x00, 0x02, 0xF8, 0xC0, 0xF4, 0xBC, 0x1D, 0x03, 0x83, 0xC0, 0x34, 0x34, 0x07, 0x03,
    0x40, 0xB0, 0x34, 0x0F, 0x03, 0x87, 0xE0, 0x1F, 0xCD, 0x00, 0x01, 0xC0, 0x00, 0x2C, 0x05, 0x5B,
    0x40, 0x7F, 0xD0, 0x00, 0x00, 0x03, 0x80, 0x00, 0x0E, 0xC0, 0x00, 0x34, 0x60, 0x00, 0x00, 0x00,
    0x03, 0x80, 0x0D, 0x03, 0x40, 0x1C, 0x07, 0x00, 0x2C, 0x0B, 0x00, 0x38, 0x0B, 0x00, 0x34, 0x0F,
    0xFF, 0xF4, 0x0E, 0x55, 0xB0, 0x1C, 0x00, 0xB0, 0x2C, 0x00, 0xE0, 0x38, 0x00, 0xD0, 0x38, 0x01,
    0xC0, 0x34, 0x01, 0xC0, 0x01, 0xC0, 0x01, 0xEC, 0x01, 0x82, 0x40, 0x00, 0x00, 0x02, 0x40, 0x00,
    0xD0, 0x00, 0x70, 0x00, 0x2C, 0x00, 0x0A, 0x7F, 0x03, 0xF0, 0xE0, 0xF0, 0x38, 0x74, 0x0E, 0x2C,
    0x03, 0x4E, 0x01, 0xC3, 0x40, 0xB0, 0xD0, 0x38, 0x70, 0x0D, 0x00, 0x03, 0x80, 0x0D, 0x00, 0xD0,
    0x07, 0x03, 0xFF, 0xFF, 0xF4, 0x6D, 0x55, 0xF4, 0x0B, 0x00, 0x34, 0x03, 0xFF, 0xFD, 0x00, 0xE5,
    0x5B, 0x00, 0x70, 0x02, 0xC0, 0x2C, 0x00, 0xE0, 0x0E, 0x00, 0x34, 0x03, 0x40, 0x1C, 0x00, 0xD0,
    0x07, 0x00, 0x02, 0x40, 0x00, 0xD0, 0x02, 0xFF, 0xC0, 0x1C, 0x00, 0x0A, 0x7E, 0x03, 0xB5, 0xE0,
    0xF0, 0x38, 0x74, 0x0E, 0x2C, 0x03, 0x4E, 0x01, 0xC3, 0x40, 0xB0, 0xC0, 0x38, 0x70, 0x0D, 0x00,
    0x00, 0x00, 0x00, 0xBD, 0x90, 0x21, 0xE0, 0x00, 0x00, 0x03, 0xFC, 0x00, 0x38, 0x00, 0x0D, 0x00,
    0x03, 0x40, 0x01, 0xC0, 0x00, 0xB0, 0x00, 0x38, 0x00, 0x0D, 0x00, 0x07, 0x00, 0x01, 0xC0, 0x00,
    0xB0, 0x00, 0xFF, 0x00, 0x00, 0x00, 0xFD, 0x96, 0x1E, 0x00, 0x00, 0x0A, 0x00, 0x38, 0x00, 0xD0,
    0x07, 0x00, 0x2C, 0x00, 0xE0, 0x03, 0x40, 0x0D, 0x00, 0x70, 0x00, 0x00, 0x55, 0x02, 0xFE, 0x00,
    0x00, 0x03, 0xFC, 0x00, 0xE0, 0x00, 0xD0, 0x00, 0xD0, 0x01, 0xC0, 0x02, 0xC0, 0x03, 0x80, 0x03,
    0x40, 0x07, 0x00, 0x07, 0x00, 0x0B, 0x00, 0x3F, 0xC0, 0x05, 0x43, 0xFE, 0x00, 0x00, 0xA0, 0x0E,
    0x00, 0xD0, 0x1C, 0x02, 0xC0, 0x38, 0x03, 0x40, 0x34, 0x07, 0x00, 0x00, 0x01, 0x00, 0xA5, 0xC0,
    0x0B, 0x80, 0x00, 0x00, 0x03, 0xFC, 0x00, 0x38, 0x00, 0x0D, 0x00, 0x03, 0x40, 0x01, 0xC0, 0x00,
    0xB0, 0x00, 0x38, 0x00, 0x0D, 0x00, 0x07, 0x00, 0x01, 0xC0, 0x00, 0xB0, 0x00, 0xFF, 0x00, 0x10,
    0x10, 0xA6, 0x80, 0xF8, 0x00, 0x00, 0x0A, 0x00, 0x38, 0x00, 0xD0, 0x07, 0x00, 0x2C, 0x00, 0xE0,
    0x03, 0x40, 0x0D, 0x00, 0x70, 0x00, 0x03, 0xFC, 0x00, 0xE0, 0x00, 0xD0, 0x00, 0xD0, 0x01, 0xC0,
    0x02, 0xC0, 0x03, 0x80, 0x03, 0x40, 0x07, 0x00, 0x07, 0x00, 0x0B, 0x00, 0x3F, 0xC0, 0x09, 0x00,
    0x28, 0x00, 0x28, 0x00, 0x09, 0x00, 0x00, 0x00, 0x0D, 0x00, 0x80, 0x00, 0x02, 0x80, 0x38, 0x03,
    0x40, 0x70, 0x0B, 0x00, 0xE0, 0x0D, 0x00, 0xD0, 0x1C, 0x02, 0x80, 0x70, 0x0B, 0x40, 0x24, 0x00,
    0x00, 0x00, 0x00, 0x38, 0x00, 0x20, 0x00, 0x00, 0x03, 0xFC, 0x00, 0xE0, 0x00, 0xD0, 0x00, 0xD0,
    0x01, 0xC0, 0x02, 0xC0, 0x03, 0x80, 0x03, 0x40, 0x07, 0x00, 0x07, 0x00, 0x0B, 0x00, 0x3F, 0xC0,
    0x0A, 0x0E, 0x0D, 0x1C, 0x2C, 0x38, 0x34, 0x34, 0x70, 0x03, 0xFC, 0x1C, 0x00, 0xE0, 0x2C, 0x00,
    0xD0, 0x38, 0x00, 0xD0, 0x34, 0x01, 0xC0, 0x70, 0x02, 0xC0, 0xB0, 0x03, 0x80, 0xB0, 0x03, 0x40,
    0xE0, 0x07, 0x00, 0xD0, 0x07, 0x01, 0xC0, 0x0B, 0x02, 0xC0, 0x3F, 0xC3, 0x80, 0x00, 0x03, 0x40,
    0x00, 0x0F, 0x00, 0x00, 0xFD, 0x00, 0x00, 0x00, 0x00, 0x00, 0x00, 0x00, 0xD0, 0xE0, 0x20, 0x14,
    0x00, 0x00, 0x0A, 0x07, 0x03, 0x82, 0xC0, 0xD0, 0xE0, 0x70, 0x34, 0x2C, 0x1C, 0x0E, 0x07, 0x03,
    0x42, 0xC0, 0xD0, 0xE0, 0x70, 0x34, 0x00, 0x1C, 0x00, 0x0B, 0x00, 0x07, 0x80, 0x0B, 0x80, 0x00,
    0x00, 0x07, 0x00, 0x01, 0xEC, 0x00, 0x60, 0x90, 0x00, 0x00, 0x00, 0x0E, 0x00, 0x00, 0xD0, 0x00,
    0x1C, 0x00, 0x02, 0xC0, 0x00, 0x2C, 0x00, 0x03, 0x80, 0x00, 0x34, 0x00, 0x07, 0x00, 0x00, 0xB0,
    0x00, 0x0E, 0x00, 0x00, 0xE0, 0x00, 0x0D, 0x00, 0x01, 0xC0, 0x00, 0x78, 0x00, 0xBE, 0x00, 0x00,
    0x00, 0x00, 0x00, 0x1D, 0x00, 0x0E, 0xC0, 0x0D, 0x28, 0x00, 0x00, 0x00, 0x28, 0x00, 0x0E, 0x00,
    0x03, 0x40, 0x01, 0xC0, 0x00, 0xB0, 0x00, 0x38, 0x00, 0x0D, 0x00, 0x03, 0x00, 0x01, 0xC0, 0x00,
    0xB0, 0x00, 0x38, 0x00, 0x6D, 0x00, 0x3D, 0x00, 0x00, 0x03, 0x80, 0x74, 0x0D, 0x07, 0x40, 0x70,
    0x74, 0x02, 0xC7, 0x40, 0x0B, 0x78, 0x00, 0x3F, 0xC0, 0x00, 0xFB, 0x00, 0x07, 0x0E, 0x00, 0x2C,
    0x2C, 0x00, 0xE0, 0x34, 0x03, 0x40, 0xB0, 0x0D, 0x01, 0xD0, 0x00, 0x00, 0x00, 0x0A, 0x00, 0x00,
    0x30, 0x00, 0x01, 0x40, 0x00, 0x02, 0x40, 0x00, 0xD0, 0x00, 0x70, 0x00, 0x2C, 0x00, 0x0A, 0x07,
    0x43, 0x87, 0x40, 0xD7, 0x40, 0x77, 0x40, 0x2F, 0xC0, 0x0F, 0x38, 0x03, 0x47, 0x00, 0xC0, 0xE0,
    0x70, 0x2C, 0x00, 0x00, 0x00, 0x34, 0x00, 0x28, 0x00, 0x08, 0x00, 0x00, 0x0A, 0x07, 0x43, 0x47,
    0x40, 0xD7, 0x40, 0x77, 0x40, 0x2F, 0xC0, 0x0F, 0x38, 0x03, 0x47, 0x00, 0xC0, 0xE0, 0x70, 0x2C,
    0x00, 0x00, 0x28, 0x00, 0x70, 0x00, 0xC0, 0x00, 0x00, 0x03, 0x80, 0x03, 0x40, 0x07, 0x00, 0x0B,
    0x00, 0x0B, 0x00, 0x0E, 0x00, 0x0D, 0x00, 0x1C, 0x00, 0x2C, 0x00, 0x38, 0x00, 0x39, 0x54, 0x3F,
    0xFC, 0x00, 0x34, 0x03, 0x80, 0x18, 0x00, 0x00, 0x02, 0x40, 0x0D, 0x00, 0x70, 0x02, 0xC0, 0x0A,
    0x00, 0x38, 0x00, 0xD0, 0x07, 0x00, 0x2C, 0x00, 0xE0, 0x03, 0x40, 0x0C, 0x00, 0x70, 0x00, 0x03,
    0x80, 0x0D, 0x00, 0x70, 0x02, 0xC0, 0x0B, 0x00, 0x38, 0x00, 0xD0, 0x07, 0x00, 0x2C, 0x00, 0xE0,
    0x03, 0x95, 0x4F, 0xFF, 0x00, 0x00, 0x0D, 0x00, 0xA0, 0x02, 0x00, 0x00, 0x90, 0x0D, 0x01, 0xC0,
    0x2C, 0x02, 0x80, 0x38, 0x03, 0x40, 0x70, 0x0B, 0x00, 0xE0, 0x0D, 0x00, 0xC0, 0x1C, 0x00, 0x00,
    0x2C, 0x03, 0x00, 0x50, 0x00, 0x03, 0x83, 0x40, 0xD1, 0xC0, 0x70, 0x80, 0x2C, 0x00, 0x0B, 0x00,
    0x03, 0x80, 0x00, 0xD0, 0x00, 0x70, 0x00, 0x2C, 0x00, 0x0E, 0x00, 0x03, 0x95, 0x40, 0xFF, 0xF0,
    0x02, 0x48, 0x03, 0x68, 0x07, 0x70, 0x0B, 0x00, 0x0A, 0x00, 0x0E, 0x00, 0x0D, 0x00, 0x1C, 0x00,
    0x2C, 0x00, 0x38, 0x00, 0x34, 0x00, 0x30, 0x00, 0x70, 0x00, 0x03, 0x80, 0x03, 0x40, 0x07, 0x00,
    0x0B, 0x00, 0x0B, 0x00, 0x0E, 0x1D, 0x0D, 0x08, 0x1C, 0x00, 0x2C, 0x00, 0x38, 0x00, 0x39, 0x54,
    0x3F, 0xFC, 0x02, 0x40, 0x34, 0x07, 0x00, 0xB0, 0x0A, 0x00, 0xE0, 0x0D, 0xF1, 0xC5, 0x2C, 0x03,
    0x80, 0x34, 0x03, 0x00, 0x70, 0x00, 0x03, 0x80, 0x0D, 0x00, 0x70, 0x02, 0xC0, 0x0E, 0x00, 0x3F,
    0x81, 0xF0, 0x2F, 0x00, 0x2C, 0x00, 0xE0, 0x03, 0x95, 0x4F, 0xFF, 0x02, 0x40, 0xD0, 0x70, 0x2C,
    0x0A, 0x03, 0x90, 0xF5, 0xF0, 0x7C, 0x0E, 0x03, 0x40, 0xC0, 0x70, 0x00, 0x00, 0x00, 0x70, 0x00,
    0x00, 0xD0, 0x00, 0x02, 0x40, 0x00, 0x00, 0x00, 0x03, 0xC0, 0x0A, 0x03, 0xD0, 0x0E, 0x07, 0xE0,
    0x0D, 0x0B, 0x70, 0x1C, 0x0A, 0x34, 0x1C, 0x0D, 0x2C, 0x28, 0x0C, 0x1C, 0x38, 0x1C, 0x0E, 0x34,
    0x2C, 0x0B, 0x70, 0x38, 0x03, 0xB0, 0x34, 0x03, 0xE0, 0x30, 0x01, 0xD0, 0x00, 0x03, 0x40, 0x03,
    0x80, 0x02, 0x80, 0x00, 0x00, 0x0E, 0x7F, 0x03, 0xF5, 0xE0, 0xF0, 0x38, 0x74, 0x0E, 0x2C, 0x03,
    0x4E, 0x01, 0xC3, 0x80, 0xB1, 0xD0, 0x38, 0x70, 0x0E, 0x00, 0x03, 0xC0, 0x0A, 0x03, 0xD0, 0x0E,
    0x07, 0xE0, 0x0D, 0x0B, 0x70, 0x1C, 0x0A, 0x34, 0x1C, 0x0D, 0x2C, 0x28, 0x0C, 0x1C, 0x38, 0x1C,
    0x0E, 0x34, 0x2C, 0x0B, 0x70, 0x38, 0x03, 0xB0, 0x34, 0x03, 0xE0, 0x30, 0x01, 0xD0, 0x00, 0x00,
    0x00, 0x00, 0xE0, 0x00, 0x01, 0xC0, 0x00, 0x02, 0x00, 0x00, 0x00, 0x00, 0x03, 0x9F, 0xC0, 0xFD,
    0x78, 0x3C, 0x0E, 0x1D, 0x03, 0x8B, 0x00, 0xD3, 0x80, 0x70, 0xE0, 0x2C, 0x74, 0x0E, 0x1C, 0x03,
    0x80, 0x00, 0x00, 0x0E, 0x00, 0x07, 0x00, 0x02, 0x00, 0x00, 0x00, 0x08, 0x24, 0x00, 0x0A, 0xA0,
    0x00, 0x03, 0x80, 0x00, 0x00, 0x00, 0x03, 0xC0, 0x0A, 0x03, 0xD0, 0x0E, 0x07, 0xE0, 0x0D, 0x0B,
    0x70, 0x1C, 0x0A, 0x34, 0x1C, 0x0D, 0x2C, 0x28, 0x0C, 0x1C, 0x38, 0x1C, 0x0E, 0x34, 0x2C, 0x0B,
    0x70, 0x38, 0x03, 0xB0, 0x34, 0x03, 0xE0, 0x30, 0x01, 0xD0, 0x00, 0x81, 0x80, 0x07, 0xB0, 0x00,
    0x3C, 0x00, 0x00, 0x00, 0x0E, 0x7F, 0x00, 0xFD, 0x78, 0x0F, 0x03, 0x81, 0xD0, 0x38, 0x2C, 0x03,
    0x43, 0x80, 0x70, 0x38, 0x0B, 0x07, 0x40, 0xE0, 0x70, 0x0E, 0x00, 0x0B, 0x00, 0x00, 0x34, 0x00,
    0x02, 0xC0, 0x00, 0x0C, 0x73, 0xF4, 0x02, 0xF4, 0xF0, 0x0F, 0x02, 0xC0, 0x38, 0x0B, 0x01, 0xD0,
    0x38, 0x0B, 0x00, 0xD0, 0x3C, 0x07, 0x40, 0xE0, 0x2C, 0x03, 0x40, 0xF0, 0x03, 0xC0, 0x0A, 0x03,
    0xD0, 0x0E, 0x07, 0xE0, 0x0D, 0x0B, 0x70, 0x1C, 0x0A, 0x34, 0x2C, 0x0D, 0x2C, 0x28, 0x0C, 0x0C,
    0x38, 0x1C, 0x0E, 0x34, 0x2C, 0x07, 0x70, 0x38, 0x03, 0xF0, 0x34, 0x02, 0xE0, 0x30, 0x01, 0xD0,
    0x00, 0x01, 0xC0, 0x00, 0x07, 0xC0, 0x00, 0x7F, 0x00, 0x00, 0x00, 0x00, 0x00, 0x00, 0x02, 0x5F,
    0xC0, 0xFC, 0x38, 0x3C, 0x0E, 0x1D, 0x03, 0x8B, 0x00, 0xD3, 0x80, 0x70, 0xD0, 0x2C, 0x34, 0x0E,
    0x1C, 0x03, 0x40, 0x00, 0xD0, 0x00, 0x70, 0x00, 0x78, 0x00, 0xBC, 0x00, 0x00, 0x15, 0x40, 0x01,
    0xFF, 0x00, 0x00, 0x00, 0x00, 0x7F, 0xE0, 0x0B, 0x96, 0xE0, 0x74, 0x02, 0xC3, 0x80, 0x03, 0x5D,
    0x00, 0x0D, 0xB0, 0x00, 0x36, 0xC0, 0x01, 0xDF, 0x00, 0x0B, 0x2C, 0x00, 0x3C, 0x74, 0x02, 0xD0,
    0xF4, 0x6D, 0x00, 0xBF, 0xD0, 0x00, 0x00, 0x00, 0x00, 0x55, 0x00, 0xBF, 0xC0, 0x00, 0x00, 0x0B,
    0xF4, 0x0F, 0x4B, 0x07, 0x00, 0xE3, 0x80, 0x38, 0xD0, 0x0E, 0x34, 0x03, 0x4D, 0x02, 0xC3, 0xC2,
    0xD0, 0x3F, 0xD0, 0x00, 0x00, 0x00, 0x00, 0x00, 0x00, 0x00, 0xD7, 0x00, 0x02, 0xF4, 0x00, 0x00,
    0x00, 0x01, 0xFF, 0x80, 0x2E, 0x5B, 0x81, 0xD0, 0x0B, 0x0E, 0x00, 0x0D, 0x74, 0x00, 0x36, 0xC0,
    0x00, 0xDB, 0x00, 0x07, 0x7C, 0x00, 0x2C, 0xB0, 0x00, 0xF1, 0xD0, 0x0B, 0x43, 0xD1, 0xB4, 0x02,
    0xFF, 0x40, 0x00, 0x00, 0x00, 0x00, 0x00, 0x00, 0x75, 0xC0, 0x0B, 0x80, 0x00, 0x00, 0x02, 0xFD,
    0x03, 0xD2, 0xC1, 0xC0, 0x38, 0xE0, 0x0E, 0x34, 0x03, 0x8D, 0x00, 0xD3, 0x40, 0xB0, 0xF0, 0xB4,
    0x0F, 0xF4, 0x00, 0x00, 0x00, 0x00, 0x06, 0x28, 0x00, 0x0D, 0x70, 0x00, 0x20, 0x80, 0x00, 0x00,
    0x00, 0x01, 0xFF, 0x80, 0x0B, 0x96, 0xE0, 0x1D, 0x00, 0xB0, 0x38, 0x00, 0x34, 0x74, 0x00, 0x34,
    0xB0, 0x00, 0x34, 0xB0, 0x00, 0x74, 0xF0, 0x00, 0xB0, 0xB0, 0x00, 0xF0, 0x74, 0x02, 0xD0, 0x3D,
    0x1B, 0x40, 0x0B, 0xFD, 0x00, 0x00, 0x00, 0x00, 0x00, 0x28, 0x90, 0x07, 0x28, 0x00, 0x86, 0x00,
    0x00, 0x00, 0x02, 0xFD, 0x00, 0xF4, 0xB0, 0x1C, 0x03, 0x83, 0x80, 0x38, 0x34, 0x03, 0x83, 0x40,
    0x34, 0x34, 0x0B, 0x03, 0xC2, 0xD0, 0x0F, 0xF4, 0x00, 0x00, 0x00, 0x00, 0x00, 0x00, 0x00, 0x1F,
    0xFF, 0xFF, 0x0B, 0x96, 0xD5, 0x51, 0xD0, 0x2C, 0x00, 0x38, 0x03, 0x80, 0x07, 0x40, 0x34, 0x00,
    0xB0, 0x03, 0xFF, 0x4B, 0x00, 0x75, 0x50, 0xF0, 0x0B, 0x00, 0x0B, 0x00, 0xE0, 0x00, 0x74, 0x0D,
    0x00, 0x03, 0xD1, 0xD5, 0x40, 0x0B, 0xFF, 0xFE, 0x00, 0x00, 0x00, 0x00, 0x00, 0x00, 0x00, 0x00,
    0x2F, 0xD1, 0xFD, 0x0F, 0x4B, 0xB4, 0xB1, 0xC0, 0x3C, 0x0B, 0x38, 0x03, 0xC2, 0xD3, 0x40, 0x3F,
    0xF4, 0x34, 0x03, 0x40, 0x03, 0x40, 0xB8, 0x00, 0x3C, 0x2F, 0xD0, 0x40, 0xFF, 0x4F, 0xF8, 0x00,
    0x00, 0x00, 0x00, 0x00, 0x02, 0x80, 0x00, 0x74, 0x00, 0x0C, 0x00, 0x00, 0x00, 0x03, 0xFE, 0x00,
    0x39, 0x7C, 0x07, 0x00, 0xD0, 0xB0, 0x0D, 0x0B, 0x01, 0xC0, 0xE0, 0xB8, 0x0F, 0xFD, 0x01, 0xC2,
    0xC0, 0x2C, 0x1C, 0x03, 0x80, 0xE0, 0x34, 0x0B, 0x03, 0x40, 0x74, 0x00, 0x0D, 0x00, 0x38, 0x00,
    0xA0, 0x00, 0x00, 0x09, 0x7C, 0x0F, 0xD0, 0x0F, 0x00, 0x1D, 0x00, 0x2C, 0x00, 0x38, 0x00, 0x34,
    0x00, 0x34, 0x00, 0x70, 0x00, 0x03, 0xFE, 0x00, 0x39, 0x7C, 0x07, 0x00, 0xD0, 0xB0, 0x0D, 0x0B,
    0x01, 0xC0, 0xE0, 0xB8, 0x0F, 0xFD, 0x01, 0xC2, 0xC0, 0x2C, 0x1C, 0x03, 0x80, 0xE0, 0x34, 0x0B,
    0x03, 0x40, 0x74, 0x00, 0x00, 0x00, 0x2C, 0x00, 0x03, 0x00, 0x00, 0x50, 0x00, 0x00, 0x00, 0x00,
    0x97, 0xC0, 0x3F, 0x40, 0x0F, 0x00, 0x07, 0x40, 0x02, 0xC0, 0x00, 0xE0, 0x00, 0x34, 0x00, 0x0D,
    0x00, 0x07, 0x00, 0x00, 0x00, 0x00, 0xB0, 0x00, 0x34, 0x00, 0x14, 0x00, 0x00, 0x00, 0x60, 0x90,
    0x03, 0xB8, 0x00, 0x1E, 0x00, 0x00, 0x00, 0x03, 0xFE, 0x00, 0x39, 0x7C, 0x07, 0x00, 0xD0, 0xB0,
    0x0D, 0x0B, 0x01, 0xC0, 0xE0, 0xB8, 0x0F, 0xFD, 0x01, 0xC2, 0xC0, 0x2C, 0x1C, 0x03, 0x80, 0xE0,
    0x34, 0x0B, 0x03, 0x40, 0x74, 0x02, 0x06, 0x00, 0x7B, 0x00, 0x0F, 0x00, 0x00, 0x00, 0x09, 0x7C,
    0x03, 0xF4, 0x00, 0xF0, 0x00, 0x74, 0x00, 0x2C, 0x00, 0x0E, 0x00, 0x03, 0x40, 0x00, 0xD0, 0x00,
    0x70, 0x00, 0x00, 0x00, 0x07, 0x00, 0x03, 0x80, 0x02, 0x40, 0x00, 0x00, 0x02, 0xFF, 0x42, 0xD5,
    0x90, 0xE0, 0x00, 0x34, 0x00, 0x0F, 0x00, 0x01, 0xF4, 0x00, 0x0F, 0x80, 0x00, 0xB4, 0x00, 0x0D,
    0x00, 0x07, 0x45, 0x07, 0xC2, 0xFF, 0x80, 0x00, 0x00, 0x00, 0x00, 0x28, 0x00, 0x74, 0x00, 0xC0,
    0x00, 0x00, 0x0B, 0xF8, 0x2D, 0x14, 0x38, 0x00, 0x2D, 0x00, 0x0B, 0xC0, 0x00, 0xF0, 0x00, 0x70,
    0x40, 0xF0, 0xBF, 0xC0, 0x00, 0x00, 0x00, 0x2C, 0x00, 0x2F, 0x80, 0x28, 0x30, 0x00, 0x00, 0x02,
    0xFF, 0x42, 0xD5, 0x90, 0xE0, 0x00, 0x34, 0x00, 0x0F, 0x00, 0x01, 0xF4, 0x00, 0x0F, 0x80, 0x00,
    0xB4, 0x00, 0x0D, 0x00, 0x07, 0x45, 0x07, 0xC2, 0xFF, 0x80, 0x00, 0x00, 0x00, 0x00, 0xA0, 0x03,
    0xB4, 0x09, 0x1C, 0x00, 0x00, 0x0B, 0xF8, 0x2D, 0x14, 0x38, 0x00, 0x2D, 0x00, 0x0B, 0xC0, 0x00,
    0xF0, 0x00, 0x70, 0x40, 0xF0, 0xBF, 0xC0, 0x00, 0x00, 0x00, 0x00, 0x00, 0xBF, 0xD0, 0xB5, 0x64,
    0x38, 0x00, 0x0D, 0x00, 0x03, 0xC0, 0x00, 0x7D, 0x00, 0x03, 0xE0, 0x00, 0x2D, 0x00, 0x03, 0x40,
    0x01, 0xD1, 0x41, 0xF0, 0xBF, 0xE0, 0x01, 0x80, 0x00, 0x74, 0x00, 0x0D, 0x00, 0x2E, 0x00, 0x00,
    0x00, 0x00, 0x2F, 0xE2, 0xD1, 0x4E, 0x00, 0x2D, 0x00, 0x2F, 0x00, 0x0F, 0x00, 0x1C, 0x40, 0xF2,
    0xFF, 0x00, 0xC0, 0x03, 0x80, 0x07, 0x00, 0xF4, 0x00, 0x00, 0x81, 0x80, 0x2A, 0x80, 0x03, 0xC0,
    0x00, 0x00, 0x02, 0xFF, 0x42, 0xD5, 0x90, 0xE0, 0x00, 0x34, 0x00, 0x0F, 0x00, 0x01, 0xF4, 0x00,
    0x0F, 0x80, 0x00, 0xB4, 0x00, 0x0D, 0x00, 0x07, 0x45, 0x07, 0xC2, 0xFF, 0x80, 0x00, 0x00, 0x00,
    0x06, 0x09, 0x03, 0xB8, 0x01, 0xE0, 0x00, 0x00, 0x0B, 0xF8, 0x2D, 0x14, 0x38, 0x00, 0x2D, 0x00,
    0x0B, 0xC0, 0x00, 0xF0, 0x00, 0x70, 0x40, 0xF0, 0xBF, 0xC0, 0x00, 0x00, 0x7F, 0xFF, 0x85, 0xB9,
    0x40, 0x1C, 0x00, 0x0B, 0x00, 0x03, 0x80, 0x00, 0xD0, 0x00, 0x70, 0x00, 0x2C, 0x00, 0x0B, 0x00,
    0x03, 0x80, 0x00, 0xD0, 0x00, 0x70, 0x00, 0x18, 0x00, 0x07, 0x00, 0x00, 0xD0, 0x02, 0xE0, 0x00,
    0x03, 0x00, 0x1C, 0x03, 0xFF, 0x03, 0x80, 0x0D, 0x00, 0x70, 0x02, 0xC0, 0x0E, 0x00, 0x34, 0x00,
    0xE0, 0x02, 0xF4, 0x03, 0x00, 0x1D, 0x00, 0x28, 0x07, 0xC0, 0x00, 0x02, 0x06, 0x00, 0x7B, 0x00,
    0x0F, 0x00, 0x00, 0x00, 0x7F, 0xFF, 0x85, 0xB9, 0x40, 0x1C, 0x00, 0x0B, 0x00, 0x03, 0x80, 0x00,
    0xD0, 0x00, 0x70, 0x00, 0x2C, 0x00, 0x0B, 0x00, 0x03, 0x80, 0x00, 0xD0, 0x00, 0x70, 0x00, 0x00,
    0x08, 0x00, 0x2C, 0x03, 0x30, 0x07, 0x00, 0x3F, 0xF0, 0x0E, 0x00, 0x0D, 0x00, 0x1C, 0x00, 0x2C,
    0x00, 0x38, 0x00, 0x34, 0x00, 0x38, 0x00, 0x2F, 0x40, 0x00, 0x00, 0x7F, 0xFF, 0x85, 0xB9, 0x40,
    0x1C, 0x00, 0x0B, 0x00, 0x03, 0x80, 0x1A, 0xF9, 0x06, 0xBA, 0x40, 0x2C, 0x00, 0x0B, 0x00, 0x03,
    0x80, 0x00, 0xD0, 0x00, 0x70, 0x00, 0x03, 0x00, 0x1C, 0x03, 0xFF, 0x03, 0x80, 0x0D, 0x01, 0xFF,
    0x02, 0xD4, 0x0E, 0x00, 0x34, 0x00, 0xE0, 0x02, 0xF4, 0x00, 0x00, 0x00, 0x00, 0x00, 0x02, 0xF6,
    0x40, 0x08, 0x78, 0x00, 0x00, 0x00, 0x0D, 0x00, 0x34, 0x70, 0x01, 0xC1, 0xC0, 0x0B, 0x0B, 0x00,
    0x28, 0x38, 0x00, 0xE0, 0xD0, 0x03, 0x47, 0x00, 0x1C, 0x2C, 0x00, 0xB0, 0xB0, 0x03, 0x82, 0xC0,
    0x1D, 0x07, 0x81, 0xE0, 0x0B, 0xFE, 0x00, 0x00, 0x00, 0x00, 0x00, 0x00, 0x00, 0x0F, 0x9C, 0x02,
    0x4B, 0x40, 0x00, 0x00, 0x0E, 0x01, 0xC0, 0xD0, 0x2C, 0x1C, 0x03, 0x81, 0xC0, 0x34, 0x2C, 0x07,
    0x03, 0x80, 0xB0, 0x34, 0x0F, 0x03, 0x87, 0xE0, 0x2F, 0xCD, 0x00, 0x00, 0x00, 0x00, 0x15, 0x00,
    0x02, 0xFE, 0x00, 0x00, 0x00, 0x03, 0x40, 0x0D, 0x1C, 0x00, 0x70, 0x70, 0x02, 0xC2, 0xC0, 0x0A,
    0x0E, 0x00, 0x38, 0x34, 0x00, 0xD1, 0xC0, 0x07, 0x0B, 0x00, 0x2C, 0x2C, 0x00, 0xE0, 0xB0, 0x07,
    0x41, 0xE0, 0x78, 0x02, 0xFF, 0x80, 0x00, 0x00, 0x00, 0x00, 0x55, 0x00, 0x0F, 0xF4, 0x00, 0x00,
    0x00, 0xE0, 0x1C, 0x0D, 0x02, 0xC1, 0xC0, 0x38, 0x1C, 0x03, 0x42, 0xC0, 0x70, 0x38, 0x0B, 0x03,
    0x40, 0xF0, 0x38, 0x7E, 0x02, 0xFC, 0xD0, 0x00, 0x00, 0x00, 0x00, 0x00, 0x40, 0x02, 0x9B, 0x00,
    0x02, 0xE0, 0x00, 0x00, 0x00, 0x0D, 0x00, 0x34, 0x70, 0x01, 0xC1, 0xC0, 0x0B, 0x0B, 0x00, 0x28,
    0x38, 0x00, 0xE0, 0xD0, 0x03, 0x47, 0x00, 0x1C, 0x2C, 0x00, 0xB0, 0xB0, 0x03, 0x82, 0xC0, 0x1D,
    0x07, 0x81, 0xE0, 0x0B, 0xFE, 0x00, 0x00, 0x00, 0x00, 0x00, 0x40, 0x00, 0x0D, 0x74, 0x00, 0x7D,
    0x00, 0x00, 0x00, 0x0E, 0x01, 0xC0, 0xD0, 0x2C, 0x1C, 0x03, 0x81, 0xC0, 0x34, 0x2C, 0x07, 0x03,
    0x80, 0xB0, 0x34, 0x0F, 0x03, 0x87, 0xE0, 0x2F, 0xCD, 0x00, 0x00, 0x00, 0x00, 0x19, 0x00, 0x00,
    0xDD, 0x00, 0x03, 0x24, 0x00, 0x0B, 0x80, 0x00, 0x00, 0x00, 0x34, 0x00, 0xD1, 0xC0, 0x07, 0x07,
    0x00, 0x2C, 0x2C, 0x00, 0xA0, 0xE0, 0x03, 0x83, 0x40, 0x0D, 0x1C, 0x00, 0x70, 0xB0, 0x02, 0xC2,
    0xC0, 0x0E, 0x0B, 0x00, 0x74, 0x1E, 0x07, 0x80, 0x2F, 0xF8, 0x00, 0x00, 0x00, 0x00, 0x00, 0x18,
    0x00, 0x0A, 0x70, 0x00, 0x93, 0x00, 0x03, 0xD0, 0x00, 0x00, 0x00, 0xE0, 0x1C, 0x0D, 0x02, 0xC1,
    0xC0, 0x38, 0x1C, 0x03, 0x42, 0xC0, 0x70, 0x38, 0x0B, 0x03, 0x40, 0xF0, 0x38, 0x7E, 0x02, 0xFC,
    0xD0, 0x00, 0x00, 0x00, 0x00, 0x09, 0x24, 0x00, 0xB2, 0x80, 0x06, 0x18, 0x00, 0x00, 0x00, 0x0D,
    0x00, 0x34, 0x70, 0x01, 0xC1, 0xC0, 0x0B, 0x0B, 0x00, 0x28, 0x38, 0x00, 0xE0, 0xD0, 0x03, 0x47,
    0x00, 0x1C, 0x2C, 0x00, 0xB0, 0xB0, 0x03, 0x82, 0xC0, 0x1D, 0x07, 0x81, 0xE0, 0x0B, 0xFE, 0x00,
    0x00, 0x00, 0x00, 0x00, 0x1C, 0x60, 0x00, 0xD3, 0x40, 0x09, 0x20, 0x00, 0x00, 0x00, 0x0E, 0x01,
    0xC0, 0x34, 0x0B, 0x01, 0xC0, 0x38, 0x07, 0x00, 0xD0, 0x2C, 0x07, 0x00, 0xE0, 0x2C, 0x03, 0x40,
    0xF0, 0x0E, 0x1F, 0x80, 0x2F, 0xCD, 0x00, 0x00, 0x00, 0x00, 0x0D, 0x00, 0x34, 0x70, 0x01, 0xC1,
    0xC0, 0x0B, 0x0B, 0x00, 0x28, 0x38, 0x00, 0xE0, 0xD0, 0x03, 0x47, 0x00, 0x1C, 0x2C, 0x00, 0xB0,
    0xB0, 0x03, 0x82, 0xC0, 0x1D, 0x07, 0x81, 0xE0, 0x0B, 0xFE, 0x00, 0x02, 0x80, 0x00, 0x18, 0x00,
    0x00, 0xB4, 0x00, 0x00, 0x90, 0x00, 0x0E, 0x01, 0xC0, 0xD0, 0x2C, 0x1C, 0x03, 0x81, 0xC0, 0x34,
    0x2C, 0x07, 0x03, 0x80, 0xB0, 0x34, 0x0F, 0x03, 0x87, 0xE0, 0x2F, 0xCD, 0x00, 0x02, 0x80, 0x00,
    0x60, 0x00, 0x0B, 0x40, 0x00, 0x24, 0x00, 0x00, 0x02, 0xC0, 0x00, 0x00, 0x2F, 0x80, 0x00, 0x01,
    0x83, 0x00, 0x00, 0x00, 0x00, 0x00, 0x30, 0x03, 0x40, 0x34, 0xD0, 0x2E, 0x01, 0xC3, 0x40, 0xF8,
    0x0E, 0x0D, 0x0A, 0xA0, 0x70, 0x34, 0x36, 0x83, 0x80, 0xD2, 0xCB, 0x0D, 0x03, 0x4D, 0x1C, 0xB0,
    0x0D, 0x70, 0x73, 0x40, 0x37, 0x41, 0xDC, 0x00, 0xEC, 0x07, 0xD0, 0x03, 0xE0, 0x1F, 0x00, 0x0B,
    0x00, 0x38, 0x00, 0x00, 0x07, 0x00, 0x00, 0x07, 0xA0, 0x00, 0x06, 0x09, 0x00, 0x00, 0x00, 0x00,
    0x34, 0x0E, 0x03, 0x4D, 0x0B, 0x81, 0xC3, 0x43, 0xA0, 0xE0, 0xD2, 0x98, 0x70, 0x38, 0xC7, 0x38,
    0x0E, 0xA1, 0xDC, 0x03, 0xB0, 0x7A, 0x00, 0xFC, 0x1F, 0x00, 0x2D, 0x03, 0xC0, 0x00, 0x00, 0x70,
    0x00, 0x1E, 0xC0, 0x06, 0x09, 0x00, 0x00, 0x00, 0x70, 0x03, 0x83, 0x40, 0xB0, 0x38, 0x0D, 0x02,
    0xC3, 0x80, 0x1C, 0xB0, 0x00, 0xED, 0x00, 0x0F, 0x80, 0x00, 0xB0, 0x00, 0x0A, 0x00, 0x00, 0xE0,
    0x00, 0x0D, 0x00, 0x01, 0xC0, 0x00, 0x00, 0x0A, 0x00, 0x00, 0xBD, 0x00, 0x0A, 0x0C, 0x00, 0x00,
    0x00, 0x03, 0x40, 0x34, 0x0D, 0x02, 0xC0, 0x38, 0x1D, 0x00, 0xA0, 0xE0, 0x02, 0xC7, 0x00, 0x07,
    0x38, 0x00, 0x0D, 0xC0, 0x00, 0x3E, 0x00, 0x00, 0xF0, 0x00, 0x03, 0x40, 0x00, 0x2C, 0x00, 0x02,
    0xD0, 0x00, 0xBD, 0x00, 0x00, 0x00, 0x00, 0x00, 0x34, 0xD0, 0x01, 0x04, 0x00, 0x00, 0x00, 0x70,
    0x03, 0x83, 0x40, 0xB0, 0x38, 0x0D, 0x02, 0xC3, 0x80, 0x1C, 0xB0, 0x00, 0xED, 0x00, 0x0F, 0x80,
    0x00, 0xB0, 0x00, 0x0A, 0x00, 0x00, 0xE0, 0x00, 0x0D, 0x00, 0x01, 0xC0, 0x00, 0x00, 0x00, 0xA0,
    0x00, 0x0B, 0x00, 0x00, 0x60, 0x00, 0x00, 0x00, 0x02, 0xFF, 0xF4, 0x05, 0x57, 0xC0, 0x00, 0x1D,
    0x00, 0x00, 0xE0, 0x00, 0x0F, 0x00, 0x00, 0xB0, 0x00, 0x0B, 0x00, 0x00, 0x74, 0x00, 0x03, 0x80,
    0x00, 0x3C, 0x00, 0x02, 0xD5, 0x50, 0x0F, 0xFF, 0xD0, 0x00, 0x07, 0x40, 0x03, 0x80, 0x02, 0x40,
    0x00, 0x00, 0x03, 0xFF, 0x00, 0x03, 0xC0, 0x02, 0xC0, 0x01, 0xD0, 0x00, 0xD0, 0x00, 0xE0, 0x00,
    0xF0, 0x00, 0xB0, 0x00, 0x3F, 0xFC, 0x00, 0x00, 0x00, 0x00, 0x00, 0x1D, 0x00, 0x00, 0x20, 0x00,
    0x00, 0x00, 0x02, 0xFF, 0xF4, 0x05, 0x57, 0xC0, 0x00, 0x1D, 0x00, 0x00, 0xE0, 0x00, 0x0F, 0x00,
    0x00, 0xB0, 0x00, 0x0B, 0x00, 0x00, 0x74, 0x00, 0x03, 0x80, 0x00, 0x3C, 0x00, 0x02, 0xD5, 0x50,
    0x0F, 0xFF, 0xD0, 0x00, 0x00, 0x00, 0x0B, 0x00, 0x01, 0x40, 0x00, 0x00, 0x03, 0xFF, 0x00, 0x03,
    0xC0, 0x02, 0xC0, 0x01, 0xD0, 0x00, 0xD0, 0x00, 0xE0, 0x00, 0xF0, 0x00, 0xB0, 0x00, 0x3F, 0xFC,
    0x00, 0x00, 0x24, 0x20, 0x00, 0x3B, 0x00, 0x00, 0xB4, 0x00, 0x00, 0x00, 0x02, 0xFF, 0xF4, 0x05,
    0x57, 0xC0, 0x00, 0x1D, 0x00, 0x00, 0xE0, 0x00, 0x0F, 0x00, 0x00, 0xB0, 0x00, 0x0B, 0x00, 0x00,
    0x74, 0x00, 0x03, 0x80, 0x00, 0x3C, 0x00, 0x02, 0xD5, 0x50, 0x0F, 0xFF, 0xD0, 0x00, 0x81, 0x80,
    0x2E, 0xC0, 0x03, 0xC0, 0x00, 0x00, 0x03, 0xFF, 0x00, 0x03, 0xC0, 0x02, 0xC0, 0x01, 0xD0, 0x00,
    0xD0, 0x00, 0xE0, 0x00, 0xF0, 0x00, 0xB0, 0x00, 0x3F, 0xFC, 0x00, 0x00, 0x02, 0xA0, 0x00, 0x3D,
    0x80, 0x01, 0xC0, 0x00, 0x0B, 0x00, 0x00, 0x38, 0x00, 0x00, 0xE0, 0x00, 0x03, 0x40, 0x00, 0x1C,
    0x00, 0x00, 0xB0, 0x00, 0x03, 0x80, 0x00, 0x0D, 0x00, 0x00, 0x34, 0x00, 0x01, 0xC0, 0x00, 0x0B,
    0x00, 0x00, 0x38, 0x00, 0x06, 0xC0, 0x00, 0x3D, 0x00, 0x00, 0x30, 0x28, 0x0C, 0x0D, 0x38, 0x60,
    0x07, 0x40, 0xEC, 0x30, 0xA0, 0x00, 0x01, 0xF9, 0xC8, 0x2D, 0x00, 0x15, 0x43, 0xFD, 0x00, 0x00,
    0x7F, 0xFC, 0x00, 0x00, 0x40, 0x69, 0xA3, 0xE0, 0x01, 0xD2, 0x00, 0x00, 0x28, 0xA4, 0x10, 0x64,
    0x1C, 0x2C, 0xA0, 0x00, 0x09, 0x0D, 0xD3, 0x24, 0xB8, 0x1C, 0x60, 0xD3, 0x09, 0x20, 0x00, 0x90,
    0x83, 0xB4, 0x2D, 0x00, 0x14, 0xD3, 0x1C, 0x60, 0x21, 0x5C, 0xEA, 0x34, 0x00, 0x34, 0xD0, 0xB2,
    0xC0, 0x93, 0x00, 0x00, 0x00, 0xD0, 0x08, 0x4A, 0x6C, 0x2E, 0x00, 0x01, 0x01, 0xFD, 0x30, 0x60,
    0x0A, 0x0C, 0x2C, 0x34, 0x00, 0x0E, 0x1C, 0x38, 0x30, 0x00, 0xB2, 0xC7, 0x0C, 0x00, 0x0E, 0x1C,
    0x38, 0x30, 0x00, 0x28, 0x1C, 0x09, 0x0A, 0x07, 0x03, 0x00, 0x04, 0x5D, 0x6C, 0x08, 0x04, 0x0B,
    0x43, 0xA0, 0x80, 0x2A, 0x91, 0x5C, 0x00, 0xC0, 0x1C, 0x01, 0x40, 0x0A, 0x0E, 0x3C, 0x50, 0x00,
    0xD9, 0x28, 0x10, 0x00, 0x02, 0x42, 0xE0, 0x54, 0x00, 0xBD, 0x30, 0x10, 0x05, 0x07, 0x82, 0xE4,
    0x30, 0x2A, 0x05, 0x40, 0x02, 0x00, 0xC0, 0x70, 0x78, 0x3C, 0x00, 0x20, 0x30, 0x70, 0xB4, 0x3C,
    0xAD, 0x00, 0x1C, 0x71, 0x04, 0x09, 0x0D, 0x93, 0x24, 0xB8, 0x38, 0xC5, 0x00, 0x18, 0x1C, 0x0D,
    0xB8, 0x18, 0x30, 0x74, 0x28, 0x18, 0xA3, 0x4C, 0x20, 0x00, 0x00, 0xFF, 0xF7, 0x02, 0x94, 0x05,
    0x22, 0x4C, 0x3E, 0xF4, 0x60, 0x93, 0xB8, 0x1E, 0x00, 0x0A, 0x02, 0xB4, 0xA0, 0xC0, 0x00, 0x07,
    0x5C, 0x2F, 0x40, 0x05, 0x03, 0xFC, 0x90, 0xC0, 0x00, 0x00, 0xFD, 0x92, 0x1E, 0x00, 0x15, 0x6F,
    0xF0, 0x6A, 0xA8, 0x6A, 0xA8, 0x2A, 0xA8, 0x2A, 0xA8, 0x55, 0x54, 0xAA, 0xA8, 0x00, 0x00, 0x1F,
    0x9C, 0x30, 0xB0, 0x00, 0x00, 0x3F, 0xFC, 0x00, 0x00, 0x15, 0x55, 0x54, 0x7F, 0xFF, 0xFD, 0x00,
    0x40, 0x3C, 0x2E, 0x02, 0x00, 0x00, 0x00, 0x80, 0x00, 0x1C, 0x00, 0x03, 0x40, 0x00, 0xB0, 0x00,
    0x0C, 0x00, 0x02, 0x80, 0x00, 0x30, 0x00, 0x0D, 0x00, 0x01, 0xC0, 0x00, 0x34, 0x00, 0x0B, 0x00,
    0x00, 0xC0, 0x00, 0x28, 0x00, 0x03, 0x00, 0x00, 0x00, 0x1C, 0x0C, 0x2C, 0x10, 0x00, 0x00, 0xC0,
    0x77, 0x56, 0x9A, 0xA9, 0x1A, 0xA4, 0xD5, 0xA6, 0x02, 0x5F, 0xFC, 0x2F, 0xB9, 0x89, 0x30, 0x26,
    0x07, 0x83, 0xF0, 0x00, 0x01, 0x03, 0x40, 0xC0, 0x34, 0x1C, 0x04, 0x00, 0x1A, 0xA9, 0x1A, 0xA9,
    0x15, 0x54, 0x6A, 0xA8, 0x60, 0x34, 0x1C, 0x0A, 0x07, 0x03, 0x00, 0x00, 0x00, 0xBE, 0xA3, 0x1E,
    0x00, 0x78, 0x72, 0x40, 0x02, 0xC0, 0xDD, 0xD1, 0xA1, 0x00, 0x52, 0x8B, 0x40, 0x1A, 0xAA, 0x0D,
    0x55, 0xC3, 0x00, 0x60, 0x00, 0x00, 0x2A, 0xA9, 0x2A, 0xA8, 0x15, 0x54, 0x6A, 0xA8, 0x21, 0x8C,
    0xA7, 0x34, 0x00, 0xBE, 0x0D, 0x0C, 0x01, 0x40, 0xFE, 0xD6, 0xAE, 0x01, 0x00, 0x00, 0x40, 0x0B,
    0x00, 0x90, 0x4E, 0xFD, 0x11, 0x50, 0x1C, 0x00, 0x00, 0x00, 0x00, 0x00, 0x7E, 0xA2, 0x05, 0x0B,
    0x88, 0x62, 0xE0, 0x00, 0x00, 0x76, 0xC2, 0xEF, 0x01, 0x10, 0x00, 0x3C, 0x34, 0x30, 0xF8, 0x7D,
    0x2F, 0xC0, 0x00, 0x03, 0x80, 0x96, 0x02, 0x02, 0x00, 0x80, 0x08, 0x00, 0x20, 0xC4, 0x00, 0x13,
    0xC4, 0x00, 0x13, 0x48, 0x00, 0x21, 0x02, 0x00, 0x80, 0x80, 0x96, 0x02, 0xC0, 0x00, 0x03, 0xF8,
    0x7D, 0x2F, 0x03, 0x83, 0xF8, 0x00, 0x01, 0xCC, 0x24, 0x00, 0x00, 0x0B, 0xDA, 0x1C, 0x30, 0x1C,
    0x00, 0x00, 0x7D, 0x3C, 0x14, 0x00, 0x2C, 0x74, 0x09, 0x00, 0x38, 0x0E, 0x34, 0x00, 0x02, 0xD3,
    0x83, 0xDB, 0x34, 0xC9, 0x00, 0x60, 0xCA, 0x00, 0x01, 0xD2, 0x00, 0x04, 0x07, 0x81, 0xF0, 0x68,
    0x14, 0x51, 0xDE, 0x76, 0x34, 0xCF, 0xBD, 0x00, 0x90, 0xFC, 0x0C, 0x00, 0x00, 0x00, 0x00, 0xB0,
    0x00, 0x1D, 0x2E, 0x56, 0xF4, 0x06, 0xFE, 0x40, 0x00, 0x00, 0x01, 0x0D, 0x00, 0x03, 0x81, 0xE5,
    0x5B, 0x80, 0x06, 0xFA, 0x00, 0x15, 0x55, 0x2F, 0xFF, 0xD0, 0x15, 0x55, 0x5F, 0xFF, 0xE0, 0x00,
    0x00, 0x00, 0x0B, 0xFF, 0x91, 0xD6, 0x00, 0x6F, 0xD0, 0x00, 0x04, 0x00, 0x00, 0xBF, 0xFE, 0x01,
    0xE0, 0x01, 0xE0, 0xD0, 0x00, 0x0C, 0x00, 0x00, 0x00, 0x15, 0x55, 0x57, 0x8A, 0xAA, 0xAA, 0xF0,
    0x00, 0x00, 0x10, 0x1A, 0x48, 0x52, 0x30, 0x94, 0x28, 0x98, 0x80, 0x64, 0x00, 0x11, 0x48, 0x20,
    0x40, 0x1A, 0x08, 0x52, 0x20, 0x64, 0x20, 0x48, 0x52, 0x30, 0x94, 0x28, 0x80, 0x80, 0x24, 0x00,
    0x40, 0x21, 0xA4, 0x85, 0x23, 0x09, 0x40, 0x00, 0x05, 0x02, 0xA0, 0x85, 0x22, 0x04, 0x40, 0x26,
    0x64, 0x88, 0x51, 0x21, 0x00, 0x44, 0x28, 0x20, 0x50, 0x40, 0x00, 0x34, 0x20, 0x20, 0x20, 0x81,
    0x88, 0x64, 0x10, 0x15, 0x03, 0x41, 0x90, 0x44, 0x00, 0x34, 0x00, 0x01, 0xC0, 0x00, 0x09, 0x00,
    0x00, 0x00, 0x03, 0xFF, 0xC0, 0x39, 0x54, 0x07, 0x00, 0x00, 0xB0, 0x00, 0x0E, 0x00, 0x00, 0xFF,
    0xE0, 0x1E, 0x54, 0x01, 0xC0, 0x00, 0x2C, 0x00, 0x03, 0x80, 0x00, 0x39, 0x54, 0x07, 0xFF, 0x80,
    0x00, 0x00, 0x00, 0x07, 0x28, 0x00, 0x62, 0x40, 0x00, 0x00, 0x03, 0xFF, 0xC0, 0x39, 0x54, 0x07,
    0x00, 0x00, 0xB0, 0x00, 0x0E, 0x00, 0x00, 0xFF, 0xE0, 0x1E, 0x54, 0x01, 0xC0, 0x00, 0x2C, 0x00,
    0x03, 0x80, 0x00, 0x39, 0x54, 0x07, 0xFF, 0x80, 0x3F, 0xFF, 0x41, 0x7D, 0x50, 0x03, 0x80, 0x00,
    0x34, 0x00, 0x07, 0x00, 0x00, 0xBF, 0xF0, 0x0F, 0x03, 0xC0, 0xD0, 0x1C, 0x0D, 0x01, 0xC1, 0xC0,
    0x2C, 0x2C, 0x07, 0x43, 0x8B, 0xE0, 0x00, 0x00, 0x00, 0x00, 0x02, 0x80, 0x00, 0xB0, 0x00, 0x0C,
    0x00, 0x00, 0x00, 0x03, 0xFF, 0xC0, 0x39, 0x54, 0x07, 0x00, 0x00, 0xB0, 0x00, 0x0E, 0x00, 0x00,
    0xD0, 0x00, 0x1C, 0x00, 0x01, 0xC0, 0x00, 0x2C, 0x00, 0x03, 0x80, 0x00, 0x34, 0x00, 0x07, 0x00,
    0x00, 0x00, 0x00, 0x00, 0x01, 0xFF, 0xC0, 0x2E, 0x46, 0x01, 0xD0, 0x00, 0x0E, 0x00, 0x00, 0x70,
    0x00, 0x02, 0xFF, 0xF0, 0x0F, 0xAA, 0x40, 0x38, 0x00, 0x00, 0xF0, 0x00, 0x02, 0xC0, 0x00, 0x03,
    0xD0, 0x40, 0x03, 0xFF, 0x00, 0x00, 0x00, 0x00, 0x00, 0x00, 0x00, 0xBF, 0xD0, 0xB4, 0x60, 0x34,
    0x00, 0x0D, 0x00, 0x03, 0xC0, 0x00, 0x7D, 0x00, 0x03, 0xE0, 0x00, 0x2C, 0x00, 0x03, 0x40, 0x01,
    0xD1, 0x41, 0xF0, 0xBF, 0xE0, 0x00, 0x00, 0x00, 0x03, 0x40, 0xD0, 0x70, 0x2C, 0x0E, 0x03, 0x41,
    0xC0, 0x70, 0x2C, 0x0E, 0x03, 0x41, 0xC0, 0x00, 0x00, 0x1D, 0xC0, 0x66, 0x00, 0x00, 0x03, 0x40,
    0x0D, 0x00, 0x70, 0x02, 0xC0, 0x0E, 0x00, 0x34, 0x01, 0xC0, 0x07, 0x00, 0x2C, 0x00, 0xE0, 0x03,
    0x40, 0x1C, 0x00, 0x00, 0x0E, 0x00, 0x0D, 0x00, 0x1C, 0x00, 0x2C, 0x00, 0x2C, 0x00, 0x38, 0x00,
    0x34, 0x00, 0x70, 0x00, 0xB0, 0x00, 0xE0, 0x00, 0xE0, 0x00, 0xD0, 0x01, 0xC0, 0x07, 0x80, 0xBE,
    0x00, 0x00, 0x00, 0x00, 0x1F, 0xFF, 0x00, 0x00, 0x3D, 0x5E, 0x00, 0x00, 0x34, 0x0D, 0x00, 0x00,
    0x70, 0x1C, 0x00, 0x00, 0xB0, 0x1D, 0x00, 0x00, 0xE0, 0x2F, 0xF8, 0x00, 0xD0, 0x38, 0x2D, 0x01,
    0xC0, 0x34, 0x0E, 0x02, 0x80, 0x70, 0x0E, 0x03, 0x40, 0xB0, 0x1D, 0x1F, 0x00, 0xF5, 0xB8, 0xBD,
    0x00, 0xFF, 0xD0, 0x00, 0x00, 0x00, 0x00, 0x03, 0x40, 0x28, 0x00, 0x0D, 0x00, 0xE0, 0x00, 0x70,
    0x03, 0x40, 0x02, 0xC0, 0x1C, 0x00, 0x0E, 0x00, 0xB0, 0x00, 0x3F, 0xFF, 0xFF, 0x41, 0xD0, 0x1E,
    0x1F, 0x07, 0x00, 0x34, 0x0D, 0x2C, 0x01, 0xC0, 0x34, 0xE0, 0x0B, 0x01, 0xC3, 0x40, 0x39, 0x6E,
    0x1C, 0x00, 0xFF, 0xD0, 0x3F, 0xFF, 0x41, 0x7D, 0x50, 0x03, 0x80, 0x00, 0x34, 0x00, 0x07, 0x00,
    0x00, 0xBF, 0xF4, 0x0F, 0x03, 0xC0, 0xD0, 0x1C, 0x0D, 0x01, 0xC1, 0xC0, 0x2C, 0x2C, 0x03, 0x83,
    0x80, 0x34, 0x00, 0x00, 0xA0, 0x00, 0x0B, 0x00, 0x00, 0x60, 0x00, 0x00, 0x00, 0x03, 0x40, 0x74,
    0x0D, 0x03, 0x80, 0x70, 0x38, 0x02, 0xC3, 0x80, 0x0E, 0x3C, 0x00, 0x3F, 0xC0, 0x01, 0xEB, 0x00,
    0x07, 0x0D, 0x00, 0x2C, 0x2C, 0x00, 0xE0, 0x74, 0x03, 0x40, 0xE0, 0x1C, 0x01, 0xC0, 0x00, 0x0A,
    0x00, 0x00, 0x07, 0x00, 0x00, 0x01, 0x40, 0x00, 0x00, 0x00, 0x03, 0x40, 0x1D, 0x03, 0x40, 0x3C,
    0x07, 0x00, 0xFC, 0x0B, 0x02, 0xAC, 0x0E, 0x0B, 0x38, 0x0D, 0x1C, 0x34, 0x1C, 0x34, 0x70, 0x1C,
    0xE0, 0xB0, 0x2E, 0xC0, 0xA0, 0x3F, 0x00, 0xE0, 0x3D, 0x00, 0xD0, 0x78, 0x01, 0xC0, 0x00, 0x40,
    0x40, 0x03, 0x8B, 0x00, 0x07, 0xE0, 0x00, 0x00, 0x00, 0x0D, 0x00, 0x34, 0x38, 0x03, 0xC0, 0xB0,
    0x1D, 0x01, 0xC0, 0xE0, 0x03, 0x47, 0x00, 0x0E, 0x34, 0x00, 0x2E, 0xC0, 0x00, 0x7D, 0x00, 0x00,
    0xE0, 0x00, 0x0B, 0x00, 0x01, 0xB4, 0x00, 0x3F, 0x40, 0x00, 0x00, 0x00, 0x00, 0x03, 0x40, 0x1C,
    0x03, 0x40, 0x2C, 0x07, 0x00, 0x38, 0x0B, 0x00, 0x34, 0x0E, 0x00, 0x70, 0x0D, 0x00, 0xB0, 0x1C,
    0x00, 0xB0, 0x1C, 0x00, 0xE0, 0x2C, 0x00, 0xD0, 0x38, 0x01, 0xC0, 0x39, 0x56, 0xC0, 0x7F, 0xFF,
    0x80, 0x00, 0xC0, 0x00, 0x01, 0xC0, 0x00, 0x01, 0x80, 0x00, 0x00, 0x0B, 0x00, 0x01, 0xF4, 0x00,
    0x3B, 0x40, 0x07, 0x38, 0x00, 0xE3, 0x80, 0x1C, 0x2C, 0x03, 0x82, 0xC0, 0xBF, 0xFC, 0x0E, 0x56,
    0xC2, 0xC0, 0x0C, 0x34, 0x00, 0xDB, 0x00, 0x0D, 0x03, 0xFF, 0xD0, 0x39, 0x54, 0x07, 0x00, 0x00,
    0xB0, 0x00, 0x0E, 0x00, 0x00, 0xFF, 0xD0, 0x1D, 0x1F, 0x01, 0xC0, 0x74, 0x2C, 0x07, 0x43, 0x80,
    0xB0, 0x39, 0x6D, 0x07, 0xFF, 0x40, 0x03, 0xFE, 0x00, 0x39, 0x7C, 0x07, 0x00, 0xE0, 0xB0, 0x0D,
    0x0E, 0x02, 0xC0, 0xFF, 0xE0, 0x1D, 0x5E, 0x01, 0xC0, 0x38, 0x2C, 0x03, 0x83, 0x80, 0x38, 0x39,
    0x5F, 0x07, 0xFF, 0x80, 0x03, 0xFF, 0xC0, 0xE5, 0x50, 0x70, 0x00, 0x2C, 0x00, 0x0E, 0x00, 0x03,
    0x40, 0x01, 0xC0, 0x00, 0x70, 0x00, 0x2C, 0x00, 0x0E, 0x00, 0x03, 0x40, 0x01, 0xC0, 0x00, 0x00,
    0x07, 0xFF, 0xD0, 0x00, 0xB5, 0x6C, 0x00, 0x0E, 0x02, 0xC0, 0x00, 0xD0, 0x38, 0x00, 0x1C, 0x03,
    0x40, 0x02, 0xC0, 0x30, 0x00, 0x38, 0x07, 0x00, 0x07, 0x00, 0xB0, 0x00, 0xE0, 0x0E, 0x00, 0x1C,
    0x00, 0xD0, 0x07, 0x95, 0x6D, 0x02, 0xFF, 0xFF, 0xF8, 0x34, 0x00, 0x03, 0x43, 0x40, 0x00, 0x70,
    0x20, 0x00, 0x06, 0x00, 0x03, 0xFF, 0xC0, 0x39, 0x54, 0x07, 0x00, 0x00, 0xB0, 0x00, 0x0E, 0x00,
    0x00, 0xFF, 0xE0, 0x1E, 0x54, 0x01, 0xC0, 0x00, 0x2C, 0x00, 0x03, 0x80, 0x00, 0x39, 0x54, 0x07,
    0xFF, 0x80, 0x01, 0xC0, 0x70, 0x0D, 0x00, 0xD0, 0xB0, 0x38, 0x00, 0xA0, 0xE0, 0xE0, 0x00, 0x30,
    0xD3, 0xC0, 0x00, 0x39, 0xCB, 0x00, 0x00, 0x2F, 0xFC, 0x00, 0x00, 0x3B, 0xEC, 0x00, 0x00, 0xE3,
    0x8D, 0x00, 0x03, 0xC3, 0x4B, 0x00, 0x0B, 0x07, 0x03, 0x40, 0x2C, 0x0B, 0x03, 0x80, 0x74, 0x0A,
    0x01, 0xC0, 0x00, 0x00, 0x00, 0x2F, 0xF0, 0x02, 0x47, 0xC0, 0x00, 0x1D, 0x00, 0x01, 0xC0, 0x00,
    0x3C, 0x02, 0xFE, 0x00, 0x16, 0xE0, 0x00, 0x03, 0x40, 0x00, 0x38, 0x00, 0x07, 0x42, 0x41, 0xF0,
    0x3F, 0xF8, 0x00, 0x00, 0x00, 0x03, 0x40, 0x1D, 0x03, 0x40, 0x3C, 0x07, 0x00, 0xFC, 0x0B, 0x02,
    0xAC, 0x0E, 0x0B, 0x38, 0x0D, 0x1C, 0x34, 0x1C, 0x34, 0x70, 0x1C, 0xE0, 0xB0, 0x2E, 0xC0, 0xA0,
    0x3F, 0x00, 0xE0, 0x3D, 0x00, 0xD0, 0x78, 0x01, 0xC0, 0x00, 0x10, 0x10, 0x00, 0x28, 0x70, 0x00,
    0x0B, 0xD0, 0x00, 0x00, 0x00, 0x03, 0x40, 0x1D, 0x03, 0x40, 0x3C, 0x07, 0x00, 0xFC, 0x0B, 0x02,
    0xAC, 0x0E, 0x0B, 0x38, 0x0D, 0x1C, 0x34, 0x1C, 0x34, 0x70, 0x1C, 0xE0, 0xB0, 0x2E, 0xC0, 0xA0,
    0x3F, 0x00, 0xE0, 0x3D, 0x00, 0xD0, 0x78, 0x01, 0xC0, 0x03, 0x40, 0x74, 0x0D, 0x03, 0x80, 0x70,
    0x38, 0x02, 0xC3, 0x80, 0x0E, 0x3C, 0x00, 0x3F, 0xC0, 0x01, 0xEB, 0x00, 0x07, 0x0D, 0x00, 0x2C,
    0x2C, 0x00, 0xE0, 0x74, 0x03, 0x40, 0xE0, 0x1C, 0x01, 0xC0, 0x00, 0x1F, 0xFF, 0x00, 0x0F, 0x56,
    0xC0, 0x03, 0x40, 0xB0, 0x01, 0xC0, 0x38, 0x00, 0xB0, 0x0D, 0x00, 0x38, 0x07, 0x00, 0x0D, 0x02,
    0xC0, 0x07, 0x00, 0xE0, 0x02, 0x80, 0x34, 0x00, 0xD0, 0x0D, 0x01, 0xF0, 0x07, 0x02, 0xF4, 0x02,
    0xC0, 0x00, 0x00, 0x00, 0x00, 0x03, 0xC0, 0x02, 0xF0, 0x3D, 0x00, 0x3E, 0x07, 0xD0, 0x0A, 0xE0,
    0xAA, 0x00, 0xDD, 0x0E, 0xA0, 0x29, 0xC0, 0xD7, 0x07, 0x2C, 0x1C, 0x70, 0xE3, 0x81, 0xC3, 0x1C,
    0x34, 0x28, 0x33, 0x43, 0x43, 0x83, 0xB0, 0x70, 0x34, 0x3D, 0x0B, 0x07, 0x02, 0xC0, 0xE0, 0x03,
    0x40, 0x0C, 0x03, 0x40, 0x1C, 0x07, 0x00, 0x2C, 0x0B, 0x00, 0x38, 0x0E, 0x00, 0x34, 0x0F, 0xFF,
    0xF0, 0x1E, 0x55, 0xF0, 0x1C, 0x00, 0xB0, 0x2C, 0x00, 0xE0, 0x38, 0x00, 0xD0, 0x34, 0x01, 0xC0,
    0x70, 0x02, 0xC0, 0x00, 0x00, 0x00, 0x07, 0xFD, 0x00, 0xB9, 0x6D, 0x0B, 0x40, 0x3C, 0x38, 0x00,
    0x71, 0xC0, 0x01, 0xCB, 0x00, 0x07, 0x38, 0x00, 0x2C, 0xE0, 0x00, 0xE3, 0x80, 0x07, 0x4B, 0x00,
    0x3C, 0x0F, 0x47, 0xC0, 0x0F, 0xF8, 0x00, 0x00, 0x00, 0x00, 0x03, 0xFF, 0xFC, 0x03, 0x95, 0x7C,
    0x07, 0x00, 0x38, 0x0B, 0x00, 0x34, 0x0E, 0x00, 0x30, 0x0D, 0x00, 0x70, 0x1C, 0x00, 0xB0, 0x1C,
    0x00, 0xE0, 0x2C, 0x00, 0xD0, 0x38, 0x01, 0xC0, 0x34, 0x02, 0xC0, 0x70, 0x02, 0xC0, 0x03, 0xFE,
    0x00, 0x39, 0xBC, 0x07, 0x01, 0xC0, 0xB0, 0x1C, 0x0E, 0x02, 0xC0, 0xD0, 0x78, 0x1F, 0xFE, 0x01,
    0xD5, 0x00, 0x2C, 0x00, 0x03, 0x80, 0x00, 0x34, 0x00, 0x07, 0x00, 0x00, 0x00, 0x00, 0x00, 0x1F,
    0xFC, 0x0B, 0x91, 0x81, 0xD0, 0x00, 0x38, 0x00, 0x07, 0x00, 0x00, 0xB0, 0x00, 0x0E, 0x00, 0x00,
    0xE0, 0x00, 0x0F, 0x00, 0x00, 0xB0, 0x00, 0x03, 0xD0, 0x40, 0x0F, 0xFC, 0x00, 0x00, 0x00, 0x3F,
    0xFF, 0xC5, 0x79, 0x50, 0x1C, 0x00, 0x0B, 0x00, 0x02, 0xC0, 0x00, 0xE0, 0x00, 0x34, 0x00, 0x1C,
    0x00, 0x0B, 0x00, 0x03, 0x80, 0x00, 0xD0, 0x00, 0x34, 0x00, 0x0D, 0x00, 0x34, 0x38, 0x03, 0xC0,
    0xB0, 0x1D, 0x01, 0xC0, 0xE0, 0x03, 0x47, 0x00, 0x0E, 0x34, 0x00, 0x2E, 0xC0, 0x00, 0x7D, 0x00,
    0x00, 0xE0, 0x00, 0x0B, 0x00, 0x01, 0xB4, 0x00, 0x3F, 0x40, 0x00, 0x00, 0x00, 0x00, 0x00, 0x00,
    0x00, 0x00, 0x00, 0xB0, 0x00, 0x01, 0xBD, 0x00, 0x0B, 0xEF, 0xF8, 0x0F, 0x07, 0x07, 0x47, 0x02,
    0xC0, 0xE2, 0xC0, 0xF0, 0x38, 0xE0, 0x38, 0x0E, 0x38, 0x0D, 0x07, 0x07, 0x47, 0x07, 0x80, 0xBF,
    0xEF, 0x80, 0x02, 0xF9, 0x00, 0x00, 0x34, 0x00, 0x00, 0x00, 0x00, 0x00, 0x03, 0x40, 0x28, 0x02,
    0xC0, 0xB0, 0x00, 0xC1, 0xD0, 0x00, 0xE3, 0x40, 0x00, 0x7E, 0x00, 0x00, 0x3C, 0x00, 0x00, 0xBC,
    0x00, 0x01, 0xDD, 0x00, 0x03, 0x4E, 0x00, 0x0E, 0x07, 0x00, 0x2C, 0x03, 0x40, 0x70, 0x03, 0x80,
    0x03, 0x40, 0x1C, 0x03, 0x40, 0x2C, 0x07, 0x00, 0x38, 0x0B, 0x00, 0x34, 0x0E, 0x00, 0x70, 0x0D,
    0x00, 0xB0, 0x1C, 0x00, 0xB0, 0x1C, 0x00, 0xE0, 0x2C, 0x00, 0xD0, 0x38, 0x01, 0xC0, 0x39, 0x56,
    0xD0, 0x7F, 0xFF, 0xF4, 0x00, 0x00, 0x70, 0x00, 0x00, 0xB0, 0x00, 0x00, 0x50, 0x1C, 0x00, 0xD2,
    0xC0, 0x1C, 0x38, 0x02, 0xC3, 0x40, 0x38, 0x34, 0x03, 0x83, 0x80, 0x34, 0x1F, 0xFF, 0x00, 0x19,
    0xB0, 0x00, 0x0E, 0x00, 0x00, 0xD0, 0x00, 0x0D, 0x00, 0x01, 0xC0, 0x03, 0x40, 0x70, 0x0B, 0x03,
    0x40, 0xB0, 0x0E, 0x07, 0x00, 0xA0, 0x0D, 0x0B, 0x00, 0xE0, 0x1C, 0x0E, 0x00, 0xD0, 0x1C, 0x0D,
    0x01, 0xC0, 0x2C, 0x1C, 0x02, 0xC0, 0x38, 0x1C, 0x03, 0x80, 0x34, 0x2C, 0x03, 0x40, 0x70, 0x38,
    0x03, 0x40, 0xB0, 0x39, 0x5B, 0x55, 0xE0, 0x7F, 0xFF, 0xFF, 0xE0, 0x03, 0x40, 0x70, 0x0B, 0x03,
    0x40, 0xB0, 0x0E, 0x07, 0x00, 0xB0, 0x0D, 0x0B, 0x00, 0xE0, 0x1C, 0x0E, 0x00, 0xD0, 0x1C, 0x0D,
    0x01, 0xC0, 0x2C, 0x1C, 0x02, 0xC0, 0x38, 0x1C, 0x03, 0x80, 0x34, 0x2C, 0x03, 0x40, 0x70, 0x38,
    0x03, 0x40, 0xB0, 0x39, 0x5B, 0x55, 0xF4, 0x7F, 0xFF, 0xFF, 0xFC, 0x00, 0x00, 0x00, 0x1C, 0x00,
    0x00, 0x00, 0x28, 0x00, 0x00, 0x00, 0x24, 0x3F, 0xC0, 0x05, 0xF0, 0x00, 0x38, 0x00, 0x0D, 0x00,
    0x07, 0x40, 0x02, 0xFF, 0x80, 0xE0, 0xB4, 0x34, 0x0E, 0x0D, 0x03, 0x87, 0x00, 0xD2, 0xD5, 0xF0,
    0xFF, 0xE0, 0x03, 0x40, 0x01, 0xC0, 0x34, 0x00, 0x2C, 0x07, 0x00, 0x02, 0xC0, 0xB0, 0x00, 0x38,
    0x0E, 0x00, 0x03, 0x40, 0xFF, 0xC0, 0x70, 0x1C, 0x0F, 0x0B, 0x01, 0xC0, 0x70, 0xE0, 0x2C, 0x07,
    0x0E, 0x03, 0x80, 0xF0, 0xD0, 0x39, 0x6D, 0x1C, 0x07, 0xFE, 0x02, 0xC0, 0x03, 0x40, 0x00, 0xD0,
    0x00, 0x70, 0x00, 0x2C, 0x00, 0x0E, 0x00, 0x03, 0xFF, 0x41, 0xC0, 0xF0, 0x70, 0x1C, 0x2C, 0x07,
    0x0E, 0x02, 0xC3, 0x96, 0xD1, 0xFF, 0x90, 0x00, 0x00, 0x00, 0xBF, 0xD0, 0x09, 0x1B, 0x80, 0x00,
    0x2C, 0x00, 0x01, 0xD0, 0x00, 0x0D, 0x03, 0xFF, 0xD0, 0x2A, 0xBC, 0x00, 0x02, 0xC0, 0x00, 0x38,
    0x00, 0x0F, 0x05, 0x07, 0xD0, 0xBF, 0xE0, 0x00, 0x00, 0x00, 0x00, 0x00, 0x00, 0x00, 0x03, 0x40,
    0x7F, 0xD0, 0x03, 0x42, 0xE5, 0xB4, 0x07, 0x07, 0x40, 0x3C, 0x0B, 0x0F, 0x00, 0x1C, 0x0E, 0x0D,
    0x00, 0x1C, 0x0F, 0xFC, 0x00, 0x1C, 0x1E, 0x7C, 0x00, 0x2C, 0x1C, 0x2C, 0x00, 0x3C, 0x2C, 0x2C,
    0x00, 0x34, 0x38, 0x1D, 0x00, 0xF0, 0x34, 0x0F, 0x47, 0xC0, 0x70, 0x02, 0xFE, 0x00, 0x00, 0x00,
    0x00, 0x00, 0x00, 0x2F, 0xF8, 0x03, 0xD5, 0xD0, 0x2C, 0x07, 0x00, 0xE0, 0x2C, 0x03, 0x80, 0xA0,
    0x0B, 0x83, 0x80, 0x0B, 0xFD, 0x00, 0x38, 0x70, 0x03, 0xC2, 0xC0, 0x2C, 0x0E, 0x01, 0xD0, 0x34,
    0x0E, 0x00, 0xD0, 0x00, 0x00, 0x00, 0x2F, 0x8C, 0x0F, 0x4F, 0x81, 0xC0, 0x78, 0x38, 0x03, 0x43,
    0x40, 0x70, 0x70, 0x0B, 0x07, 0x01, 0xE0, 0x38, 0x7D, 0x02, 0xFC, 0xD0, 0x00, 0x00, 0x00, 0x00,
    0x05, 0x80, 0x0B, 0xF8, 0x03, 0xD0, 0x00, 0xB0, 0x00, 0x0D, 0x64, 0x01, 0xEE, 0xF0, 0x2D, 0x03,
    0x43, 0xC0, 0x38, 0x34, 0x03, 0x43, 0x40, 0x74, 0x34, 0x0B, 0x02, 0xC2, 0xD0, 0x0F, 0xF4, 0x00,
    0x00, 0x00, 0x00, 0x00, 0x00, 0xBF, 0x40, 0xF4, 0xB0, 0xB0, 0x1C, 0x38, 0x1E, 0x0F, 0xFD, 0x07,
    0x41, 0xD1, 0xD0, 0x38, 0x3C, 0x1D, 0x03, 0xFD, 0x00, 0x00, 0x00, 0x00, 0x00, 0x0F, 0xF4, 0x08,
    0x2C, 0x00, 0x1C, 0x00, 0xB8, 0x0B, 0x90, 0x38, 0x00, 0xB0, 0x00, 0xB4, 0x20, 0x2F, 0xF0, 0x00,
    0x00, 0x02, 0xF8, 0x00, 0x97, 0xC0, 0x00, 0x38, 0x00, 0x0B, 0x01, 0x92, 0xC2, 0xEB, 0xB1, 0xD0,
    0x7C, 0xE0, 0x0E, 0x34, 0x03, 0x5C, 0x01, 0xC3, 0x40, 0xE0, 0xE0, 0xB0, 0x1F, 0xF0, 0x00, 0x00,
    0x00, 0x00, 0x00, 0x02, 0xFC, 0x0F, 0x4E, 0x1C, 0x0E, 0x38, 0x6C, 0x3F, 0xE0, 0x74, 0x00, 0x34,
    0x00, 0x3C, 0x14, 0x0F, 0xF4, 0x00, 0x00, 0x00, 0x00, 0x00, 0x00, 0x0B, 0xC0, 0xB0, 0x3E, 0x00,
    0xF0, 0xA0, 0xE0, 0x00, 0x70, 0xD2, 0xC0, 0x00, 0x70, 0xD3, 0x40, 0x00, 0x7F, 0xFF, 0x00, 0x00,
    0xB2, 0xCB, 0x00, 0x00, 0xD3, 0x87, 0x00, 0x03, 0xC3, 0x43, 0x40, 0x3F, 0x03, 0x02, 0xF0, 0x00,
    0x00, 0x00, 0x00, 0x00, 0x00, 0x7F, 0xC0, 0x47, 0x80, 0x0B, 0x00, 0x74, 0x3F, 0x40, 0x0B, 0x00,
    0x0D, 0x40, 0xB3, 0xFF, 0x00, 0x00, 0x00, 0x0E, 0x01, 0xC0, 0xD0, 0x2C, 0x1C, 0x03, 0x82, 0xC0,
    0x34, 0x38, 0x07, 0x03, 0x80, 0xB0, 0x34, 0x0E, 0x03, 0x87, 0xE0, 0x2F, 0xCD, 0x00, 0x00, 0x00,
    0x00, 0x40, 0x40, 0x1C, 0x34, 0x00, 0xBD, 0x00, 0x00, 0x00, 0x0E, 0x01, 0xC0, 0xD0, 0x2C, 0x1C,
    0x03, 0x82, 0xC0, 0x34, 0x38, 0x07, 0x03, 0x80, 0xB0, 0x34, 0x0E, 0x03, 0x87, 0xE0, 0x2F, 0xCD,
    0x00, 0x00, 0x00, 0x0E, 0x03, 0x83, 0x43, 0x80, 0xC3, 0xC0, 0x72, 0xC0, 0x2F, 0xD0, 0x0E, 0x38,
    0x03, 0x47, 0x01, 0xC0, 0xE0, 0x70, 0x2C, 0x00, 0x00, 0xBF, 0xF0, 0x03, 0x97, 0x80, 0x1C, 0x0E,
    0x00, 0xB0, 0x34, 0x03, 0x81, 0xC0, 0x0D, 0x0B, 0x00, 0x70, 0x38, 0x07, 0x80, 0xD0, 0xB8, 0x03,
    0x40, 0x00, 0x00, 0x00, 0x0F, 0x40, 0x1F, 0x03, 0xE0, 0x0F, 0x80, 0xE8, 0x0A, 0xE0, 0x77, 0x03,
    0x74, 0x28, 0xC3, 0x9C, 0x0D, 0x31, 0xCB, 0x03, 0x4E, 0xD2, 0x81, 0xC2, 0xE0, 0xD0, 0x70, 0x70,
    0x34, 0x00, 0x0E, 0x01, 0xC0, 0xD0, 0x2C, 0x0D, 0x03, 0x81, 0xD0, 0x74, 0x2F, 0xFF, 0x03, 0x80,
    0x70, 0x34, 0x0B, 0x07, 0x00, 0xE0, 0xB0, 0x0D, 0x00, 0x00, 0x00, 0x00, 0xBF, 0x40, 0xF4, 0xB0,
    0xB0, 0x0D, 0x38, 0x03, 0x8D, 0x00, 0xD3, 0x00, 0x70, 0xD0, 0x2C, 0x3C, 0x2D, 0x03, 0xFD, 0x00,
    0x00, 0x00, 0x00, 0x00, 0x03, 0x5F, 0xC0, 0xF9, 0x74, 0x3C, 0x0E, 0x1C, 0x03, 0x4B, 0x01, 0xC3,
    0x80, 0xB0, 0xD0, 0x38, 0x70, 0x0E, 0x2C, 0x03, 0x40, 0x00, 0x00, 0x00, 0x35, 0xFC, 0x03, 0xE1,
    0xE0, 0x3C, 0x0B, 0x07, 0x40, 0xB0, 0xB0, 0x0E, 0x0F, 0x00, 0xD0, 0xF0, 0x2C, 0x1F, 0x47, 0x42,
    0xDF, 0xD0, 0x28, 0x00, 0x03, 0x80, 0x00, 0x34, 0x00, 0x07, 0x00, 0x00, 0x00, 0x00, 0x02, 0xFD,
    0x0F, 0x44, 0x1C, 0x00, 0x38, 0x00, 0x34, 0x00, 0x70, 0x00, 0x34, 0x00, 0x3C, 0x10, 0x0F, 0xF0,
    0x00, 0x00, 0x00, 0x00, 0x00, 0x00, 0xD7, 0xE1, 0xFC, 0x0F, 0x87, 0xA1, 0xD0, 0xE0, 0x3C, 0x0E,
    0x1C, 0x07, 0x40, 0xD2, 0xC0, 0x70, 0x1C, 0x38, 0x0B, 0x02, 0xC3, 0x40, 0xE0, 0x2C, 0x70, 0x0D,
    0x03, 0x8B, 0x01, 0xC0, 0x34, 0x03, 0x40, 0x34, 0x0E, 0x02, 0xC0, 0x28, 0x0D, 0x00, 0xB0, 0xB0,
    0x01, 0xC3, 0x40, 0x03, 0x2C, 0x00, 0x0D, 0xC0, 0x00, 0x3E, 0x00, 0x00, 0xF0, 0x00, 0x03, 0x80,
    0x00, 0x2C, 0x00, 0x06, 0xD0, 0x00, 0x7D, 0x00, 0x00, 0x00, 0x06, 0x00, 0x00, 0x2C, 0x00, 0x00,
    0xE0, 0x00, 0x03, 0x40, 0x01, 0xFF, 0x80, 0x3D, 0xB7, 0x82, 0xC2, 0x87, 0x0E, 0x0E, 0x0D, 0x34,
    0x34, 0x35, 0xC1, 0xC1, 0xC3, 0x4B, 0x0F, 0x0B, 0x79, 0xF0, 0x0B, 0xFE, 0x00, 0x03, 0x40, 0x00,
    0x1C, 0x00, 0x00, 0xB0, 0x00, 0x03, 0x80, 0x00, 0x0A, 0x03, 0xC0, 0x70, 0xB0, 0x03, 0x9C, 0x00,
    0x1F, 0x40, 0x00, 0xE0, 0x00, 0x3F, 0x00, 0x0B, 0x34, 0x02, 0xC2, 0xC0, 0x70, 0x0D, 0x00, 0x0E,
    0x01, 0xC0, 0xD0, 0x2C, 0x1C, 0x03, 0x82, 0xC0, 0x34, 0x38, 0x07, 0x03, 0x80, 0xB0, 0x34, 0x0E,
    0x03, 0x87, 0xE0, 0x2F, 0xCB, 0xC0, 0x00, 0x38, 0x00, 0x03, 0x40, 0x00, 0x10, 0x34, 0x0A, 0x70,
    0x0E, 0xB0, 0x1D, 0xB0, 0x3C, 0xB5, 0xFC, 0x2F, 0x78, 0x00, 0x38, 0x00, 0x34, 0x00, 0x70, 0x0E,
    0x02, 0x80, 0x70, 0x34, 0x0E, 0x02, 0x81, 0xC0, 0x34, 0x0E, 0x0B, 0x01, 0xC0, 0x34, 0x2C, 0x0B,
    0x01, 0xC0, 0xE0, 0x38, 0x0B, 0x03, 0x41, 0xE0, 0x38, 0x0E, 0x1F, 0xC7, 0xD0, 0x2F, 0xC7, 0xF3,
    0x40, 0x00, 0x00, 0x00, 0x00, 0x0E, 0x02, 0x80, 0x70, 0x34, 0x0E, 0x02, 0x81, 0xC0, 0x34, 0x0E,
    0x0B, 0x01, 0xC0, 0x34, 0x2C, 0x0B, 0x01, 0xC0, 0xE0, 0x38, 0x0B, 0x03, 0x41, 0xE0, 0x38, 0x0E,
    0x1F, 0xC7, 0xE0, 0x2F, 0xC7, 0xF2, 0xF0, 0x00, 0x00, 0x03, 0x80, 0x00, 0x00, 0x0D, 0x00, 0x00,
    0x00, 0x10, 0x3F, 0xC0, 0x01, 0x7C, 0x00, 0x03, 0x80, 0x00, 0x3A, 0x90, 0x07, 0xAB, 0x80, 0x70,
    0x2C, 0x0B, 0x01, 0xC0, 0x74, 0x38, 0x02, 0xFE, 0x00, 0x00, 0x00, 0x0E, 0x00, 0x0A, 0x0D, 0x00,
    0x0E, 0x0C, 0x00, 0x0D, 0x1E, 0xA0, 0x1C, 0x2E, 0xBC, 0x2C, 0x38, 0x0E, 0x38, 0x38, 0x0E, 0x34,
    0x2C, 0x2C, 0x30, 0x0F, 0xF4, 0x70, 0x00, 0x00, 0x00, 0x0E, 0x00, 0x0D, 0x00, 0x1C, 0x00, 0x2E,
    0xA0, 0x2E, 0xBD, 0x38, 0x0E, 0x38, 0x0E, 0x3C, 0x1C, 0x0F, 0xF4, 0x00, 0x00, 0x00, 0x00, 0x1F,
    0xE0, 0x04, 0x78, 0x00, 0x2C, 0x00, 0x2C, 0x0F, 0xFC, 0x00, 0x2C, 0x00, 0x38, 0x40, 0xF0, 0x7F,
    0xC0, 0x00, 0x00, 0x00, 0x00, 0x00, 0x02, 0x80, 0xBF, 0x00, 0xE0, 0xF0, 0xF0, 0x34, 0xB0, 0x1C,
    0x1D, 0x38, 0x07, 0x0B, 0xFD, 0x01, 0xC3, 0x87, 0x00, 0xB0, 0xD0, 0xD0, 0x38, 0x34, 0x38, 0x2C,
    0x1C, 0x03, 0xFC, 0x00, 0x00, 0x00, 0x00, 0x01, 0xFF, 0xC0, 0x79, 0x7C, 0x0E, 0x03, 0x80, 0xE0,
    0x34, 0x07, 0xEF, 0x00, 0x2E, 0xF0, 0x07, 0x4B, 0x01, 0xD0, 0xE0, 0x38, 0x0D, 0x00, 0x00, 0x90,
    0x00, 0x70, 0x00, 0x24, 0x00, 0x00, 0x02, 0xFC, 0x0F, 0x4E, 0x1C, 0x0E, 0x38, 0x6C, 0x3F, 0xE0,
    0x74, 0x00, 0x34, 0x00, 0x3C, 0x14, 0x0F, 0xF4, 0x00, 0x00, 0x00, 0x00, 0x00, 0x71, 0xC0, 0x14,
    0x50, 0x00, 0x00, 0x02, 0xFC, 0x03, 0xD3, 0x81, 0xC0, 0xE0, 0xE1, 0xB0, 0x3F, 0xE0, 0x1D, 0x00,
    0x03, 0x40, 0x00, 0xF0, 0x50, 0x0F, 0xF4, 0x00, 0x00, 0x00, 0x02, 0x40, 0x00, 0xD0, 0x02, 0xFF,
    0xC0, 0x2C, 0x00, 0x0A, 0x2E, 0x03, 0xBA, 0xD0, 0xF0, 0x38, 0x74, 0x0E, 0x2C, 0x03, 0x4E, 0x01,
    0xC3, 0x40, 0xB0, 0xD0, 0x38, 0x70, 0x0D, 0x00, 0x03, 0x40, 0x01, 0xC0, 0x05, 0xE0, 0x02, 0xF0,
    0x00, 0x00, 0x1C, 0x00, 0x34, 0x00, 0x90, 0x00, 0x00, 0x0F, 0xF4, 0x08, 0x2C, 0x00, 0x1C, 0x00,
    0xB8, 0x0B, 0x90, 0x38, 0x00, 0xB0, 0x00, 0xB4, 0x20, 0x2F, 0xF0, 0x00, 0x00, 0x00, 0x00, 0x02,
    0xFD, 0x0F, 0x44, 0x2C, 0x00, 0x38, 0x00, 0x3F, 0xF0, 0x74, 0x00, 0x34, 0x00, 0x3C, 0x10, 0x0F,
    0xF4, 0x00, 0x00, 0x00, 0x00, 0x2F, 0xE2, 0xD1, 0x4E, 0x00, 0x2D, 0x00, 0x2F, 0x00, 0x0F, 0x00,
    0x1C, 0x40, 0xF2, 0xFF, 0x00, 0x00, 0x00, 0x00, 0x00, 0xD0, 0x20, 0x00, 0x0A, 0x03, 0x80, 0xD0,
    0x70, 0x2C, 0x0E, 0x03, 0x40, 0xD0, 0x70, 0x00, 0x00, 0x00, 0xDC, 0x08, 0x80, 0x00, 0x0E, 0x00,
    0xD0, 0x0C, 0x01, 0xC0, 0x2C, 0x03, 0x80, 0x34, 0x07, 0x00, 0xB0, 0x00, 0x00, 0x00, 0x00, 0x0D,
    0x00, 0x08, 0x00, 0x00, 0x00, 0x38, 0x00, 0x34, 0x00, 0x30, 0x00, 0x70, 0x00, 0xB0, 0x00, 0xE0,
    0x00, 0xD0, 0x01, 0xC0, 0x01, 0xC0, 0x02, 0x80, 0x03, 0x80, 0x1B, 0x00, 0x3D, 0x00, 0x00, 0xBF,
    0xE0, 0x00, 0x0E, 0x5E, 0x00, 0x01, 0xC0, 0xD0, 0x00, 0x2C, 0x1E, 0xA0, 0x03, 0x82, 0xEB, 0xD0,
    0x34, 0x2C, 0x0E, 0x07, 0x03, 0x80, 0xE1, 0xE0, 0x2C, 0x1D, 0xB8, 0x00, 0xFF, 0x40, 0x00, 0x00,
    0x00, 0x0E, 0x02, 0x80, 0x03, 0x40, 0xD0, 0x00, 0xC0, 0x34, 0x00, 0x75, 0x6D, 0x50, 0x2F, 0xFF,
    0xFF, 0x0E, 0x03, 0x80, 0xD3, 0x40, 0xE0, 0x35, 0xC0, 0x2C, 0x2C, 0xB0, 0x03, 0xFD, 0x00, 0x00,
    0x00, 0x00, 0x02, 0x40, 0x00, 0xD0, 0x02, 0xFF, 0xC0, 0x1C, 0x00, 0x0A, 0x7E, 0x03, 0xB5, 0xE0,
    0xF0, 0x38, 0x74, 0x0E, 0x2C, 0x03, 0x4E, 0x01, 0xC3, 0x40, 0xB0, 0xC0, 0x38, 0x70, 0x0D, 0x00,
    0x00, 0x03, 0x40, 0x03, 0x80, 0x02, 0x40, 0x00, 0x00, 0x0E, 0x03, 0x83, 0x43, 0x80, 0xC3, 0xC0,
    0x72, 0xC0, 0x2F, 0xD0, 0x0E, 0x38, 0x03, 0x47, 0x01, 0xC0, 0xE0, 0x70, 0x2C, 0x00, 0x00, 0x60,
    0x00, 0x03, 0x40, 0x00, 0x0C, 0x00, 0x00, 0x00, 0x0E, 0x01, 0xC0, 0xD0, 0x2C, 0x1C, 0x03, 0x82,
    0xC0, 0x34, 0x38, 0x07, 0x03, 0x80, 0xB0, 0x34, 0x0E, 0x03, 0x87, 0xE0, 0x2F, 0xCD, 0x00, 0x00,
    0x00, 0x00, 0x10, 0x10, 0x00, 0xD3, 0x80, 0x01, 0xF8, 0x00, 0x00, 0x00, 0x03, 0x40, 0x34, 0x0E,
    0x02, 0xC0, 0x28, 0x0D, 0x00, 0xB0, 0xB0, 0x01, 0xC3, 0x40, 0x03, 0x2C, 0x00, 0x0D, 0xC0, 0x00,
    0x3E, 0x00, 0x00, 0xF0, 0x00, 0x03, 0x80, 0x00, 0x2C, 0x00, 0x06, 0xD0, 0x00, 0x7D, 0x00, 0x00,
    0x0E, 0x01, 0xC0, 0xD0, 0x2C, 0x1C, 0x03, 0x82, 0xC0, 0x34, 0x38, 0x07, 0x03, 0x80, 0xB0, 0x34,
    0x0E, 0x03, 0x87, 0xE0, 0x2F, 0xCD, 0x00, 0x10, 0x00, 0x03, 0x40, 0x00, 0x30, 0x00, 0x01, 0x00,
    0x00, 0x34, 0x02, 0x80, 0x0D, 0x34, 0x03, 0x80, 0x1C, 0x74, 0x03, 0x80, 0x2C, 0x74, 0x03, 0x80,
    0x34, 0x74, 0x0B, 0x80, 0x70, 0x74, 0x0F, 0x80, 0xE0, 0x34, 0x3B, 0x80, 0xD0, 0x34, 0x73, 0xC2,
    0xC0, 0x38, 0xD2, 0xC7, 0x00, 0x2D, 0xC1, 0xCE, 0x00, 0x1F, 0x40, 0xFC, 0x00, 0x0E, 0x00, 0xF0,
    0x00, 0x00, 0x00, 0x00, 0x00, 0xA0, 0x2C, 0x03, 0x78, 0x0B, 0x01, 0xCE, 0x02, 0x80, 0xB3, 0x80,
    0xE0, 0x34, 0xE0, 0x7C, 0x2C, 0x2C, 0x3B, 0x0D, 0x07, 0x35, 0xCA, 0x00, 0xF8, 0x3B, 0x00, 0x3C,
    0x0F, 0x00, 0x00, 0x07, 0x00, 0x0B, 0x00, 0xBF, 0xFC, 0x0E, 0x00, 0x0D, 0x00, 0x1F, 0xF4, 0x2D,
    0x6D, 0x38, 0x0F, 0x34, 0x0B, 0x34, 0x0E, 0x75, 0xBC, 0xBF, 0xE0, 0x00, 0x00, 0x00, 0x03, 0x9F,
    0xC0, 0x00, 0xFD, 0x78, 0x00, 0x3C, 0x0E, 0x00, 0x1D, 0x03, 0x80, 0x0B, 0x00, 0xFF, 0xD3, 0x80,
    0x70, 0x3C, 0xE0, 0x1C, 0x0B, 0x74, 0x07, 0x47, 0x9C, 0x00, 0xBF, 0x80, 0x00, 0x00, 0x00, 0x00,
    0x00, 0x00, 0x00, 0x03, 0x80, 0x1F, 0xF8, 0x03, 0x40, 0xB9, 0x58, 0x07, 0x02, 0xD0, 0x00, 0x0B,
    0x03, 0x40, 0x00, 0x0B, 0x0B, 0x00, 0x00, 0x0F, 0xFF, 0xFF, 0x80, 0x0E, 0x6E, 0x55, 0x00, 0x1C,
    0x0D, 0x00, 0x00, 0x2C, 0x0D, 0x00, 0x00, 0x38, 0x0F, 0x00, 0x00, 0x34, 0x07, 0x91, 0x40, 0x34,
    0x01, 0xFF, 0xC0, 0x00, 0x00, 0x00, 0x00, 0x00, 0x00, 0x00, 0x0A, 0x02, 0xFD, 0x0E, 0x0F, 0x44,
    0x0D, 0x1C, 0x00, 0x1D, 0x3C, 0x00, 0x2F, 0xFF, 0xF0, 0x38, 0x34, 0x00, 0x34, 0x34, 0x00, 0x34,
    0x3C, 0x10, 0x70, 0x0F, 0xF4, 0x00, 0x00, 0x00, 0x00, 0x03, 0x40, 0x00, 0x3E, 0x00, 0x01, 0xE8,
    0x00, 0x0D, 0x70, 0x00, 0xB1, 0xC0, 0x03, 0xFF, 0x00, 0x2E, 0xDD, 0x01, 0xC7, 0x38, 0x0E, 0x28,
    0xB0, 0x70, 0xD2, 0xC3, 0x43, 0x07, 0x2C, 0x1C, 0x0D, 0x00, 0x3D, 0x00, 0x1F, 0x80, 0x0D, 0xA0,
    0x0B, 0x2C, 0x03, 0xFF, 0x02, 0x9C, 0xC1, 0xCA, 0x34, 0xE3, 0x8E, 0x70, 0xD2, 0x80, 0x03, 0x80,
    0x0D, 0x00, 0x34, 0x03, 0xE0, 0x07, 0x00, 0x7B, 0x00, 0xB0, 0x0E, 0x70, 0x0B, 0x02, 0xC7, 0x00,
    0xFF, 0xFF, 0xF4, 0x0E, 0x5F, 0xB7, 0x41, 0xC1, 0xC7, 0x38, 0x2C, 0x38, 0xA2, 0xC3, 0x87, 0x0D,
    0x2C, 0x34, 0xD0, 0xD1, 0xC3, 0x6C, 0x1C, 0x0D, 0x0A, 0x01, 0xE0, 0x0E, 0x03, 0xB0, 0x0D, 0x0A,
    0x70, 0x1D, 0x1D, 0x70, 0x2F, 0xFF, 0xF4, 0x38, 0x73, 0x78, 0x34, 0xD7, 0x28, 0x36, 0xCB, 0x2C,
    0x77, 0x4A, 0x1C, 0x00, 0xFF, 0xFF, 0x40, 0x39, 0x57, 0xC0, 0x0B, 0x02, 0xC0, 0x00, 0xD2, 0xC0,
    0x00, 0x2D, 0xC0, 0x00, 0x2F, 0xF8, 0x00, 0x3D, 0xE7, 0x40, 0x2C, 0x34, 0xE0, 0x0E, 0x1C, 0x2C,
    0x0B, 0x0B, 0x0B, 0x03, 0x83, 0x82, 0xC1, 0xC0, 0xE0, 0x70, 0x03, 0xFF, 0xF8, 0x0B, 0x57, 0xC0,
    0x0D, 0x2C, 0x00, 0x2E, 0xC0, 0x03, 0xFF, 0xC0, 0x38, 0xD3, 0x42, 0xC3, 0x0E, 0x0D, 0x1C, 0x28,
    0xB0, 0xB0, 0xB0, 0x03, 0x83, 0xFF, 0xFE, 0x03, 0x43, 0xD5, 0x7C, 0x07, 0x02, 0xC0, 0x74, 0x0B,
    0x00, 0xE1, 0xD0, 0x0B, 0x00, 0x77, 0x40, 0x0F, 0xFF, 0xFF, 0x80, 0x0E, 0x5F, 0x7D, 0xE0, 0x1C,
    0x1C, 0x38, 0xB0, 0x2C, 0x38, 0x34, 0x70, 0x38, 0x70, 0x70, 0x70, 0x34, 0xF0, 0xB0, 0x70, 0x35,
    0xD0, 0xE0, 0x70, 0x0A, 0x1F, 0xFF, 0xC0, 0xE0, 0xD5, 0xB4, 0x0D, 0x0A, 0x1D, 0x01, 0xD0, 0x7B,
    0x40, 0x2F, 0xFF, 0xFD, 0x03, 0x87, 0x2C, 0xB0, 0x34, 0xD2, 0x87, 0x03, 0x6C, 0x34, 0x70, 0x73,
    0x43, 0x03, 0x40, 0x00, 0x00, 0x00, 0x03, 0x5E, 0x00, 0x1F, 0x00, 0x1B, 0xF8, 0x03, 0x91, 0xE0,
    0x00, 0x0E, 0x00, 0x00, 0xE0, 0x00, 0x2C, 0x02, 0xFE, 0x00, 0x16, 0xF0, 0x00, 0x03, 0xC0, 0x00,
    0x2C, 0x00, 0x03, 0xC0, 0x01, 0xF4, 0x1F, 0xFD, 0x07, 0x90, 0x00, 0xB0, 0x00, 0x03, 0xFF, 0xD0,
    0x00, 0x04, 0x00, 0x00, 0x00, 0x00, 0x71, 0xD0, 0x0B, 0xC0, 0x0F, 0xF4, 0x02, 0x0B, 0x00, 0x01,
    0xC0, 0x05, 0xE0, 0x0B, 0xE0, 0x00, 0x0D, 0x00, 0x03, 0x80, 0x02, 0xC0, 0x7F, 0x80, 0xB4, 0x00,
    0x2D, 0x54, 0x03, 0xFF, 0x80, 0x00, 0x00, 0x0D, 0x07, 0x03, 0x87, 0x42, 0xC0, 0xD1, 0xC0, 0xE0,
    0x70, 0xB0, 0x34, 0x2C, 0x38, 0x1C, 0x0B, 0x0E, 0x0B, 0x03, 0x43, 0xC2, 0xC2, 0xC0, 0x7D, 0xFB,
    0xC0, 0x06, 0xFE, 0x40, 0x00, 0x1C, 0x00, 0x00, 0x0B, 0x00, 0x00, 0x03, 0x80, 0x00, 0x00, 0x02,
    0x00, 0x00, 0x07, 0x00, 0x00, 0x0B, 0x00, 0x00, 0x0A, 0x00, 0x0E, 0x0D, 0x1C, 0x0D, 0x0D, 0x1C,
    0x1C, 0x1C, 0x1C, 0x1C, 0x2C, 0x2C, 0x2C, 0x38, 0x38, 0x38, 0x34, 0x34, 0x38, 0x30, 0xB0, 0x2D,
    0x72, 0xC0, 0x0B, 0xFE, 0x00, 0x00, 0xE0, 0x00, 0x00, 0xD0, 0x00, 0x01, 0xC0, 0x00, 0x01, 0xC0,
    0x00, 0x00, 0x00, 0x00, 0x07, 0xFE, 0x00, 0xB9, 0x6E, 0x07, 0x40, 0x2C, 0x38, 0x00, 0x35, 0xD0,
    0x00, 0xDB, 0xAA, 0xAB, 0x6E, 0xAA, 0xAD, 0xF0, 0x00, 0xB2, 0xC0, 0x03, 0xC7, 0x00, 0x2D, 0x0F,
    0x46, 0xD0, 0x0B, 0xFD, 0x00, 0x00, 0x00, 0x00, 0x00, 0x00, 0x00, 0xBF, 0x40, 0xF4, 0xB0, 0x70,
    0x0E, 0x3C, 0x03, 0x8F, 0xFF, 0xE3, 0x40, 0x34, 0xD0, 0x2C, 0x3C, 0x2D, 0x03, 0xFD, 0x00, 0x00,
    0x00, 0x70, 0x00, 0xF5, 0xC0, 0x0E, 0x03, 0x00, 0xB0, 0x0D, 0x03, 0x80, 0x34, 0x1C, 0x00, 0xE0,
    0xE0, 0x03, 0x87, 0x00, 0x0A, 0x38, 0x00, 0x2D, 0xC0, 0x00, 0x7E, 0x00, 0x01, 0xF0, 0x00, 0x03,
    0x80, 0x00, 0x34, 0x07, 0x8D, 0x03, 0x43, 0x82, 0xC0, 0xE0, 0xD0, 0x28, 0xB0, 0x0B, 0x34, 0x01,
    0xDC, 0x00, 0x7D, 0x00, 0x0F, 0x00, 0x00, 0x28, 0xA0, 0x00, 0x35, 0xC0, 0x00, 0x61, 0x80, 0x00,
    0x00, 0x00, 0x70, 0x00, 0xF5, 0xC0, 0x0E, 0x03, 0x00, 0xB0, 0x0D, 0x03, 0x80, 0x34, 0x1C, 0x00,
    0xE0, 0xE0, 0x03, 0x87, 0x00, 0x0A, 0x38, 0x00, 0x2D, 0xC0, 0x00, 0x7E, 0x00, 0x01, 0xF0, 0x00,
    0x03, 0x80, 0x00, 0x35, 0xC0, 0x0B, 0x38, 0x00, 0x93, 0x00, 0x00, 0x00, 0x34, 0x07, 0x8D, 0x03,
    0x43, 0x82, 0xC0, 0xE0, 0xD0, 0x28, 0xB0, 0x0B, 0x34, 0x01, 0xDC, 0x00, 0x7D, 0x00, 0x0F, 0x00,
    0x00, 0x00, 0x00, 0x00, 0x00, 0x00, 0x01, 0xFF, 0x80, 0x00, 0x00, 0x0B, 0x96, 0xE0, 0x00, 0x00,
    0x1D, 0x00, 0xB0, 0x00, 0x00, 0x38, 0x00, 0x34, 0xD0, 0x0D, 0x74, 0x00, 0x34, 0xD0, 0x2C, 0xB0,
    0x00, 0x34, 0xE0, 0x74, 0xB0, 0x00, 0x74, 0xA0, 0xE0, 0xF0, 0x00, 0xB0, 0xB1, 0xC0, 0xB0, 0x00,
    0xF0, 0x73, 0x80, 0x74, 0x02, 0xD0, 0x37, 0x00, 0x3D, 0x1B, 0x40, 0x3E, 0x00, 0x0B, 0xFD, 0x00,
    0x3C, 0x00, 0x00, 0x00, 0x00, 0x34, 0x00, 0x00, 0x00, 0x00, 0xB0, 0x00, 0x00, 0x00, 0x02, 0xD0,
    0x00, 0x00, 0x00, 0x1F, 0x40, 0x00, 0x00, 0x00, 0x00, 0x00, 0x00, 0x2F, 0xD0, 0xA0, 0x0E, 0x0F,
    0x4B, 0x0B, 0x01, 0xC1, 0xC0, 0x38, 0x70, 0x38, 0x38, 0x03, 0x87, 0x07, 0x03, 0x40, 0x38, 0x30,
    0xE0, 0x34, 0x03, 0x43, 0x5C, 0x03, 0x40, 0xB0, 0x37, 0x40, 0x3C, 0x2D, 0x02, 0xF0, 0x00, 0xFF,
    0x40, 0x2D, 0x00, 0x00, 0x00, 0x02, 0xC0, 0x00, 0x00, 0x00, 0x34, 0x00, 0x00, 0x00, 0x1E, 0x00,
    0x00, 0x00, 0x0F, 0x80, 0x00, 0x00, 0x0D, 0x00, 0x07, 0xFE, 0x00, 0xBA, 0xEF, 0x07, 0x40, 0x1D,
    0x38, 0x00, 0x39, 0xD0, 0x00, 0xFB, 0x00, 0x03, 0xFC, 0x00, 0x0E, 0xF0, 0x00, 0x36, 0xC0, 0x02,
    0xC7, 0x40, 0x1E, 0x0F, 0xBA, 0xF0, 0x0B, 0xFE, 0x00, 0x07, 0x40, 0x00, 0x00, 0x00, 0x00, 0x00,
    0x34, 0x00, 0xBF, 0x80, 0xFB, 0x74, 0x70, 0x0B, 0x38, 0x02, 0xCD, 0x00, 0xB3, 0x40, 0x38, 0xD0,
    0x1C, 0x3D, 0x9E, 0x03, 0xFE, 0x00, 0x1C, 0x00, 0x00, 0x00, 0x00, 0x00, 0x00, 0x0F, 0xE4, 0x00,
    0x00, 0x95, 0xB0, 0x00, 0x00, 0x2C, 0x00, 0x00, 0x00, 0x90, 0x00, 0x00, 0x00, 0x00, 0x00, 0x2F,
    0xD2, 0xFD, 0x02, 0xE6, 0x05, 0x7C, 0x1D, 0x00, 0x00, 0x74, 0xF0, 0x00, 0x00, 0xD7, 0x40, 0x00,
    0x03, 0x6C, 0x00, 0x00, 0x0D, 0xB0, 0x01, 0x00, 0x73, 0xC0, 0x3C, 0x03, 0xCF, 0x00, 0xE0, 0x0D,
    0x2C, 0x03, 0x40, 0xF0, 0x78, 0x7E, 0x0B, 0x00, 0x7F, 0x9F, 0xF0, 0x00, 0x00, 0x00, 0x00, 0x00,
    0x00, 0x06, 0x80, 0x00, 0x03, 0x6F, 0x40, 0x00, 0x1C, 0x00, 0x00, 0x03, 0x00, 0x00, 0x02, 0x40,
    0x00, 0x00, 0x00, 0x00, 0x2F, 0x8B, 0xE0, 0x3D, 0x40, 0x5D, 0x1C, 0x00, 0x03, 0x8E, 0x00, 0x00,
    0xE3, 0x40, 0x40, 0x34, 0xD0, 0x70, 0x1C, 0x34, 0x2C, 0x0F, 0x0F, 0x0F, 0x4B, 0x40, 0xFE, 0xFF,
    0x40, 0x00, 0x00, 0x00, 0x00, 0x1F, 0xFE, 0x00, 0x00, 0x14, 0x81, 0x00, 0x00, 0x00, 0x00, 0x00,
    0x34, 0x02, 0x80, 0x0D, 0x34, 0x03, 0x80, 0x1C, 0x74, 0x03, 0x80, 0x2C, 0x74, 0x03, 0x80, 0x34,
    0x74, 0x0B, 0x80, 0x70, 0x74, 0x0F, 0x80, 0xE0, 0x34, 0x3B, 0x80, 0xD0, 0x34, 0x73, 0xC2, 0xC0,
    0x38, 0xD2, 0xC7, 0x00, 0x2D, 0xC1, 0xCE, 0x00, 0x1F, 0x40, 0xFC, 0x00, 0x0E, 0x00, 0xF0, 0x00,
    0x00, 0x00, 0x00, 0x00, 0x00, 0xFF, 0xF4, 0x00, 0x21, 0x08, 0x00, 0x00, 0x00, 0x02, 0x80, 0xB0,
    0x0D, 0xE0, 0x2C, 0x07, 0x38, 0x0A, 0x02, 0xCE, 0x03, 0x80, 0xD3, 0x81, 0xF0, 0xB0, 0xB0, 0xEC,
    0x34, 0x1C, 0xD7, 0x28, 0x03, 0xE0, 0xEC, 0x00, 0xF0, 0x3C, 0x00, 0x00, 0x00, 0x00, 0x0B, 0xFC,
    0x07, 0xD5, 0x81, 0xE0, 0x00, 0x3C, 0x00, 0x07, 0x40, 0x00, 0xB0, 0x00, 0x0B, 0x00, 0x00, 0xF0,
    0x00, 0x0B, 0x00, 0x00, 0x74, 0x00, 0x03, 0xD0, 0x00, 0x0F, 0xE0, 0x00, 0x0E, 0x00, 0x00, 0xD0,
    0x00, 0x1C, 0x00, 0x02, 0xC0, 0x00, 0x00, 0x00, 0x02, 0xFD, 0x0F, 0x44, 0x1C, 0x00, 0x38, 0x00,
    0x34, 0x00, 0x34, 0x00, 0x34, 0x00, 0x3D, 0x10, 0x0F, 0xE0, 0x00, 0xD0, 0x01, 0xC0, 0x01, 0xC0,
    0x02, 0xC0, 0x00, 0x01, 0x00, 0x00, 0x34, 0x02, 0xDA, 0x00, 0x0B, 0xD0, 0x00, 0x3F, 0x80, 0x07,
    0x1C, 0x3D, 0xD0, 0x00, 0x7C, 0x00, 0x03, 0xB8, 0x00, 0xA0, 0x80, 0x0C, 0x00, 0x00, 0x00, 0x00,
    0x00, 0x29, 0xEA, 0x91, 0x00, 0x00, 0x00, 0x00, 0x6F, 0xD6, 0x41, 0x40, 0x71, 0x81, 0x40, 0x34,
    0xA2, 0x00, 0x0A, 0x40, 0x39, 0xFC, 0x10, 0x04, 0x00, 0x00, 0x00, 0x00, 0x00, 0x00, 0x00, 0xBD,
    0x00, 0x00, 0x00, 0x00, 0x82, 0x00, 0x00, 0x00, 0x00, 0x00, 0x00, 0x00, 0x07, 0xF0, 0x00, 0x0F,
    0xC0, 0x04, 0x10, 0x00, 0x10, 0x10, 0x00, 0x00, 0x00, 0x00, 0x00, 0x00, 0x00, 0x00, 0x00, 0x00,
    0x05, 0x00, 0x00, 0x00, 0x50, 0x3B, 0x40, 0x00, 0x01, 0xEC, 0x00, 0x40, 0x00, 0x01, 0x00, 0x00,
    0x00, 0x00, 0x00, 0x00, 0x00, 0x00, 0x00, 0x00, 0x00, 0x01, 0x80, 0x00, 0x06, 0x40, 0x0A, 0x70,
    0x00, 0x19, 0x90, 0x00, 0x00, 0x00, 0x00, 0x00, 0x00, 0x00, 0x7C, 0x00, 0x00, 0x00, 0x00, 0xC7,
    0x00, 0x00, 0x00, 0x00, 0x00, 0x00, 0x00, 0x00, 0x00, 0x08, 0x00, 0x00, 0x00, 0x00, 0x1C, 0x00,
    0x00, 0x00, 0x00, 0x28, 0x00, 0x00, 0x00, 0xC0, 0x24, 0x00, 0x80, 0x00, 0xE0, 0x00, 0x0F, 0x40,
    0x00, 0x70, 0x00, 0x08, 0x00, 0x00, 0x00, 0x00, 0x00, 0x00, 0x00, 0x00, 0x00, 0x00, 0x00, 0x10,
    0x00, 0x00, 0x00, 0x40, 0x2F, 0x00, 0x00, 0x00, 0xF8, 0x01, 0x00, 0x00, 0x00, 0x04, 0x00, 0x00,
    0x00, 0x00, 0x00, 0x00, 0x00, 0x00, 0x00, 0x00, 0x00, 0x10, 0x00, 0x08, 0x00, 0x00, 0xB4, 0x00,
    0x0E, 0x00, 0x03, 0x80, 0x1C, 0x03, 0x00, 0x00, 0x00, 0x28, 0x02, 0x00, 0x00, 0x00, 0x34, 0x00,
    0x00, 0x00, 0x00, 0x20, 0x00, 0x00, 0x00, 0x10, 0x14, 0x00, 0x34, 0x38, 0x00, 0x2F, 0xE0, 0x00,
    0x00, 0x00, 0x03, 0x40, 0x1E, 0x03, 0x40, 0x3D, 0x07, 0x00, 0xFD, 0x0B, 0x02, 0xDC, 0x0A, 0x07,
    0x2C, 0x0D, 0x0D, 0x38, 0x0C, 0x38, 0x34, 0x1C, 0xB0, 0x30, 0x2D, 0xC0, 0x70, 0x3F, 0x40, 0xB0,
    0x3E, 0x00, 0xE4, 0x3C, 0x00, 0xF8, 0x00, 0x00, 0x30, 0x00, 0x00, 0xA0, 0x00, 0x01, 0xD0, 0x00,
    0x00, 0x00, 0x01, 0x40, 0x80, 0x2C, 0x2C, 0x00, 0xBE, 0x00, 0x00, 0x00, 0x0E, 0x01, 0xC0, 0xD0,
    0x2C, 0x1C, 0x03, 0x81, 0xC0, 0x34, 0x2C, 0x07, 0x03, 0x80, 0xB0, 0x34, 0x0F, 0x03, 0x87, 0xE0,
    0x1F, 0xCF, 0x80, 0x00, 0x30, 0x00, 0x0A, 0x00, 0x00, 0xD0, 0x00, 0x00, 0x00, 0x03, 0x80, 0x01,
    0xE5, 0x01, 0xFF, 0x80, 0x2C, 0x00, 0x0F, 0x00, 0x03, 0xFE, 0x00, 0xE6, 0xF0, 0x70, 0x1C, 0x2C,
    0x07, 0x4E, 0x02, 0xC3, 0x96, 0xD0, 0xFF, 0x90, 0x09, 0x00, 0x34, 0x07, 0xE8, 0x1F, 0x50, 0x38,
    0x00, 0xD0, 0x03, 0x00, 0x1C, 0x00, 0xBF, 0xF3, 0x80, 0xED, 0x03, 0xBC, 0x1D, 0x3F, 0xD0, 0x00,
    0x00, 0x03, 0xFE, 0x00, 0x39, 0x7C, 0x07, 0x00, 0xD0, 0xB0, 0x0D, 0x0B, 0x15, 0xD0, 0xE2, 0xFC,
    0x0F, 0xFF, 0x01, 0xD5, 0xB0, 0x2C, 0x00, 0x03, 0x80, 0x00, 0x38, 0x00, 0x03, 0x40, 0x00, 0x00,
    0x00, 0x00, 0x25, 0xFC, 0x03, 0xF1, 0xE0, 0x3C, 0x0B, 0x07, 0x40, 0xB0, 0xB0, 0x0E, 0x0E, 0x00,
    0xD0, 0xE2, 0x6C, 0x0F, 0x6F, 0x41, 0xCF, 0xE0, 0x2C, 0x07, 0x03, 0x80, 0x10, 0x34, 0x00, 0x07,
    0x00, 0x00, 0x00, 0x00, 0x40, 0x00, 0x0E, 0x00, 0x00, 0xD0, 0x3F, 0xFC, 0x03, 0x95, 0x40, 0x70,
    0x00, 0x0B, 0x00, 0x00, 0xB0, 0x00, 0x0E, 0x00, 0x00, 0xD0, 0x00, 0x1C, 0x00, 0x02, 0xC0, 0x00,
    0x38, 0x00, 0x03, 0x40, 0x00, 0x34, 0x00, 0x00, 0x00, 0x05, 0x00, 0x0D, 0x00, 0x0D, 0x0B, 0xFC,
    0x0E, 0x00, 0x0D, 0x00, 0x1C, 0x00, 0x2C, 0x00, 0x38, 0x00, 0x34, 0x00, 0x34, 0x00, 0x70, 0x00,
    0x03, 0xFF, 0xC0, 0x39, 0x54, 0x07, 0x00, 0x00, 0xB0, 0x00, 0x0B, 0x00, 0x02, 0xFA, 0x00, 0x3F,
    0xE0, 0x01, 0xC0, 0x00, 0x2C, 0x00, 0x03, 0x80, 0x00, 0x34, 0x00, 0x03, 0x40, 0x00, 0x0B, 0xFC,
    0x0E, 0x54, 0x0D, 0x00, 0x1C, 0x00, 0xFF, 0xC0, 0x38, 0x00, 0x34, 0x00, 0x34, 0x00, 0x70, 0x00,
    0x03, 0xFF, 0xC0, 0x39, 0x54, 0x07, 0x00, 0x00, 0xB0, 0x00, 0x0B, 0x00, 0x00, 0xF9, 0x00, 0x0F,
    0xFE, 0x01, 0xC0, 0xB0, 0x2C, 0x03, 0x83, 0x80, 0x3C, 0x38, 0x03, 0x83, 0x40, 0x38, 0x00, 0x07,
    0x40, 0x00, 0xF0, 0x10, 0x7D, 0x02, 0xFE, 0x00, 0x00, 0x00, 0x00, 0x0B, 0xFC, 0x0E, 0x54, 0x0D,
    0x00, 0x1C, 0x00, 0x2F, 0xF0, 0x38, 0x78, 0x34, 0x2C, 0x34, 0x1C, 0x70, 0x1C, 0x00, 0x2C, 0x00,
    0x38, 0x11, 0xF0, 0x3F, 0x80, 0x00, 0x00, 0x03, 0x80, 0xA0, 0x2C, 0x01, 0xC0, 0xE0, 0x74, 0x00,
    0xE0, 0xD1, 0xD0, 0x00, 0x71, 0xC7, 0x40, 0x00, 0x39, 0xCE, 0x00, 0x00, 0x1F, 0xF8, 0x00, 0x00,
    0x3F, 0xB4, 0x00, 0x00, 0xF3, 0x6C, 0x00, 0x02, 0xC7, 0x0D, 0x00, 0x0B, 0x0B, 0x0B, 0x00, 0x2D,
    0x0A, 0x03, 0x90, 0x74, 0x0D, 0x02, 0xF0, 0x00, 0x00, 0x00, 0xE0, 0x00, 0x00, 0x00, 0xD0, 0x00,
    0x00, 0x00, 0xC0, 0x00, 0x00, 0x00, 0x00, 0x00, 0x00, 0x00, 0x00, 0x0F, 0xC0, 0xA0, 0xBD, 0x00,
    0xF0, 0xD2, 0xD0, 0x00, 0x70, 0xC7, 0x40, 0x00, 0x75, 0xCB, 0x00, 0x00, 0x7F, 0xFE, 0x00, 0x00,
    0xB3, 0x8E, 0x00, 0x00, 0xE3, 0x4E, 0x00, 0x03, 0xC3, 0x0B, 0x00, 0x3E, 0x07, 0x03, 0xF0, 0x00,
    0x00, 0x00, 0xB0, 0x00, 0x00, 0x00, 0xE0, 0x00, 0x00, 0x00, 0xD0, 0x00, 0x00, 0x00, 0x00, 0x00,
    0x00, 0x00, 0x2F, 0xF0, 0x02, 0x47, 0xC0, 0x00, 0x1D, 0x00, 0x01, 0xC0, 0x00, 0x3C, 0x02, 0xFE,
    0x00, 0x16, 0xE0, 0x00, 0x03, 0x40, 0x00, 0x38, 0x00, 0x07, 0x42, 0x41, 0xF0, 0x3F, 0xF8, 0x00,
    0x28, 0x00, 0x01, 0xC0, 0x00, 0x68, 0x00, 0x0A, 0x00, 0x00, 0x00, 0x00, 0x7F, 0xC0, 0x47, 0x80,
    0x0B, 0x00, 0x74, 0x3F, 0x40, 0x0B, 0x00, 0x0D, 0x40, 0xB3, 0xFF, 0x00, 0xA0, 0x01, 0xC0, 0x1A,
    0x00, 0xA0, 0x00, 0x03, 0x80, 0x74, 0x0D, 0x07, 0x80, 0x70, 0x78, 0x02, 0xC7, 0x80, 0x0B, 0x38,
    0x00, 0x3F, 0x80, 0x00, 0xED, 0x00, 0x07, 0x2C, 0x00, 0x2C, 0x38, 0x00, 0xE0, 0x70, 0x03, 0x80,
    0xF4, 0x0D, 0x01, 0xF0, 0x00, 0x02, 0xC0, 0x00, 0x0A, 0x00, 0x00, 0x34, 0x00, 0x00, 0x00, 0x0A,
    0x07, 0x43, 0x47, 0x40, 0xD7, 0x40, 0x77, 0x40, 0x2F, 0x80, 0x0E, 0xB0, 0x03, 0x4E, 0x00, 0xD1,
    0xD0, 0x70, 0x2F, 0x00, 0x02, 0x80, 0x00, 0xD0, 0x00, 0x30, 0x00, 0x00, 0x00, 0x03, 0x80, 0x74,
    0x0D, 0x07, 0x80, 0x71, 0xB8, 0x02, 0xCF, 0x80, 0x0B, 0x38, 0x00, 0x3F, 0xC0, 0x00, 0xEE, 0x00,
    0x07, 0x3C, 0x00, 0x2C, 0xF8, 0x00, 0xE2, 0xB0, 0x03, 0x80, 0xF0, 0x0D, 0x01, 0xD0, 0x0A, 0x03,
    0x40, 0xEA, 0xD0, 0x0D, 0xF4, 0x01, 0xDD, 0x00, 0x2F, 0x80, 0x03, 0xAC, 0x00, 0x37, 0xE0, 0x03,
    0x77, 0x40, 0x71, 0x2C, 0x00, 0x03, 0x80, 0x74, 0x1E, 0x47, 0x41, 0xFE, 0x74, 0x02, 0xC7, 0x80,
    0x0A, 0x78, 0x00, 0x3F, 0x80, 0x00, 0xED, 0x00, 0x07, 0x2C, 0x00, 0x2C, 0x38, 0x00, 0xE0, 0xB0,
    0x03, 0x40, 0xF0, 0x0D, 0x01, 0xD0, 0x02, 0x40, 0x01, 0xD0, 0x02, 0xFF, 0x40, 0x2C, 0x00, 0x0A,
    0x07, 0x43, 0x87, 0x40, 0xD7, 0x40, 0x77, 0x40, 0x2F, 0x80, 0x0E, 0xB0, 0x03, 0x4F, 0x00, 0xD1,
    0xD0, 0x70, 0x2C, 0x00, 0x7F, 0xC0, 0x38, 0x17, 0x80, 0xE0, 0x03, 0x43, 0x80, 0x07, 0x0E, 0x00,
    0x07, 0x38, 0x00, 0x0B, 0xE0, 0x00, 0x0E, 0xE0, 0x00, 0x0D, 0xB0, 0x00, 0x1C, 0x3C, 0x00, 0x2C,
    0x1D, 0x00, 0x38, 0x0B, 0x00, 0x38, 0x03, 0x80, 0x3F, 0xC0, 0xE0, 0x5B, 0x0E, 0x00, 0x38, 0xE0,
    0x00, 0xEE, 0x00, 0x03, 0xF0, 0x00, 0x1C, 0xD0, 0x00, 0xB2, 0xC0, 0x03, 0x83, 0x80, 0x0D, 0x07,
    0x40, 0x03, 0x80, 0x0D, 0x03, 0x40, 0x1C, 0x07, 0x00, 0x2C, 0x0B, 0x00, 0x38, 0x0B, 0x00, 0x34,
    0x0F, 0xFF, 0xF4, 0x0E, 0x55, 0xB0, 0x1C, 0x00, 0xB0, 0x2C, 0x00, 0xE0, 0x38, 0x00, 0xD0, 0x38,
    0x01, 0xD0, 0x34, 0x01, 0xF4, 0x00, 0x00, 0x30, 0x00, 0x00, 0x70, 0x00, 0x00, 0xB0, 0x00, 0x00,
    0x00, 0x0A, 0x00, 0xD0, 0xE0, 0x1C, 0x0D, 0x01, 0xC1, 0xD0, 0x2C, 0x2F, 0xFF, 0x83, 0x80, 0x34,
    0x34, 0x07, 0x03, 0x40, 0xB0, 0x70, 0x0B, 0xC0, 0x00, 0x2C, 0x00, 0x03, 0x80, 0x00, 0x34, 0x00,
    0x00, 0x00, 0x03, 0x80, 0x0F, 0xF0, 0x0D, 0x00, 0x75, 0x40, 0x70, 0x02, 0xC0, 0x02, 0xC0, 0x0E,
    0x00, 0x0B, 0x00, 0x34, 0x00, 0x3F, 0xFF, 0xD0, 0x00, 0xE5, 0x5B, 0x00, 0x07, 0x00, 0x2C, 0x00,
    0x2C, 0x00, 0xE0, 0x00, 0xE0, 0x03, 0x40, 0x03, 0x40, 0x1C, 0x00, 0x0D, 0x00, 0x70, 0x00, 0x0A,
    0x00, 0xFF, 0x03, 0x80, 0x75, 0x40, 0xD0, 0x1C, 0x00, 0x74, 0x0B, 0x00, 0x2F, 0xFF, 0x80, 0x0E,
    0x00, 0xD0, 0x03, 0x40, 0x70, 0x00, 0xD0, 0x2C, 0x00, 0x70, 0x0A, 0x00, 0x00, 0x03, 0xFF, 0xFC,
    0x00, 0x03, 0x95, 0x7C, 0x00, 0x07, 0x00, 0x38, 0x00, 0x0B, 0x00, 0x34, 0x00, 0x0B, 0x00, 0x34,
    0x00, 0x0E, 0x00, 0x7A, 0x40, 0x0D, 0x00, 0xBB, 0xF0, 0x1C, 0x00, 0xE0, 0x38, 0x2C, 0x00, 0xD0,
    0x2C, 0x38, 0x01, 0xC0, 0x1D, 0x38, 0x01, 0xC0, 0x1C, 0x34, 0x02, 0xC0, 0x1C, 0x00, 0x00, 0x00,
    0x3C, 0x00, 0x00, 0x00, 0x74, 0x00, 0x00, 0x42, 0xE0, 0x00, 0x00, 0xFF, 0x80, 0x00, 0x00, 0x00,
    0x00, 0x0B, 0xFF, 0xC0, 0x03, 0x95, 0xB0, 0x00, 0xD0, 0x38, 0x00, 0x70, 0x0E, 0x00, 0x2C, 0x03,
    0xFD, 0x0E, 0x01, 0xC2, 0xC3, 0x40, 0xB0, 0x34, 0xD0, 0x38, 0x0E, 0x70, 0x0D, 0x03, 0x40, 0x00,
    0x01, 0xD0, 0x00, 0x00, 0xB0, 0x00, 0x15, 0xB4, 0x00, 0x07, 0xF4, 0x00, 0x00, 0x00, 0x00, 0x00,
    0x00, 0x00, 0x07, 0xFC, 0x00, 0xB9, 0x50, 0x07, 0x40, 0xA0, 0x38, 0x0F, 0xF1, 0xC0, 0xF0, 0xDB,
    0x03, 0x43, 0x7C, 0x1C, 0x1D, 0xF0, 0xB0, 0xB2, 0xC2, 0xC3, 0xC7, 0x47, 0x2C, 0x0F, 0x4F, 0xD0,
    0x0B, 0xFF, 0x90, 0x00, 0x0A, 0x40, 0x00, 0x00, 0x00, 0x2F, 0x80, 0x0F, 0x40, 0x02, 0xC1, 0xF8,
    0x38, 0x39, 0xC3, 0x4B, 0x1C, 0x34, 0xE1, 0xC3, 0x4B, 0x38, 0x3C, 0x7F, 0x00, 0xFF, 0xF8, 0x00,
    0x05, 0x40, 0x00, 0x00, 0x00, 0x0B, 0xFC, 0x07, 0xD5, 0x81, 0xE0, 0x00, 0x3C, 0x00, 0x07, 0x40,
    0x00, 0xB0, 0x00, 0x0B, 0x00, 0x00, 0xF0, 0x00, 0x0B, 0x00, 0x00, 0x74, 0x00, 0x03, 0xD0, 0x40,
    0x0F, 0xFC, 0x00, 0x0C, 0x00, 0x00, 0xC0, 0x00, 0x6C, 0x00, 0x06, 0x00, 0x00, 0x00, 0x00, 0x02,
    0xFD, 0x0F, 0x44, 0x1C, 0x00, 0x38, 0x00, 0x34, 0x00, 0x34, 0x00, 0x34, 0x00, 0x3C, 0x10, 0x0F,
    0xF4, 0x03, 0x40, 0x02, 0x80, 0x07, 0x40, 0x09, 0x00, 0x7F, 0xFF, 0x85, 0xB9, 0x40, 0x1C, 0x00,
    0x0B, 0x00, 0x03, 0x80, 0x00, 0xD0, 0x00, 0x70, 0x00, 0x2C, 0x00, 0x0B, 0x00, 0x03, 0x80, 0x00,
    0xE0, 0x00, 0x7D, 0x00, 0x03, 0x40, 0x01, 0xC0, 0x00, 0xB0, 0x00, 0x00, 0x00, 0x00, 0x00, 0x00,
    0x00, 0x97, 0xE1, 0xFC, 0x0F, 0x87, 0xB4, 0xE0, 0xF0, 0x3C, 0x0E, 0x1D, 0x03, 0x40, 0xD2, 0xC0,
    0x70, 0x0D, 0x38, 0x0B, 0x01, 0xC3, 0x40, 0xE0, 0x2C, 0x34, 0x0D, 0x03, 0xC7, 0x00, 0xC0, 0x2F,
    0x00, 0x00, 0x00, 0xE0, 0x00, 0x00, 0x0D, 0x00, 0x00, 0x01, 0xC0, 0x00, 0x00, 0x00, 0x70, 0x03,
    0x83, 0x40, 0xB0, 0x38, 0x0D, 0x02, 0xC3, 0x80, 0x1C, 0xB0, 0x00, 0xED, 0x00, 0x0F, 0x80, 0x00,
    0xB0, 0x00, 0x0A, 0x00, 0x00, 0xE0, 0x00, 0x0D, 0x00, 0x01, 0xC0, 0x00, 0x34, 0x03, 0x4D, 0x03,
    0xC3, 0x81, 0xC0, 0xA0, 0xE0, 0x2C, 0x70, 0x07, 0x34, 0x01, 0xEC, 0x00, 0x3D, 0x00, 0x0F, 0x00,
    0x03, 0x40, 0x01, 0xC0, 0x00, 0xB0, 0x00, 0x28, 0x00, 0x00, 0x1C, 0x00, 0xE0, 0x34, 0x0B, 0x00,
    0xE0, 0x34, 0x02, 0xC3, 0x80, 0x07, 0x2C, 0x00, 0x0E, 0xD0, 0x00, 0x3E, 0x00, 0x00, 0xB0, 0x00,
    0x3F, 0xFC, 0x00, 0x0E, 0x00, 0x00, 0x34, 0x00, 0x01, 0xC0, 0x00, 0x0D, 0x00, 0xD0, 0xD0, 0x3C,
    0x0E, 0x07, 0x00, 0xE0, 0xE0, 0x0B, 0x1C, 0x00, 0x73, 0x40, 0x07, 0xB0, 0x00, 0x3D, 0x00, 0x03,
    0xC0, 0x03, 0xFF, 0x40, 0x07, 0x00, 0x00, 0xB0, 0x00, 0x0A, 0x00, 0x00, 0x03, 0x40, 0x28, 0x02,
    0xC0, 0xB0, 0x00, 0xC1, 0xD0, 0x00, 0xE3, 0x40, 0x00, 0x7E, 0x00, 0x00, 0x3C, 0x00, 0x00, 0xBC,
    0x00, 0x01, 0xDD, 0x00, 0x03, 0x4E, 0x00, 0x0E, 0x07, 0x00, 0x2C, 0x03, 0x90, 0x70, 0x03, 0xE0,
    0x00, 0x00, 0xD0, 0x00, 0x00, 0xC0, 0x00, 0x01, 0xC0, 0x00, 0x00, 0x00, 0x03, 0x40, 0xD0, 0x2C,
    0x38, 0x00, 0xCB, 0x00, 0x0B, 0xC0, 0x00, 0xB4, 0x00, 0x1F, 0x80, 0x03, 0x5C, 0x00, 0xE0, 0xE0,
    0x2C, 0x07, 0xC0, 0x00, 0x38, 0x00, 0x03, 0x40, 0x00, 0x30, 0x00, 0x00, 0x00, 0x7F, 0xFF, 0x8B,
    0x05, 0xB9, 0x53, 0x80, 0x1C, 0x00, 0xE0, 0x0B, 0x00, 0x34, 0x03, 0x80, 0x1C, 0x00, 0xD0, 0x0B,
    0x00, 0x70, 0x03, 0x80, 0x2C, 0x00, 0xD0, 0x0B, 0x00, 0x34, 0x03, 0x80, 0x1C, 0x00, 0xE5, 0x5F,
    0x40, 0x7F, 0xFF, 0xF0, 0x00, 0x00, 0x2C, 0x00, 0x00, 0x0E, 0x00, 0x00, 0x03, 0x40, 0x00, 0x00,
    0x00, 0x3F, 0xFD, 0x34, 0x5E, 0x51, 0xC0, 0x34, 0x0B, 0x01, 0xC0, 0x38, 0x07, 0x00, 0xD0, 0x2C,
    0x07, 0x00, 0xE0, 0x3C, 0x03, 0xC3, 0xF0, 0x07, 0xF5, 0xF0, 0x00, 0x02, 0xC0, 0x00, 0x0E, 0x00,
    0x00, 0x34, 0x00, 0x00, 0x00, 0x0D, 0x00, 0xA1, 0xC0, 0x0D, 0x1C, 0x00, 0xD2, 0xC0, 0x1C, 0x38,
    0x02, 0xC3, 0x80, 0x38, 0x3E, 0x6F, 0x40, 0xBE, 0xB0, 0x00, 0x07, 0x00, 0x00, 0xB0, 0x00, 0x0E,
    0x40, 0x00, 0xF8, 0x00, 0x03, 0x80, 0x00, 0x34, 0x00, 0x07, 0x00, 0x00, 0x00, 0x34, 0x0A, 0x70,
    0x0E, 0xB0, 0x1D, 0xB0, 0x3C, 0xB5, 0xFC, 0x2F, 0x78, 0x00, 0x34, 0x00, 0x74, 0x00, 0x7D, 0x00,
    0x1C, 0x00, 0x2C, 0x00, 0x38, 0x00, 0x00, 0x0D, 0x00, 0xA1, 0xC0, 0x0D, 0x1C, 0x00, 0xD2, 0xC0,
    0x1C, 0x38, 0xA2, 0xC3, 0x8D, 0x38, 0x3E, 0xEF, 0x40, 0xBE, 0xB0, 0x01, 0x87, 0x00, 0x24, 0xB0,
    0x00, 0x0E, 0x00, 0x00, 0xD0, 0x34, 0x0A, 0x70, 0x0E, 0xB1, 0x1D, 0xB3, 0x3C, 0xB7, 0xFC, 0x2F,
    0x78, 0x09, 0x34, 0x08, 0x34, 0x00, 0x70, 0x03, 0x80, 0x00, 0x34, 0x00, 0x07, 0x00, 0x00, 0xB0,
    0x00, 0x0B, 0x6A, 0x40, 0xFE, 0xBD, 0x0D, 0x00, 0xE1, 0xC0, 0x0D, 0x2C, 0x01, 0xC3, 0x80, 0x2C,
    0x38, 0x02, 0xC3, 0x40, 0x38, 0x02, 0x40, 0x00, 0xD0, 0x00, 0x70, 0x00, 0x2C, 0x00, 0x0A, 0x7F,
    0x03, 0xF0, 0xE0, 0xF0, 0x38, 0x74, 0x0E, 0x2C, 0x03, 0x4E, 0x01, 0xC3, 0x40, 0xB0, 0xD0, 0x38,
    0x70, 0x0D, 0x00, 0x00, 0x00, 0x00, 0x00, 0x1F, 0xF8, 0x00, 0xB9, 0x6D, 0x02, 0xD0, 0x0E, 0x43,
    0x80, 0x0E, 0xDB, 0x00, 0x3C, 0xFF, 0xAF, 0xF4, 0x2F, 0xA9, 0x00, 0x0D, 0x00, 0x00, 0x0E, 0x00,
    0x00, 0x0F, 0x00, 0x00, 0x07, 0xD0, 0x60, 0x01, 0xFF, 0xD0, 0x00, 0x00, 0x00, 0x00, 0x00, 0x00,
    0x03, 0xFC, 0x00, 0xE1, 0xD2, 0x2C, 0x0D, 0x77, 0x47, 0xC3, 0xFF, 0xE0, 0x0B, 0x00, 0x00, 0x70,
    0x00, 0x03, 0x81, 0x40, 0x1F, 0xF4, 0x00, 0x00, 0x00, 0x00, 0x00, 0x00, 0x00, 0x1F, 0xF8, 0x00,
    0xB9, 0x6D, 0x02, 0xD0, 0x0E, 0x43, 0x80, 0x0E, 0xDB, 0x00, 0x3C, 0xFF, 0xAF, 0xF4, 0x2F, 0xA9,
    0x00, 0x0D, 0x00, 0x00, 0x0E, 0x00, 0x00, 0x0F, 0x00, 0x00, 0x07, 0xD0, 0x60, 0x01, 0xFF, 0xD0,
    0x00, 0x38, 0x00, 0x00, 0x34, 0x00, 0x00, 0x70, 0x00, 0x00, 0x00, 0x00, 0x00, 0x00, 0x00, 0x03,
    0xFC, 0x00, 0xE1, 0xD2, 0x2C, 0x0D, 0x77, 0x47, 0xC3, 0xFF, 0xE0, 0x0B, 0x00, 0x00, 0x70, 0x00,
    0x03, 0x81, 0x40, 0x1F, 0xF4, 0x00, 0x70, 0x00, 0x0B, 0x00, 0x00, 0xE0, 0x00, 0x00, 0x00, 0x03,
    0xFC, 0x00, 0xE0, 0x00, 0xD0, 0x00, 0xD0, 0x01, 0xC0, 0x02, 0xC0, 0x03, 0x80, 0x03, 0x40, 0x07,
    0x00, 0x07, 0x00, 0x0B, 0x00, 0x3F, 0xC0, 0x00, 0x00, 0x40, 0x00, 0x00, 0x01, 0xC7, 0x40, 0x00,
    0x00, 0xBD, 0x00, 0x00, 0x00, 0x00, 0x00, 0x01, 0xC0, 0x70, 0x0D, 0x00, 0xD0, 0xB0, 0x38, 0x00,
    0xA0, 0xE0, 0xE0, 0x00, 0x30, 0xD3, 0xC0, 0x00, 0x39, 0xCB, 0x00, 0x00, 0x2F, 0xFC, 0x00, 0x00,
    0x3B, 0xEC, 0x00, 0x00, 0xE3, 0x8D, 0x00, 0x03, 0xC3, 0x4B, 0x00, 0x0B, 0x07, 0x03, 0x40, 0x2C,
    0x0B, 0x03, 0x80, 0x74, 0x0A, 0x01, 0xC0, 0x00, 0x01, 0x01, 0x00, 0x00, 0x02, 0xC7, 0x00, 0x00,
    0x00, 0xBD, 0x00, 0x00, 0x00, 0x00, 0x00, 0x0B, 0xC0, 0xB0, 0x3E, 0x00, 0xF0, 0xA0, 0xE0, 0x00,
    0x70, 0xD2, 0xC0, 0x00, 0x70, 0xD3, 0x40, 0x00, 0x7F, 0xFF, 0x00, 0x00, 0xB2, 0xCB, 0x00, 0x00,
    0xD3, 0x87, 0x00, 0x03, 0xC3, 0x43, 0x40, 0x3F, 0x03, 0x02, 0xF0, 0x00, 0x00, 0x00, 0x00, 0x03,
    0x80, 0x74, 0x0D, 0x07, 0x40, 0x70, 0x74, 0x02, 0xC7, 0x80, 0x0B, 0x38, 0x00, 0x3F, 0xC0, 0x00,
    0xFF, 0xE0, 0x07, 0x01, 0xE0, 0x2C, 0x02, 0xC0, 0xE0, 0x07, 0x03, 0x80, 0x1C, 0x0D, 0x00, 0xB0,
    0x00, 0x03, 0xC0, 0x00, 0x1D, 0x00, 0x42, 0xE0, 0x03, 0xFD, 0x00, 0x00, 0x00, 0x00, 0x0A, 0x07,
    0x43, 0x47, 0x40, 0xD7, 0x40, 0x77, 0x40, 0x2F, 0xE0, 0x0E, 0x0F, 0x03, 0x40, 0xD0, 0xC0, 0x38,
    0x70, 0x0D, 0x00, 0x03, 0x40, 0x02, 0xC0, 0x56, 0xD0, 0x1F, 0xD0, 0x00, 0x00, 0x00, 0x00, 0x0F,
    0xFE, 0x00, 0x1D, 0x5E, 0x00, 0x2C, 0x0D, 0x00, 0x38, 0x1C, 0x00, 0x30, 0x2C, 0x00, 0xB0, 0x2C,
    0x00, 0xE0, 0x38, 0x00, 0xD0, 0x34, 0x01, 0xC0, 0x70, 0x03, 0x80, 0xB0, 0x0B, 0x00, 0xF4, 0xBD,
    0x00, 0xFC, 0x00, 0x00, 0x34, 0x00, 0x00, 0xB0, 0x00, 0x01, 0xD0, 0x00, 0x00, 0x00, 0x00, 0x00,
    0x00, 0x02, 0xFD, 0x00, 0xB5, 0xD0, 0x0D, 0x1C, 0x01, 0xC2, 0xC0, 0x38, 0x38, 0x03, 0x43, 0x40,
    0xB0, 0x70, 0x1D, 0x07, 0x4B, 0x80, 0xBC, 0x00, 0x02, 0x80, 0x00, 0x30, 0x00, 0x0A, 0x00, 0x00,
    0x00, 0x03, 0x80, 0x0D, 0x03, 0x40, 0x1C, 0x07, 0x00, 0x2C, 0x0B, 0x00, 0x38, 0x0B, 0x00, 0x34,
    0x0F, 0xFF, 0xF4, 0x0E, 0x55, 0xB0, 0x1C, 0x00, 0xB0, 0x2C, 0x00, 0xE0, 0x38, 0x00, 0xD0, 0x38,
    0x01, 0xC0, 0x34, 0x01, 0xC0, 0x00, 0x03, 0x80, 0x00, 0x07, 0x40, 0x04, 0x6E, 0x00, 0x1F, 0xF8,
    0x00, 0x00, 0x00, 0x00, 0x0A, 0x00, 0xD0, 0xE0, 0x1C, 0x0D, 0x01, 0xC1, 0xD0, 0x2C, 0x2F, 0xFF,
    0x83, 0x80, 0x34, 0x34, 0x07, 0x03, 0x40, 0xB0, 0x70, 0x0A, 0x00, 0x00, 0xD0, 0x00, 0x1C, 0x00,
    0x47, 0x80, 0x0F, 0xE0, 0x00, 0x00, 0x00, 0x03, 0x80, 0x0D, 0x03, 0x40, 0x1C, 0x07, 0x00, 0x2C,
    0x0B, 0x00, 0x38, 0x0B, 0x00, 0x34, 0x0F, 0xFF, 0xF4, 0x0E, 0x55, 0xB0, 0x1C, 0x00, 0xB0, 0x2C,
    0x00, 0xE0, 0x38, 0x00, 0xD0, 0x38, 0x01, 0xD0, 0x34, 0x01, 0xF4, 0x00, 0x00, 0x70, 0x00, 0x00,
    0xD0, 0x00, 0x02, 0xC0, 0x00, 0x00, 0x00, 0x0A, 0x00, 0xD0, 0xE0, 0x1C, 0x0D, 0x01, 0xC1, 0xD0,
    0x2C, 0x2F, 0xFF, 0x83, 0x80, 0x34, 0x34, 0x07, 0x03, 0x40, 0xB0, 0x70, 0x0B, 0xC0, 0x00, 0x28,
    0x00, 0x03, 0x00, 0x00, 0xE0, 0x00, 0x00, 0x00, 0x0D, 0x00, 0xA1, 0xC0, 0x0D, 0x1C, 0x00, 0xD2,
    0xC0, 0x1C, 0x38, 0x02, 0xC3, 0x80, 0x38, 0x3E, 0x6F, 0x40, 0xBE, 0xB0, 0x00, 0x07, 0x00, 0x00,
    0xB0, 0x00, 0x1E, 0x00, 0x07, 0xD0, 0x00, 0xB0, 0x00, 0x0E, 0x00, 0x00, 0xD0, 0x00, 0x00, 0x00,
    0x38, 0x07, 0x0D, 0x02, 0xC3, 0x00, 0xE1, 0xC0, 0xB4, 0x39, 0xBC, 0x0B, 0xE7, 0x00, 0x02, 0xC0,
    0x00, 0xE0, 0x01, 0xF4, 0x00, 0xB0, 0x00, 0x28, 0x00, 0x0E, 0x00, 0x00, 0x00, 0x00, 0x03, 0xD0,
    0x01, 0xF0, 0x0F, 0x40, 0x0F, 0xC0, 0x7A, 0x00, 0xBE, 0x02, 0xE8, 0x03, 0x74, 0x0A, 0x70, 0x2D,
    0xC0, 0x35, 0xC0, 0xCB, 0x00, 0xC3, 0x0A, 0x28, 0x07, 0x0C, 0x30, 0xE0, 0x2C, 0x37, 0x83, 0x40,
    0xE0, 0xEC, 0x1C, 0x03, 0x42, 0xD0, 0xB4, 0x0C, 0x0B, 0x03, 0xF0, 0x00, 0x00, 0x03, 0x80, 0x00,
    0x00, 0x1C, 0x00, 0x00, 0x00, 0xE0, 0x00, 0x00, 0x00, 0x00, 0x0B, 0x40, 0x3C, 0x0F, 0x40, 0xBC,
    0x0E, 0x80, 0xE8, 0x1D, 0x82, 0xB4, 0x29, 0xC7, 0x34, 0x34, 0xCD, 0x70, 0x34, 0xEC, 0x70, 0x30,
    0xF4, 0xB0, 0x70, 0xE0, 0xF8, 0x00, 0x00, 0x30, 0x00, 0x00, 0xA0, 0x00, 0x00, 0xD0, 0x00, 0x00,
    0x00, 0x03, 0xFC, 0x00, 0xE0, 0x00, 0xD0, 0x00, 0xD0, 0x01, 0xC0, 0x02, 0xC0, 0x03, 0x80, 0x03,
    0x40, 0x07, 0x00, 0x07, 0x00, 0x0B, 0x00, 0x3F, 0xC0, 0x00, 0x10, 0x10, 0x00, 0xE1, 0xC0, 0x00,
    0xF8, 0x00, 0x00, 0x00, 0x00, 0x0B, 0x00, 0x00, 0x7D, 0x00, 0x03, 0xB4, 0x00, 0x1C, 0xE0, 0x00,
    0xE3, 0x80, 0x07, 0x0B, 0x00, 0x38, 0x2C, 0x02, 0xFF, 0xF0, 0x0E, 0x56, 0xC0, 0xB0, 0x03, 0x03,
    0x40, 0x0D, 0x2C, 0x00, 0x34, 0x00, 0x40, 0x40, 0x0D, 0x38, 0x00, 0x7E, 0x00, 0x00, 0x00, 0x02,
    0xF8, 0xC0, 0xF4, 0xBC, 0x1D, 0x03, 0x83, 0xC0, 0x34, 0x34, 0x07, 0x03, 0x40, 0xB0, 0x34, 0x0F,
    0x03, 0x87, 0xE0, 0x1F, 0xCD, 0x00, 0x00, 0x00, 0x00, 0x00, 0x00, 0x01, 0xC7, 0x00, 0x04, 0x10,
    0x00, 0x00, 0x00, 0x0B, 0x00, 0x01, 0xF4, 0x00, 0x3B, 0x40, 0x07, 0x38, 0x00, 0xE3, 0x80, 0x1C,
    0x2C, 0x03, 0x82, 0xC0, 0xBF, 0xFC, 0x0E, 0x56, 0xC2, 0xC0, 0x0C, 0x34, 0x00, 0xDB, 0x00, 0x0D,
    0x00, 0x00, 0x00, 0x0D, 0x34, 0x00, 0x41, 0x00, 0x00, 0x00, 0x02, 0xF8, 0xC0, 0xF4, 0xBC, 0x1D,
    0x03, 0x83, 0xC0, 0x34, 0x34, 0x07, 0x03, 0x40, 0xB0, 0x34, 0x0F, 0x03, 0x87, 0xE0, 0x1F, 0xCD,
    0x00, 0x00, 0x00, 0x00, 0x02, 0xFF, 0xFD, 0x00, 0x07, 0xB9, 0x54, 0x00, 0x0E, 0x34, 0x00, 0x00,
    0x2C, 0x70, 0x00, 0x00, 0x34, 0xB0, 0x00, 0x00, 0xF0, 0xFF, 0xF0, 0x01, 0xC0, 0xE5, 0x50, 0x03,
    0xFF, 0xD0, 0x00, 0x0B, 0x56, 0xC0, 0x00, 0x1D, 0x02, 0xC0, 0x00, 0x38, 0x03, 0xD5, 0x40, 0xB0,
    0x03, 0xFF, 0xC0, 0x00, 0x00, 0x00, 0x00, 0x2F, 0x5A, 0xF8, 0x0F, 0x4F, 0xE1, 0xC1, 0xD0, 0x78,
    0x0C, 0x3C, 0x07, 0x07, 0xC3, 0x40, 0xBF, 0xE0, 0x34, 0x0F, 0x00, 0x03, 0x42, 0xF0, 0x00, 0x38,
    0x7F, 0x41, 0x01, 0xF8, 0xDF, 0xF0, 0x00, 0x00, 0x00, 0x00, 0x00, 0x40, 0x40, 0x0A, 0x1C, 0x00,
    0x2F, 0x40, 0x00, 0x00, 0x03, 0xFF, 0xC0, 0x39, 0x54, 0x07, 0x00, 0x00, 0xB0, 0x00, 0x0B, 0x00,
    0x00, 0xFF, 0xE0, 0x0E, 0x55, 0x01, 0xC0, 0x00, 0x2C, 0x00, 0x03, 0x80, 0x00, 0x39, 0x54, 0x03,
    0xFF, 0xC0, 0x00, 0x41, 0x40, 0x70, 0xD0, 0x0B, 0xD0, 0x00, 0x00, 0x02, 0xFC, 0x03, 0xD3, 0x81,
    0xC0, 0xA0, 0xE0, 0xB4, 0x3F, 0xE4, 0x0D, 0x00, 0x03, 0x40, 0x00, 0xF0, 0x50, 0x0F, 0xF4, 0x00,
    0x00, 0x00, 0x00, 0x00, 0x00, 0x0B, 0xFE, 0x00, 0x65, 0x6E, 0x00, 0x00, 0x2C, 0x00, 0x00, 0x34,
    0x00, 0x00, 0xD0, 0x01, 0x5B, 0x42, 0xFF, 0xFC, 0x3D, 0x00, 0xB0, 0xD0, 0x03, 0x87, 0x40, 0x3C,
    0x0F, 0x47, 0xC0, 0x1F, 0xF8, 0x00, 0x00, 0x00, 0x00, 0x00, 0x00, 0x1F, 0xF4, 0x14, 0x2C, 0x00,
    0x0D, 0x00, 0x0D, 0x0B, 0xFD, 0x3D, 0x2C, 0x70, 0x38, 0xB0, 0xB0, 0x3F, 0xC0, 0x00, 0x00, 0x00,
    0x00, 0x00, 0x00, 0xD3, 0x40, 0x01, 0x04, 0x00, 0x00, 0x00, 0x02, 0xFF, 0x80, 0x19, 0x5B, 0x80,
    0x00, 0x0B, 0x00, 0x00, 0x0D, 0x00, 0x00, 0x34, 0x00, 0x56, 0xD0, 0xBF, 0xFF, 0x0F, 0x40, 0x2C,
    0x34, 0x00, 0xE1, 0xD0, 0x0F, 0x03, 0xD1, 0xF0, 0x07, 0xFE, 0x00, 0x00, 0x00, 0x00, 0x00, 0x00,
    0x03, 0x8E, 0x01, 0x04, 0x00, 0x00, 0x1F, 0xF4, 0x14, 0x2C, 0x00, 0x0D, 0x00, 0x0D, 0x0B, 0xFD,
    0x3D, 0x2C, 0x70, 0x38, 0xB0, 0xB0, 0x3F, 0xC0, 0x00, 0x00, 0x00, 0x00, 0x00, 0x00, 0x00, 0x01,
    0xC7, 0x00, 0x00, 0x00, 0x41, 0x00, 0x00, 0x00, 0x00, 0x00, 0x01, 0xC0, 0x70, 0x0D, 0x00, 0xD0,
    0xB0, 0x38, 0x00, 0xA0, 0xE0, 0xE0, 0x00, 0x30, 0xD3, 0xC0, 0x00, 0x39, 0xCB, 0x00, 0x00, 0x2F,
    0xFC, 0x00, 0x00, 0x3B, 0xEC, 0x00, 0x00, 0xE3, 0x8D, 0x00, 0x03, 0xC3, 0x4B, 0x00, 0x0B, 0x07,
    0x03, 0x40, 0x2C, 0x0B, 0x03, 0x80, 0x74, 0x0A, 0x01, 0xC0, 0x00, 0x00, 0x00, 0x00, 0x00, 0x02,
    0xCB, 0x00, 0x00, 0x00, 0x41, 0x00, 0x00, 0x00, 0x00, 0x00, 0x0B, 0xC0, 0xB0, 0x3E, 0x00, 0xF0,
    0xA0, 0xE0, 0x00, 0x70, 0xD2, 0xC0, 0x00, 0x70, 0xD3, 0x40, 0x00, 0x7F, 0xFF, 0x00, 0x00, 0xB2,
    0xCB, 0x00, 0x00, 0xD3, 0x87, 0x00, 0x03, 0xC3, 0x43, 0x40, 0x3F, 0x03, 0x02, 0xF0, 0x00, 0x00,
    0x00, 0x00, 0x00, 0x00, 0x00, 0x03, 0x0C, 0x00, 0x10, 0x40, 0x00, 0x00, 0x02, 0xFF, 0x00, 0x24,
    0x7C, 0x00, 0x01, 0xD0, 0x00, 0x1C, 0x00, 0x03, 0xC0, 0x2F, 0xE0, 0x01, 0x6E, 0x00, 0x00, 0x34,
    0x00, 0x03, 0x80, 0x00, 0x74, 0x24, 0x1F, 0x03, 0xFF, 0x80, 0x00, 0x00, 0x00, 0x00, 0x00, 0x07,
    0x1C, 0x01, 0x04, 0x00, 0x00, 0x1F, 0xF0, 0x04, 0x78, 0x00, 0x2C, 0x00, 0x74, 0x0F, 0xD0, 0x00,
    0xB0, 0x00, 0x34, 0x40, 0xB0, 0xFF, 0xC0, 0x00, 0x00, 0x07, 0xFF, 0xC0, 0x55, 0xB8, 0x00, 0x1E,
    0x00, 0x07, 0x40, 0x01, 0xD0, 0x00, 0x3E, 0x00, 0x01, 0xBD, 0x00, 0x00, 0xE0, 0x00, 0x0F, 0x00,
    0x00, 0xE0, 0x90, 0x7C, 0x0B, 0xFE, 0x00, 0x00, 0x00, 0x00, 0x02, 0xFF, 0xD0, 0x05, 0x7C, 0x00,
    0x0B, 0x00, 0x02, 0xC0, 0x00, 0xB0, 0x00, 0x1F, 0x40, 0x00, 0x6E, 0x00, 0x00, 0xB0, 0x00, 0x07,
    0x00, 0x00, 0x70, 0x00, 0x0F, 0x02, 0x46, 0xC0, 0x2F, 0xE0, 0x00, 0x00, 0x05, 0x50, 0x00, 0x1F,
    0xF0, 0x00, 0x00, 0x00, 0x03, 0x40, 0x1D, 0x03, 0x40, 0x3C, 0x07, 0x00, 0xFC, 0x0B, 0x02, 0xAC,
    0x0E, 0x0B, 0x38, 0x0D, 0x1C, 0x34, 0x1C, 0x34, 0x70, 0x1C, 0xE0, 0xB0, 0x2E, 0xC0, 0xA0, 0x3F,
    0x00, 0xE0, 0x3D, 0x00, 0xD0, 0x78, 0x01, 0xC0, 0x00, 0x55, 0x00, 0x0F, 0xF4, 0x00, 0x00, 0x00,
    0xE0, 0x1C, 0x0D, 0x02, 0xC1, 0xC0, 0x38, 0x1C, 0x03, 0x42, 0xC0, 0x70, 0x38, 0x0B, 0x03, 0x40,
    0xF0, 0x38, 0x7E, 0x02, 0xFC, 0xD0, 0x00, 0x00, 0x00, 0x00, 0x00, 0x00, 0x00, 0x1C, 0x70, 0x00,
    0x04, 0x10, 0x00, 0x00, 0x00, 0x03, 0x40, 0x1D, 0x03, 0x40, 0x3C, 0x07, 0x00, 0xFC, 0x0B, 0x02,
    0xAC, 0x0E, 0x0B, 0x38, 0x0D, 0x1C, 0x34, 0x1C, 0x34, 0x70, 0x1C, 0xE0, 0xB0, 0x2E, 0xC0, 0xA0,
    0x3F, 0x00, 0xE0, 0x3D, 0x00, 0xD0, 0x78, 0x01, 0xC0, 0x00, 0x00, 0x00, 0x0D, 0x34, 0x00, 0x41,
    0x00, 0x00, 0x00, 0x0E, 0x01, 0xC0, 0xD0, 0x2C, 0x1C, 0x03, 0x81, 0xC0, 0x34, 0x2C, 0x07, 0x03,
    0x80, 0xB0, 0x34, 0x0F, 0x03, 0x87, 0xE0, 0x2F, 0xCD, 0x00, 0x00, 0x00, 0x00, 0x00, 0x00, 0x00,
    0xD3, 0x00, 0x01, 0x04, 0x00, 0x00, 0x00, 0x01, 0xFF, 0x80, 0x2E, 0x5B, 0x81, 0xD0, 0x0B, 0x0E,
    0x00, 0x0D, 0x74, 0x00, 0x36, 0xC0, 0x00, 0xDB, 0x00, 0x07, 0x7C, 0x00, 0x2C, 0xB0, 0x00, 0xF1,
    0xD0, 0x0B, 0x43, 0xD1, 0xB4, 0x02, 0xFF, 0x40, 0x00, 0x00, 0x00, 0x00, 0x00, 0x00, 0x71, 0xC0,
    0x04, 0x10, 0x00, 0x00, 0x02, 0xFD, 0x03, 0xD2, 0xC1, 0xC0, 0x38, 0xE0, 0x0E, 0x34, 0x03, 0x8D,
    0x00, 0xD3, 0x40, 0xB0, 0xF0, 0xB4, 0x0F, 0xF4, 0x00, 0x00, 0x00, 0x00, 0x00, 0x00, 0x07, 0xFE,
    0x00, 0xB9, 0x6E, 0x07, 0x40, 0x2C, 0x38, 0x00, 0x35, 0xD0, 0x00, 0xDB, 0xAA, 0xAB, 0x6E, 0xAA,
    0xAD, 0xF0, 0x00, 0xB2, 0xC0, 0x03, 0xC7, 0x00, 0x2D, 0x0F, 0x46, 0xD0, 0x0B, 0xFD, 0x00, 0x00,
    0x00, 0x00, 0x00, 0x00, 0x00, 0xBF, 0x40, 0xF4, 0xB0, 0x70, 0x0E, 0x3C, 0x03, 0x8F, 0xFF, 0xE3,
    0x40, 0x34, 0xD0, 0x2C, 0x3C, 0x2D, 0x03, 0xFD, 0x00, 0x00, 0x00, 0x00, 0x00, 0x00, 0x02, 0xCB,
    0x00, 0x01, 0x04, 0x00, 0x00, 0x00, 0x01, 0xFF, 0x80, 0x2E, 0x5B, 0x81, 0xD0, 0x0B, 0x0E, 0x00,
    0x0D, 0x74, 0x00, 0x36, 0xEA, 0xAA, 0xDB, 0xAA, 0xAB, 0x7C, 0x00, 0x2C, 0xB0, 0x00, 0xF1, 0xC0,
    0x0B, 0x43, 0xD1, 0xB4, 0x02, 0xFF, 0x40, 0x00, 0x00, 0x00, 0x00, 0x00, 0x00, 0x71, 0xC0, 0x04,
    0x10, 0x00, 0x00, 0x02, 0xFD, 0x03, 0xD2, 0xC1, 0xC0, 0x38, 0xF0, 0x0E, 0x3F, 0xFF, 0x8D, 0x00,
    0xD3, 0x40, 0xB0, 0xF0, 0xB4, 0x0F, 0xF4, 0x00, 0x00, 0x00, 0x00, 0x00, 0x00, 0x1C, 0x70, 0x00,
    0x41, 0x00, 0x00, 0x00, 0x0B, 0xFD, 0x00, 0x91, 0xB8, 0x00, 0x02, 0xC0, 0x00, 0x1D, 0x00, 0x00,
    0xD0, 0x3F, 0xFD, 0x02, 0xAB, 0xC0, 0x00, 0x2C, 0x00, 0x03, 0x80, 0x00, 0xF0, 0x50, 0x7D, 0x0B,
    0xFE, 0x00, 0x00, 0x00, 0x00, 0x00, 0x00, 0x0B, 0x2C, 0x04, 0x10, 0x00, 0x00, 0x1F, 0xE0, 0x04,
    0x78, 0x00, 0x2C, 0x00, 0x2C, 0x0F, 0xFC, 0x00, 0x2C, 0x00, 0x38, 0x40, 0xF0, 0x7F, 0xC0, 0x00,
    0x00, 0x00, 0x15, 0x40, 0x02, 0xFE, 0x00, 0x00, 0x00, 0x03, 0x40, 0x0D, 0x0E, 0x00, 0xF0, 0x2C,
    0x07, 0x40, 0x70, 0x38, 0x00, 0xD1, 0xC0, 0x03, 0x8D, 0x00, 0x0B, 0xB0, 0x00, 0x1F, 0x40, 0x00,
    0x38, 0x00, 0x02, 0xC0, 0x00, 0x6D, 0x00, 0x0F, 0xD0, 0x00, 0x00, 0x00, 0x00, 0x00, 0x15, 0x40,
    0x01, 0xFF, 0x00, 0x00, 0x00, 0x00, 0xD0, 0x0D, 0x03, 0x40, 0xB0, 0x0E, 0x07, 0x40, 0x28, 0x38,
    0x00, 0xB1, 0xC0, 0x01, 0xCE, 0x00, 0x03, 0x70, 0x00, 0x0F, 0x80, 0x00, 0x3C, 0x00, 0x00, 0xD0,
    0x00, 0x0B, 0x00, 0x00, 0xB4, 0x00, 0x2F, 0x40, 0x00, 0x00, 0x00, 0x00, 0x01, 0xC7, 0x00, 0x01,
    0x04, 0x00, 0x00, 0x00, 0x0D, 0x00, 0x34, 0x38, 0x03, 0xC0, 0xB0, 0x1D, 0x01, 0xC0, 0xE0, 0x03,
    0x47, 0x00, 0x0E, 0x34, 0x00, 0x2E, 0xC0, 0x00, 0x7D, 0x00, 0x00, 0xE0, 0x00, 0x0B, 0x00, 0x01,
    0xB4, 0x00, 0x3F, 0x40, 0x00, 0x00, 0x00, 0x00, 0x00, 0x00, 0x00, 0x00, 0xC3, 0x00, 0x01, 0x04,
    0x00, 0x00, 0x00, 0x03, 0x40, 0x34, 0x0D, 0x02, 0xC0, 0x38, 0x1D, 0x00, 0xA0, 0xE0, 0x02, 0xC7,
    0x00, 0x07, 0x38, 0x00, 0x0D, 0xC0, 0x00, 0x3E, 0x00, 0x00, 0xF0, 0x00, 0x03, 0x40, 0x00, 0x2C,
    0x00, 0x02, 0xD0, 0x00, 0xBD, 0x00, 0x00, 0x00, 0x0A, 0x24, 0x00, 0xB2, 0x80, 0x02, 0x18, 0x00,
    0x00, 0x00, 0x0D, 0x00, 0x34, 0x38, 0x03, 0xC0, 0xB0, 0x1D, 0x01, 0xC0, 0xE0, 0x03, 0x47, 0x00,
    0x0E, 0x34, 0x00, 0x2E, 0xC0, 0x00, 0x7D, 0x00, 0x00, 0xE0, 0x00, 0x0B, 0x00, 0x01, 0xB4, 0x00,
    0x3F, 0x40, 0x00, 0x00, 0x00, 0x00, 0x00, 0x06, 0x28, 0x00, 0x71, 0xC0, 0x02, 0x08, 0x00, 0x00,
    0x00, 0x03, 0x40, 0x34, 0x0D, 0x02, 0xC0, 0x38, 0x1D, 0x00, 0xA0, 0xE0, 0x02, 0xC7, 0x00, 0x07,
    0x38, 0x00, 0x0D, 0xC0, 0x00, 0x3E, 0x00, 0x00, 0xF0, 0x00, 0x03, 0x40, 0x00, 0x2C, 0x00, 0x02,
    0xD0, 0x00, 0xBD, 0x00, 0x00, 0x00, 0x00, 0x00, 0x0E, 0x38, 0x00, 0x41, 0x00, 0x00, 0x00, 0x1C,
    0x00, 0xD2, 0xC0, 0x1C, 0x38, 0x02, 0xC3, 0x40, 0x38, 0x34, 0x03, 0x83, 0x80, 0x34, 0x1F, 0xFF,
    0x00, 0x19, 0xB0, 0x00, 0x0E, 0x00, 0x00, 0xD0, 0x00, 0x0D, 0x00, 0x01, 0xC0, 0x00, 0x00, 0x07,
    0x1C, 0x01, 0x04, 0x00, 0x00, 0x34, 0x0A, 0x70, 0x0E, 0xB0, 0x1D, 0xB0, 0x3C, 0xB5, 0xFC, 0x2F,
    0x78, 0x00, 0x38, 0x00, 0x34, 0x00, 0x70, 0x03, 0xFF, 0xC0, 0x39, 0x54, 0x07, 0x00, 0x00, 0xB0,
    0x00, 0x0B, 0x00, 0x00, 0xE0, 0x00, 0x0D, 0x00, 0x01, 0xC0, 0x00, 0x2C, 0x00, 0x03, 0x80, 0x00,
    0x39, 0x00, 0x03, 0xE0, 0x00, 0x0D, 0x00, 0x00, 0xC0, 0x00, 0x1C, 0x00, 0x00, 0x00, 0x00, 0x0B,
    0xFC, 0x0E, 0x54, 0x0D, 0x00, 0x1C, 0x00, 0x2C, 0x00, 0x38, 0x00, 0x34, 0x00, 0x34, 0x00, 0x7D,
    0x00, 0x1C, 0x00, 0x2C, 0x00, 0x38, 0x00, 0x00, 0x00, 0x00, 0x00, 0x00, 0x00, 0x00, 0xB2, 0xC0,
    0x00, 0x01, 0x04, 0x00, 0x00, 0x00, 0x00, 0x03, 0x40, 0x01, 0xC0, 0x34, 0x00, 0x2C, 0x07, 0x00,
    0x02, 0xC0, 0xB0, 0x00, 0x38, 0x0E, 0x00, 0x03, 0x40, 0xFF, 0xC0, 0x70, 0x1C, 0x0F, 0x0B, 0x01,
    0xC0, 0x70, 0xE0, 0x2C, 0x07, 0x0E, 0x03, 0x80, 0xF0, 0xD0, 0x39, 0x6D, 0x1C, 0x07, 0xFE, 0x02,
    0xC0, 0x00, 0x00, 0x00, 0x00, 0x38, 0xE0, 0x00, 0x10, 0x40, 0x00, 0x00, 0x00, 0x0E, 0x00, 0x0A,
    0x0D, 0x00, 0x0E, 0x0C, 0x00, 0x0D, 0x1E, 0xA0, 0x1C, 0x2E, 0xBC, 0x2C, 0x38, 0x0E, 0x38, 0x38,
    0x0E, 0x34, 0x2C, 0x2C, 0x30, 0x0F, 0xF4, 0x70, 0x00, 0x00, 0x00, 0x03, 0xFF, 0xC0, 0x39, 0x54,
    0x07, 0x00, 0x00, 0xB0, 0x00, 0x0B, 0x00, 0x02, 0xFA, 0x00, 0x3F, 0xE0, 0x01, 0xC0, 0x00, 0x2C,
    0x00, 0x03, 0x80, 0x00, 0x38, 0x00, 0x03, 0xE0, 0x00, 0x0D, 0x00, 0x01, 0xC0, 0x00, 0xF8, 0x00,
    0x00, 0x00, 0x00, 0x02, 0xFF, 0x00, 0xE5, 0x40, 0x34, 0x00, 0x1C, 0x00, 0x3F, 0xF0, 0x03, 0x80,
    0x00, 0xD0, 0x00, 0x34, 0x00, 0x1F, 0x40, 0x00, 0xC0, 0x00, 0xB0, 0x00, 0xF4, 0x00, 0x00, 0x00,
    0x00, 0x03, 0x40, 0x28, 0x02, 0xC0, 0xB0, 0x00, 0xC1, 0xD0, 0x00, 0xE3, 0x40, 0x00, 0x7E, 0x00,
    0x00, 0x3C, 0x00, 0x00, 0xBC, 0x00, 0x01, 0xDD, 0x00, 0x03, 0x4E, 0x00, 0x0E, 0x07, 0x00, 0x2C,
    0x03, 0x80, 0x70, 0x03, 0xE0, 0x00, 0x00, 0xD0, 0x00, 0x01, 0xC0, 0x00, 0x0F, 0x80, 0x00, 0x00,
    0x00, 0x07, 0x02, 0xC0, 0x34, 0x74, 0x02, 0xCD, 0x00, 0x0F, 0x80, 0x00, 0xF0, 0x00, 0x2F, 0x00,
    0x0B, 0x28, 0x01, 0xD1, 0xD0, 0x34, 0x0F, 0x40, 0x00, 0x30, 0x00, 0x07, 0x00, 0x03, 0xE0, 0x00,
    0x00, 0x00, 0x03, 0x40, 0x28, 0x02, 0xC0, 0xB0, 0x00, 0xC1, 0xD0, 0x00, 0xE3, 0x40, 0x00, 0x7E,
    0x00, 0x0B, 0xFF, 0xD0, 0x05, 0xFD, 0x40, 0x01, 0xDD, 0x00, 0x03, 0x4E, 0x00, 0x0E, 0x07, 0x00,
    0x2C, 0x03, 0x40, 0x70, 0x03, 0x80, 0x07, 0x02, 0xC0, 0x34, 0x74, 0x02, 0xCD, 0x00, 0x1F, 0x80,
    0x0F, 0xFF, 0x00, 0x2F, 0x40, 0x0B, 0x28, 0x01, 0xD1, 0xC0, 0x34, 0x0E, 0x00, 0x00, 0x01, 0x86,
    0xB1, 0x54, 0x50, 0x14, 0x05, 0x01, 0x40, 0x50, 0x14, 0x05, 0x01, 0x40, 0x50, 0x14, 0x00, 0x00,
    0x00, 0x08, 0x07, 0xA4, 0x55, 0x01, 0x40, 0x50, 0x14, 0x05, 0x01, 0x40, 0x50, 0x14, 0x05, 0x01,
    0x40, 0x50, 0x00, 0x00, 0x1F, 0xE0, 0x00, 0x00, 0x1F, 0xE0, 0x00, 0x1A, 0xAA, 0x4A, 0xAA, 0x90,
    0x00, 0x00, 0x7F, 0xFD, 0x00, 0x00, 0x00, 0x00, 0x00, 0x00, 0x7F, 0xFF, 0xFF, 0xFD, 0x00, 0x00,
    0x00, 0x00, 0x00, 0x00, 0x00, 0x00, 0x7F, 0xFF, 0xFF, 0xFD, 0x00, 0x00, 0x00, 0x00, 0x50, 0x8A,
    0x0D, 0xA0, 0xDA, 0x0D, 0xA0, 0xDA, 0x0D, 0xA0, 0xDA, 0x0D, 0xA0, 0xDA, 0x0D, 0xA0, 0xDA, 0x0D,
    0xA0, 0xDA, 0x0D, 0xA0, 0xDA, 0x0D, 0xA0, 0xD0, 0x00, 0x2A, 0xA9, 0x2A, 0xA8, 0x15, 0x54, 0x6A,
    0xA8, 0x0C, 0x28, 0x34, 0xF0, 0x00, 0x1C, 0x38, 0x70, 0xA0, 0x00, 0x1D, 0x2C, 0x34, 0xA0, 0x00,
    0x34, 0xD3, 0x4A, 0x00, 0x0C, 0x30, 0xA2, 0xC3, 0x4D, 0x3C, 0xB0, 0x00, 0x00, 0x1C, 0x70, 0xE3,
    0xC7, 0x0C, 0x28, 0xA0, 0x00, 0x00, 0x1D, 0x74, 0xB2, 0xC3, 0x4D, 0x28, 0x70, 0x00, 0x00, 0x35,
    0xC3, 0x4D, 0x34, 0xD2, 0x8D, 0x00, 0x00, 0x00, 0x80, 0x07, 0x00, 0x18, 0x05, 0xA5, 0x3F, 0xF8,
    0x0C, 0x00, 0x30, 0x02, 0x80, 0x0D, 0x00, 0x34, 0x01, 0xC0, 0x0B, 0x00, 0x3C, 0x00, 0x00, 0x24,
    0x00, 0x1C, 0x00, 0x07, 0x00, 0x3B, 0xEC, 0x09, 0xE5, 0x00, 0x30, 0x00, 0x1C, 0x00, 0x0B, 0x00,
    0x02, 0x40, 0x1F, 0xFF, 0x00, 0x30, 0x00, 0x1C, 0x00, 0x0B, 0x00, 0x00, 0x00, 0x0F, 0xC7, 0xF5,
    0xFC, 0x2E, 0x00, 0x04, 0x00, 0xE0, 0x1F, 0xC2, 0xFD, 0x38, 0x00, 0x00, 0x01, 0xDB, 0x40, 0x00,
    0x01, 0xD0, 0xDB, 0x47, 0x40, 0x00, 0x00, 0x00, 0x01, 0xD0, 0xE0, 0xFB, 0x47, 0x83, 0xC0, 0x00,
    0x00, 0x02, 0xCF, 0x00, 0x00, 0x1A, 0x95, 0x01, 0x40, 0x50, 0x14, 0x05, 0x01, 0x40, 0x50, 0x14,
    0x05, 0x01, 0x40, 0x50, 0x00, 0x00, 0x00, 0x1A, 0x90, 0x14, 0x05, 0x01, 0x40, 0x50, 0x14, 0x05,
    0x01, 0x40, 0x50, 0x14, 0x05, 0x01, 0x40, 0x00, 0x55, 0xFF, 0xFF, 0xFF, 0x14, 0x14, 0x14, 0x14,
    0x14, 0x14, 0x14, 0x14, 0x14, 0x14, 0x00, 0x55, 0x80, 0x80, 0xEA, 0x14, 0x14, 0x14, 0x14, 0x14,
    0x14, 0x14, 0x14, 0x14, 0x14, 0x00, 0x55, 0x02, 0x02, 0xAB, 0x14, 0x14, 0x14, 0x14, 0x14, 0x14,
    0x14, 0x14, 0x14, 0x14, 0x00, 0x00, 0x00, 0x00, 0x00, 0x00, 0xFC, 0x02, 0x80, 0x00, 0x38, 0xD0,
    0x70, 0x00, 0x07, 0x0D, 0x0C, 0x00, 0x00, 0xA0, 0xD3, 0x40, 0x00, 0x0A, 0x0C, 0xA1, 0x00, 0x00,
    0xA2, 0x9D, 0xFC, 0x2F, 0x87, 0xF3, 0x74, 0xA7, 0x1C, 0x04, 0xE3, 0x0A, 0xD0, 0xC0, 0x2C, 0x70,
    0xDC, 0x1C, 0x07, 0x0A, 0x0C, 0xC2, 0x80, 0xD0, 0x72, 0x8D, 0x30, 0x28, 0x03, 0xF0, 0xBD, 0x00,
    0x00, 0x00, 0x00, 0x00, 0x00, 0x00, 0x00, 0x00, 0x00, 0x00, 0x3F, 0x00, 0xA0, 0x00, 0x00, 0x03,
    0x8D, 0x07, 0x00, 0x00, 0x00, 0x1C, 0x34, 0x30, 0x00, 0x00, 0x00, 0xA0, 0xD3, 0x40, 0x00, 0x00,
    0x02, 0x83, 0x28, 0x40, 0x00, 0x01, 0x0A, 0x29, 0xDF, 0xC2, 0xF8, 0x7F, 0x1F, 0xCD, 0xD2, 0x9C,
    0x73, 0x4D, 0x04, 0xE3, 0x0A, 0xD0, 0xDC, 0x34, 0x0B, 0x1C, 0x37, 0x07, 0xA0, 0xD0, 0x70, 0xA0,
    0xCC, 0x2A, 0x83, 0x03, 0x41, 0xCA, 0x34, 0xCA, 0x28, 0x28, 0x03, 0xF0, 0xBD, 0x0F, 0xC0, 0x00,
    0x00, 0x00, 0x00, 0x00, 0x00, 0x0E, 0x1C, 0x34, 0x60, 0x40, 0x0E, 0x34, 0x72, 0x83, 0x4C, 0x18,
    0x90, 0x41, 0x00, 0x0E, 0x35, 0xC1, 0xCA, 0x38, 0x34, 0xC7, 0x06, 0x24, 0xD0, 0x41, 0x04, 0x00,
    0xA1, 0xC3, 0x0D, 0x00, 0xA3, 0x47, 0x34, 0x32, 0x83, 0x4C, 0x00, 0x40, 0xA3, 0x5C, 0x73, 0x4C,
    0x32, 0x8C, 0x34, 0xC9, 0x00, 0x40, 0x00, 0x40, 0x07, 0x00, 0x36, 0x02, 0x4C, 0x18, 0x30, 0xC0,
    0x90, 0x01, 0x41, 0xC1, 0xC0, 0xD0, 0x38, 0x07, 0x00, 0x90, 0x00, 0x14, 0x07, 0x00, 0xD0, 0x2C,
    0x0E, 0x0D, 0x09, 0x00, 0x00, 0x00, 0x00, 0x00, 0x02, 0x00, 0xE0, 0x14, 0x1C, 0x0A, 0x07, 0x40,
    0x70, 0x01, 0xD0, 0x01, 0xC0, 0x74, 0x00, 0x07, 0x1D, 0x00, 0x34, 0x1F, 0x41, 0xC3, 0x81, 0xF0,
    0x2C, 0x00, 0x75, 0xC0, 0x00, 0x1D, 0x07, 0x00, 0x07, 0x40, 0x1C, 0x00, 0xD0, 0x90, 0x70, 0x24,
    0x0F, 0x01, 0x80, 0x00, 0x00, 0x00, 0x07, 0x47, 0x41, 0xC2, 0xC0, 0xB0, 0xB0, 0x38, 0x38, 0x0D,
    0x0D, 0x03, 0x47, 0x01, 0xC1, 0xC0, 0xB0, 0xA0, 0x14, 0x24, 0x00, 0x00, 0x07, 0x47, 0x02, 0xD2,
    0xC0, 0x00, 0x00, 0x00, 0x00, 0x00, 0xBF, 0x82, 0xF7, 0x43, 0x8E, 0x0D, 0x34, 0x32, 0xC1, 0xFC,
    0x0B, 0x80, 0x2C, 0x00, 0x90, 0x00, 0x00, 0x1D, 0x00, 0xB0, 0x00, 0x00, 0x00, 0x3F, 0xFD, 0x15,
    0x54, 0x00, 0x00, 0x24, 0x00, 0x83, 0x00, 0xD0, 0x3F, 0x80, 0x00, 0x00, 0x01, 0xEB, 0x42, 0x80,
    0x31, 0x80, 0x02, 0x00, 0x00, 0x00, 0x00, 0x02, 0x00, 0x0C, 0x00, 0x18, 0x00, 0x30, 0x00, 0x90,
    0x00, 0xC0, 0x03, 0x80, 0x06, 0x80, 0x0C, 0xC0, 0x24, 0xC0, 0x20, 0x80, 0x00, 0x00, 0x18, 0x00,
    0x00, 0x00, 0x02, 0x80, 0x00, 0x00, 0x0D, 0x24, 0x00, 0x00, 0x00, 0xBF, 0x54, 0x00, 0x00, 0x00,
    0xBA, 0xD0, 0x00, 0x00, 0x2D, 0x80, 0x00, 0x00, 0x07, 0x0C, 0x00, 0x00, 0x04, 0x00, 0xD0, 0x40,
    0x00, 0xC0, 0x00, 0x1C, 0x05, 0x1C, 0x00, 0x51, 0x80, 0xBE, 0x84, 0x0B, 0xE4, 0x40, 0x7F, 0xE0,
    0x07, 0xFE, 0x0D, 0xC0, 0x01, 0xDC, 0x03, 0x4D, 0x00, 0x34, 0xD0, 0x10, 0xA0, 0x01, 0x0A, 0x00,
    0x00, 0x00, 0x00, 0x00, 0x00, 0x1F, 0xC0, 0x00, 0x00, 0x00, 0x60, 0x00, 0x03, 0x00, 0x00, 0x34,
    0x00, 0x02, 0x80, 0x00, 0x1C, 0x00, 0x00, 0xC0, 0x00, 0x0D, 0x00, 0x00, 0xA0, 0x00, 0x07, 0x00,
    0x00, 0x30, 0x00, 0x03, 0x40, 0x00, 0x28, 0x00, 0x00, 0x00, 0xFC, 0x01, 0xD4, 0x02, 0xC0, 0x03,
    0x80, 0x03, 0x40, 0x03, 0x00, 0x07, 0x00, 0x0B, 0xE0, 0x0E, 0x00, 0x0D, 0x00, 0x1C, 0x00, 0x1C,
    0x00, 0x28, 0x00, 0x3E, 0x00, 0x2A, 0x00, 0x00, 0xFC, 0x00, 0x6C, 0x00, 0x38, 0x00, 0x34, 0x00,
    0x30, 0x00, 0x70, 0x00, 0xB0, 0x0B, 0xE0, 0x00, 0xD0, 0x01, 0xC0, 0x01, 0xC0, 0x02, 0x80, 0x03,
    0x40, 0x2B, 0x00, 0x2A, 0x00, 0x00, 0x00, 0x00, 0x02, 0xFE, 0x0B, 0xF8, 0x24, 0xB4, 0x91, 0xE0,
    0x03, 0x80, 0x0E, 0x00, 0x34, 0x00, 0xE0, 0x0B, 0x00, 0x2C, 0x03, 0xC0, 0x0B, 0x40, 0xE0, 0x03,
    0xC0, 0x2C, 0x00, 0x70, 0x02, 0x40, 0x05, 0x00, 0x00, 0x00, 0x00, 0x07, 0x40, 0x1D, 0x00, 0xB0,
    0x02, 0xD0, 0x00, 0x00, 0x00, 0x00, 0x00, 0x00, 0x00, 0xBF, 0x80, 0xE2, 0x4B, 0x47, 0x40, 0x0E,
    0x1C, 0x00, 0x34, 0xB0, 0x02, 0xC3, 0x80, 0x3C, 0x0D, 0x03, 0x80, 0x30, 0x2C, 0x01, 0xC0, 0x90,
    0x05, 0x00, 0x00, 0x00, 0x1D, 0x00, 0xD0, 0xB0, 0x07, 0x40, 0x00, 0x00, 0x00, 0x00, 0x00, 0x00,
    0x07, 0x4B, 0xFC, 0x07, 0x09, 0x1E, 0x0B, 0x00, 0x0B, 0x0E, 0x00, 0x0B, 0x0D, 0x00, 0x1D, 0x0D,
    0x00, 0xB4, 0x1C, 0x02, 0xC0, 0x2C, 0x03, 0x00, 0x14, 0x05, 0x00, 0x00, 0x00, 0x00, 0x74, 0x0E,
    0x00, 0xB4, 0x1E, 0x00, 0x00, 0x00, 0x00, 0xFF, 0xFF, 0x00, 0x03, 0xC0, 0x01, 0xC0, 0x00, 0xE0,
    0x00, 0xB0, 0x00, 0x34, 0x00, 0x3C, 0x00, 0x1C, 0x00, 0x0E, 0x00, 0x00, 0x2A, 0xA8, 0x1E, 0xFF,
    0xC6, 0x2F, 0xF9, 0x8B, 0xFF, 0x62, 0xFF, 0xD8, 0xBF, 0xF6, 0x2F, 0xF9, 0x8B, 0xFC, 0x62, 0xA4,
    0x18, 0x90, 0x06, 0x24, 0x01, 0x89, 0x00, 0x62, 0x40, 0x18, 0x90, 0x06, 0x24, 0x00, 0x00, 0x00,
    0x07, 0xFF, 0xC1, 0xFF, 0x8C, 0x3F, 0xF8, 0xC3, 0xFF, 0x8C, 0x3F, 0xF8, 0xC3, 0xFF, 0x8C, 0x2F,
    0xF8, 0xC0, 0xFF, 0xFC, 0x01, 0x55, 0x40, 0xBF, 0xF8, 0x28, 0xFF, 0xC9, 0x3F, 0xFA, 0x4F, 0xFE,
    0x93, 0xFF, 0xA4, 0xFF, 0xE9, 0x3F, 0xF6, 0xFF, 0xF8, 0x15, 0x50, 0x00, 0x00, 0x20, 0x00, 0x1C,
    0x02, 0x4A, 0x00, 0x7F, 0x95, 0x01, 0xFA, 0x41, 0xDC, 0x01, 0xC3, 0x40, 0x00, 0x90, 0x00, 0x0E,
    0x0D, 0x00, 0x00, 0x00, 0x00, 0x00, 0x70, 0x70, 0x70, 0x30, 0x00, 0x00, 0x00, 0x00, 0x01, 0xEB,
    0x40, 0x28, 0x03, 0x01, 0x80, 0x02, 0x00, 0x00, 0x00, 0x00, 0x00, 0x00, 0x00, 0x00, 0x00, 0x00,
    0x00, 0x00, 0x00, 0x00, 0x00, 0x00, 0x00, 0x00, 0x00, 0x00, 0x00, 0x00, 0x00, 0x00, 0x00, 0x00,
    0x00, 0x00, 0x00, 0x00, 0x24, 0x00, 0x80, 0x30, 0x0D, 0x00, 0x3F, 0x80, 0x00, 0x00, 0x14, 0x00,
    0x02, 0x80, 0x0D, 0x24, 0x00, 0xBF, 0x54, 0x00, 0xBA, 0xD0, 0x2A, 0x80, 0x0B, 0x0C, 0x00, 0x00,
    0xD0, 0x00, 0x80, 0x00, 0x1C, 0x00, 0x91, 0x80, 0x07, 0xF9, 0x50, 0x07, 0xEA, 0x01, 0xDC, 0x00,
    0x34, 0xD0, 0x00, 0x0A, 0x00, 0x00, 0x02, 0xC1, 0xCB, 0x0E, 0x00, 0x30, 0x02, 0x80, 0x0D, 0x00,
    0x70, 0x02, 0x80, 0x0C, 0x00, 0xB0, 0x03, 0x40, 0x1C, 0x2C, 0xA0, 0xF0, 0x00, 0x00, 0x00, 0x00,
    0x00, 0x00, 0x7F, 0xF9, 0x00, 0xA3, 0x00, 0x6F, 0xEF, 0x00, 0x00, 0x01, 0x50, 0x01, 0xA4, 0x00,
    0xA4, 0x70, 0x24, 0x00, 0x81, 0x00, 0x08, 0x00, 0x40, 0x00, 0x34, 0x41, 0xCD, 0xB0, 0x1F, 0xF0,
    0x6B, 0xFA, 0x85, 0xFE, 0x50, 0xAE, 0xC0, 0x73, 0x5C, 0x00, 0xD0, 0x00, 0x00, 0x00, 0x00, 0x00,
    0x00, 0x0E, 0x00, 0x0D, 0x00, 0x00, 0x00, 0x00, 0x00, 0x00, 0x38, 0x00, 0x38, 0x00, 0x00, 0x00,
    0x00, 0x00, 0x00, 0x00, 0x00, 0x09, 0x00, 0x0E, 0x00, 0x00, 0x0E, 0x35, 0xCB, 0x07, 0x28, 0xE3,
    0x43, 0x4C, 0x72, 0x81, 0x89, 0x30, 0xC0, 0x41, 0x04, 0x00, 0x00, 0x00, 0x00, 0x00, 0x00, 0x03,
    0x80, 0x00, 0x00, 0xD0, 0x00, 0x00, 0x00, 0x00, 0x00, 0x00, 0x00, 0x00, 0x00, 0x00, 0x03, 0x80,
    0x00, 0x38, 0xE0, 0x00, 0x0E, 0x00, 0x00, 0x00, 0x00, 0x00, 0x00, 0x00, 0x00, 0x00, 0x00, 0x00,
    0x24, 0x00, 0x00, 0x0E, 0x00, 0x00, 0x00, 0x00, 0x00, 0x00, 0x00, 0x00, 0x0E, 0x00, 0x00, 0xF2,
    0x80, 0x00, 0x28, 0x00, 0x00, 0x00, 0x00, 0x00, 0x00, 0x00, 0x00, 0x00, 0x00, 0x00, 0xE0, 0x00,
    0x00, 0x38, 0x00, 0x00, 0x00, 0x00, 0x00, 0x00, 0x00, 0x00, 0x00, 0x00, 0x00, 0x90, 0x00, 0x09,
    0x38, 0x00, 0x03, 0x80, 0x00, 0x00, 0x00, 0x00, 0xE3, 0x80, 0x00, 0x00, 0x00, 0x00, 0x00, 0x0E,
    0x38, 0x00, 0x00, 0x10, 0x00, 0x02, 0xD0, 0x00, 0x02, 0x00, 0x00, 0x00, 0x00, 0x00, 0x00, 0x00,
    0x00, 0x00, 0x03, 0x80, 0x0F, 0x0E, 0x00, 0x2C, 0x00, 0x00, 0x00, 0x00, 0x00, 0x00, 0x00, 0x00,
    0x00, 0x1C, 0x00, 0x00, 0xB4, 0x00, 0x00, 0x00, 0x00, 0x00, 0x00, 0x00, 0x00, 0x03, 0x40, 0x00,
    0xA0, 0xD1, 0xC0, 0x3C, 0x34, 0xB4, 0x00, 0x0D, 0x00, 0x00, 0x03, 0x40, 0x02, 0xAA, 0xEA, 0xA4,
    0xAA, 0xBE, 0xA9, 0x00, 0x0D, 0x00, 0x00, 0x03, 0x40, 0x00, 0xF0, 0xD2, 0xC0, 0x38, 0x34, 0xB0,
    0x00, 0x0D, 0x00, 0x00, 0x01, 0x00, 0x00, 0x63, 0xC6, 0x00, 0x01, 0x8F, 0x04, 0x00, 0x0B, 0x2C,
    0x00, 0x01, 0xD7, 0x40, 0x21, 0xE1, 0x04, 0x78, 0xD0, 0x1D, 0x74, 0x00, 0x55, 0x14, 0x14, 0xAA,
    0x14, 0x14, 0x14, 0x14, 0x14, 0x14, 0x14, 0x14, 0x14, 0x14, 0x00, 0x55, 0x82, 0x82, 0xEB, 0x14,
    0x14, 0x14, 0x14, 0x14, 0x14, 0x14, 0x14, 0x14, 0x14, 0x00, 0x55, 0x7D, 0x3C, 0x14, 0x14, 0x14,
    0x14, 0x14, 0x14, 0x14, 0x14, 0x14, 0x14, 0x14, 0x00, 0x00, 0x28, 0x3C, 0xBE, 0x14, 0x14, 0x14,
    0x14, 0x14, 0x14, 0x14, 0x14, 0x14, 0x14, 0x00, 0x00, 0x28, 0x96, 0x28, 0x14, 0x14, 0x14, 0x14,
    0x14, 0x14, 0x14, 0x14, 0x14, 0x14, 0x00, 0x50, 0x14, 0x14, 0xAA, 0x14, 0x14, 0x14, 0x14, 0x14,
    0x14, 0x14, 0x14, 0x14, 0x14, 0x00, 0x00, 0x00, 0xFD, 0x28, 0x63, 0x07, 0x30, 0xA7, 0x09, 0x30,
    0xC3, 0xF4, 0x00, 0x00, 0x00, 0x30, 0x09, 0x30, 0xC6, 0x14, 0x00, 0x00, 0x00, 0x0D, 0x03, 0xC0,
    0xDC, 0x25, 0xC7, 0xBD, 0x57, 0x80, 0x30, 0x00, 0x00, 0x00, 0x00, 0xFE, 0x0C, 0x01, 0x90, 0x1A,
    0xC0, 0x0C, 0x00, 0xC7, 0xF4, 0x00, 0x00, 0x00, 0x00, 0x7E, 0x1C, 0x03, 0x64, 0x39, 0xC3, 0x0D,
    0x30, 0xC2, 0xF8, 0x00, 0x00, 0x00, 0x00, 0x7F, 0xC0, 0x0A, 0x00, 0x70, 0x03, 0x40, 0x28, 0x00,
    0xC0, 0x0E, 0x00, 0x00, 0x00, 0x00, 0x00, 0xED, 0x28, 0x61, 0xDD, 0x1F, 0x47, 0x0C, 0xA0, 0xC3,
    0xF8, 0x00, 0x00, 0x00, 0x00, 0xFC, 0x24, 0xA3, 0x0A, 0x3A, 0xE0, 0x5D, 0x02, 0x87, 0xE0, 0x00,
    0x00, 0x00, 0x00, 0x50, 0x2A, 0x81, 0xA4, 0x05, 0x00, 0x00, 0x2A, 0x81, 0x54, 0x15, 0x41, 0x54,
    0x2A, 0x81, 0x54, 0x03, 0x02, 0x81, 0xC0, 0xA0, 0x30, 0x0C, 0x03, 0x00, 0xD0, 0x18, 0x00, 0x0C,
    0x09, 0x06, 0x06, 0x0A, 0x0D, 0x1C, 0x34, 0xA0, 0x00, 0x03, 0xAD, 0x34, 0x63, 0x09, 0x60, 0xC9,
    0x0C, 0x00, 0x00, 0x00, 0x00, 0xFD, 0x28, 0x73, 0x07, 0x30, 0x63, 0x09, 0x30, 0xC2, 0xF4, 0x00,
    0x00, 0x00, 0x0F, 0x3A, 0x0D, 0x0C, 0x0C, 0x1C, 0x28, 0x00, 0x00, 0x01, 0xFD, 0x00, 0xA0, 0x0D,
    0x02, 0x80, 0xA0, 0x38, 0x0B, 0xFC, 0x00, 0x00, 0x00, 0x01, 0xFD, 0x00, 0xA0, 0x0D, 0x0F, 0x40,
    0x0C, 0x00, 0xCB, 0xF4, 0x00, 0x00, 0x00, 0x00, 0x0E, 0x03, 0xD0, 0x9C, 0x18, 0xC7, 0xAD, 0x17,
    0x90, 0x34, 0x00, 0x00, 0x00, 0x00, 0xFE, 0x0C, 0x02, 0x90, 0x1A, 0xC0, 0x0C, 0x00, 0xC7, 0xF4,
    0x00, 0x00, 0x00, 0x00, 0x7E, 0x1C, 0x02, 0x54, 0x39, 0xD3, 0x09, 0x30, 0xD2, 0xF8, 0x00, 0x00,
    0x00, 0x00, 0x7F, 0xC0, 0x0A, 0x00, 0x70, 0x03, 0x40, 0x1C, 0x00, 0xC0, 0x0A, 0x00, 0x00, 0x00,
    0x00, 0x00, 0xFE, 0x18, 0x70, 0xDD, 0x1F, 0x83, 0x0C, 0x70, 0xC3, 0xF8, 0x00, 0x00, 0x00, 0x00,
    0xFD, 0x28, 0x63, 0x46, 0x29, 0xE0, 0x5D, 0x02, 0xC7, 0xE0, 0x00, 0x00, 0x00, 0x00, 0x60, 0x2B,
    0x81, 0xA4, 0x06, 0x00, 0x00, 0x2A, 0x81, 0x54, 0x15, 0x41, 0x54, 0x2A, 0x81, 0x54, 0x0D, 0x28,
    0x30, 0xA0, 0xD0, 0xC0, 0xC0, 0x90, 0x60, 0x08, 0x0A, 0x06, 0x06, 0x0A, 0x0D, 0x0C, 0x24, 0x60,
    0x0B, 0x60, 0x91, 0xC3, 0x06, 0x18, 0x24, 0x71, 0xC0, 0x61, 0x00, 0x0B, 0x82, 0x4C, 0x36, 0x86,
    0x40, 0x30, 0x01, 0xA0, 0x0A, 0x82, 0x46, 0x30, 0x66, 0x06, 0x30, 0xC1, 0xA0, 0x08, 0x24, 0x1A,
    0x80, 0x38, 0x01, 0xE0, 0x18, 0xC0, 0x81, 0x40, 0x2B, 0x00, 0x30, 0x5C, 0xDA, 0x93, 0x0A, 0x00,
    0x18, 0x02, 0x40, 0x26, 0x83, 0x49, 0x30, 0x96, 0x0C, 0x90, 0xC4, 0x04, 0x18, 0x02, 0x40, 0x20,
    0x83, 0x30, 0x3C, 0x06, 0x90, 0x93, 0x08, 0x10, 0x08, 0x52, 0x0C, 0x31, 0x89, 0x10, 0x26, 0x8B,
    0x4D, 0x28, 0x63, 0x0C, 0x19, 0x83, 0x09, 0x91, 0x83, 0x10, 0x50, 0x80, 0x16, 0xD2, 0xC3, 0x30,
    0x63, 0x09, 0x60, 0xC5, 0x08, 0x05, 0xB4, 0x28, 0x30, 0xC0, 0xC3, 0x06, 0x1C, 0x30, 0x9A, 0x03,
    0x00, 0x0C, 0x00, 0x0B, 0x89, 0x01, 0xC0, 0x0D, 0x02, 0x4A, 0x40, 0x08, 0x0F, 0x82, 0x40, 0xC0,
    0x30, 0x0C, 0x02, 0x80, 0x00, 0x00, 0x02, 0xFD, 0x02, 0xD1, 0x00, 0xD0, 0x00, 0xB0, 0x15, 0x2C,
    0x3F, 0xCE, 0x0C, 0x02, 0xC7, 0x00, 0x3F, 0xFD, 0x00, 0xE0, 0x00, 0x34, 0x00, 0x1C, 0x00, 0x07,
    0xFC, 0x00, 0x00, 0x04, 0x50, 0x00, 0xDD, 0x00, 0xBF, 0xE0, 0x3F, 0x28, 0x0F, 0x73, 0x01, 0xC9,
    0x60, 0x38, 0xC9, 0x03, 0x98, 0xC0, 0x37, 0x28, 0x03, 0xF3, 0x00, 0x2D, 0x60, 0x00, 0xFF, 0xE0,
    0x19, 0xD4, 0x03, 0x28, 0x00, 0x00, 0x00, 0x00, 0x7F, 0xD0, 0xB9, 0x64, 0xB4, 0x00, 0x38, 0x00,
    0x1C, 0x11, 0x4B, 0x0E, 0xE3, 0x87, 0x80, 0xE2, 0xC0, 0x38, 0xE0, 0x0B, 0x34, 0x01, 0xFD, 0x50,
    0x1F, 0xF4, 0x00, 0x00, 0x00, 0x01, 0xFF, 0xE0, 0x2D, 0x54, 0x02, 0x80, 0x00, 0x38, 0x00, 0x03,
    0x40, 0x00, 0x75, 0x50, 0x0B, 0xFF, 0x00, 0xE0, 0x00, 0x0E, 0x00, 0x07, 0xFD, 0x00, 0x1C, 0x00,
    0x02, 0xC0, 0x00, 0x00, 0x00, 0x00, 0x00, 0x7F, 0xD0, 0x03, 0x82, 0x00, 0x2C, 0x00, 0x00, 0xE0,
    0x00, 0x03, 0x80, 0x00, 0xBF, 0xF0, 0x00, 0x70, 0x00, 0x0F, 0xFE, 0x00, 0x1E, 0x50, 0x00, 0x70,
    0x00, 0x07, 0x95, 0x50, 0x3F, 0xFF, 0x80, 0x00, 0x00, 0x00, 0x00, 0x00, 0x00, 0xC0, 0x00, 0x00,
    0x28, 0x00, 0x97, 0xE7, 0xFC, 0x0F, 0x87, 0xF4, 0xE0, 0xF0, 0x3C, 0x0E, 0x1D, 0x07, 0x40, 0xD2,
    0xC0, 0xF0, 0x0D, 0x38, 0x1F, 0x01, 0xC3, 0x43, 0xE0, 0x2C, 0x34, 0x9D, 0x03, 0x87, 0x1C, 0xC0,
    0x34, 0x03, 0x00, 0x00, 0x00, 0x90, 0x00, 0x00, 0x03, 0xC0, 0xC0, 0x3C, 0x1C, 0x07, 0xC1, 0xC0,
    0xAC, 0x28, 0x3F, 0xFF, 0xD1, 0xDE, 0x74, 0x2D, 0xEB, 0x47, 0xEF, 0xF8, 0x28, 0x7A, 0x03, 0x43,
    0xD0, 0x30, 0x3C, 0x07, 0x03, 0xC0, 0x03, 0xF8, 0x00, 0x07, 0x6F, 0x00, 0x0B, 0x07, 0x00, 0x0A,
    0x07, 0x04, 0x0E, 0x0B, 0x34, 0x0D, 0x1F, 0xFF, 0x1F, 0xF8, 0xB4, 0x2D, 0x40, 0xB0, 0x38, 0x00,
    0xA0, 0x34, 0x00, 0xD0, 0x30, 0x00, 0xD0, 0x70, 0x00, 0xFC, 0x00, 0x00, 0x00, 0x03, 0xF8, 0x00,
    0x00, 0x75, 0xF0, 0x00, 0x0B, 0x07, 0x00, 0x00, 0xE0, 0x72, 0xFC, 0x0D, 0x0B, 0x74, 0x40, 0xD2,
    0xDB, 0x00, 0x1F, 0xF4, 0x74, 0x02, 0xCB, 0x02, 0xE0, 0x38, 0x70, 0x07, 0x43, 0x43, 0x40, 0x34,
    0x30, 0x35, 0x07, 0x47, 0x03, 0xAF, 0xE0, 0x00, 0x00, 0x00, 0x00, 0x0C, 0x0D, 0x0A, 0x1C, 0x1D,
    0x0C, 0x1C, 0x3D, 0x1C, 0x1C, 0x39, 0x38, 0x1C, 0x99, 0x30, 0x7E, 0xEE, 0xB4, 0x7E, 0xDE, 0xE4,
    0x2A, 0x4D, 0xC0, 0x2B, 0x0E, 0x80, 0x2E, 0x0F, 0x40, 0x2D, 0x0F, 0x00, 0x3C, 0x0E, 0x00, 0x03,
    0xFF, 0x40, 0xD0, 0x75, 0x5D, 0x0D, 0x0B, 0x00, 0xA1, 0xC0, 0xA2, 0x8A, 0x2C, 0x0D, 0x34, 0xD2,
    0x80, 0xC3, 0x0D, 0x34, 0x1C, 0x71, 0xC3, 0x02, 0xCB, 0x2C, 0x70, 0x38, 0xE2, 0x8B, 0x03, 0x4D,
    0x00, 0xD0, 0x30, 0xD0, 0x7C, 0x07, 0x1F, 0xFE, 0x00, 0x00, 0x00, 0x60, 0x00, 0x03, 0xC0, 0x03,
    0xFF, 0x80, 0x00, 0x34, 0x02, 0xF9, 0xC0, 0x3D, 0x2F, 0x01, 0xC0, 0x38, 0x0F, 0x00, 0xD0, 0x34,
    0x07, 0x00, 0xD0, 0x2C, 0x03, 0x40, 0xF0, 0x0E, 0x1F, 0x80, 0x1F, 0xCD, 0x00, 0x00, 0x00, 0x06,
    0xAA, 0x40, 0x2A, 0xA9, 0x00, 0x00, 0x00, 0x00, 0x00, 0xBF, 0x80, 0x0F, 0x56, 0x00, 0xB0, 0x00,
    0x03, 0x40, 0x00, 0xBE, 0xA0, 0x01, 0xFA, 0x80, 0x03, 0x80, 0x00, 0x7F, 0xF4, 0x00, 0x34, 0x00,
    0x00, 0xE0, 0x00, 0x02, 0xD0, 0x40, 0x02, 0xFE, 0x00, 0x00, 0x00, 0x00, 0x03, 0x80, 0x74, 0x0D,
    0x07, 0x40, 0x70, 0x74, 0x02, 0xC7, 0x40, 0x0B, 0x78, 0x00, 0xBF, 0xE9, 0x02, 0xFB, 0x94, 0x07,
    0x0E, 0x00, 0x2C, 0x2C, 0x00, 0xE0, 0x34, 0x03, 0x40, 0xB0, 0x0D, 0x01, 0xD0, 0x1F, 0xFF, 0xE0,
    0x5B, 0x94, 0x00, 0x70, 0x00, 0x0B, 0x70, 0x00, 0xF8, 0x00, 0x2E, 0x00, 0x1F, 0xDD, 0x00, 0x2F,
    0x40, 0x07, 0xC0, 0x03, 0xF8, 0x00, 0x13, 0x40, 0x00, 0x70, 0x00, 0x00, 0x00, 0x00, 0x00, 0x7F,
    0xF8, 0x00, 0x00, 0x24, 0x5F, 0x00, 0x00, 0x02, 0x03, 0x80, 0x00, 0x07, 0x01, 0xC0, 0x00, 0x0B,
    0x00, 0xD0, 0x00, 0x0E, 0x00, 0xD0, 0x00, 0x0D, 0x01, 0xC0, 0x50, 0x1C, 0x02, 0xC7, 0xBC, 0x1C,
    0x03, 0x8E, 0x0E, 0x28, 0x0F, 0x0C, 0x0E, 0x39, 0xBC, 0x1D, 0x2C, 0x3F, 0xD0, 0x2F, 0xF4, 0x00,
    0x00, 0x38, 0x00, 0x00, 0x00, 0x34, 0x00, 0x00, 0x00, 0x70, 0x00, 0x00, 0x00, 0x70, 0x00, 0x00,
    0x00, 0x00, 0x00, 0x1F, 0x80, 0x00, 0xD7, 0x00, 0x07, 0x0C, 0x00, 0x1C, 0x70, 0x00, 0x73, 0x40,
    0x01, 0xEC, 0x00, 0x03, 0xC0, 0x00, 0x0D, 0x00, 0x08, 0xB4, 0x00, 0xF7, 0xA0, 0x0A, 0xF1, 0xC0,
    0x71, 0x47, 0x00, 0x00, 0x1C, 0x00, 0x00, 0x70, 0x00, 0x13, 0x80, 0x00, 0xF8, 0x00, 0x03, 0xFE,
    0x00, 0x0D, 0x6D, 0x01, 0xBA, 0xBE, 0x07, 0xD5, 0xF4, 0x0E, 0x03, 0x81, 0xFF, 0xFF, 0x40, 0xD1,
    0xE0, 0x07, 0xFE, 0x00, 0x2C, 0x00, 0x00, 0xE0, 0x00, 0x03, 0x40, 0x00, 0x1C, 0x00, 0x00, 0x00,
    0x08, 0x00, 0x02, 0xFF, 0x80, 0x7E, 0xDA, 0x07, 0x86, 0x00, 0x3C, 0x24, 0x01, 0xD0, 0xD0, 0x0B,
    0x03, 0x54, 0x2C, 0x1F, 0xF4, 0xF0, 0x61, 0xC2, 0xC2, 0x4B, 0x0B, 0x4C, 0x38, 0x0F, 0x71, 0xD0,
    0x0B, 0xFF, 0x00, 0x0A, 0x00, 0x00, 0x00, 0x00, 0x00, 0x00, 0x0B, 0x00, 0x00, 0x7D, 0x00, 0x03,
    0xB4, 0x00, 0x1C, 0xE0, 0x05, 0xF7, 0xD4, 0x2F, 0xAF, 0x90, 0x38, 0x2C, 0x0F, 0xFF, 0xFD, 0x0E,
    0x01, 0xC0, 0xB0, 0x03, 0x43, 0x40, 0x0D, 0x2C, 0x00, 0x38, 0x00, 0x00, 0x00, 0x03, 0xFE, 0x00,
    0x09, 0x6D, 0x00, 0x00, 0x38, 0x00, 0x00, 0xE0, 0x7F, 0xFF, 0xC0, 0x5B, 0xF5, 0x05, 0xFE, 0x50,
    0x3F, 0xAA, 0x90, 0xB0, 0x00, 0x02, 0xC0, 0x00, 0x07, 0x81, 0x40, 0x0B, 0xFE, 0x00, 0x00, 0x00,
    0x00, 0x00, 0x08, 0x00, 0x0B, 0xFC, 0x07, 0xED, 0x80, 0xE1, 0x80, 0x3C, 0x24, 0x07, 0x43, 0x40,
    0xB0, 0x30, 0x0B, 0x03, 0x00, 0xF0, 0x60, 0x0B, 0x09, 0x00, 0x74, 0xC0, 0x03, 0xDC, 0x40, 0x0F,
    0xFC, 0x00, 0x28, 0x00, 0x00, 0x00, 0x00, 0x03, 0x03, 0x00, 0x1C, 0x1C, 0x03, 0xFF, 0xFF, 0x03,
    0x83, 0x80, 0x0D, 0x0D, 0x00, 0x70, 0x70, 0x02, 0xC2, 0xC0, 0x0E, 0x0E, 0x00, 0x34, 0x34, 0x00,
    0xD0, 0xE0, 0x07, 0x02, 0xF4, 0x00, 0x00, 0x00, 0x00, 0x00, 0x00, 0x00, 0x00, 0xFF, 0x80, 0x00,
    0xF5, 0x60, 0x00, 0xB0, 0x00, 0x00, 0x2C, 0x00, 0x00, 0x07, 0x40, 0x00, 0x00, 0xB8, 0x00, 0x00,
    0x07, 0xC0, 0x00, 0x00, 0x3C, 0x0A, 0x76, 0xCB, 0x02, 0xD3, 0x22, 0xC0, 0xF1, 0x8E, 0xD0, 0x1F,
    0xFF, 0xD0, 0x05, 0x31, 0x80, 0x00, 0x04, 0x00, 0x00, 0x3F, 0xFF, 0x45, 0x55, 0x41, 0x55, 0x53,
    0xFF, 0xFC, 0x03, 0x40, 0x00, 0xD0, 0x00, 0x70, 0x00, 0x2C, 0x00, 0x0E, 0x00, 0x03, 0x40, 0x01,
    0xC0, 0x00, 0xB0, 0x00, 0x0F, 0xFF, 0x80, 0x7C, 0x00, 0x07, 0x00, 0xFF, 0xFC, 0x00, 0xB0, 0x01,
    0xB4, 0x07, 0xE0, 0x00, 0xD0, 0x00, 0x2C, 0x00, 0x03, 0x40, 0x00, 0xB0, 0x00, 0x1D, 0x00, 0x02,
    0x80, 0x00, 0x38, 0x10, 0x03, 0xBE, 0x01, 0xF8, 0x00, 0x2F, 0x2D, 0x01, 0xFD, 0x00, 0xBD, 0x00,
    0x41, 0xC0, 0x2C, 0x1C, 0x03, 0x42, 0xC0, 0xB0, 0x39, 0x7C, 0x03, 0xFE, 0x00, 0x00, 0x00, 0x00,
    0x00, 0x00, 0x00, 0x1F, 0x40, 0x00, 0x31, 0xC0, 0x00, 0x31, 0xC0, 0x00, 0x2F, 0xFF, 0xE0, 0x07,
    0x95, 0x6C, 0x03, 0x00, 0x0C, 0x03, 0x32, 0x0C, 0x07, 0xEE, 0xDC, 0x0B, 0x04, 0x60, 0x2F, 0x00,
    0x00, 0x03, 0x81, 0x00, 0x01, 0xFF, 0x00, 0x00, 0x00, 0x00, 0x00, 0x00, 0xD0, 0x00, 0x00, 0x70,
    0x00, 0x00, 0x2C, 0x00, 0x00, 0x0F, 0x00, 0x01, 0xFF, 0xFD, 0x00, 0xE0, 0xD2, 0xC0, 0xF0, 0x70,
    0x34, 0x34, 0x2C, 0x0D, 0x1C, 0x0E, 0x03, 0x4B, 0x00, 0x01, 0xC3, 0xC0, 0x00, 0xB0, 0xE0, 0x00,
    0x38, 0x00, 0xFF, 0xE0, 0x03, 0x96, 0xE0, 0x1C, 0x02, 0xC0, 0xB0, 0x0B, 0x02, 0xC0, 0x38, 0x0E,
    0x07, 0xC2, 0xFF, 0xF8, 0x01, 0xD0, 0x00, 0x1B, 0x50, 0x00, 0xBE, 0x90, 0x00, 0xD0, 0x00, 0x03,
    0x40, 0x00, 0x00, 0x01, 0x14, 0x00, 0x03, 0x24, 0x00, 0x0B, 0xFC, 0x00, 0x7F, 0x79, 0x01, 0xE9,
    0x30, 0x03, 0x8C, 0x60, 0x07, 0x0C, 0x90, 0x0B, 0x00, 0x00, 0x0E, 0x00, 0x00, 0x0B, 0x00, 0x00,
    0x07, 0x00, 0x00, 0x03, 0x80, 0x00, 0x15, 0xF5, 0x40, 0x3F, 0xFF, 0xD0, 0x00, 0x22, 0x00, 0x06,
    0x30, 0x03, 0xFF, 0x00, 0x39, 0xBC, 0x07, 0x01, 0xC0, 0xB0, 0x1C, 0x0B, 0x03, 0x80, 0xFF, 0xD0,
    0x0E, 0x6E, 0x01, 0xC0, 0x74, 0x2C, 0x03, 0x43, 0x80, 0x70, 0x39, 0x6E, 0x03, 0xFF, 0x40, 0x0C,
    0xC0, 0x00, 0x88, 0x00, 0x00, 0x1F, 0xE0, 0x00, 0x00, 0x00, 0x40, 0x00, 0x00, 0x03, 0xD0, 0x00,
    0x00, 0x0F, 0xF4, 0x00, 0x00, 0x3E, 0xAD, 0x00, 0x00, 0xF0, 0x07, 0x40, 0x03, 0xF6, 0xC3, 0xE0,
    0x0F, 0xFF, 0xC3, 0xF8, 0x3F, 0xFF, 0x47, 0xFE, 0x2F, 0xFD, 0x2F, 0xFD, 0x0B, 0xFC, 0x3F, 0xF4,
    0x02, 0xFF, 0xFF, 0xD0, 0x00, 0xBD, 0x3F, 0x40, 0x00, 0x2C, 0x3D, 0x00, 0x00, 0x0B, 0xF4, 0x00,
    0x00, 0x02, 0xD0, 0x00, 0x00, 0x00, 0x40, 0x00,
};

static const EpdGlyph notosans_8_italicGlyphs[] = {
    { 0, 0, 0, 0, 0, 0, 0 }, //  
    { 0, 0, 4, 0, 0, 0, 0 }, // 
    { 0, 0, 4, 0, 0, 0, 0 }, //  
    { 5, 13, 4, 0, 12, 17, 0 }, // !
    { 6, 5, 7, 1, 12, 8, 17 }, // "
    { 11, 12, 11, 0, 12, 33, 25 }, // #
    { 9, 14, 9, 0, 13, 32, 58 }, // $
    { 12, 14, 13, 1, 13, 42, 90 }, // %
    { 11, 14, 11, 0, 13, 39, 132 }, // &
    { 3, 5, 4, 1, 12, 4, 171 }, // '
    { 7, 15, 5, 0, 12, 27, 175 }, // (
    { 7, 15, 5, -2, 12, 27, 202 }, // )
    { 9, 8, 9, 1, 13, 18, 229 }, // *
    { 8, 9, 10, 1, 10, 18, 247 }, // +
    { 4, 5, 4, -1, 2, 5, 265 }, // ,
    { 5, 3, 5, 0, 6, 4, 270 }, // -
    { 3, 4, 4, 0, 3, 3, 274 }, // .
    { 9, 12, 6, -1, 12, 27, 277 }, // /
    { 9, 14, 9, 0, 13, 32, 304 }, // 0
    { 6, 12, 9, 2, 12, 18, 336 }, // 1
    { 9, 13, 9, 0, 13, 30, 354 }, // 2
    { 9, 14, 9, 0, 13, 32, 384 }, // 3
    { 9, 12, 9, 0, 12, 27, 416 }, // 4
    { 9, 13, 9, 0, 12, 30, 443 }, // 5
    { 9, 14, 9, 1, 13, 32, 473 }, // 6
    { 9, 12, 9, 1, 12, 27, 505 }, // 7
    { 10, 14, 9, 0, 13, 35, 532 }, // 8
    { 9, 14, 9, 0, 13, 32, 567 }, // 9
    { 4, 11, 4, 0, 10, 11, 599 }, // :
    { 5, 13, 4, -1, 10, 17, 610 }, // ;
    { 9, 10, 10, 1, 11, 23, 627 }, // <
    { 8, 6, 10, 1, 9, 12, 650 }, // =
    { 9, 10, 10, 1, 11, 23, 662 }, // >
    { 7, 14, 7, 1, 13, 25, 685 }, // ?
    { 14, 14, 14, 0, 12, 49, 710 }, // @
    { 10, 12, 9, -1, 12, 30, 759 }, // A
    { 10, 12, 10, 0, 12, 30, 789 }, // B
    { 10, 14, 10, 1, 13, 35, 819 }, // C
    { 11, 12, 11, 0, 12, 33, 854 }, // D
    { 10, 12, 9, 0, 12, 30, 887 }, // E
    { 10, 12, 8, 0, 12, 30, 917 }, // F
    { 11, 14, 11, 1, 13, 39, 947 }, // G
    { 12, 12, 11, 0, 12, 36, 986 }, // H
    { 8, 12, 5, -1, 12, 24, 1022 }, // I
    { 8, 16, 5, -3, 12, 32, 1046 }, // J
    { 11, 12, 9, 0, 12, 33, 1078 }, // K
    { 7, 12, 8, 0, 12, 21, 1111 }, // L
    { 15, 12, 14, 0, 12, 45, 1132 }, // M
    { 12, 12, 12, 0, 12, 36, 1177 }, // N
    { 11, 14, 12, 1, 13, 39, 1213 }, // O
    { 10, 12, 9, 0, 12, 30, 1252 }, // P
    { 11, 16, 12, 1, 13, 44, 1282 }, // Q
    { 10, 12, 10, 0, 12, 30, 1326 }, // R
    { 9, 14, 8, 0, 13, 32, 1356 }, // S
    { 9, 12, 8, 1, 12, 27, 1388 }, // T
    { 11, 13, 11, 1, 12, 36, 1415 }, // U
    { 10, 12, 9, 1, 12, 30, 1451 }, // V
    { 15, 12, 14, 1, 12, 45, 1481 }, // W
    { 12, 12, 9, -1, 12, 36, 1526 }, // X
    { 10, 12, 8, 1, 12, 30, 1562 }, // Y
    { 11, 12, 9, -1, 12, 33, 1592 }, // Z
    { 8, 15, 5, -1, 12, 30, 1625 }, // [
    { 4, 12, 6, 1, 12, 12, 1655 }, // <backslash>
    { 8, 15, 5, -2, 12, 30, 1667 }, // ]
    { 9, 8, 10, 0, 12, 18, 1697 }, // ^
    { 8, 2, 7, -2, -1, 4, 1715 }, // _
    { 4, 3, 5, 2, 13, 3, 1719 }, // `
    { 10, 11, 9, 0, 10, 28, 1722 }, // a
    { 9, 14, 10, 0, 13, 32, 1750 }, // b
    { 8, 11, 8, 0, 10, 22, 1782 }, // c
    { 10, 14, 10, 0, 13, 35, 1804 }, // d
    { 8, 11, 8, 0, 10, 22, 1839 }, // e
    { 10, 17, 5, -2, 13, 43, 1861 }, // f
    { 10, 14, 10, 0, 10, 35, 1904 }, // g
    { 9, 13, 10, 0, 13, 30, 1939 }, // h
    { 5, 13, 4, 0, 13, 17, 1969 }, // i
    { 8, 17, 4, -3, 13, 34, 1986 }, // j
    { 9, 13, 8, 0, 13, 30, 2020 }, // k
    { 5, 13, 4, 0, 13, 17, 2050 }, // l
    { 14, 10, 15, 0, 10, 35, 2067 }, // m
    { 9, 10, 10, 0, 10, 23, 2102 }, // n
    { 9, 11, 9, 0, 10, 25, 2125 }, // o
    { 10, 14, 10, -1, 10, 35, 2150 }, // p
    { 10, 14, 10, 0, 10, 35, 2185 }, // q
    { 8, 10, 7, 0, 10, 20, 2220 }, // r
    { 7, 11, 7, 0, 10, 20, 2240 }, // s
    { 7, 12, 6, 0, 11, 21, 2260 }, // t
    { 10, 10, 10, 0, 9, 25, 2281 }, // u
    { 9, 9, 8, 0, 9, 21, 2306 }, // v
    { 13, 9, 12, 0, 9, 30, 2327 }, // w
    { 10, 9, 8, -1, 9, 23, 2357 }, // x
    { 11, 13, 8, -2, 9, 36, 2380 }, // y
    { 9, 9, 7, -1, 9, 21, 2416 }, // z
    { 7, 15, 6, 0, 12, 27, 2437 }, // {
    { 2, 18, 9, 4, 13, 9, 2464 }, // |
    { 7, 15, 6, -1, 12, 27, 2473 }, // }
    { 9, 3, 10, 1, 7, 7, 2500 }, // ~
    { 0, 0, 4, 0, 0, 0, 2507 }, //  
    { 6, 14, 4, -1, 10, 21, 2507 }, // ¡
    { 8, 14, 9, 1, 13, 28, 2528 }, // ¢
    { 11, 13, 9, -1, 13, 36, 2556 }, // £
    { 8, 8, 9, 1, 10, 16, 2592 }, // ¤
    { 10, 12, 9, 1, 12, 30, 2608 }, // ¥
    { 2, 18, 9, 4, 13, 9, 2638 }, // ¦
    { 9, 14, 8, 0, 13, 32, 2647 }, // §
    { 6, 3, 9, 3, 13, 5, 2679 }, // ¨
    { 14, 14, 14, 0, 13, 49, 2684 }, // ©
    { 6, 7, 6, 1, 13, 11, 2733 }, // ª
    { 8, 8, 8, 0, 8, 16, 2744 }, // «
    { 8, 5, 10, 1, 7, 10, 2760 }, // ¬
    { 5, 3, 5, 0, 6, 4, 2770 }, // ­
    { 14, 14, 14, 0, 13, 49, 2774 }, // ®
    { 8, 2, 7, 1, 14, 4, 2823 }, // ¯
    { 7, 7, 7, 0, 13, 13, 2827 }, // °
    { 9, 10, 10, 1, 10, 23, 2840 }, // ±
    { 6, 9, 6, 1, 15, 14, 2863 }, // ²
    { 6, 9, 6, 1, 15, 14, 2877 }, // ³
    { 5, 3, 4, 1, 13, 4, 2891 }, // ´
    { 11, 13, 10, -1, 9, 36, 2895 }, // µ
    { 9, 16, 11, 1, 13, 36, 2931 }, // ¶
    { 3, 4, 4, 1, 8, 3, 2967 }, // ·
    { 4, 4, 3, -2, 0, 4, 2970 }, // ¸
    { 4, 9, 6, 2, 15, 9, 2974 }, // ¹
    { 6, 7, 6, 1, 13, 11, 2983 }, // º
    { 8, 8, 8, 0, 8, 16, 2994 }, // »
    { 11, 14, 12, 1, 13, 39, 3010 }, // ¼
    { 12, 14, 13, 1, 13, 42, 3049 }, // ½
    { 13, 14, 13, 0, 13, 46, 3091 }, // ¾
    { 7, 14, 7, -1, 10, 25, 3137 }, // ¿
    { 10, 16, 9, -1, 16, 40, 3162 }, // À
    { 11, 16, 9, -1, 16, 44, 3202 }, // Á
    { 10, 16, 9, -1, 16, 40, 3246 }, // Â
    { 11, 16, 9, -1, 16, 44, 3286 }, // Ã
    { 10, 16, 9, -1, 16, 40, 3330 }, // Ä
    { 10, 17, 9, -1, 17, 43, 3370 }, // Å
    { 16, 12, 14, -1, 12, 48, 3413 }, // Æ
    { 10, 17, 10, 1, 13, 43, 3461 }, // Ç
    { 10, 16, 9, 0, 16, 40, 3504 }, // È
    { 10, 16, 9, 0, 16, 40, 3544 }, // É
    { 10, 16, 9, 0, 16, 40, 3584 }, // Ê
    { 10, 16, 9, 0, 16, 40, 3624 }, // Ë
    { 8, 16, 5, -1, 16, 32, 3664 }, // Ì
    { 9, 16, 5, -1, 16, 36, 3696 }, // Í
    { 8, 16, 5, -1, 16, 32, 3732 }, // Î
    { 8, 16, 5, -1, 16, 32, 3764 }, // Ï
    { 11, 12, 11, 0, 12, 33, 3796 }, // Ð
    { 12, 16, 12, 0, 16, 48, 3829 }, // Ñ
    { 11, 17, 12, 1, 16, 47, 3877 }, // Ò
    { 11, 17, 12, 1, 16, 47, 3924 }, // Ó
    { 11, 17, 12, 1, 16, 47, 3971 }, // Ô
    { 11, 17, 12, 1, 16, 47, 4018 }, // Õ
    { 11, 17, 12, 1, 16, 47, 4065 }, // Ö
    { 8, 8, 10, 1, 10, 16, 4112 }, // ×
    { 12, 14, 12, 0, 13, 42, 4128 }, // Ø
    { 11, 17, 11, 1, 16, 47, 4170 }, // Ù
    { 11, 17, 11, 1, 16, 47, 4217 }, // Ú
    { 11, 17, 11, 1, 16, 47, 4264 }, // Û
    { 11, 17, 11, 1, 16, 47, 4311 }, // Ü
    { 10, 16, 8, 1, 16, 40, 4358 }, // Ý
    { 10, 12, 9, 0, 12, 30, 4398 }, // Þ
    { 13, 17, 10, -3, 13, 56, 4428 }, // ß
    { 10, 14, 9, 0, 13, 35, 4484 }, // à
    { 10, 14, 9, 0, 13, 35, 4519 }, // á
    { 10, 14, 9, 0, 13, 35, 4554 }, // â
    { 10, 14, 9, 0, 13, 35, 4589 }, // ã
    { 10, 14, 9, 0, 13, 35, 4624 }, // ä
    { 10, 15, 9, 0, 14, 38, 4659 }, // å
    { 14, 11, 14, 0, 10, 39, 4697 }, // æ
    { 8, 14, 8, 0, 10, 28, 4736 }, // ç
    { 8, 14, 8, 0, 13, 28, 4764 }, // è
    { 9, 14, 8, 0, 13, 32, 4792 }, // é
    { 8, 14, 8, 0, 13, 28, 4824 }, // ê
    { 8, 14, 8, 0, 13, 28, 4852 }, // ë
    { 5, 13, 4, 0, 13, 17, 4880 }, // ì
    { 6, 13, 4, 0, 13, 20, 4897 }, // í
    { 6, 13, 4, 0, 13, 20, 4917 }, // î
    { 6, 13, 4, 0, 13, 20, 4937 }, // ï
    { 10, 14, 10, 0, 13, 35, 4957 }, // ð
    { 10, 13, 10, 0, 13, 33, 4992 }, // ñ
    { 9, 14, 9, 0, 13, 32, 5025 }, // ò
    { 9, 14, 9, 0, 13, 32, 5057 }, // ó
    { 9, 14, 9, 0, 13, 32, 5089 }, // ô
    { 9, 14, 9, 0, 13, 32, 5121 }, // õ
    { 9, 14, 9, 0, 13, 32, 5153 }, // ö
    { 9, 8, 10, 1, 10, 18, 5185 }, // ÷
    { 9, 11, 9, 0, 10, 25, 5203 }, // ø
    { 10, 14, 10, 0, 13, 35, 5228 }, // ù
    { 10, 14, 10, 0, 13, 35, 5263 }, // ú
    { 10, 14, 10, 0, 13, 35, 5298 }, // û
    { 10, 14, 10, 0, 13, 35, 5333 }, // ü
    { 11, 17, 8, -2, 13, 47, 5368 }, // ý
    { 10, 17, 10, -1, 13, 43, 5415 }, // þ
    { 11, 17, 8, -2, 13, 47, 5458 }, // ÿ
    { 10, 15, 9, -1, 15, 38, 5505 }, // Ā
    { 10, 13, 9, 0, 12, 33, 5543 }, // ā
    { 11, 16, 9, -1, 16, 44, 5576 }, // Ă
    { 10, 14, 9, 0, 13, 35, 5620 }, // ă
    { 10, 16, 9, -1, 12, 40, 5655 }, // Ą
    { 10, 14, 9, 0, 10, 35, 5695 }, // ą
    { 10, 17, 10, 1, 16, 43, 5730 }, // Ć
    { 8, 14, 8, 0, 13, 28, 5773 }, // ć
    { 10, 17, 10, 1, 16, 43, 5801 }, // Ĉ
    { 8, 14, 8, 0, 13, 28, 5844 }, // ĉ
    { 10, 17, 10, 1, 16, 43, 5872 }, // Ċ
    { 8, 14, 8, 0, 13, 28, 5915 }, // ċ
    { 10, 17, 10, 1, 16, 43, 5943 }, // Č
    { 9, 14, 8, 0, 13, 32, 5986 }, // č
    { 11, 16, 11, 0, 16, 44, 6018 }, // Ď
    { 13, 14, 10, 0, 13, 46, 6062 }, // ď
    { 11, 12, 11, 0, 12, 33, 6108 }, // Đ
    { 11, 14, 10, 0, 13, 39, 6141 }, // đ
    { 10, 15, 9, 0, 15, 38, 6180 }, // Ē
    { 8, 13, 8, 0, 12, 26, 6218 }, // ē
    { 10, 16, 9, 0, 16, 40, 6244 }, // Ĕ
    { 9, 14, 8, 0, 13, 32, 6284 }, // ĕ
    { 10, 16, 9, 0, 16, 40, 6316 }, // Ė
    { 8, 14, 8, 0, 13, 28, 6356 }, // ė
    { 10, 16, 9, 0, 12, 40, 6384 }, // Ę
    { 8, 14, 8, 0, 10, 28, 6424 }, // ę
    { 10, 16, 9, 0, 16, 40, 6452 }, // Ě
    { 9, 14, 8, 0, 13, 32, 6492 }, // ě
    { 11, 17, 11, 1, 16, 47, 6524 }, // Ĝ
    { 10, 17, 10, 0, 13, 43, 6571 }, // ĝ
    { 11, 17, 11, 1, 16, 47, 6614 }, // Ğ
    { 10, 17, 10, 0, 13, 43, 6661 }, // ğ
    { 11, 17, 11, 1, 16, 47, 6704 }, // Ġ
    { 10, 17, 10, 0, 13, 43, 6751 }, // ġ
    { 11, 17, 11, 1, 13, 47, 6794 }, // Ģ
    { 10, 17, 10, 0, 13, 43, 6841 }, // ģ
    { 12, 16, 11, 0, 16, 48, 6884 }, // Ĥ
    { 9, 17, 10, 0, 17, 39, 6932 }, // ĥ
    { 13, 12, 11, 0, 12, 39, 6971 }, // Ħ
    { 9, 13, 10, 0, 13, 30, 7010 }, // ħ
    { 9, 16, 5, -1, 16, 36, 7040 }, // Ĩ
    { 7, 13, 4, 0, 13, 23, 7076 }, // ĩ
    { 8, 15, 5, -1, 15, 30, 7099 }, // Ī
    { 6, 12, 4, 0, 12, 18, 7129 }, // ī
    { 9, 16, 5, -1, 16, 36, 7147 }, // Ĭ
    { 7, 13, 4, 0, 13, 23, 7183 }, // ĭ
    { 8, 16, 5, -1, 12, 32, 7206 }, // Į
    { 6, 17, 4, -1, 13, 26, 7238 }, // į
    { 8, 16, 5, -1, 16, 32, 7264 }, // İ
    { 4, 9, 4, 0, 9, 9, 7296 }, // ı
    { 12, 16, 10, -1, 12, 48, 7305 }, // Ĳ
    { 9, 17, 9, 0, 13, 39, 7353 }, // ĳ
    { 10, 20, 5, -3, 16, 50, 7392 }, // Ĵ
    { 9, 17, 4, -3, 13, 39, 7442 }, // ĵ
    { 11, 16, 9, 0, 12, 44, 7481 }, // Ķ
    { 9, 17, 8, 0, 13, 39, 7525 }, // ķ
    { 9, 9, 8, 0, 9, 21, 7564 }, // ĸ
    { 8, 16, 8, 0, 16, 32, 7585 }, // Ĺ
    { 7, 17, 4, 0, 17, 30, 7617 }, // ĺ
    { 7, 16, 8, 0, 12, 28, 7647 }, // Ļ
    { 6, 17, 4, -1, 13, 26, 7675 }, // ļ
    { 9, 12, 8, 0, 12, 27, 7701 }, // Ľ
    { 8, 13, 5, 0, 13, 26, 7728 }, // ľ
    { 8, 12, 8, 0, 12, 24, 7754 }, // Ŀ
    { 6, 13, 5, 0, 13, 20, 7778 }, // ŀ
    { 7, 12, 8, 0, 12, 21, 7798 }, // Ł
    { 5, 13, 4, 0, 13, 17, 7819 }, // ł
    { 12, 16, 12, 0, 16, 48, 7836 }, // Ń
    { 9, 13, 10, 0, 13, 30, 7884 }, // ń
    { 12, 16, 12, 0, 12, 48, 7914 }, // Ņ
    { 9, 14, 10, 0, 10, 32, 7962 }, // ņ
    { 12, 16, 12, 0, 16, 48, 7994 }, // Ň
    { 10, 13, 10, 0, 13, 33, 8042 }, // ň
    { 11, 12, 11, 0, 12, 33, 8075 }, // ŉ
    { 12, 16, 12, 0, 12, 48, 8108 }, // Ŋ
    { 9, 14, 10, 0, 10, 32, 8156 }, // ŋ
    { 11, 16, 12, 1, 15, 44, 8188 }, // Ō
    { 9, 13, 9, 0, 12, 30, 8232 }, // ō
    { 11, 17, 12, 1, 16, 47, 8262 }, // Ŏ
    { 9, 14, 9, 0, 13, 32, 8309 }, // ŏ
    { 12, 17, 12, 1, 16, 51, 8341 }, // Ő
    { 10, 14, 9, 0, 13, 35, 8392 }, // ő
    { 14, 14, 14, 1, 13, 49, 8427 }, // Œ
    { 14, 11, 14, 0, 10, 39, 8476 }, // œ
    { 10, 16, 10, 0, 16, 40, 8515 }, // Ŕ
    { 8, 13, 7, 0, 13, 26, 8555 }, // ŕ
    { 10, 16, 10, 0, 12, 40, 8581 }, // Ŗ
    { 9, 14, 7, -1, 10, 32, 8621 }, // ŗ
    { 10, 16, 10, 0, 16, 40, 8653 }, // Ř
    { 9, 13, 7, 0, 13, 30, 8693 }, // ř
    { 9, 17, 8, 0, 16, 39, 8723 }, // Ś
    { 8, 14, 7, 0, 13, 28, 8762 }, // ś
    { 9, 17, 8, 0, 16, 39, 8790 }, // Ŝ
    { 8, 14, 7, 0, 13, 28, 8829 }, // ŝ
    { 9, 17, 8, 0, 13, 39, 8857 }, // Ş
    { 7, 14, 7, 0, 10, 25, 8896 }, // ş
    { 9, 17, 8, 0, 16, 39, 8921 }, // Š
    { 8, 14, 7, 0, 13, 28, 8960 }, // š
    { 9, 16, 8, 1, 12, 36, 8988 }, // Ţ
    { 7, 15, 6, 0, 11, 27, 9024 }, // ţ
    { 9, 16, 8, 1, 16, 36, 9051 }, // Ť
    { 8, 14, 6, 0, 13, 28, 9087 }, // ť
    { 9, 12, 8, 1, 12, 27, 9115 }, // Ŧ
    { 7, 12, 6, 0, 11, 21, 9142 }, // ŧ
    { 11, 17, 11, 1, 16, 47, 9163 }, // Ũ
    { 10, 14, 10, 0, 13, 35, 9210 }, // ũ
    { 11, 16, 11, 1, 15, 44, 9245 }, // Ū
    { 10, 13, 10, 0, 12, 33, 9289 }, // ū
    { 11, 17, 11, 1, 16, 47, 9322 }, // Ŭ
    { 10, 14, 10, 0, 13, 35, 9369 }, // ŭ
    { 11, 18, 11, 1, 17, 50, 9404 }, // Ů
    { 10, 15, 10, 0, 14, 38, 9454 }, // ů
    { 11, 17, 11, 1, 16, 47, 9492 }, // Ű
    { 11, 14, 10, 0, 13, 39, 9539 }, // ű
    { 11, 16, 11, 1, 12, 44, 9578 }, // Ų
    { 10, 13, 10, 0, 9, 33, 9622 }, // ų
    { 15, 16, 14, 1, 16, 60, 9655 }, // Ŵ
    { 13, 13, 12, 0, 13, 43, 9715 }, // ŵ
    { 10, 16, 8, 1, 16, 40, 9758 }, // Ŷ
    { 11, 17, 8, -2, 13, 47, 9798 }, // ŷ
    { 10, 16, 8, 1, 16, 40, 9845 }, // Ÿ
    { 11, 16, 9, -1, 16, 44, 9885 }, // Ź
    { 9, 13, 7, -1, 13, 30, 9929 }, // ź
    { 11, 16, 9, -1, 16, 44, 9959 }, // Ż
    { 9, 13, 7, -1, 13, 30, 10003 }, // ż
    { 11, 16, 9, -1, 16, 44, 10033 }, // Ž
    { 9, 13, 7, -1, 13, 30, 10077 }, // ž
    { 11, 17, 5, -3, 13, 47, 10107 }, // ſ
    { 4, 3, 0, -7, 13, 3, 10154 }, // ̀
    { 4, 3, 0, -4, 13, 3, 10157 }, // ́
    { 6, 3, 0, -2, 13, 5, 10160 }, // ̂
    { 7, 3, 0, -7, 13, 6, 10165 }, // ̃
    { 6, 2, 0, -2, 12, 3, 10171 }, // ̄
    { 8, 3, 0, -2, 15, 6, 10174 }, // ̅
    { 5, 3, 0, -1, 13, 4, 10180 }, // ̆
    { 3, 3, 0, 0, 13, 3, 10184 }, // ̇
    { 5, 3, 0, -1, 13, 4, 10187 }, // ̈
    { 4, 5, 0, -5, 14, 5, 10191 }, // ̉
    { 5, 4, 0, -1, 14, 5, 10196 }, // ̊
    { 7, 3, 0, -1, 13, 6, 10201 }, // ̋
    { 6, 3, 0, -1, 13, 5, 10207 }, // ̌
    { 3, 5, 0, 0, 13, 4, 10212 }, // ̍
    { 5, 4, 0, -1, 13, 5, 10216 }, // ̎
    { 7, 3, 0, -9, 13, 6, 10221 }, // ̏
    { 6, 5, 0, -1, 15, 8, 10227 }, // ̐
    { 6, 3, 0, -2, 13, 5, 10235 }, // ̑
    { 4, 5, 0, -1, 12, 5, 10240 }, // ̒
    { 4, 5, 0, -1, 12, 5, 10245 }, // ̓
    { 3, 5, 0, 0, 12, 4, 10250 }, // ̔
    { 4, 5, 0, -1, 12, 5, 10254 }, // ̕
    { 4, 3, 0, -4, 0, 3, 10259 }, // ̖
    { 5, 3, 0, -3, 0, 4, 10262 }, // ̗
    { 4, 4, 0, -3, 0, 4, 10266 }, // ̘
    { 5, 4, 0, -4, 0, 5, 10270 }, // ̙
    { 6, 5, 5, 1, 13, 8, 10275 }, // ̚
    { 4, 4, 0, -1, 13, 4, 10283 }, // ̛
    { 3, 5, 0, -1, 1, 4, 10287 }, // ̜
    { 5, 4, 0, -4, 0, 5, 10291 }, // ̝
    { 4, 4, 0, -3, 0, 4, 10296 }, // ̞
    { 5, 4, 0, -4, 0, 5, 10300 }, // ̟
    { 5, 2, 0, -4, -1, 3, 10305 }, // ̠
    { 5, 5, 0, -4, 1, 7, 10308 }, // ̡
    { 4, 5, 0, -2, 1, 5, 10315 }, // ̢
    { 2, 2, 0, -7, -1, 1, 10320 }, // ̣
    { 5, 3, 0, -4, 0, 4, 10321 }, // ̤
    { 5, 4, 0, -4, 0, 5, 10325 }, // ̥
    { 3, 3, 0, 1, -1, 3, 10330 }, // ̦
    { 4, 4, 0, -3, 0, 4, 10333 }, // ̧
    { 4, 4, 0, -3, 0, 4, 10337 }, // ̨
    { 3, 5, 0, -3, 0, 4, 10341 }, // ̩
    { 7, 4, 0, -5, 0, 7, 10345 }, // ̪
    { 8, 2, 0, -5, -1, 4, 10352 }, // ̫
    { 6, 3, 0, -4, 0, 5, 10356 }, // ̬
    { 6, 3, 0, -4, 0, 5, 10361 }, // ̭
    { 6, 3, 0, -4, 0, 5, 10366 }, // ̮
    { 6, 3, 0, -4, 0, 5, 10371 }, // ̯
    { 7, 3, 0, -5, 0, 6, 10376 }, // ̰
    { 5, 2, 0, -4, -1, 3, 10382 }, // ̱
    { 8, 2, 0, -5, -1, 4, 10385 }, // ̲
    { 8, 4, 0, -5, 0, 8, 10389 }, // ̳
    { 8, 3, 0, -4, 6, 6, 10397 }, // ̴
    { 8, 3, 0, -4, 6, 6, 10403 }, // ̵
    { 12, 2, 0, -6, 6, 6, 10409 }, // ̶
    { 6, 4, 0, -3, 7, 6, 10415 }, // ̷
    { 10, 14, 0, -5, 13, 35, 10421 }, // ̸
    { 4, 5, 0, -2, 1, 5, 10456 }, // ̹
    { 7, 4, 0, -5, 0, 7, 10461 }, // ̺
    { 7, 4, 0, -5, 0, 7, 10468 }, // ̻
    { 7, 2, 0, -5, -1, 4, 10475 }, // ̼
    { 5, 4, 0, -1, 13, 5, 10479 }, // ̽
    { 5, 6, 0, -1, 15, 8, 10484 }, // ̾
    { 8, 4, 0, -2, 16, 8, 10492 }, // ̿
    { 4, 3, 0, -1, 13, 3, 10500 }, // ̀
    { 5, 3, 0, 0, 13, 4, 10503 }, // ́
    { 7, 3, 0, 2, 13, 6, 10507 }, // ͂
    { 3, 3, 0, 0, 13, 3, 10513 }, // ̓
    { 7, 3, 0, -2, 13, 6, 10516 }, // ̈́
    { 3, 3, 0, -2, -1, 3, 10522 }, // ͅ
    { 9, 4, 0, -3, 13, 9, 10525 }, // ͆
    { 8, 4, 0, -5, 0, 8, 10534 }, // ͇
    { 5, 4, 0, -4, 0, 5, 10542 }, // ͈
    { 4, 3, 0, -3, -1, 3, 10547 }, // ͉
    { 7, 4, 0, -2, 13, 7, 10550 }, // ͊
    { 7, 7, 0, -2, 16, 13, 10557 }, // ͋
    { 7, 5, 0, -2, 15, 9, 10570 }, // ͌
    { 7, 4, 0, -5, 0, 7, 10579 }, // ͍
    { 4, 4, 0, -3, 0, 4, 10586 }, // ͎
    { 12, 12, 0, -6, 12, 36, 10590 }, // ͏
    { 3, 5, 0, 0, 14, 4, 10626 }, // ͐
    { 3, 5, 0, 2, 14, 4, 10630 }, // ͑
    { 5, 5, 0, -1, 15, 7, 10634 }, // ͒
    { 4, 4, 0, -3, 0, 4, 10641 }, // ͓
    { 4, 4, 0, -3, 0, 4, 10645 }, // ͔
    { 4, 4, 0, -3, 0, 4, 10649 }, // ͕
    { 7, 4, 0, -4, 0, 7, 10653 }, // ͖
    { 3, 5, 0, 1, 14, 4, 10660 }, // ͗
    { 3, 3, 0, 0, 13, 3, 10664 }, // ͘
    { 5, 4, 0, -4, 0, 5, 10667 }, // ͙
    { 7, 4, 0, -5, 0, 7, 10672 }, // ͚
    { 4, 5, 0, 0, 14, 5, 10679 }, // ͛
    { 12, 4, 0, -7, 0, 12, 10684 }, // ͜
    { 13, 4, 0, -5, 14, 13, 10696 }, // ͝
    { 9, 2, 0, -3, 12, 5, 10709 }, // ͞
    { 9, 2, 0, -6, 0, 5, 10714 }, // ͟
    { 13, 3, 0, -5, 13, 10, 10719 }, // ͠
    { 13, 4, 0, -5, 15, 13, 10729 }, // ͡
    { 13, 4, 0, -8, 0, 13, 10742 }, // ͢
    { 5, 4, 0, -1, 14, 5, 10755 }, // ͣ
    { 4, 4, 0, 0, 14, 4, 10760 }, // ͤ
    { 3, 6, 0, 0, 16, 5, 10764 }, // ͥ
    { 5, 4, 0, -1, 14, 5, 10769 }, // ͦ
    { 5, 4, 0, -1, 14, 5, 10774 }, // ͧ
    { 4, 4, 0, 0, 14, 4, 10779 }, // ͨ
    { 5, 6, 0, -1, 16, 8, 10783 }, // ͩ
    { 5, 6, 0, -1, 16, 8, 10791 }, // ͪ
    { 7, 4, 0, -2, 14, 7, 10799 }, // ͫ
    { 4, 4, 0, 0, 14, 4, 10806 }, // ͬ
    { 4, 5, 0, 0, 15, 5, 10810 }, // ͭ
    { 4, 4, 0, 0, 14, 4, 10815 }, // ͮ
    { 5, 4, 0, -1, 14, 5, 10819 }, // ͯ
    { 10, 16, 8, 0, 16, 40, 10824 }, // Ѐ
    { 10, 16, 8, 0, 16, 40, 10864 }, // Ё
    { 10, 13, 11, 1, 12, 33, 10904 }, // Ђ
    { 10, 16, 8, 0, 16, 40, 10937 }, // Ѓ
    { 11, 14, 10, 0, 13, 39, 10977 }, // Є
    { 9, 14, 8, 0, 13, 32, 11016 }, // Ѕ
    { 5, 12, 5, 0, 12, 15, 11048 }, // І
    { 7, 16, 5, 0, 16, 28, 11063 }, // Ї
    { 8, 16, 5, -3, 12, 32, 11091 }, // Ј
    { 16, 13, 15, -1, 12, 52, 11123 }, // Љ
    { 15, 12, 15, 0, 12, 45, 11175 }, // Њ
    { 10, 12, 11, 1, 12, 30, 11220 }, // Ћ
    { 11, 16, 9, 0, 16, 44, 11250 }, // Ќ
    { 12, 16, 11, 0, 16, 48, 11294 }, // Ѝ
    { 11, 17, 9, 0, 16, 47, 11342 }, // Ў
    { 12, 15, 11, 0, 12, 45, 11389 }, // Џ
    { 10, 12, 10, -1, 12, 30, 11434 }, // А
    { 10, 12, 9, 0, 12, 30, 11464 }, // Б
    { 10, 12, 10, 0, 12, 30, 11494 }, // В
    { 9, 12, 8, 0, 12, 27, 11524 }, // Г
    { 14, 15, 11, -2, 12, 53, 11551 }, // Д
    { 10, 12, 8, 0, 12, 30, 11604 }, // Е
    { 16, 12, 13, -1, 12, 48, 11634 }, // Ж
    { 10, 14, 9, -1, 13, 35, 11682 }, // З
    { 12, 12, 11, 0, 12, 36, 11717 }, // И
    { 12, 16, 11, 0, 16, 48, 11753 }, // Й
    { 11, 12, 9, 0, 12, 33, 11801 }, // К
    { 13, 13, 11, -1, 12, 43, 11834 }, // Л
    { 14, 12, 14, 0, 12, 42, 11877 }, // М
    { 12, 12, 11, 0, 12, 36, 11919 }, // Н
    { 11, 14, 12, 1, 13, 39, 11955 }, // О
    { 12, 12, 11, 0, 12, 36, 11994 }, // П
    { 10, 12, 9, 0, 12, 30, 12030 }, // Р
    { 10, 14, 10, 1, 13, 35, 12060 }, // С
    { 9, 12, 9, 1, 12, 27, 12095 }, // Т
    { 11, 13, 9, 0, 12, 36, 12122 }, // У
    { 13, 14, 13, 0, 13, 46, 12158 }, // Ф
    { 12, 12, 9, -1, 12, 36, 12204 }, // Х
    { 12, 15, 11, 0, 12, 45, 12240 }, // Ц
    { 10, 12, 10, 1, 12, 30, 12285 }, // Ч
    { 16, 12, 16, 0, 12, 48, 12315 }, // Ш
    { 16, 15, 16, 0, 12, 60, 12363 }, // Щ
    { 9, 12, 11, 1, 12, 27, 12423 }, // Ъ
    { 14, 12, 13, 0, 12, 42, 12450 }, // Ы
    { 9, 12, 9, 0, 12, 27, 12492 }, // Ь
    { 10, 14, 10, 0, 13, 35, 12519 }, // Э
    { 16, 14, 16, 0, 13, 56, 12554 }, // Ю
    { 11, 12, 10, -1, 12, 33, 12610 }, // Я
    { 10, 11, 9, 0, 10, 28, 12643 }, // а
    { 10, 14, 9, 0, 13, 35, 12671 }, // б
    { 9, 11, 9, 0, 10, 25, 12706 }, // в
    { 8, 11, 8, 0, 10, 22, 12731 }, // г
    { 9, 14, 9, 0, 13, 32, 12753 }, // д
    { 8, 11, 8, 0, 10, 22, 12785 }, // е
    { 16, 11, 15, -1, 10, 44, 12807 }, // ж
    { 7, 11, 7, 0, 10, 20, 12851 }, // з
    { 10, 10, 9, 0, 9, 25, 12871 }, // и
    { 10, 14, 9, 0, 13, 35, 12896 }, // й
    { 9, 9, 8, 0, 9, 21, 12931 }, // к
    { 11, 10, 9, -1, 9, 28, 12952 }, // л
    { 13, 9, 12, 0, 9, 30, 12980 }, // м
    { 10, 9, 10, 0, 9, 23, 13010 }, // н
    { 9, 11, 9, 0, 10, 25, 13033 }, // о
    { 9, 10, 9, 0, 10, 23, 13058 }, // п
    { 10, 14, 10, -1, 10, 35, 13081 }, // р
    { 8, 11, 8, 0, 10, 22, 13116 }, // с
    { 14, 10, 14, 0, 10, 35, 13138 }, // т
    { 11, 13, 8, -2, 9, 36, 13173 }, // у
    { 11, 17, 11, 0, 13, 47, 13209 }, // ф
    { 10, 9, 8, -1, 9, 23, 13256 }, // х
    { 10, 12, 10, 0, 9, 30, 13279 }, // ц
    { 8, 9, 9, 1, 9, 18, 13309 }, // ч
    { 15, 10, 14, 0, 9, 38, 13327 }, // ш
    { 15, 12, 15, 0, 9, 45, 13365 }, // щ
    { 10, 10, 10, 0, 9, 25, 13410 }, // ъ
    { 12, 10, 12, 0, 9, 30, 13435 }, // ы
    { 8, 10, 9, 0, 9, 20, 13465 }, // ь
    { 8, 11, 8, 0, 10, 22, 13485 }, // э
    { 13, 11, 13, 0, 10, 36, 13507 }, // ю
    { 10, 9, 9, -1, 9, 23, 13543 }, // я
    { 8, 14, 8, 0, 13, 28, 13566 }, // ѐ
    { 9, 14, 8, 0, 13, 32, 13594 }, // ё
    { 9, 17, 10, 0, 13, 39, 13626 }, // ђ
    { 8, 14, 8, 0, 13, 28, 13665 }, // ѓ
    { 8, 11, 8, 0, 10, 22, 13693 }, // є
    { 7, 11, 7, 0, 10, 20, 13715 }, // ѕ
    { 5, 13, 4, 0, 13, 17, 13735 }, // і
    { 6, 13, 4, 0, 13, 20, 13752 }, // ї
    { 8, 17, 4, -3, 13, 34, 13772 }, // ј
    { 14, 10, 14, -1, 9, 35, 13806 }, // љ
    { 13, 10, 13, 0, 9, 33, 13841 }, // њ
    { 9, 13, 10, 0, 13, 30, 13874 }, // ћ
    { 9, 13, 8, 0, 13, 30, 13904 }, // ќ
    { 10, 14, 9, 0, 13, 35, 13934 }, // ѝ
    { 11, 17, 8, -2, 13, 47, 13969 }, // ў
    { 10, 13, 9, 0, 9, 33, 14016 }, // џ
    { 16, 13, 15, 1, 12, 52, 14049 }, // Ѡ
    { 13, 9, 13, 1, 9, 30, 14101 }, // ѡ
    { 8, 12, 10, 1, 12, 24, 14131 }, // Ѣ
    { 13, 11, 14, 0, 10, 36, 14155 }, // ѣ
    { 16, 14, 14, 0, 13, 56, 14191 }, // Ѥ
    { 12, 11, 12, 0, 10, 33, 14247 }, // ѥ
    { 11, 12, 10, -1, 12, 33, 14280 }, // Ѧ
    { 9, 9, 9, -1, 9, 21, 14313 }, // ѧ
    { 14, 12, 14, 0, 12, 42, 14334 }, // Ѩ
    { 12, 9, 12, 0, 9, 27, 14376 }, // ѩ
    { 13, 12, 11, -1, 12, 39, 14403 }, // Ѫ
    { 11, 9, 10, -1, 9, 25, 14442 }, // ѫ
    { 16, 12, 15, 0, 12, 48, 14467 }, // Ѭ
    { 14, 9, 13, 0, 9, 32, 14515 }, // ѭ
    { 10, 19, 9, -1, 15, 48, 14547 }, // Ѯ
    { 9, 16, 8, -1, 12, 36, 14595 }, // ѯ
    { 13, 12, 12, 1, 12, 39, 14631 }, // Ѱ
    { 12, 17, 12, 0, 13, 51, 14670 }, // ѱ
    { 11, 14, 12, 1, 13, 39, 14721 }, // Ѳ
    { 9, 11, 9, 0, 10, 25, 14760 }, // ѳ
    { 11, 12, 9, 1, 12, 33, 14785 }, // Ѵ
    { 9, 9, 8, 0, 9, 21, 14818 }, // ѵ
    { 11, 16, 9, 1, 16, 44, 14839 }, // Ѷ
    { 9, 13, 8, 0, 13, 30, 14883 }, // ѷ
    { 20, 17, 20, 1, 13, 85, 14913 }, // Ѹ
    { 18, 14, 17, 0, 10, 63, 14998 }, // ѹ
    { 11, 15, 12, 1, 13, 42, 15061 }, // Ѻ
    { 9, 11, 10, 0, 10, 25, 15103 }, // ѻ
    { 15, 19, 16, 1, 18, 72, 15128 }, // Ѽ
    { 13, 16, 13, 0, 15, 52, 15200 }, // ѽ
    { 16, 16, 15, 1, 15, 64, 15252 }, // Ѿ
    { 13, 12, 13, 1, 12, 39, 15316 }, // ѿ
    { 10, 17, 10, 1, 13, 43, 15355 }, // Ҁ
    { 8, 14, 8, 0, 10, 28, 15398 }, // ҁ
    { 10, 12, 10, 0, 11, 30, 15426 }, // ҂
    { 7, 3, 0, -7, 12, 6, 15456 }, // ҃
    { 7, 3, 0, -7, 13, 6, 15462 }, // ҄
    { 3, 3, 0, -5, 13, 3, 15468 }, // ҅
    { 3, 3, 0, -5, 13, 3, 15471 }, // ҆
    { 8, 3, 0, -2, 15, 6, 15474 }, // ҇
    { 20, 19, 0, -10, 14, 95, 15480 }, // ҈
    { 20, 19, 0, -10, 14, 95, 15575 }, // ҉
    { 12, 20, 12, 0, 16, 60, 15670 }, // Ҋ
    { 10, 17, 10, 0, 13, 43, 15730 }, // ҋ
    { 9, 12, 9, 0, 12, 27, 15773 }, // Ҍ
    { 7, 14, 9, 1, 13, 25, 15800 }, // ҍ
    { 10, 12, 9, 0, 12, 30, 15825 }, // Ҏ
    { 10, 14, 10, -1, 10, 35, 15855 }, // ҏ
    { 10, 15, 8, 0, 15, 38, 15890 }, // Ґ
    { 8, 12, 7, 0, 12, 24, 15928 }, // ґ
    { 10, 12, 8, 0, 12, 30, 15952 }, // Ғ
    { 8, 9, 7, 0, 9, 18, 15982 }, // ғ
    { 10, 17, 10, 0, 12, 43, 16000 }, // Ҕ
    { 8, 14, 8, 0, 9, 28, 16043 }, // ҕ
    { 16, 16, 14, -1, 12, 64, 16071 }, // Җ
    { 16, 14, 14, -1, 10, 56, 16135 }, // җ
    { 10, 17, 9, -1, 13, 43, 16191 }, // Ҙ
    { 7, 14, 7, 0, 10, 25, 16234 }, // ҙ
    { 11, 16, 10, 0, 12, 44, 16259 }, // Қ
    { 9, 13, 9, 0, 9, 30, 16303 }, // қ
    { 11, 12, 10, 0, 12, 33, 16333 }, // Ҝ
    { 10, 9, 8, 0, 9, 23, 16366 }, // ҝ
    { 11, 12, 9, 0, 12, 33, 16389 }, // Ҟ
    { 9, 13, 8, 0, 13, 30, 16422 }, // ҟ
    { 12, 12, 11, 1, 12, 36, 16452 }, // Ҡ
    { 11, 9, 9, 0, 9, 25, 16488 }, // ҡ
    { 12, 16, 11, 0, 12, 48, 16513 }, // Ң
    { 10, 13, 10, 0, 9, 33, 16561 }, // ң
    { 15, 12, 13, 0, 12, 45, 16594 }, // Ҥ
    { 13, 9, 12, 0, 9, 30, 16639 }, // ҥ
    { 16, 17, 17, 0, 12, 68, 16669 }, // Ҧ
    { 13, 14, 14, 0, 9, 46, 16737 }, // ҧ
    { 11, 14, 12, 1, 13, 39, 16783 }, // Ҩ
    { 10, 11, 10, 0, 10, 28, 16822 }, // ҩ
    { 10, 17, 10, 1, 13, 43, 16850 }, // Ҫ
    { 8, 14, 8, 0, 10, 28, 16893 }, // ҫ
    { 9, 16, 8, 1, 12, 36, 16921 }, // Ҭ
    { 14, 14, 15, 0, 10, 49, 16957 }, // ҭ
    { 10, 12, 8, 1, 12, 30, 17006 }, // Ү
    { 9, 13, 8, 0, 9, 30, 17036 }, // ү
    { 11, 12, 8, 0, 12, 33, 17066 }, // Ұ
    { 10, 13, 8, -1, 9, 33, 17099 }, // ұ
    { 12, 16, 10, -1, 12, 48, 17132 }, // Ҳ
    { 10, 13, 9, -1, 9, 33, 17180 }, // ҳ
    { 13, 16, 13, 1, 12, 52, 17213 }, // Ҵ
    { 11, 13, 11, 0, 9, 36, 17265 }, // ҵ
    { 10, 16, 11, 1, 12, 40, 17301 }, // Ҷ
    { 8, 13, 9, 1, 9, 26, 17341 }, // ҷ
    { 10, 12, 11, 1, 12, 30, 17367 }, // Ҹ
    { 8, 9, 9, 1, 9, 18, 17397 }, // ҹ
    { 10, 12, 11, 0, 12, 30, 17415 }, // Һ
    { 9, 13, 10, 0, 13, 30, 17445 }, // һ
    { 12, 14, 13, 1, 13, 42, 17475 }, // Ҽ
    { 10, 11, 10, 0, 10, 28, 17517 }, // ҽ
    { 12, 17, 13, 1, 13, 51, 17545 }, // Ҿ
    { 10, 14, 10, 0, 10, 35, 17596 }, // ҿ
    { 8, 12, 5, -1, 12, 24, 17631 }, // Ӏ
    { 16, 16, 13, -1, 16, 64, 17655 }, // Ӂ
    { 16, 14, 15, -1, 13, 56, 17719 }, // ӂ
    { 11, 17, 11, 0, 12, 47, 17775 }, // Ӄ
    { 9, 14, 9, 0, 9, 32, 17822 }, // ӄ
    { 12, 16, 11, -1, 12, 48, 17854 }, // Ӆ
    { 10, 14, 9, -1, 10, 35, 17902 }, // ӆ
    { 12, 17, 11, 0, 12, 51, 17937 }, // Ӈ
    { 10, 14, 10, 0, 9, 35, 17988 }, // ӈ
    { 12, 16, 12, 0, 12, 48, 18023 }, // Ӊ
    { 10, 13, 10, 0, 9, 33, 18071 }, // ӊ
    { 10, 16, 11, 1, 12, 40, 18104 }, // Ӌ
    { 9, 13, 10, 1, 9, 30, 18144 }, // ӌ
    { 15, 16, 14, 0, 12, 60, 18174 }, // Ӎ
    { 12, 13, 12, 0, 9, 39, 18234 }, // ӎ
    { 8, 12, 5, -1, 12, 24, 18273 }, // ӏ
    { 11, 16, 9, -1, 16, 44, 18297 }, // Ӑ
    { 10, 14, 9, 0, 13, 35, 18341 }, // ӑ
    { 10, 16, 9, -1, 16, 40, 18376 }, // Ӓ
    { 10, 14, 9, 0, 13, 35, 18416 }, // ӓ
    { 16, 12, 14, -1, 12, 48, 18451 }, // Ӕ
    { 14, 11, 14, 0, 10, 39, 18499 }, // ӕ
    { 10, 16, 9, 0, 16, 40, 18538 }, // Ӗ
    { 9, 14, 8, 0, 13, 32, 18578 }, // ӗ
    { 11, 14, 11, 0, 13, 39, 18610 }, // Ә
    { 8, 11, 8, 0, 10, 22, 18649 }, // ә
    { 11, 17, 11, 0, 16, 47, 18671 }, // Ӛ
    { 8, 14, 8, 0, 13, 28, 18718 }, // ӛ
    { 16, 16, 13, -1, 16, 64, 18746 }, // Ӝ
    { 16, 14, 15, -1, 13, 56, 18810 }, // ӝ
    { 10, 17, 9, -1, 16, 43, 18866 }, // Ӟ
    { 8, 14, 7, 0, 13, 28, 18909 }, // ӟ
    { 10, 13, 9, 0, 12, 33, 18937 }, // Ӡ
    { 10, 13, 8, -2, 9, 33, 18970 }, // ӡ
    { 12, 15, 11, 0, 15, 45, 19003 }, // Ӣ
    { 10, 13, 10, 0, 12, 33, 19048 }, // ӣ
    { 12, 16, 11, 0, 16, 48, 19081 }, // Ӥ
    { 10, 14, 10, 0, 13, 35, 19129 }, // ӥ
    { 11, 17, 12, 1, 16, 47, 19164 }, // Ӧ
    { 9, 14, 9, 0, 13, 32, 19211 }, // ӧ
    { 11, 14, 12, 1, 13, 39, 19243 }, // Ө
    { 9, 11, 9, 0, 10, 25, 19282 }, // ө
    { 11, 17, 12, 1, 16, 47, 19307 }, // Ӫ
    { 9, 14, 9, 0, 13, 32, 19354 }, // ӫ
    { 10, 17, 10, 0, 16, 43, 19386 }, // Ӭ
    { 8, 14, 8, 0, 13, 28, 19429 }, // ӭ
    { 11, 16, 9, 0, 15, 44, 19457 }, // Ӯ
    { 11, 16, 8, -2, 12, 44, 19501 }, // ӯ
    { 11, 17, 9, 0, 16, 47, 19545 }, // Ӱ
    { 11, 17, 8, -2, 13, 47, 19592 }, // ӱ
    { 11, 17, 9, 0, 16, 47, 19639 }, // Ӳ
    { 11, 17, 8, -2, 13, 47, 19686 }, // ӳ
    { 10, 16, 10, 1, 16, 40, 19733 }, // Ӵ
    { 8, 13, 9, 1, 13, 26, 19773 }, // ӵ
    { 10, 16, 8, 0, 12, 40, 19799 }, // Ӷ
    { 8, 13, 7, 0, 9, 26, 19839 }, // ӷ
    { 14, 16, 13, 0, 16, 56, 19865 }, // Ӹ
    { 12, 14, 12, 0, 13, 42, 19921 }, // ӹ
    { 10, 16, 8, 0, 12, 40, 19963 }, // Ӻ
    { 9, 13, 7, -1, 9, 30, 20003 }, // ӻ
    { 12, 16, 9, -1, 12, 48, 20033 }, // Ӽ
    { 10, 13, 8, -1, 9, 33, 20081 }, // ӽ
    { 12, 12, 9, -1, 12, 36, 20114 }, // Ӿ
    { 10, 9, 8, -1, 9, 23, 20150 }, // ӿ
    { 0, 0, 8, 0, 0, 0, 20173 }, //  
    { 0, 0, 17, 0, 0, 0, 20173 }, //  
    { 0, 0, 8, 0, 0, 0, 20173 }, //  
    { 0, 0, 17, 0, 0, 0, 20173 }, //  
    { 0, 0, 6, 0, 0, 0, 20173 }, //  
    { 0, 0, 4, 0, 0, 0, 20173 }, //  
    { 0, 0, 3, 0, 0, 0, 20173 }, //  
    { 0, 0, 9, 0, 0, 0, 20173 }, //  
    { 0, 0, 4, 0, 0, 0, 20173 }, //  
    { 0, 0, 3, 0, 0, 0, 20173 }, //  
    { 0, 0, 2, 0, 0, 0, 20173 }, //  
    { 0, 0, 0, 0, 0, 0, 20173 }, // ​
    { 0, 0, 0, 0, 0, 0, 20173 }, // ‌
    { 0, 0, 0, 0, 0, 0, 20173 }, // ‍
    { 5, 15, 0, -1, 12, 19, 20173 }, // ‎
    { 5, 15, 0, -4, 12, 19, 20192 }, // ‏
    { 5, 3, 5, 0, 6, 4, 20211 }, // ‐
    { 5, 3, 5, 0, 6, 4, 20215 }, // ‑
    { 9, 2, 9, 0, 7, 5, 20219 }, // ‒
    { 8, 3, 8, 0, 6, 6, 20224 }, // –
    { 16, 3, 16, 0, 6, 12, 20230 }, // —
    { 16, 3, 16, 0, 6, 12, 20242 }, // ―
    { 6, 18, 9, 2, 13, 27, 20254 }, // ‖
    { 8, 4, 7, -2, 0, 8, 20281 }, // ‗
    { 4, 5, 3, 1, 12, 5, 20289 }, // ‘
    { 4, 5, 3, 1, 12, 5, 20294 }, // ’
    { 4, 5, 4, -1, 2, 5, 20299 }, // ‚
    { 3, 5, 3, 1, 12, 4, 20304 }, // ‛
    { 7, 5, 6, 1, 12, 9, 20308 }, // “
    { 7, 5, 6, 1, 12, 9, 20317 }, // ”
    { 7, 5, 7, -1, 2, 9, 20326 }, // „
    { 6, 5, 6, 1, 12, 8, 20335 }, // ‟
    { 7, 13, 8, 1, 13, 23, 20343 }, // †
    { 9, 13, 8, 0, 13, 30, 20366 }, // ‡
    { 5, 5, 6, 1, 9, 7, 20396 }, // •
    { 6, 6, 6, 0, 9, 9, 20403 }, // ‣
    { 3, 4, 8, 2, 3, 3, 20412 }, // ․
    { 7, 4, 8, 0, 3, 7, 20415 }, // ‥
    { 11, 4, 13, 0, 3, 11, 20422 }, // …
    { 3, 4, 4, 1, 6, 3, 20433 }, // ‧
    { 0, 0, 10, 0, 0, 0, 20436 }, //  
    { 0, 0, 10, 0, 0, 0, 20436 }, //  
    { 5, 14, 0, -1, 11, 18, 20436 }, // ‪
    { 5, 14, 0, -4, 11, 18, 20454 }, // ‫
    { 4, 15, 0, -2, 12, 15, 20472 }, // ‬
    { 4, 15, 0, -2, 12, 15, 20487 }, // ‭
    { 4, 15, 0, -2, 12, 15, 20502 }, // ‮
    { 0, 0, 3, 0, 0, 0, 20517 }, //  
    { 18, 14, 19, 1, 13, 63, 20517 }, // ‰
    { 23, 14, 24, 1, 13, 81, 20580 }, // ‱
    { 4, 5, 4, 1, 12, 5, 20661 }, // ′
    { 7, 5, 6, 1, 12, 9, 20666 }, // ″
    { 10, 5, 9, 1, 12, 13, 20675 }, // ‴
    { 3, 5, 5, 2, 12, 4, 20688 }, // ‵
    { 6, 5, 7, 2, 12, 8, 20692 }, // ‶
    { 8, 5, 10, 2, 12, 10, 20700 }, // ‷
    { 7, 6, 7, -2, 2, 11, 20710 }, // ‸
    { 5, 8, 5, 0, 8, 10, 20721 }, // ‹
    { 5, 8, 5, 0, 8, 10, 20731 }, // ›
    { 14, 14, 14, 0, 13, 49, 20741 }, // ※
    { 9, 13, 8, 0, 12, 30, 20790 }, // ‼
    { 7, 14, 7, 1, 13, 25, 20820 }, // ‽
    { 8, 2, 7, 1, 14, 4, 20845 }, // ‾
    { 9, 4, 9, -1, 0, 9, 20849 }, // ‿
    { 9, 5, 9, 1, 14, 12, 20858 }, // ⁀
    { 8, 11, 6, -2, 7, 22, 20870 }, // ⁁
    { 18, 16, 19, 0, 13, 72, 20892 }, // ⁂
    { 5, 3, 5, 0, 6, 4, 20964 }, // ⁃
    { 11, 12, 2, -4, 12, 33, 20968 }, // ⁄
    { 8, 15, 5, -1, 12, 30, 21001 }, // ⁅
    { 8, 15, 5, -2, 12, 30, 21031 }, // ⁆
    { 14, 14, 14, 1, 13, 49, 21061 }, // ⁇
    { 11, 14, 12, 1, 13, 39, 21110 }, // ⁈
    { 12, 14, 12, 0, 13, 42, 21149 }, // ⁉
    { 9, 9, 9, 1, 9, 21, 21191 }, // ⁊
    { 9, 16, 10, 1, 13, 36, 21212 }, // ⁋
    { 10, 9, 11, 0, 9, 23, 21248 }, // ⁌
    { 9, 9, 11, 1, 9, 21, 21271 }, // ⁍
    { 9, 8, 9, -1, 4, 18, 21292 }, // ⁎
    { 4, 13, 4, 0, 10, 13, 21310 }, // ⁏
    { 11, 18, 9, -1, 14, 50, 21323 }, // ⁐
    { 10, 16, 9, 0, 13, 40, 21373 }, // ⁑
    { 7, 14, 6, 0, 13, 25, 21413 }, // ⁒
    { 15, 4, 17, 1, 7, 15, 21438 }, // ⁓
    { 10, 4, 9, -2, 0, 10, 21453 }, // ⁔
    { 9, 10, 10, 0, 9, 23, 21463 }, // ⁕
    { 8, 14, 9, 0, 13, 28, 21486 }, // ⁖
    { 13, 5, 12, 1, 12, 17, 21514 }, // ⁗
    { 13, 14, 14, 0, 13, 46, 21531 }, // ⁘
    { 13, 14, 14, 0, 13, 46, 21577 }, // ⁙
    { 3, 14, 4, 0, 13, 11, 21623 }, // ⁚
    { 11, 14, 11, 0, 13, 39, 21634 }, // ⁛
    { 13, 14, 13, 0, 13, 46, 21673 }, // ⁜
    { 3, 13, 4, 1, 12, 10, 21719 }, // ⁝
    { 3, 14, 4, 1, 13, 11, 21729 }, // ⁞
    { 0, 0, 4, 0, 0, 0, 21740 }, //  
    { 0, 0, 10, 0, 0, 0, 21740 }, // ⁠
    { 0, 0, 10, 0, 0, 0, 21740 }, // ⁡
    { 0, 0, 10, 0, 0, 0, 21740 }, // ⁢
    { 0, 0, 10, 0, 0, 0, 21740 }, // ⁣
    { 0, 0, 10, 0, 0, 0, 21740 }, // ⁤
    { 0, 0, 10, 0, 0, 0, 21740 }, // ⁦
    { 0, 0, 10, 0, 0, 0, 21740 }, // ⁧
    { 0, 0, 10, 0, 0, 0, 21740 }, // ⁨
    { 0, 0, 10, 0, 0, 0, 21740 }, // ⁩
    { 4, 15, 0, -2, 12, 15, 21740 }, // ⁪
    { 4, 15, 0, -2, 12, 15, 21755 }, // ⁫
    { 4, 15, 0, -2, 12, 15, 21770 }, // ⁬
    { 4, 15, 0, -2, 12, 15, 21785 }, // ⁭
    { 4, 15, 0, -2, 12, 15, 21800 }, // ⁮
    { 4, 15, 0, -2, 12, 15, 21815 }, // ⁯
    { 6, 9, 6, 1, 15, 14, 21830 }, // ⁰
    { 3, 9, 4, 1, 13, 7, 21844 }, // ⁱ
    { 6, 9, 6, 1, 15, 14, 21851 }, // ⁴
    { 6, 9, 6, 1, 15, 14, 21865 }, // ⁵
    { 6, 9, 6, 1, 15, 14, 21879 }, // ⁶
    { 7, 9, 6, 1, 15, 16, 21893 }, // ⁷
    { 6, 9, 6, 1, 15, 14, 21909 }, // ⁸
    { 6, 9, 6, 1, 15, 14, 21923 }, // ⁹
    { 6, 6, 6, 1, 13, 9, 21937 }, // ⁺
    { 6, 2, 6, 1, 11, 3, 21946 }, // ⁻
    { 6, 4, 6, 1, 12, 6, 21949 }, // ⁼
    { 5, 9, 3, 1, 15, 12, 21955 }, // ⁽
    { 4, 9, 3, 0, 15, 9, 21967 }, // ⁾
    { 6, 7, 6, 1, 11, 11, 21976 }, // ⁿ
    { 6, 9, 6, -1, 6, 14, 21987 }, // ₀
    { 4, 9, 6, 0, 6, 9, 22001 }, // ₁
    { 6, 9, 6, -1, 6, 14, 22010 }, // ₂
    { 6, 9, 6, -1, 6, 14, 22024 }, // ₃
    { 6, 9, 6, -1, 6, 14, 22038 }, // ₄
    { 6, 9, 6, -1, 6, 14, 22052 }, // ₅
    { 6, 9, 6, -1, 6, 14, 22066 }, // ₆
    { 7, 9, 6, -1, 6, 16, 22080 }, // ₇
    { 6, 9, 6, -1, 6, 14, 22096 }, // ₈
    { 6, 9, 6, -1, 6, 14, 22110 }, // ₉
    { 6, 6, 6, -1, 4, 9, 22124 }, // ₊
    { 6, 2, 6, -1, 2, 3, 22133 }, // ₋
    { 6, 4, 6, -1, 3, 6, 22136 }, // ₌
    { 4, 9, 3, 0, 6, 9, 22142 }, // ₍
    { 4, 9, 3, -2, 6, 9, 22151 }, // ₎
    { 7, 6, 6, -1, 4, 11, 22160 }, // ₐ
    { 6, 6, 5, -1, 4, 9, 22171 }, // ₑ
    { 6, 6, 6, -1, 4, 9, 22180 }, // ₒ
    { 7, 6, 5, -2, 4, 11, 22189 }, // ₓ
    { 5, 6, 5, -1, 4, 8, 22200 }, // ₔ
    { 6, 8, 7, 0, 6, 12, 22208 }, // ₕ
    { 6, 8, 6, 0, 6, 12, 22220 }, // ₖ
    { 3, 8, 4, 0, 6, 6, 22232 }, // ₗ
    { 9, 6, 10, 0, 4, 14, 22238 }, // ₘ
    { 6, 6, 6, -1, 4, 9, 22252 }, // ₙ
    { 7, 8, 6, -2, 4, 14, 22261 }, // ₚ
    { 5, 6, 5, -1, 4, 8, 22275 }, // ₛ
    { 5, 7, 4, -1, 5, 9, 22283 }, // ₜ
    { 9, 13, 9, 1, 13, 30, 22292 }, // ₠
    { 10, 14, 9, 0, 13, 35, 22322 }, // ₡
    { 9, 14, 9, 1, 13, 32, 22357 }, // ₢
    { 10, 12, 9, 0, 12, 30, 22389 }, // ₣
    { 11, 13, 9, -1, 13, 36, 22419 }, // ₤
    { 14, 14, 15, 0, 12, 49, 22455 }, // ₥
    { 10, 12, 9, 0, 12, 30, 22504 }, // ₦
    { 12, 13, 12, 0, 12, 39, 22534 }, // ₧
    { 14, 13, 13, 0, 12, 46, 22573 }, // ₨
    { 12, 12, 10, 0, 12, 36, 22619 }, // ₩
    { 14, 12, 13, 0, 12, 42, 22655 }, // ₪
    { 11, 16, 10, 0, 13, 44, 22697 }, // ₫
    { 11, 14, 9, 0, 13, 39, 22741 }, // €
    { 11, 12, 9, 0, 12, 33, 22780 }, // ₭
    { 10, 12, 8, 0, 12, 30, 22813 }, // ₮
    { 16, 17, 16, 0, 13, 68, 22843 }, // ₯
    { 11, 17, 9, -1, 13, 47, 22911 }, // ₰
    { 11, 12, 9, 0, 12, 33, 22958 }, // ₱
    { 11, 15, 11, 1, 13, 42, 22991 }, // ₲
    { 11, 12, 9, -1, 12, 33, 23033 }, // ₳
    { 11, 14, 8, -1, 13, 39, 23066 }, // ₴
    { 10, 15, 10, 1, 13, 38, 23105 }, // ₵
    { 11, 12, 9, 0, 11, 33, 23143 }, // ₶
    { 13, 15, 11, -1, 13, 49, 23176 }, // ₷
    { 9, 12, 8, 1, 12, 27, 23225 }, // ₸
    { 9, 12, 9, 1, 12, 27, 23252 }, // ₹
    { 10, 13, 9, 0, 12, 33, 23279 }, // ₺
    { 12, 14, 11, 0, 13, 42, 23312 }, // ₻
    { 13, 12, 12, -1, 12, 39, 23354 }, // ₼
    { 11, 12, 10, -1, 12, 33, 23393 }, // ₽
    { 12, 14, 10, -1, 14, 42, 23426 }, // ₾
    { 10, 16, 9, 0, 14, 40, 23468 }, // ₿
    { 5, 3, 5, 0, 6, 4, 23508 }, // −
    { 16, 16, 17, 0, 13, 64, 23512 }, // �
};

static const EpdUnicodeInterval notosans_8_italicIntervals[] = {
    { 0x0, 0x0, 0x0 },
    { 0xD, 0xD, 0x1 },
    { 0x20, 0x7E, 0x2 },
    { 0xA0, 0xFF, 0x61 },
    { 0x100, 0x17F, 0xC1 },
    { 0x300, 0x36F, 0x141 },
    { 0x400, 0x4FF, 0x1B1 },
    { 0x2000, 0x2064, 0x2B1 },
    { 0x2066, 0x206F, 0x316 },
    { 0x2070, 0x2071, 0x320 },
    { 0x2074, 0x208E, 0x322 },
    { 0x2090, 0x209C, 0x33D },
    { 0x20A0, 0x20BF, 0x34A },
    { 0x2212, 0x2212, 0x36A },
    { 0xFFFD, 0xFFFD, 0x36B },
};

static const EpdFontData notosans_8_italic = {
    notosans_8_italicBitmaps,
    notosans_8_italicGlyphs,
    notosans_8_italicIntervals,
    15,
    23,
    18,
    -5,
    true,
};
