/**
 * generated by fontconvert.py
 * name: notosans_8_bolditalic
 * size: 8
 * mode: 2-bit
 * Command used: /Users/jesse/Documents/GitHub/crosspoint/crosspoint-reader/lib/EpdFont/scripts/fontconvert.py notosans_8_bolditalic 8 /Users/jesse/Documents/GitHub/crosspoint/crosspoint-reader/lib/EpdFont/builtinFonts/source/NotoSans/NotoSans-BoldItalic.ttf --2bit
 */
#pragma once
#include "EpdFontData.h"

static const uint8_t notosans_8_bolditalicBitmaps[25648] = {
    0x0B, 0xC0, 0xFC, 0x0F, 0x80, 0xF4, 0x1F, 0x01, 0xF0, 0x2E, 0x03, 0xD0, 0x00, 0x02, 0x40, 0xBC,
    0x0B, 0xC0, 0x00, 0x00, 0x3D, 0xB8, 0xF2, 0xD3, 0xCF, 0x0D, 0x3C, 0x10, 0x40, 0x00, 0x74, 0xE0,
    0x02, 0xC7, 0x40, 0x0F, 0x2C, 0x06, 0xBE, 0xF9, 0x2F, 0xFF, 0xFC, 0x0F, 0x2D, 0x00, 0x38, 0xB0,
    0x2F, 0xFF, 0xFC, 0x6F, 0xBF, 0xA0, 0x3C, 0xB0, 0x00, 0xE3, 0xC0, 0x0B, 0x0E, 0x00, 0x00, 0x08,
    0x00, 0x06, 0xD0, 0x07, 0xFF, 0xC0, 0xFF, 0xB8, 0x1F, 0x30, 0x00, 0xFB, 0x00, 0x0B, 0xF8, 0x00,
    0x1F, 0xF0, 0x00, 0xEF, 0x40, 0x0C, 0xF4, 0xBE, 0xFF, 0x07, 0xFF, 0xD0, 0x03, 0x80, 0x00, 0x30,
    0x00, 0x00, 0x00, 0x00, 0x00, 0x7F, 0x00, 0xB4, 0x0F, 0xF8, 0x1E, 0x02, 0xD7, 0x83, 0xC0, 0x3C,
    0x78, 0xF0, 0x03, 0xCB, 0x6D, 0x10, 0x3D, 0xF7, 0xAF, 0xC2, 0xFD, 0xF7, 0xEE, 0x05, 0x3C, 0xF5,
    0xE0, 0x0B, 0x4F, 0x1E, 0x01, 0xE0, 0xF3, 0xD0, 0x3C, 0x0F, 0xBC, 0x0B, 0x00, 0x7F, 0x00, 0x00,
    0x00, 0x00, 0x00, 0x00, 0x00, 0x00, 0xBF, 0x40, 0x02, 0xFF, 0xC0, 0x03, 0xC3, 0xD0, 0x03, 0xC7,
    0xC0, 0x03, 0xEF, 0x40, 0x03, 0xFD, 0x14, 0x1F, 0xFC, 0x3C, 0x3E, 0x7E, 0xB8, 0x7C, 0x2F, 0xF0,
    0x7D, 0x0F, 0xD0, 0x3F, 0xFF, 0xE0, 0x1F, 0xFA, 0xF4, 0x00, 0x00, 0x00, 0x3D, 0x3C, 0x3C, 0x34,
    0x10, 0x00, 0xB4, 0x0B, 0x80, 0x3C, 0x03, 0xD0, 0x1F, 0x00, 0xB8, 0x03, 0xC0, 0x0F, 0x00, 0x7C,
    0x01, 0xF0, 0x07, 0xC0, 0x1F, 0x00, 0x3C, 0x00, 0xB4, 0x00, 0x90, 0x00, 0x00, 0x00, 0x00, 0xF0,
    0x00, 0xB8, 0x00, 0x7C, 0x00, 0x3C, 0x00, 0x3C, 0x00, 0x3C, 0x00, 0x3C, 0x00, 0x7C, 0x00, 0xB8,
    0x00, 0xF4, 0x01, 0xF0, 0x03, 0xD0, 0x07, 0x80, 0x0F, 0x00, 0x28, 0x00, 0x00, 0x90, 0x00, 0x3C,
    0x03, 0x4E, 0x01, 0xFF, 0xA9, 0x07, 0xFF, 0x43, 0xFC, 0x03, 0xDB, 0x00, 0x21, 0xE0, 0x00, 0x00,
    0x00, 0x00, 0xF0, 0x00, 0x3C, 0x00, 0x0F, 0x00, 0xFF, 0xFE, 0x3F, 0xFF, 0xC0, 0x3C, 0x00, 0x0F,
    0x00, 0x03, 0xC0, 0x00, 0x00, 0x00, 0x1F, 0x0F, 0x83, 0xC2, 0xD0, 0x00, 0x00, 0x2A, 0x5F, 0xF6,
    0xA4, 0x24, 0xBC, 0xFC, 0x00, 0x00, 0x07, 0xC0, 0x00, 0xF4, 0x00, 0x1F, 0x00, 0x03, 0xD0, 0x00,
    0xBC, 0x00, 0x0F, 0x00, 0x02, 0xE0, 0x00, 0x3C, 0x00, 0x0B, 0x80, 0x01, 0xF0, 0x00, 0x3D, 0x00,
    0x07, 0xC0, 0x00, 0x00, 0x00, 0x00, 0x00, 0x00, 0x00, 0x1F, 0xE0, 0x07, 0xFF, 0x80, 0xF8, 0xBC,
    0x2F, 0x07, 0xC3, 0xE0, 0x7C, 0x3D, 0x0B, 0xC7, 0xC0, 0xBC, 0x7C, 0x0F, 0x87, 0xC1, 0xF4, 0x7C,
    0x3F, 0x03, 0xFF, 0xC0, 0x1F, 0xF0, 0x00, 0x00, 0x00, 0x00, 0xBC, 0x07, 0xFC, 0x2F, 0xF8, 0x3D,
    0xF4, 0x10, 0xF0, 0x01, 0xF0, 0x02, 0xF0, 0x03, 0xE0, 0x03, 0xD0, 0x07, 0xC0, 0x0B, 0xC0, 0x0F,
    0x80, 0x00, 0x00, 0x00, 0x0B, 0xF8, 0x03, 0xFF, 0xE0, 0x38, 0x3F, 0x00, 0x02, 0xF0, 0x00, 0x3E,
    0x00, 0x0F, 0xC0, 0x03, 0xF0, 0x00, 0xFC, 0x00, 0x3F, 0x00, 0x1F, 0x80, 0x03, 0xFF, 0xF8, 0x7F,
    0xFF, 0x80, 0x00, 0x00, 0x01, 0xBF, 0x80, 0xFF, 0xF8, 0x14, 0x2F, 0x00, 0x0B, 0xC0, 0x07, 0xD0,
    0x3F, 0xD0, 0x1F, 0xF4, 0x00, 0x1F, 0x00, 0x03, 0xC4, 0x02, 0xF3, 0xFF, 0xF8, 0xBF, 0xF4, 0x00,
    0x00, 0x00, 0x00, 0x03, 0xF0, 0x00, 0xBE, 0x00, 0x2F, 0xD0, 0x07, 0xFD, 0x00, 0xF7, 0xC0, 0x3D,
    0xBC, 0x0F, 0x4B, 0x82, 0xF5, 0xF9, 0x3F, 0xFF, 0xE2, 0xAA, 0xF8, 0x00, 0x2F, 0x00, 0x03, 0xE0,
    0x03, 0xFF, 0xC0, 0x7F, 0xFC, 0x0B, 0x80, 0x00, 0xF4, 0x00, 0x0F, 0x90, 0x02, 0xFF, 0xE0, 0x09,
    0xBF, 0x00, 0x01, 0xF4, 0x00, 0x1F, 0x04, 0x03, 0xF0, 0xFF, 0xFD, 0x0B, 0xFF, 0x40, 0x00, 0x00,
    0x00, 0x00, 0x00, 0x00, 0x07, 0xFD, 0x02, 0xFF, 0xC0, 0xBD, 0x00, 0x0F, 0x40, 0x02, 0xE6, 0x90,
    0x3F, 0xFF, 0x03, 0xF5, 0xF8, 0x3D, 0x0F, 0x87, 0xC0, 0xF4, 0x3D, 0x2F, 0x03, 0xFF, 0xE0, 0x0F,
    0xF8, 0x00, 0x00, 0x00, 0x0F, 0xFF, 0xE1, 0xFF, 0xFE, 0x00, 0x0B, 0xC0, 0x00, 0xF4, 0x00, 0x3F,
    0x00, 0x07, 0xD0, 0x00, 0xF8, 0x00, 0x2F, 0x00, 0x03, 0xE0, 0x00, 0xFC, 0x00, 0x1F, 0x40, 0x03,
    0xF0, 0x00, 0x00, 0x00, 0x00, 0x2F, 0xF0, 0x0B, 0xFF, 0xC0, 0xF4, 0x7C, 0x0F, 0x47, 0xC0, 0xBD,
    0xF4, 0x03, 0xFD, 0x01, 0xFF, 0xD0, 0x3E, 0x1F, 0x07, 0xC0, 0xF4, 0xBC, 0x0F, 0x43, 0xFB, 0xF0,
    0x1F, 0xF8, 0x00, 0x00, 0x00, 0x00, 0x00, 0x00, 0xBF, 0x80, 0xFF, 0xF4, 0xBC, 0x3F, 0x3E, 0x0B,
    0xCF, 0x42, 0xF3, 0xF1, 0xFC, 0xBF, 0xFE, 0x0B, 0x9F, 0x40, 0x0B, 0xC0, 0x07, 0xD1, 0xFF, 0xE0,
    0x7F, 0xD0, 0x00, 0x00, 0x00, 0x00, 0x03, 0xD1, 0xF4, 0x14, 0x00, 0x00, 0x00, 0x00, 0x90, 0xBC,
    0x3F, 0x00, 0x00, 0x00, 0x00, 0x3D, 0x07, 0xD0, 0x14, 0x00, 0x00, 0x00, 0x00, 0x00, 0x00, 0x1F,
    0x03, 0xD0, 0x3C, 0x0B, 0x40, 0x00, 0x00, 0x00, 0x00, 0x00, 0x00, 0xB0, 0x02, 0xF8, 0x0B, 0xE0,
    0x2F, 0x80, 0x0F, 0xD0, 0x00, 0x7F, 0x80, 0x01, 0xFF, 0x00, 0x06, 0xC0, 0x00, 0x00, 0x15, 0x55,
    0x4F, 0xFF, 0xF1, 0x55, 0x54, 0x00, 0x00, 0x3F, 0xFF, 0xCA, 0xAA, 0xA0, 0x00, 0x00, 0x0E, 0x00,
    0x03, 0xF8, 0x00, 0x1B, 0xE0, 0x00, 0x2F, 0x80, 0x07, 0xF0, 0x6F, 0xD0, 0xFF, 0x40, 0x38, 0x00,
    0x00, 0x00, 0x00, 0x00, 0x00, 0x2F, 0xF0, 0x7F, 0xFC, 0x20, 0x7C, 0x00, 0x7C, 0x01, 0xF8, 0x0B,
    0xD0, 0x1F, 0x00, 0x2D, 0x00, 0x00, 0x00, 0x14, 0x00, 0xBC, 0x00, 0xBC, 0x00, 0x00, 0x00, 0x00,
    0x1B, 0xF9, 0x00, 0x03, 0xFA, 0xBE, 0x00, 0x7D, 0x00, 0x2D, 0x03, 0xC1, 0xA9, 0x3C, 0x2D, 0x2F,
    0xF8, 0xF0, 0xF1, 0xE1, 0xD2, 0xC3, 0x8F, 0x0B, 0x0F, 0x0E, 0x3C, 0x3C, 0x38, 0x38, 0xF2, 0xF3,
    0xC0, 0xF2, 0xFE, 0xFD, 0x02, 0xD0, 0x40, 0x40, 0x03, 0xE0, 0x04, 0x00, 0x03, 0xFF, 0xF0, 0x00,
    0x00, 0x65, 0x00, 0x00, 0x00, 0x0F, 0xD0, 0x00, 0xBF, 0x40, 0x03, 0xEE, 0x00, 0x2E, 0xB8, 0x00,
    0xF5, 0xE0, 0x0B, 0xC7, 0xC0, 0x3D, 0x1F, 0x02, 0xFF, 0xFC, 0x0F, 0xFF, 0xF0, 0xBC, 0x07, 0xC3,
    0xD0, 0x0F, 0x6F, 0x00, 0x3D, 0x03, 0xFF, 0x80, 0x1F, 0xFF, 0xC0, 0xBC, 0x2F, 0x03, 0xE0, 0x7C,
    0x0F, 0x87, 0xE0, 0x3F, 0xFD, 0x01, 0xFF, 0xF8, 0x0B, 0xC1, 0xF4, 0x3E, 0x03, 0xD0, 0xF4, 0x3F,
    0x03, 0xFF, 0xF8, 0x1F, 0xFF, 0x40, 0x00, 0x00, 0x00, 0x01, 0xFF, 0xD0, 0x2F, 0xFF, 0x82, 0xF8,
    0x08, 0x0F, 0x80, 0x00, 0xBC, 0x00, 0x03, 0xF0, 0x00, 0x0F, 0x80, 0x00, 0x3E, 0x00, 0x00, 0xF8,
    0x00, 0x02, 0xF4, 0x04, 0x03, 0xFF, 0xE0, 0x07, 0xFF, 0x40, 0x00, 0x00, 0x00, 0x03, 0xFF, 0x40,
    0x1F, 0xFF, 0x80, 0xBC, 0x6F, 0x43, 0xF0, 0x3E, 0x0F, 0x80, 0xFC, 0x3D, 0x03, 0xE1, 0xF0, 0x0F,
    0x8B, 0xC0, 0x7D, 0x3E, 0x03, 0xF0, 0xF8, 0x7F, 0x43, 0xFF, 0xF4, 0x1F, 0xFE, 0x00, 0x03, 0xFF,
    0xD0, 0x7F, 0xFD, 0x0B, 0xC0, 0x00, 0xFC, 0x00, 0x0F, 0x80, 0x00, 0xFF, 0xF0, 0x1F, 0xFF, 0x02,
    0xF0, 0x00, 0x3E, 0x00, 0x03, 0xE0, 0x00, 0x3F, 0xFD, 0x07, 0xFF, 0xC0, 0x03, 0xFF, 0xD0, 0x7F,
    0xFD, 0x0B, 0xC0, 0x00, 0xF8, 0x00, 0x0F, 0x80, 0x00, 0xFF, 0xF0, 0x1F, 0xFF, 0x02, 0xF5, 0x50,
    0x3E, 0x00, 0x03, 0xD0, 0x00, 0x3D, 0x00, 0x07, 0xC0, 0x00, 0x00, 0x00, 0x00, 0x00, 0x6F, 0xF8,
    0x02, 0xFF, 0xFC, 0x07, 0xF4, 0x14, 0x0F, 0xC0, 0x00, 0x2F, 0x00, 0x00, 0x3F, 0x0A, 0xA4, 0x3E,
    0x0F, 0xF4, 0x3E, 0x06, 0xF4, 0x3E, 0x01, 0xF0, 0x2F, 0x42, 0xF0, 0x0F, 0xFF, 0xE0, 0x03, 0xFF,
    0xD0, 0x00, 0x00, 0x00, 0x03, 0xD0, 0x3E, 0x07, 0xC0, 0x3D, 0x0B, 0xC0, 0x7C, 0x0F, 0xC0, 0x7C,
    0x0F, 0x95, 0xBC, 0x0F, 0xFF, 0xF8, 0x1F, 0xFF, 0xF4, 0x2F, 0x01, 0xF0, 0x3E, 0x02, 0xF0, 0x3D,
    0x03, 0xF0, 0x3D, 0x03, 0xE0, 0x7C, 0x03, 0xD0, 0x03, 0xFF, 0x00, 0xFF, 0x80, 0x0F, 0x40, 0x07,
    0xC0, 0x02, 0xF0, 0x00, 0xBC, 0x00, 0x3E, 0x00, 0x0F, 0x40, 0x07, 0xC0, 0x02, 0xF0, 0x02, 0xFE,
    0x01, 0xFF, 0xC0, 0x00, 0x0F, 0x80, 0x03, 0xD0, 0x01, 0xF0, 0x00, 0xBC, 0x00, 0x3E, 0x00, 0x0F,
    0x80, 0x03, 0xD0, 0x01, 0xF0, 0x00, 0xBC, 0x00, 0x3E, 0x00, 0x0F, 0x40, 0x07, 0xC0, 0x02, 0xF0,
    0x1B, 0xF8, 0x0B, 0xFC, 0x00, 0x54, 0x00, 0x03, 0xD0, 0xBD, 0x07, 0xC1, 0xF8, 0x0B, 0xC3, 0xE0,
    0x0F, 0x8F, 0xC0, 0x0F, 0xBF, 0x00, 0x0F, 0xFC, 0x00, 0x1F, 0xFC, 0x00, 0x2F, 0x7E, 0x00, 0x3E,
    0x2F, 0x00, 0x3D, 0x1F, 0x40, 0x3C, 0x0F, 0x80, 0x7C, 0x0B, 0xC0, 0x03, 0xD0, 0x07, 0xC0, 0x0B,
    0xC0, 0x0F, 0x80, 0x0F, 0x80, 0x0F, 0x40, 0x1F, 0x00, 0x2F, 0x00, 0x3E, 0x00, 0x3D, 0x00, 0x3F,
    0xFD, 0x7F, 0xFC, 0x03, 0xF0, 0x03, 0xF8, 0x1F, 0xD0, 0x1F, 0xD0, 0xBF, 0x40, 0xFF, 0x03, 0xFD,
    0x07, 0xFC, 0x0F, 0xB4, 0x3E, 0xF0, 0x3D, 0xE1, 0xEB, 0x81, 0xF7, 0x8F, 0x3D, 0x0B, 0x8E, 0x78,
    0xF0, 0x3D, 0x3F, 0xC7, 0xC0, 0xF0, 0xFE, 0x2F, 0x03, 0xC3, 0xF0, 0xB8, 0x1F, 0x0F, 0x83, 0xD0,
    0x03, 0xF0, 0x0B, 0x81, 0xFD, 0x03, 0xD0, 0xBF, 0x80, 0xF0, 0x3E, 0xF0, 0x7C, 0x0F, 0x7D, 0x2F,
    0x03, 0xCF, 0x8B, 0x81, 0xF1, 0xF3, 0xD0, 0xB8, 0x3D, 0xF0, 0x3D, 0x0F, 0xFC, 0x0F, 0x01, 0xFE,
    0x07, 0xC0, 0x3F, 0x81, 0xF0, 0x0F, 0xD0, 0x00, 0x00, 0x00, 0x00, 0x7F, 0xE0, 0x02, 0xFF, 0xFC,
    0x0B, 0xE0, 0xBD, 0x0F, 0x80, 0x3E, 0x2F, 0x00, 0x3E, 0x3F, 0x00, 0x3E, 0x3E, 0x00, 0x3D, 0x3E,
    0x00, 0x7C, 0x3E, 0x00, 0xFC, 0x2F, 0x42, 0xF4, 0x0F, 0xFF, 0xE0, 0x07, 0xFF, 0x40, 0x00, 0x00,
    0x00, 0x03, 0xFF, 0x40, 0x1F, 0xFF, 0x80, 0xBC, 0x2F, 0x03, 0xE0, 0x7C, 0x0F, 0x81, 0xF0, 0x3E,
    0x6F, 0xC1, 0xFF, 0xFC, 0x0B, 0xFA, 0x40, 0x3E, 0x00, 0x00, 0xF4, 0x00, 0x03, 0xC0, 0x00, 0x1F,
    0x00, 0x00, 0x00, 0x00, 0x00, 0x00, 0x7F, 0xE0, 0x02, 0xFF, 0xFC, 0x0B, 0xE0, 0xBD, 0x0F, 0x80,
    0x3E, 0x2F, 0x00, 0x3E, 0x3F, 0x00, 0x3E, 0x3E, 0x00, 0x3D, 0x3E, 0x00, 0x7C, 0x3E, 0x00, 0xFC,
    0x2F, 0x43, 0xF4, 0x0F, 0xFF, 0xD0, 0x07, 0xFF, 0x40, 0x00, 0x1F, 0x80, 0x00, 0x0B, 0xC0, 0x00,
    0x03, 0xE0, 0x03, 0xFE, 0x40, 0x7F, 0xFD, 0x0B, 0xC3, 0xF0, 0xF8, 0x2F, 0x0F, 0x83, 0xE0, 0xFA,
    0xFD, 0x1F, 0xFF, 0x42, 0xF7, 0xE0, 0x3E, 0x2F, 0x03, 0xD0, 0xF4, 0x3D, 0x0F, 0xC7, 0xC0, 0xBC,
    0x00, 0x00, 0x00, 0x1F, 0xF8, 0x0B, 0xFF, 0x80, 0xF8, 0x10, 0x1F, 0x40, 0x00, 0xFC, 0x00, 0x0B,
    0xF0, 0x00, 0x2F, 0xC0, 0x00, 0x7E, 0x00, 0x03, 0xE0, 0x50, 0x3E, 0x0B, 0xFF, 0xC0, 0x7F, 0xE0,
    0x00, 0x00, 0x00, 0x7F, 0xFF, 0xCB, 0xFF, 0xFC, 0x03, 0xE0, 0x00, 0x3D, 0x00, 0x07, 0xD0, 0x00,
    0x7C, 0x00, 0x0B, 0xC0, 0x00, 0xF8, 0x00, 0x0F, 0x40, 0x01, 0xF0, 0x00, 0x2F, 0x00, 0x02, 0xF0,
    0x00, 0x0F, 0x40, 0xF8, 0x7C, 0x03, 0xD2, 0xF0, 0x1F, 0x0F, 0x80, 0xBC, 0x3D, 0x03, 0xE1, 0xF0,
    0x0F, 0x8B, 0xC0, 0x3D, 0x2F, 0x01, 0xF0, 0xF8, 0x0B, 0xC3, 0xF0, 0x7D, 0x07, 0xFF, 0xF0, 0x07,
    0xFE, 0x00, 0x00, 0x00, 0x00, 0x7C, 0x01, 0xF1, 0xF0, 0x0F, 0x87, 0xC0, 0x7C, 0x0F, 0x03, 0xE0,
    0x3C, 0x1F, 0x00, 0xF0, 0xF8, 0x03, 0xD7, 0xC0, 0x0F, 0x7E, 0x00, 0x3E, 0xF0, 0x00, 0xBF, 0x80,
    0x02, 0xFC, 0x00, 0x0B, 0xE0, 0x00, 0x7C, 0x07, 0xC0, 0x3C, 0x7C, 0x0F, 0xC0, 0xBC, 0x7C, 0x0F,
    0xC0, 0xF4, 0x7C, 0x2F, 0xC1, 0xF0, 0x7C, 0x3F, 0xC3, 0xE0, 0x7C, 0xBB, 0xC7, 0xC0, 0x7C, 0xF3,
    0xCB, 0x80, 0x7D, 0xE2, 0xDF, 0x00, 0x3F, 0xC2, 0xEF, 0x00, 0x3F, 0x82, 0xFD, 0x00, 0x3F, 0x42,
    0xFC, 0x00, 0x3F, 0x02, 0xF4, 0x00, 0x03, 0xE0, 0x2F, 0x00, 0xBC, 0x1F, 0x40, 0x1F, 0x0F, 0x80,
    0x03, 0xDF, 0xC0, 0x00, 0xBF, 0xC0, 0x00, 0x1F, 0xD0, 0x00, 0x0F, 0xF0, 0x00, 0x0B, 0xFE, 0x00,
    0x07, 0xDB, 0xC0, 0x03, 0xE1, 0xF4, 0x03, 0xF0, 0x3E, 0x02, 0xF4, 0x0B, 0xC0, 0x7C, 0x03, 0xE3,
    0xD0, 0xBC, 0x3E, 0x1F, 0x42, 0xF3, 0xE0, 0x1F, 0xBC, 0x00, 0xFF, 0x40, 0x0F, 0xE0, 0x00, 0xBC,
    0x00, 0x0F, 0x80, 0x00, 0xF4, 0x00, 0x0F, 0x40, 0x01, 0xF0, 0x00, 0x03, 0xFF, 0xF8, 0x0F, 0xFF,
    0xD0, 0x00, 0x7F, 0x00, 0x03, 0xF0, 0x00, 0x2F, 0x40, 0x01, 0xF8, 0x00, 0x0F, 0x80, 0x00, 0xFC,
    0x00, 0x0B, 0xC0, 0x00, 0xBD, 0x00, 0x03, 0xFF, 0xFC, 0x1F, 0xFF, 0xE0, 0x01, 0xFE, 0x02, 0xFD,
    0x02, 0xD0, 0x03, 0xC0, 0x03, 0xC0, 0x07, 0xC0, 0x0B, 0x80, 0x0F, 0x40, 0x0F, 0x00, 0x0F, 0x00,
    0x1E, 0x00, 0x2D, 0x00, 0x3D, 0x00, 0x3F, 0xC0, 0x2A, 0x40, 0x3C, 0x0F, 0x03, 0xC0, 0xB4, 0x2E,
    0x07, 0x80, 0xF0, 0x3C, 0x0F, 0x02, 0xD0, 0xB8, 0x1E, 0x00, 0x00, 0x00, 0xFE, 0x01, 0xFE, 0x00,
    0x3D, 0x00, 0x3C, 0x00, 0x3C, 0x00, 0x78, 0x00, 0xB4, 0x00, 0xF0, 0x00, 0xF0, 0x01, 0xF0, 0x02,
    0xE0, 0x02, 0xD0, 0x03, 0xC0, 0x3F, 0xC0, 0x2A, 0x80, 0x00, 0x38, 0x00, 0x2F, 0x00, 0x1F, 0xC0,
    0x0F, 0x78, 0x0B, 0x4F, 0x07, 0x82, 0xC3, 0xC0, 0x75, 0xD0, 0x0E, 0x2A, 0xA8, 0x6A, 0xA8, 0x7C,
    0x3D, 0x0E, 0x00, 0x00, 0x00, 0x3F, 0xAE, 0x0F, 0xFF, 0xD2, 0xF4, 0xBC, 0x3E, 0x0B, 0xC3, 0xD0,
    0xB8, 0x7D, 0x0F, 0x43, 0xD2, 0xF0, 0x3F, 0xFF, 0x01, 0xFD, 0xF0, 0x00, 0x00, 0x00, 0x02, 0x80,
    0x00, 0x7C, 0x00, 0x07, 0xC0, 0x00, 0xB8, 0x00, 0x0F, 0xBF, 0x40, 0xFF, 0xFC, 0x1F, 0x47, 0xC2,
    0xF0, 0x7C, 0x3E, 0x07, 0xC3, 0xD0, 0xFC, 0x3E, 0x1F, 0x47, 0xFF, 0xF0, 0xB6, 0xF8, 0x00, 0x00,
    0x00, 0x00, 0x10, 0x00, 0xFF, 0xC0, 0xFF, 0xF0, 0xBC, 0x00, 0x3E, 0x00, 0x0F, 0x40, 0x07, 0xD0,
    0x00, 0xF8, 0x10, 0x3F, 0xFC, 0x03, 0xFE, 0x00, 0x00, 0x00, 0x00, 0x00, 0xA0, 0x00, 0x07, 0xC0,
    0x00, 0x2F, 0x00, 0x00, 0xB8, 0x03, 0xFB, 0xD0, 0x3F, 0xFF, 0x42, 0xF0, 0xBC, 0x0F, 0x82, 0xF0,
    0x3D, 0x0B, 0x80, 0xF0, 0x3D, 0x03, 0xD2, 0xF0, 0x0F, 0xFF, 0xC0, 0x1F, 0xDF, 0x00, 0x00, 0x00,
    0x00, 0x00, 0x00, 0x00, 0xBF, 0xC0, 0xFE, 0xFC, 0xBC, 0x2F, 0x3E, 0x6F, 0x8F, 0xFF, 0x87, 0xE4,
    0x00, 0xF4, 0x00, 0x3F, 0xAE, 0x03, 0xFF, 0x40, 0x00, 0x00, 0x00, 0x06, 0xA0, 0x00, 0xBF, 0xC0,
    0x03, 0xE0, 0x00, 0x1F, 0x40, 0x02, 0xFF, 0xC0, 0x0F, 0xFD, 0x00, 0x0F, 0x80, 0x00, 0x3D, 0x00,
    0x01, 0xF0, 0x00, 0x0B, 0xC0, 0x00, 0x3E, 0x00, 0x00, 0xF8, 0x00, 0x03, 0xD0, 0x00, 0x1F, 0x00,
    0x00, 0xFC, 0x00, 0x3F, 0xD0, 0x00, 0xBD, 0x00, 0x00, 0x00, 0x00, 0x00, 0x3F, 0xAE, 0x0F, 0xFF,
    0xD2, 0xF4, 0xBC, 0x3E, 0x0B, 0xC3, 0xD0, 0xB8, 0x3D, 0x0F, 0x43, 0xD2, 0xF0, 0x3F, 0xFF, 0x01,
    0xFA, 0xF0, 0x00, 0x3E, 0x04, 0x07, 0xD0, 0xBF, 0xF8, 0x07, 0xFD, 0x00, 0x02, 0x80, 0x00, 0x7C,
    0x00, 0x07, 0xC0, 0x00, 0xB8, 0x00, 0x0F, 0xBF, 0x80, 0xFF, 0xFC, 0x1F, 0x87, 0xC2, 0xF0, 0x7C,
    0x3E, 0x0B, 0xC3, 0xD0, 0xF8, 0x3D, 0x0F, 0x47, 0xC0, 0xF4, 0xBC, 0x1F, 0x00, 0x02, 0x80, 0x7D,
    0x02, 0x80, 0x00, 0x0F, 0x80, 0xF4, 0x1F, 0x02, 0xF0, 0x3E, 0x03, 0xE0, 0x3D, 0x07, 0xC0, 0xBC,
    0x00, 0x00, 0x0A, 0x00, 0x07, 0xD0, 0x00, 0xA0, 0x00, 0x00, 0x00, 0x3E, 0x00, 0x0F, 0x40, 0x07,
    0xC0, 0x02, 0xF0, 0x00, 0xBC, 0x00, 0x3E, 0x00, 0x0F, 0x40, 0x07, 0xC0, 0x02, 0xF0, 0x00, 0xF8,
    0x00, 0x7D, 0x00, 0xFF, 0x00, 0x3F, 0x00, 0x00, 0x02, 0x80, 0x00, 0x1F, 0x00, 0x00, 0x7C, 0x00,
    0x02, 0xF0, 0x00, 0x0F, 0x83, 0xE0, 0x3D, 0x3E, 0x01, 0xF3, 0xE0, 0x0B, 0xFE, 0x00, 0x3F, 0xF4,
    0x00, 0xFF, 0xF0, 0x03, 0xD7, 0xD0, 0x1F, 0x0F, 0xC0, 0xBC, 0x1F, 0x40, 0x02, 0x90, 0x7C, 0x07,
    0xC0, 0xBC, 0x0F, 0x80, 0xF4, 0x1F, 0x02, 0xF0, 0x3E, 0x03, 0xE0, 0x3D, 0x07, 0xC0, 0xBC, 0x00,
    0x00, 0x00, 0x00, 0x00, 0x3C, 0xFE, 0x3F, 0x80, 0xFF, 0xFF, 0xFF, 0x07, 0xE1, 0xF8, 0x7C, 0x2F,
    0x07, 0xC1, 0xF0, 0xB8, 0x2F, 0x0B, 0xC3, 0xD0, 0xF8, 0x2E, 0x0F, 0x43, 0xD0, 0xF4, 0x7C, 0x1F,
    0x03, 0xD2, 0xF0, 0x7C, 0x1F, 0x00, 0x00, 0x00, 0x00, 0xF3, 0xF8, 0x0F, 0xFF, 0xC1, 0xF8, 0x7C,
    0x2F, 0x07, 0xC2, 0xE0, 0xBC, 0x3D, 0x0F, 0x83, 0xD0, 0xF4, 0x7C, 0x0F, 0x4B, 0xC1, 0xF0, 0x00,
    0x10, 0x00, 0x3F, 0xF0, 0x0F, 0xFF, 0x82, 0xF0, 0xBC, 0x3E, 0x07, 0xC3, 0xD0, 0xBC, 0x7C, 0x0F,
    0x83, 0xD1, 0xF4, 0x3F, 0xFE, 0x00, 0xFF, 0x80, 0x00, 0x00, 0x00, 0x00, 0x00, 0x00, 0x0F, 0x7F,
    0x40, 0x3F, 0xFF, 0x01, 0xF4, 0x7C, 0x0B, 0xC1, 0xF0, 0x2E, 0x07, 0xC0, 0xF4, 0x3F, 0x03, 0xE1,
    0xF4, 0x1F, 0xFF, 0xC0, 0xBE, 0xF8, 0x03, 0xE0, 0x00, 0x0F, 0x40, 0x00, 0x3C, 0x00, 0x01, 0xF0,
    0x00, 0x00, 0x00, 0x00, 0x00, 0x3F, 0xAD, 0x0F, 0xFF, 0xD2, 0xF0, 0xBC, 0x3E, 0x0B, 0xC3, 0xD0,
    0xB8, 0x3C, 0x0F, 0x43, 0xD2, 0xF0, 0x3F, 0xFF, 0x01, 0xFE, 0xF0, 0x00, 0x3E, 0x00, 0x03, 0xD0,
    0x00, 0x7C, 0x00, 0x0B, 0xC0, 0x00, 0x00, 0x0F, 0x7E, 0x0F, 0xFD, 0x1F, 0xC0, 0x2F, 0x00, 0x3F,
    0x00, 0x3E, 0x00, 0x3D, 0x00, 0x7C, 0x00, 0xBC, 0x00, 0x00, 0x40, 0x0F, 0xFD, 0x2F, 0xAC, 0x3F,
    0x00, 0x2F, 0x80, 0x0F, 0xF0, 0x01, 0xF8, 0x00, 0xF8, 0xFB, 0xF4, 0xBF, 0xE0, 0x00, 0x00, 0x00,
    0x00, 0x02, 0xC0, 0x03, 0xC0, 0x2F, 0xFC, 0x3F, 0xF8, 0x0F, 0x40, 0x1F, 0x00, 0x2F, 0x00, 0x3E,
    0x00, 0x3E, 0x00, 0x3F, 0xD0, 0x2F, 0xD0, 0x00, 0x00, 0x00, 0x00, 0x00, 0xF4, 0x3E, 0x0F, 0x03,
    0xD1, 0xF0, 0x3C, 0x2F, 0x07, 0xC3, 0xE0, 0xBC, 0x3D, 0x0F, 0x83, 0xD2, 0xF4, 0x3F, 0xFF, 0x01,
    0xFC, 0xF0, 0x00, 0x00, 0x00, 0x00, 0x00, 0x03, 0xD0, 0x7C, 0x3D, 0x0F, 0x83, 0xD1, 0xF0, 0x2E,
    0x3E, 0x02, 0xE7, 0xC0, 0x1E, 0xF4, 0x01, 0xFF, 0x00, 0x0F, 0xD0, 0x00, 0xFC, 0x00, 0x00, 0x00,
    0x00, 0x3D, 0x0F, 0x83, 0xEF, 0x4B, 0xE0, 0xF3, 0xD3, 0xF8, 0xBC, 0xF5, 0xDE, 0x3D, 0x3D, 0xF3,
    0xAF, 0x0B, 0xB8, 0xEF, 0x42, 0xFC, 0x3F, 0xC0, 0xBE, 0x0F, 0xD0, 0x2F, 0x43, 0xF0, 0x00, 0x00,
    0x00, 0x00, 0x2F, 0x0B, 0xC0, 0x3D, 0x7D, 0x00, 0xBF, 0xE0, 0x01, 0xFE, 0x00, 0x03, 0xF0, 0x00,
    0x3F, 0xD0, 0x02, 0xFB, 0xC0, 0x2F, 0x1F, 0x41, 0xF4, 0x3E, 0x00, 0x00, 0x00, 0x00, 0x03, 0xD0,
    0x7C, 0x03, 0xD0, 0xF8, 0x03, 0xE1, 0xF0, 0x02, 0xE3, 0xE0, 0x01, 0xE7, 0xC0, 0x01, 0xFF, 0x80,
    0x00, 0xFF, 0x00, 0x00, 0xFD, 0x00, 0x00, 0xFC, 0x00, 0x00, 0xF4, 0x00, 0x03, 0xF0, 0x00, 0x3F,
    0xC0, 0x00, 0x3E, 0x00, 0x00, 0x00, 0x00, 0x01, 0xFF, 0xF0, 0x7F, 0xF8, 0x00, 0xFC, 0x00, 0xBC,
    0x00, 0xBC, 0x00, 0x7D, 0x00, 0x3E, 0x00, 0x3F, 0xFD, 0x0F, 0xFF, 0x40, 0x00, 0x2F, 0x00, 0xBE,
    0x00, 0xF4, 0x00, 0xF0, 0x01, 0xE0, 0x02, 0xD0, 0x1F, 0xC0, 0x3F, 0x00, 0x1F, 0x80, 0x07, 0x80,
    0x0B, 0x40, 0x0F, 0x00, 0x0F, 0x40, 0x0F, 0xC0, 0x01, 0x80, 0x25, 0xD7, 0x5D, 0x75, 0xD7, 0x5D,
    0x75, 0xD7, 0x5D, 0x75, 0xD7, 0x5D, 0x34, 0x03, 0x80, 0x1F, 0xC0, 0x1F, 0x00, 0x78, 0x02, 0xD0,
    0x0F, 0x40, 0x2F, 0x40, 0x7F, 0x07, 0xE4, 0x2D, 0x00, 0xF0, 0x03, 0xC0, 0x2F, 0x03, 0xF4, 0x0A,
    0x00, 0x00, 0x00, 0x00, 0x0F, 0xF9, 0x73, 0xAF, 0xFC, 0x00, 0x54, 0x00, 0x00, 0x3D, 0x07, 0xD0,
    0x28, 0x00, 0x00, 0xB4, 0x0F, 0x00, 0xF0, 0x1F, 0x02, 0xE0, 0x3E, 0x03, 0xD0, 0x7D, 0x00, 0x00,
    0x00, 0x00, 0x00, 0x70, 0x02, 0xF9, 0x0F, 0xFE, 0x2F, 0x44, 0x3D, 0x00, 0x7C, 0x00, 0xBC, 0x00,
    0xBC, 0x00, 0x7E, 0x64, 0x3F, 0xF4, 0x0B, 0x90, 0x0B, 0x00, 0x00, 0x00, 0x00, 0x00, 0x00, 0x00,
    0x0F, 0xF8, 0x00, 0x3F, 0xF8, 0x00, 0xBC, 0x00, 0x00, 0xF8, 0x00, 0x00, 0xF4, 0x00, 0x0B, 0xFF,
    0x80, 0x0F, 0xFF, 0x40, 0x02, 0xF0, 0x00, 0x03, 0xE0, 0x00, 0x0B, 0xC0, 0x00, 0x3F, 0xFF, 0xD0,
    0x3F, 0xFF, 0xC0, 0x04, 0x01, 0x0F, 0xFF, 0xD0, 0xFB, 0xF0, 0x74, 0x3C, 0x1D, 0x0F, 0x03, 0xDB,
    0x82, 0xFF, 0xF4, 0x61, 0x08, 0x1F, 0x01, 0xF0, 0x3D, 0x0F, 0x80, 0xF4, 0xBC, 0x02, 0xE3, 0xC0,
    0x07, 0xFE, 0x00, 0x0F, 0xF0, 0x01, 0xFF, 0xF0, 0x06, 0xFE, 0x40, 0x17, 0xE4, 0x00, 0xFF, 0xF4,
    0x00, 0x7D, 0x00, 0x02, 0xF0, 0x00, 0x25, 0xD7, 0x5D, 0x75, 0xD7, 0x40, 0x00, 0x07, 0x5D, 0x75,
    0xD7, 0x5D, 0x34, 0x01, 0xA9, 0x02, 0xFF, 0xC0, 0xF4, 0x10, 0x3F, 0x00, 0x07, 0xF8, 0x07, 0x9F,
    0x42, 0xD2, 0xE0, 0xB8, 0xF4, 0x0F, 0xF4, 0x00, 0x7E, 0x00, 0x0B, 0x83, 0x97, 0xD0, 0xBF, 0xE0,
    0x00, 0x00, 0x00, 0x20, 0x4B, 0x9E, 0x20, 0x80, 0x00, 0x00, 0x00, 0x00, 0x0B, 0xFE, 0x00, 0x03,
    0x80, 0x2C, 0x00, 0xD1, 0xA8, 0xB0, 0x28, 0x79, 0x83, 0x83, 0x0E, 0x00, 0x1C, 0x30, 0xD0, 0x00,
    0xC3, 0x0C, 0x00, 0x0C, 0x30, 0xD0, 0x01, 0xC2, 0x8B, 0x58, 0x28, 0x0C, 0x1F, 0x87, 0x00, 0x74,
    0x02, 0xD0, 0x00, 0xBF, 0xE0, 0x00, 0x00, 0x00, 0x00, 0x00, 0x00, 0x7E, 0xC3, 0x9F, 0x2C, 0x38,
    0xF0, 0xD2, 0xDF, 0x03, 0xDC, 0x00, 0x00, 0x00, 0x00, 0x3C, 0x3C, 0x0F, 0xCF, 0xC2, 0xF2, 0xF0,
    0x7D, 0x7D, 0x03, 0xE3, 0xE0, 0x2F, 0x2F, 0x00, 0xE0, 0xE0, 0x00, 0x00, 0x00, 0x3F, 0xFF, 0x8F,
    0xFF, 0xF0, 0x00, 0x3C, 0x00, 0x0F, 0x00, 0x03, 0xC0, 0x2A, 0x5F, 0xF6, 0xA4, 0x00, 0x00, 0x00,
    0x00, 0x0B, 0xFE, 0x00, 0x03, 0x80, 0x2C, 0x00, 0xD6, 0xA4, 0xB0, 0x28, 0x76, 0xC3, 0x83, 0x07,
    0x0D, 0x1C, 0x30, 0x71, 0xC0, 0xC3, 0x07, 0xF4, 0x0C, 0x30, 0x72, 0x81, 0xC2, 0x87, 0x0D, 0x28,
    0x0C, 0x60, 0x67, 0x00, 0x74, 0x02, 0xD0, 0x00, 0xBF, 0xE0, 0x00, 0x00, 0x00, 0x00, 0x15, 0x55,
    0x0F, 0xFF, 0xC1, 0x55, 0x50, 0x00, 0x00, 0x7F, 0x43, 0xEF, 0x1D, 0x1D, 0x38, 0x74, 0xBF, 0xC0,
    0x64, 0x00, 0x00, 0x50, 0x00, 0x3C, 0x00, 0x0F, 0x00, 0x57, 0xD5, 0x3F, 0xFF, 0xCA, 0xBE, 0xA0,
    0x0F, 0x00, 0x03, 0xC0, 0x00, 0xA0, 0x0F, 0xFF, 0xF3, 0xFF, 0xFC, 0x00, 0x00, 0x0B, 0xF8, 0x06,
    0x7C, 0x00, 0x3C, 0x00, 0xF4, 0x07, 0xC0, 0x1F, 0xA4, 0x3F, 0xF4, 0x00, 0x00, 0x00, 0x00, 0x7F,
    0x80, 0x5F, 0x00, 0x78, 0x0F, 0xC0, 0x0B, 0x45, 0x6D, 0x2F, 0xE0, 0x00, 0x00, 0x07, 0x80, 0xF4,
    0x3C, 0x00, 0x00, 0x00, 0x00, 0x0F, 0x82, 0xF0, 0x3D, 0x0F, 0x81, 0xF0, 0x3D, 0x0B, 0xC1, 0xF0,
    0x2E, 0x0B, 0xC0, 0xF8, 0x3E, 0x03, 0xE1, 0xF4, 0x1F, 0xFF, 0xD0, 0xBF, 0xDF, 0x03, 0xE0, 0x00,
    0x0F, 0x40, 0x00, 0x3C, 0x00, 0x01, 0xF0, 0x00, 0x00, 0x06, 0xAA, 0x8F, 0xFF, 0xFB, 0xFF, 0x2E,
    0xFF, 0xCB, 0xFF, 0xF2, 0xEF, 0xFC, 0xBB, 0xFF, 0x2C, 0xFF, 0xCB, 0x06, 0xB2, 0xC0, 0x0C, 0xB0,
    0x03, 0x2C, 0x00, 0xCB, 0x00, 0x32, 0xC0, 0x0C, 0xB0, 0x03, 0x2C, 0x00, 0x00, 0x24, 0xFC, 0xFC,
    0x00, 0x2C, 0x07, 0xC5, 0xF2, 0xF4, 0x00, 0x00, 0x7D, 0x2F, 0xC3, 0xBC, 0x07, 0x80, 0xB4, 0x0B,
    0x40, 0xF0, 0x00, 0x00, 0x1F, 0xC3, 0xDE, 0x74, 0xEB, 0x1D, 0x7B, 0xC2, 0xF4, 0x00, 0x00, 0x0B,
    0x8B, 0x81, 0xF1, 0xF0, 0x3D, 0x3D, 0x0F, 0x8F, 0x8B, 0xCF, 0xCB, 0xCB, 0xC1, 0xC1, 0xC0, 0x00,
    0x00, 0x00, 0x00, 0x00, 0x00, 0x01, 0xF0, 0x0B, 0x03, 0xFC, 0x07, 0x81, 0xEE, 0x03, 0xC0, 0x0B,
    0x43, 0xC0, 0x03, 0xC2, 0xD0, 0x00, 0xF1, 0xE1, 0xF0, 0x78, 0xF0, 0xFC, 0x00, 0xF0, 0xFF, 0x00,
    0xB4, 0xF7, 0x80, 0x78, 0xBB, 0xE0, 0x3C, 0x2F, 0xFC, 0x3C, 0x00, 0x3C, 0x00, 0x00, 0x00, 0x00,
    0x00, 0x00, 0x00, 0x00, 0x7C, 0x02, 0xC0, 0x3F, 0xC0, 0x74, 0x07, 0xB8, 0x0E, 0x00, 0x0B, 0x43,
    0xC0, 0x00, 0xF0, 0xB4, 0x00, 0x0F, 0x1E, 0x7F, 0x81, 0xE3, 0xC6, 0x7C, 0x00, 0xF0, 0x03, 0xC0,
    0x2D, 0x00, 0xF4, 0x07, 0x80, 0x3C, 0x00, 0xF0, 0x1F, 0xA4, 0x3C, 0x03, 0xFF, 0x40, 0x00, 0x00,
    0x00, 0x00, 0x00, 0x00, 0x00, 0xFF, 0x40, 0x38, 0x05, 0xB8, 0x0F, 0x00, 0x0B, 0x42, 0xD0, 0x0B,
    0xD0, 0x78, 0x00, 0x0F, 0x0F, 0x00, 0x15, 0xF3, 0xC3, 0xE3, 0xFD, 0xB4, 0xBD, 0x00, 0x1E, 0x2F,
    0xC0, 0x03, 0xC7, 0x7C, 0x00, 0xF0, 0xFB, 0xD0, 0x2D, 0x1F, 0xFD, 0x07, 0x80, 0x0B, 0x40, 0x00,
    0x00, 0x00, 0x00, 0x00, 0x00, 0x3D, 0x00, 0x7D, 0x00, 0x14, 0x00, 0x00, 0x00, 0xB4, 0x02, 0xF0,
    0x0B, 0xD0, 0x3F, 0x00, 0x7C, 0x00, 0x7C, 0x18, 0x3F, 0xFC, 0x1F, 0xE4, 0x00, 0x0B, 0x40, 0x00,
    0x1F, 0x00, 0x00, 0x1D, 0x00, 0x00, 0x00, 0x00, 0x0F, 0xD0, 0x00, 0xBF, 0x40, 0x03, 0xEE, 0x00,
    0x2E, 0xB8, 0x00, 0xF5, 0xE0, 0x0B, 0xC7, 0xC0, 0x3D, 0x1F, 0x02, 0xFF, 0xFC, 0x0F, 0xFF, 0xF0,
    0xBC, 0x07, 0xC3, 0xD0, 0x0F, 0x6F, 0x00, 0x3D, 0x00, 0x00, 0xB8, 0x00, 0x01, 0xF0, 0x00, 0x03,
    0x80, 0x00, 0x00, 0x00, 0x00, 0x0F, 0xD0, 0x00, 0x2F, 0xD0, 0x00, 0x3E, 0xE0, 0x00, 0xBA, 0xE0,
    0x00, 0xF5, 0xE0, 0x02, 0xF1, 0xF0, 0x03, 0xD1, 0xF0, 0x0B, 0xFF, 0xF0, 0x0F, 0xFF, 0xF0, 0x2F,
    0x01, 0xF0, 0x3D, 0x00, 0xF4, 0xBC, 0x00, 0xF4, 0x00, 0x03, 0xE0, 0x00, 0x0F, 0xF4, 0x00, 0x38,
    0x2C, 0x00, 0x00, 0x00, 0x00, 0x0F, 0xD0, 0x00, 0x2F, 0xD0, 0x00, 0x3E, 0xE0, 0x00, 0xBA, 0xE0,
    0x00, 0xF5, 0xE0, 0x02, 0xF1, 0xF0, 0x03, 0xD1, 0xF0, 0x0B, 0xFF, 0xF0, 0x0F, 0xFF, 0xF0, 0x2F,
    0x01, 0xF0, 0x3D, 0x00, 0xF4, 0xBC, 0x00, 0xF4, 0x00, 0x0A, 0x09, 0x00, 0x2F, 0xFD, 0x00, 0x34,
    0xB4, 0x00, 0x00, 0x00, 0x00, 0x0F, 0xD0, 0x00, 0x2F, 0xD0, 0x00, 0x3E, 0xE0, 0x00, 0xBA, 0xE0,
    0x00, 0xF5, 0xE0, 0x02, 0xF1, 0xF0, 0x03, 0xD1, 0xF0, 0x0B, 0xFF, 0xF0, 0x0F, 0xFF, 0xF0, 0x2F,
    0x01, 0xF0, 0x3D, 0x00, 0xF4, 0xBC, 0x00, 0xF4, 0x00, 0x05, 0x14, 0x00, 0x7D, 0xF0, 0x00, 0x92,
    0x40, 0x00, 0x00, 0x00, 0x0F, 0xD0, 0x00, 0xBF, 0x40, 0x03, 0xEE, 0x00, 0x2E, 0xB8, 0x00, 0xF5,
    0xE0, 0x0B, 0xC7, 0xC0, 0x3D, 0x1F, 0x02, 0xFF, 0xFC, 0x0F, 0xFF, 0xF0, 0xBC, 0x07, 0xC3, 0xD0,
    0x0F, 0x6F, 0x00, 0x3D, 0x00, 0x03, 0xE0, 0x00, 0x29, 0xC0, 0x00, 0xA7, 0x00, 0x00, 0xF8, 0x00,
    0x00, 0x00, 0x00, 0x3F, 0x40, 0x02, 0xFD, 0x00, 0x0F, 0xB8, 0x00, 0xBA, 0xE0, 0x03, 0xD7, 0x80,
    0x2F, 0x1F, 0x00, 0xF4, 0x7C, 0x0B, 0xFF, 0xF0, 0x3F, 0xFF, 0xC2, 0xF0, 0x1F, 0x0F, 0x40, 0x3D,
    0xBC, 0x00, 0xF4, 0x00, 0x02, 0xFF, 0xFF, 0x40, 0x01, 0xFF, 0xFF, 0xC0, 0x00, 0xFA, 0xF0, 0x00,
    0x00, 0xBC, 0xF8, 0x00, 0x00, 0x7D, 0x3E, 0x00, 0x00, 0x3E, 0x1F, 0xFF, 0x00, 0x2F, 0x0B, 0xFF,
    0x80, 0x0F, 0xFF, 0xF0, 0x00, 0x0F, 0xFF, 0xF8, 0x00, 0x07, 0xD0, 0x7D, 0x00, 0x03, 0xE0, 0x1F,
    0xFF, 0x42, 0xF0, 0x0B, 0xFF, 0xC0, 0x00, 0x00, 0x00, 0x01, 0xFF, 0xD0, 0x2F, 0xFF, 0x82, 0xF8,
    0x08, 0x0F, 0x80, 0x00, 0xBC, 0x00, 0x03, 0xF0, 0x00, 0x0F, 0x80, 0x00, 0x3E, 0x00, 0x00, 0xF8,
    0x00, 0x02, 0xF4, 0x04, 0x03, 0xFF, 0xE0, 0x07, 0xFF, 0x40, 0x02, 0xC0, 0x00, 0x07, 0xC0, 0x00,
    0x5F, 0x00, 0x03, 0xF4, 0x00, 0x00, 0x78, 0x00, 0x03, 0xD0, 0x00, 0x0E, 0x00, 0x00, 0x00, 0x03,
    0xFF, 0xD0, 0x7F, 0xFD, 0x0B, 0xC0, 0x00, 0xFC, 0x00, 0x0F, 0x80, 0x00, 0xFF, 0xF0, 0x1F, 0xFF,
    0x02, 0xF0, 0x00, 0x3E, 0x00, 0x03, 0xE0, 0x00, 0x3F, 0xFD, 0x07, 0xFF, 0xC0, 0x00, 0x03, 0xD0,
    0x00, 0xF8, 0x00, 0x2D, 0x00, 0x00, 0x00, 0x03, 0xFF, 0xD0, 0x7F, 0xFD, 0x0B, 0xC0, 0x00, 0xFC,
    0x00, 0x0F, 0x80, 0x00, 0xFF, 0xF0, 0x1F, 0xFF, 0x02, 0xF0, 0x00, 0x3E, 0x00, 0x03, 0xE0, 0x00,
    0x3F, 0xFD, 0x07, 0xFF, 0xC0, 0x00, 0x2F, 0x40, 0x0B, 0xBC, 0x02, 0xD1, 0xD0, 0x00, 0x00, 0x03,
    0xFF, 0xD0, 0x7F, 0xFD, 0x0B, 0xC0, 0x00, 0xFC, 0x00, 0x0F, 0x80, 0x00, 0xFF, 0xF0, 0x1F, 0xFF,
    0x02, 0xF0, 0x00, 0x3E, 0x00, 0x03, 0xE0, 0x00, 0x3F, 0xFD, 0x07, 0xFF, 0xC0, 0x00, 0x50, 0x40,
    0x0F, 0x3D, 0x00, 0x61, 0x80, 0x00, 0x00, 0x03, 0xFF, 0xD0, 0x7F, 0xFD, 0x0B, 0xC0, 0x00, 0xFC,
    0x00, 0x0F, 0x80, 0x00, 0xFF, 0xF0, 0x1F, 0xFF, 0x02, 0xF0, 0x00, 0x3E, 0x00, 0x03, 0xE0, 0x00,
    0x3F, 0xFD, 0x07, 0xFF, 0xC0, 0x00, 0xF4, 0x00, 0x2F, 0x00, 0x02, 0xC0, 0x00, 0x00, 0x03, 0xFF,
    0x00, 0xFF, 0x80, 0x0F, 0x40, 0x07, 0xC0, 0x02, 0xF0, 0x00, 0xBC, 0x00, 0x3E, 0x00, 0x0F, 0x40,
    0x07, 0xC0, 0x02, 0xF0, 0x02, 0xFE, 0x01, 0xFF, 0xC0, 0x00, 0x0B, 0x80, 0x02, 0xF0, 0x00, 0x38,
    0x00, 0x00, 0x00, 0x03, 0xFF, 0x00, 0x3F, 0xE0, 0x00, 0xF4, 0x00, 0x1F, 0x00, 0x02, 0xF0, 0x00,
    0x2F, 0x00, 0x03, 0xE0, 0x00, 0x3D, 0x00, 0x07, 0xC0, 0x00, 0xBC, 0x00, 0x2F, 0xE0, 0x07, 0xFF,
    0x00, 0x00, 0x7E, 0x00, 0x1F, 0xF4, 0x07, 0x83, 0xC0, 0x00, 0x00, 0x03, 0xFF, 0x00, 0x3F, 0xE0,
    0x00, 0xF4, 0x00, 0x1F, 0x00, 0x02, 0xF0, 0x00, 0x2F, 0x00, 0x03, 0xE0, 0x00, 0x3D, 0x00, 0x07,
    0xC0, 0x00, 0xBC, 0x00, 0x2F, 0xE0, 0x07, 0xFF, 0x00, 0x00, 0x81, 0x00, 0xB9, 0xE0, 0x18, 0x20,
    0x00, 0x00, 0x03, 0xFF, 0x00, 0xFF, 0x80, 0x0F, 0x40, 0x07, 0xC0, 0x02, 0xF0, 0x00, 0xBC, 0x00,
    0x3E, 0x00, 0x0F, 0x40, 0x07, 0xC0, 0x02, 0xF0, 0x02, 0xFE, 0x01, 0xFF, 0xC0, 0x03, 0xFF, 0x40,
    0x1F, 0xFF, 0x80, 0xBC, 0x6F, 0x43, 0xF0, 0x3E, 0x0F, 0x80, 0xFD, 0xFF, 0xC3, 0xEB, 0xFF, 0x0F,
    0x8B, 0xC0, 0x7D, 0x3E, 0x03, 0xF0, 0xF8, 0x7F, 0x43, 0xFF, 0xF4, 0x1F, 0xFE, 0x00, 0x00, 0x06,
    0x06, 0x00, 0x07, 0xFF, 0x40, 0x03, 0x4B, 0x80, 0x00, 0x00, 0x00, 0x03, 0xF0, 0x0B, 0x81, 0xFD,
    0x03, 0xD0, 0xBF, 0x80, 0xF0, 0x3E, 0xF0, 0x7C, 0x0F, 0x7D, 0x2F, 0x03, 0xCF, 0x8B, 0x81, 0xF1,
    0xF3, 0xD0, 0xB8, 0x3D, 0xF0, 0x3D, 0x0F, 0xFC, 0x0F, 0x01, 0xFE, 0x07, 0xC0, 0x3F, 0x81, 0xF0,
    0x0F, 0xD0, 0x00, 0x0F, 0x00, 0x00, 0x0B, 0x80, 0x00, 0x02, 0xC0, 0x00, 0x00, 0x00, 0x00, 0x7F,
    0xE0, 0x02, 0xFF, 0xFC, 0x0B, 0xE0, 0xBD, 0x0F, 0x80, 0x3E, 0x2F, 0x00, 0x3E, 0x3F, 0x00, 0x3E,
    0x3E, 0x00, 0x3D, 0x3E, 0x00, 0x7C, 0x3E, 0x00, 0xFC, 0x2F, 0x42, 0xF4, 0x0F, 0xFF, 0xE0, 0x07,
    0xFF, 0x40, 0x00, 0x00, 0x00, 0x00, 0x00, 0xB8, 0x00, 0x02, 0xF0, 0x00, 0x07, 0x80, 0x00, 0x00,
    0x00, 0x00, 0x7F, 0xE0, 0x02, 0xFF, 0xFC, 0x0B, 0xE0, 0xBD, 0x0F, 0x80, 0x3E, 0x2F, 0x00, 0x3E,
    0x3F, 0x00, 0x3E, 0x3E, 0x00, 0x3D, 0x3E, 0x00, 0x7C, 0x3E, 0x00, 0xFC, 0x2F, 0x42, 0xF4, 0x0F,
    0xFF, 0xE0, 0x07, 0xFF, 0x40, 0x00, 0x00, 0x00, 0x00, 0x07, 0xE0, 0x00, 0x1F, 0xF0, 0x00, 0x78,
    0x38, 0x00, 0x00, 0x00, 0x00, 0x7F, 0xE0, 0x02, 0xFF, 0xFC, 0x0B, 0xE0, 0xBD, 0x0F, 0x80, 0x3E,
    0x2F, 0x00, 0x3E, 0x3F, 0x00, 0x3E, 0x3E, 0x00, 0x3D, 0x3E, 0x00, 0x7C, 0x3E, 0x00, 0xFC, 0x2F,
    0x42, 0xF4, 0x0F, 0xFF, 0xE0, 0x07, 0xFF, 0x40, 0x00, 0x00, 0x00, 0x00, 0x0A, 0x09, 0x00, 0x3F,
    0xFC, 0x00, 0x31, 0xB4, 0x00, 0x00, 0x00, 0x00, 0x7F, 0xE0, 0x02, 0xFF, 0xFC, 0x0B, 0xE0, 0xBD,
    0x0F, 0x80, 0x3E, 0x2F, 0x00, 0x3E, 0x3F, 0x00, 0x3E, 0x3E, 0x00, 0x3D, 0x3E, 0x00, 0x7C, 0x3E,
    0x00, 0xFC, 0x2F, 0x42, 0xF4, 0x0F, 0xFF, 0xE0, 0x07, 0xFF, 0x40, 0x00, 0x00, 0x00, 0x00, 0x08,
    0x10, 0x00, 0x2E, 0x78, 0x00, 0x18, 0x20, 0x00, 0x00, 0x00, 0x00, 0x7F, 0xE0, 0x02, 0xFF, 0xFC,
    0x0B, 0xE0, 0xBD, 0x0F, 0x80, 0x3E, 0x2F, 0x00, 0x3E, 0x3F, 0x00, 0x3E, 0x3E, 0x00, 0x3D, 0x3E,
    0x00, 0x7C, 0x3E, 0x00, 0xFC, 0x2F, 0x42, 0xF4, 0x0F, 0xFF, 0xE0, 0x07, 0xFF, 0x40, 0x00, 0x00,
    0x00, 0x10, 0x04, 0xB8, 0x2D, 0x3E, 0xB8, 0x0F, 0xE0, 0x0B, 0xE0, 0x2E, 0xF8, 0xB8, 0x3D, 0x20,
    0x08, 0x00, 0x00, 0x04, 0x00, 0x7F, 0xEE, 0x02, 0xFF, 0xFC, 0x0B, 0xE0, 0xFD, 0x0F, 0x82, 0xFE,
    0x2F, 0x07, 0xBE, 0x3E, 0x0F, 0x3E, 0x3E, 0x3C, 0x3D, 0x3D, 0xB0, 0x7C, 0x3F, 0xD0, 0xFC, 0x2F,
    0x82, 0xF4, 0x1F, 0xFF, 0xD0, 0x3F, 0xFF, 0x40, 0x10, 0x00, 0x00, 0x00, 0x78, 0x00, 0x00, 0xF0,
    0x00, 0x00, 0xE0, 0x00, 0x00, 0x00, 0x0F, 0x40, 0xF8, 0x7C, 0x03, 0xD2, 0xF0, 0x1F, 0x0F, 0x80,
    0xBC, 0x3D, 0x03, 0xE1, 0xF0, 0x0F, 0x8B, 0xC0, 0x3D, 0x2F, 0x01, 0xF0, 0xF8, 0x0B, 0xC3, 0xF0,
    0x7D, 0x07, 0xFF, 0xF0, 0x07, 0xFE, 0x00, 0x00, 0x00, 0x00, 0x00, 0x07, 0xD0, 0x00, 0x3D, 0x00,
    0x02, 0xD0, 0x00, 0x00, 0x00, 0x0F, 0x40, 0xF8, 0x7C, 0x03, 0xD2, 0xF0, 0x1F, 0x0F, 0x80, 0xBC,
    0x3D, 0x03, 0xE1, 0xF0, 0x0F, 0x8B, 0xC0, 0x3D, 0x2F, 0x01, 0xF0, 0xF8, 0x0B, 0xC3, 0xF0, 0x7D,
    0x07, 0xFF, 0xF0, 0x07, 0xFE, 0x00, 0x00, 0x00, 0x00, 0x00, 0x2F, 0x40, 0x02, 0xEF, 0x00, 0x2D,
    0x1D, 0x00, 0x00, 0x00, 0x0F, 0x40, 0xF8, 0x7C, 0x03, 0xD2, 0xF0, 0x1F, 0x0F, 0x80, 0xBC, 0x3D,
    0x03, 0xE1, 0xF0, 0x0F, 0x8B, 0xC0, 0x3D, 0x2F, 0x01, 0xF0, 0xF8, 0x0B, 0xC3, 0xF0, 0x7D, 0x07,
    0xFF, 0xF0, 0x07, 0xFE, 0x00, 0x00, 0x00, 0x00, 0x00, 0x50, 0x40, 0x03, 0xCF, 0x40, 0x06, 0x18,
    0x00, 0x00, 0x00, 0x0F, 0x40, 0xF8, 0x7C, 0x03, 0xD2, 0xF0, 0x1F, 0x0F, 0x80, 0xBC, 0x3D, 0x03,
    0xE1, 0xF0, 0x0F, 0x8B, 0xC0, 0x3D, 0x2F, 0x01, 0xF0, 0xF8, 0x0B, 0xC3, 0xF0, 0x7D, 0x07, 0xFF,
    0xF0, 0x07, 0xFE, 0x00, 0x00, 0x00, 0x00, 0x00, 0x1F, 0x00, 0x03, 0xD0, 0x00, 0xB4, 0x00, 0x00,
    0x00, 0x7C, 0x03, 0xE3, 0xD0, 0xBC, 0x3E, 0x1F, 0x42, 0xF3, 0xE0, 0x1F, 0xBC, 0x00, 0xFF, 0x40,
    0x0F, 0xE0, 0x00, 0xBC, 0x00, 0x0F, 0x80, 0x00, 0xF4, 0x00, 0x0F, 0x40, 0x01, 0xF0, 0x00, 0x03,
    0xD0, 0x00, 0x7C, 0x00, 0x0B, 0xFE, 0x00, 0xFF, 0xFC, 0x0F, 0x87, 0xD0, 0xF4, 0x3E, 0x1F, 0x07,
    0xD2, 0xF6, 0xFC, 0x3F, 0xFF, 0x03, 0xFA, 0x40, 0x3D, 0x00, 0x07, 0xC0, 0x00, 0x00, 0x01, 0xAA,
    0x00, 0x00, 0xBF, 0xFC, 0x00, 0x1F, 0x87, 0xE0, 0x02, 0xF0, 0x3E, 0x00, 0x3E, 0x0F, 0xC0, 0x03,
    0xD7, 0xF0, 0x00, 0x7C, 0xFC, 0x00, 0x0B, 0xCB, 0xD0, 0x00, 0xBC, 0x3F, 0x40, 0x0F, 0x80, 0xFC,
    0x00, 0xF4, 0x07, 0xC0, 0x1F, 0x3A, 0xF8, 0x02, 0xF3, 0xFE, 0x00, 0x3E, 0x00, 0x00, 0x07, 0xD0,
    0x00, 0x03, 0xFC, 0x00, 0x00, 0x3F, 0x00, 0x00, 0x00, 0x00, 0xB4, 0x00, 0x07, 0xC0, 0x00, 0x2C,
    0x00, 0x00, 0x00, 0x03, 0xFA, 0xE0, 0xFF, 0xFD, 0x2F, 0x4B, 0xC3, 0xE0, 0xBC, 0x3D, 0x0B, 0x87,
    0xD0, 0xF4, 0x3D, 0x2F, 0x03, 0xFF, 0xF0, 0x1F, 0xDF, 0x00, 0x00, 0x00, 0x00, 0x0B, 0x80, 0x01,
    0xF0, 0x00, 0x3C, 0x00, 0x00, 0x00, 0x03, 0xFA, 0xE0, 0xFF, 0xFD, 0x2F, 0x4B, 0xC3, 0xE0, 0xBC,
    0x3D, 0x0B, 0x87, 0xD0, 0xF4, 0x3D, 0x2F, 0x03, 0xFF, 0xF0, 0x1F, 0xDF, 0x00, 0x00, 0x00, 0x00,
    0x3E, 0x00, 0x0F, 0xB8, 0x03, 0xC2, 0xC0, 0x00, 0x00, 0x03, 0xFA, 0xE0, 0xFF, 0xFD, 0x2F, 0x4B,
    0xC3, 0xE0, 0xBC, 0x3D, 0x0B, 0x87, 0xD0, 0xF4, 0x3D, 0x2F, 0x03, 0xFF, 0xF0, 0x1F, 0xDF, 0x00,
    0x00, 0x00, 0x00, 0x60, 0x50, 0x2F, 0xFD, 0x03, 0x4B, 0x80, 0x00, 0x00, 0x03, 0xFA, 0xE0, 0xFF,
    0xFD, 0x2F, 0x4B, 0xC3, 0xE0, 0xBC, 0x3D, 0x0B, 0x87, 0xD0, 0xF4, 0x3D, 0x2F, 0x03, 0xFF, 0xF0,
    0x1F, 0xDF, 0x00, 0x00, 0x00, 0x00, 0x51, 0x40, 0x1F, 0x7C, 0x00, 0x92, 0x40, 0x00, 0x00, 0x03,
    0xFA, 0xE0, 0xFF, 0xFD, 0x2F, 0x4B, 0xC3, 0xE0, 0xBC, 0x3D, 0x0B, 0x87, 0xD0, 0xF4, 0x3D, 0x2F,
    0x03, 0xFF, 0xF0, 0x1F, 0xDF, 0x00, 0x00, 0x00, 0x00, 0x3E, 0x00, 0x0E, 0x70, 0x00, 0xA7, 0x00,
    0x03, 0xD0, 0x00, 0x00, 0x00, 0x3F, 0xAE, 0x0F, 0xFF, 0xD2, 0xF4, 0xBC, 0x3E, 0x0B, 0xC3, 0xD0,
    0xB8, 0x7D, 0x0F, 0x43, 0xD2, 0xF0, 0x3F, 0xFF, 0x01, 0xFD, 0xF0, 0x00, 0x00, 0x00, 0x00, 0x00,
    0x01, 0x00, 0x0F, 0xEB, 0xFF, 0x40, 0xFF, 0xFF, 0xAF, 0x0B, 0xC2, 0xF4, 0x7C, 0x3E, 0x0B, 0xD7,
    0xF0, 0xF4, 0x2F, 0xFE, 0x03, 0xC0, 0xF9, 0x40, 0x0F, 0x4B, 0xE0, 0x00, 0x3F, 0xFF, 0xFB, 0xC0,
    0x7F, 0x7B, 0xFD, 0x00, 0x00, 0x00, 0x00, 0x00, 0x00, 0x10, 0x00, 0xFF, 0xC0, 0xFF, 0xF0, 0xBC,
    0x00, 0x3E, 0x00, 0x0F, 0x40, 0x07, 0xD0, 0x00, 0xF8, 0x10, 0x3F, 0xFC, 0x03, 0xFE, 0x00, 0x78,
    0x00, 0x0F, 0x00, 0x07, 0xD0, 0x07, 0xE0, 0x00, 0x00, 0xB4, 0x00, 0x1F, 0x00, 0x02, 0xC0, 0x00,
    0x00, 0x02, 0xFF, 0x03, 0xFB, 0xF2, 0xF0, 0xBC, 0xF9, 0xBE, 0x3F, 0xFE, 0x1F, 0x90, 0x03, 0xD0,
    0x00, 0xFE, 0xB8, 0x0F, 0xFD, 0x00, 0x00, 0x00, 0x00, 0x0B, 0x80, 0x01, 0xF0, 0x00, 0x38, 0x00,
    0x00, 0x00, 0x02, 0xFF, 0x00, 0xFE, 0xFC, 0x2F, 0x0B, 0xC3, 0xE6, 0xF8, 0x3F, 0xFE, 0x07, 0xE4,
    0x00, 0x3D, 0x00, 0x03, 0xFA, 0xE0, 0x0F, 0xFD, 0x00, 0x00, 0x00, 0x00, 0x7E, 0x00, 0x1F, 0xF4,
    0x03, 0x83, 0xC0, 0x00, 0x00, 0x02, 0xFF, 0x00, 0xFE, 0xFC, 0x2F, 0x0B, 0xC3, 0xE6, 0xF8, 0x3F,
    0xFE, 0x07, 0xE4, 0x00, 0x3D, 0x00, 0x03, 0xFA, 0xE0, 0x0F, 0xFD, 0x00, 0x00, 0x00, 0x00, 0x41,
    0x40, 0xB9, 0xF0, 0x08, 0x24, 0x00, 0x00, 0x02, 0xFF, 0x03, 0xFB, 0xF2, 0xF0, 0xBC, 0xF9, 0xBE,
    0x3F, 0xFE, 0x1F, 0x90, 0x03, 0xD0, 0x00, 0xFE, 0xB8, 0x0F, 0xFD, 0x00, 0x00, 0x00, 0x1F, 0x03,
    0xD0, 0x3C, 0x00, 0x0F, 0x83, 0xD1, 0xF0, 0xBC, 0x3E, 0x0F, 0x83, 0xD1, 0xF0, 0xBC, 0x00, 0x00,
    0xF4, 0x0B, 0x80, 0x78, 0x00, 0x00, 0x0F, 0x80, 0x3D, 0x01, 0xF0, 0x0B, 0xC0, 0x3E, 0x00, 0xF8,
    0x03, 0xD0, 0x1F, 0x00, 0xBC, 0x00, 0x0B, 0xD0, 0xBF, 0xC7, 0x87, 0x80, 0x00, 0x0F, 0x80, 0x3D,
    0x01, 0xF0, 0x0B, 0xC0, 0x3E, 0x00, 0xF8, 0x03, 0xD0, 0x1F, 0x00, 0xBC, 0x00, 0x08, 0x10, 0xF6,
    0xD1, 0x86, 0x00, 0x00, 0x0F, 0x80, 0x3D, 0x01, 0xF0, 0x0B, 0xC0, 0x3E, 0x00, 0xF8, 0x03, 0xD0,
    0x1F, 0x00, 0xBC, 0x00, 0x00, 0x10, 0x40, 0x0B, 0xFC, 0x00, 0x7F, 0x00, 0x1F, 0xF4, 0x00, 0x47,
    0xC0, 0x7F, 0xBC, 0x1F, 0xFF, 0xC3, 0xE0, 0xFC, 0x7D, 0x0B, 0xC7, 0xC0, 0xF8, 0x7C, 0x1F, 0x43,
    0xFB, 0xE0, 0x1F, 0xF8, 0x00, 0x00, 0x00, 0x00, 0x64, 0x60, 0x1F, 0xFE, 0x02, 0x8B, 0x80, 0x00,
    0x00, 0x0F, 0x3F, 0x80, 0xFF, 0xFC, 0x1F, 0x87, 0xC2, 0xF0, 0x7C, 0x2E, 0x0B, 0xC3, 0xD0, 0xF8,
    0x3D, 0x0F, 0x47, 0xC0, 0xF4, 0xBC, 0x1F, 0x00, 0x00, 0xF4, 0x00, 0x0B, 0x80, 0x00, 0x2C, 0x00,
    0x01, 0x00, 0x03, 0xFF, 0x00, 0xFF, 0xF8, 0x2F, 0x0B, 0xC3, 0xE0, 0x7C, 0x3D, 0x0B, 0xC7, 0xC0,
    0xF8, 0x3D, 0x1F, 0x43, 0xFF, 0xE0, 0x0F, 0xF8, 0x00, 0x00, 0x00, 0x00, 0x0B, 0x80, 0x01, 0xF0,
    0x00, 0x38, 0x00, 0x01, 0x00, 0x03, 0xFF, 0x00, 0xFF, 0xF8, 0x2F, 0x0B, 0xC3, 0xE0, 0x7C, 0x3D,
    0x0B, 0xC7, 0xC0, 0xF8, 0x3D, 0x1F, 0x43, 0xFF, 0xE0, 0x0F, 0xF8, 0x00, 0x00, 0x00, 0x00, 0x7E,
    0x00, 0x1F, 0xF4, 0x03, 0x83, 0xC0, 0x01, 0x00, 0x03, 0xFF, 0x00, 0xFF, 0xF8, 0x2F, 0x0B, 0xC3,
    0xE0, 0x7C, 0x3D, 0x0B, 0xC7, 0xC0, 0xF8, 0x3D, 0x1F, 0x43, 0xFF, 0xE0, 0x0F, 0xF8, 0x00, 0x00,
    0x00, 0x00, 0xA0, 0x90, 0x2F, 0xFD, 0x03, 0x4B, 0x40, 0x01, 0x00, 0x03, 0xFF, 0x00, 0xFF, 0xF8,
    0x2F, 0x0B, 0xC3, 0xE0, 0x7C, 0x3D, 0x0B, 0xC7, 0xC0, 0xF8, 0x3D, 0x1F, 0x43, 0xFF, 0xE0, 0x0F,
    0xF8, 0x00, 0x00, 0x00, 0x00, 0x81, 0x40, 0x2E, 0x78, 0x00, 0x82, 0x00, 0x01, 0x00, 0x03, 0xFF,
    0x00, 0xFF, 0xF8, 0x2F, 0x0B, 0xC3, 0xE0, 0x7C, 0x3D, 0x0B, 0xC7, 0xC0, 0xF8, 0x3D, 0x1F, 0x43,
    0xFF, 0xE0, 0x0F, 0xF8, 0x00, 0x00, 0x00, 0x00, 0xF0, 0x00, 0x3C, 0x00, 0x05, 0x00, 0xFF, 0xFE,
    0x3F, 0xFF, 0xC0, 0x00, 0x00, 0x0F, 0x00, 0x03, 0xC0, 0x00, 0x00, 0x00, 0x00, 0x10, 0x00, 0x3F,
    0xFC, 0x0F, 0xEF, 0x82, 0xF1, 0xFC, 0x3D, 0x3F, 0xC3, 0xDF, 0xBC, 0x7F, 0xCB, 0x83, 0xF1, 0xF4,
    0x3F, 0xFE, 0x07, 0xFF, 0x80, 0x20, 0x00, 0x00, 0x00, 0xB4, 0x00, 0x07, 0xC0, 0x00, 0x1D, 0x00,
    0x00, 0x00, 0x0F, 0x43, 0xE0, 0xF0, 0x3D, 0x1F, 0x03, 0xC2, 0xF0, 0x7C, 0x3E, 0x0B, 0xC3, 0xD0,
    0xF8, 0x3D, 0x2F, 0x43, 0xFF, 0xF0, 0x1F, 0xCF, 0x00, 0x00, 0x00, 0x00, 0x0B, 0x80, 0x01, 0xF4,
    0x00, 0x3C, 0x00, 0x00, 0x00, 0x0F, 0x43, 0xE0, 0xF0, 0x3D, 0x1F, 0x03, 0xC2, 0xF0, 0x7C, 0x3E,
    0x0B, 0xC3, 0xD0, 0xF8, 0x3D, 0x2F, 0x43, 0xFF, 0xF0, 0x1F, 0xCF, 0x00, 0x00, 0x00, 0x00, 0x3F,
    0x00, 0x0F, 0xB8, 0x03, 0xC2, 0xC0, 0x00, 0x00, 0x0F, 0x43, 0xE0, 0xF0, 0x3D, 0x1F, 0x03, 0xC2,
    0xF0, 0x7C, 0x3E, 0x0B, 0xC3, 0xD0, 0xF8, 0x3D, 0x2F, 0x43, 0xFF, 0xF0, 0x1F, 0xCF, 0x00, 0x00,
    0x00, 0x00, 0x51, 0x40, 0x1F, 0x3C, 0x00, 0x92, 0x40, 0x00, 0x00, 0x0F, 0x43, 0xE0, 0xF0, 0x3D,
    0x1F, 0x03, 0xC2, 0xF0, 0x7C, 0x3E, 0x0B, 0xC3, 0xD0, 0xF8, 0x3D, 0x2F, 0x43, 0xFF, 0xF0, 0x1F,
    0xCF, 0x00, 0x00, 0x00, 0x00, 0x01, 0xE0, 0x00, 0x03, 0xD0, 0x00, 0x0F, 0x00, 0x00, 0x00, 0x00,
    0x03, 0xD0, 0x7C, 0x03, 0xD0, 0xF8, 0x03, 0xE1, 0xF0, 0x02, 0xE3, 0xE0, 0x01, 0xE7, 0xC0, 0x01,
    0xFF, 0x80, 0x00, 0xFF, 0x00, 0x00, 0xFD, 0x00, 0x00, 0xFC, 0x00, 0x00, 0xF4, 0x00, 0x03, 0xF0,
    0x00, 0x3F, 0xC0, 0x00, 0x3E, 0x00, 0x00, 0x00, 0xA4, 0x00, 0x07, 0xC0, 0x00, 0x1F, 0x00, 0x00,
    0xBC, 0x00, 0x03, 0xEF, 0xD0, 0x0F, 0xFF, 0xC0, 0x7D, 0x1F, 0x02, 0xF0, 0x7C, 0x0B, 0x81, 0xF0,
    0x3D, 0x0F, 0xC0, 0xF8, 0x7D, 0x07, 0xFF, 0xF0, 0x2F, 0xBF, 0x00, 0xF8, 0x00, 0x03, 0xD0, 0x00,
    0x0F, 0x40, 0x00, 0x7C, 0x00, 0x00, 0x00, 0x14, 0x50, 0x00, 0x7C, 0xF0, 0x00, 0x24, 0x90, 0x00,
    0x00, 0x00, 0x03, 0xD0, 0x7C, 0x03, 0xD0, 0xF8, 0x03, 0xE1, 0xF0, 0x02, 0xE3, 0xE0, 0x01, 0xE7,
    0xC0, 0x01, 0xFF, 0x80, 0x00, 0xFF, 0x00, 0x00, 0xFD, 0x00, 0x00, 0xFC, 0x00, 0x00, 0xF4, 0x00,
    0x03, 0xF0, 0x00, 0x3F, 0xC0, 0x00, 0x3E, 0x00, 0x00, 0x00, 0x0A, 0xA8, 0x00, 0x7F, 0xE0, 0x00,
    0x00, 0x00, 0x03, 0xF4, 0x00, 0x2F, 0xD0, 0x00, 0xFB, 0x80, 0x0B, 0xAE, 0x00, 0x3D, 0x78, 0x02,
    0xF1, 0xF0, 0x0F, 0x47, 0xC0, 0xBF, 0xFF, 0x03, 0xFF, 0xFC, 0x2F, 0x01, 0xF0, 0xF4, 0x03, 0xDB,
    0xC0, 0x0F, 0x40, 0x00, 0xAA, 0x80, 0x1F, 0xF8, 0x00, 0x00, 0x00, 0x3F, 0xAE, 0x0F, 0xFF, 0xD2,
    0xF4, 0xBC, 0x3E, 0x0B, 0xC3, 0xD0, 0xB8, 0x7D, 0x0F, 0x43, 0xD2, 0xF0, 0x3F, 0xFF, 0x01, 0xFD,
    0xF0, 0x00, 0x00, 0x00, 0x00, 0x28, 0x1C, 0x00, 0x1F, 0xF8, 0x00, 0x0B, 0xE0, 0x00, 0x00, 0x00,
    0x00, 0x0F, 0xD0, 0x00, 0x2F, 0xD0, 0x00, 0x3E, 0xE0, 0x00, 0xBA, 0xE0, 0x00, 0xF5, 0xE0, 0x02,
    0xF1, 0xF0, 0x03, 0xD1, 0xF0, 0x0B, 0xFF, 0xF0, 0x0F, 0xFF, 0xF0, 0x2F, 0x01, 0xF0, 0x3D, 0x00,
    0xF4, 0xBC, 0x00, 0xF4, 0x01, 0xC1, 0xC0, 0x1F, 0xFC, 0x00, 0xBE, 0x00, 0x00, 0x00, 0x03, 0xFA,
    0xE0, 0xFF, 0xFD, 0x2F, 0x4B, 0xC3, 0xE0, 0xBC, 0x3D, 0x0B, 0x87, 0xD0, 0xF4, 0x3D, 0x2F, 0x03,
    0xFF, 0xF0, 0x1F, 0xDF, 0x00, 0x00, 0x00, 0x00, 0x0F, 0xD0, 0x00, 0xBF, 0x40, 0x03, 0xEE, 0x00,
    0x2E, 0xB8, 0x00, 0xF5, 0xE0, 0x0B, 0xC7, 0xC0, 0x3D, 0x1F, 0x02, 0xFF, 0xFC, 0x0F, 0xFF, 0xF0,
    0xBC, 0x07, 0xC3, 0xD0, 0x0F, 0x6F, 0x00, 0x3D, 0x00, 0x02, 0xC0, 0x00, 0x1D, 0x00, 0x00, 0xB9,
    0x00, 0x01, 0xF4, 0x00, 0x00, 0x00, 0x00, 0x00, 0x00, 0x3F, 0xAE, 0x0F, 0xFF, 0xD2, 0xF4, 0xBC,
    0x3E, 0x0B, 0xC3, 0xD0, 0xB8, 0x7D, 0x0F, 0x43, 0xD2, 0xF0, 0x3F, 0xFF, 0x01, 0xFD, 0xF0, 0x00,
    0x38, 0x00, 0x0F, 0x00, 0x00, 0xF8, 0x00, 0x0B, 0xC0, 0x00, 0x00, 0x00, 0x00, 0x01, 0xF4, 0x00,
    0x0F, 0x80, 0x00, 0xB4, 0x00, 0x00, 0x00, 0x00, 0x7F, 0xF4, 0x0B, 0xFF, 0xE0, 0xBE, 0x02, 0x03,
    0xE0, 0x00, 0x2F, 0x00, 0x00, 0xFC, 0x00, 0x03, 0xE0, 0x00, 0x0F, 0x80, 0x00, 0x3E, 0x00, 0x00,
    0xBD, 0x01, 0x00, 0xFF, 0xF8, 0x01, 0xFF, 0xD0, 0x00, 0x00, 0x00, 0x00, 0x1F, 0x40, 0x0F, 0x80,
    0x0B, 0x40, 0x00, 0x40, 0x03, 0xFF, 0x03, 0xFF, 0xC2, 0xF0, 0x00, 0xF8, 0x00, 0x3D, 0x00, 0x1F,
    0x40, 0x03, 0xE0, 0x40, 0xFF, 0xF0, 0x0F, 0xF8, 0x00, 0x00, 0x00, 0x00, 0x0B, 0xD0, 0x00, 0xBB,
    0xC0, 0x0B, 0x47, 0x40, 0x00, 0x00, 0x00, 0x7F, 0xF4, 0x0B, 0xFF, 0xE0, 0xBE, 0x02, 0x03, 0xE0,
    0x00, 0x2F, 0x00, 0x00, 0xFC, 0x00, 0x03, 0xE0, 0x00, 0x0F, 0x80, 0x00, 0x3E, 0x00, 0x00, 0xBD,
    0x01, 0x00, 0xFF, 0xF8, 0x01, 0xFF, 0xD0, 0x00, 0x00, 0x00, 0x00, 0xBD, 0x00, 0xBB, 0xC0, 0xB4,
    0x74, 0x00, 0x40, 0x03, 0xFF, 0x03, 0xFF, 0xC2, 0xF0, 0x00, 0xF8, 0x00, 0x3D, 0x00, 0x1F, 0x40,
    0x03, 0xE0, 0x40, 0xFF, 0xF0, 0x0F, 0xF8, 0x00, 0x00, 0x00, 0x00, 0x02, 0x40, 0x00, 0x2F, 0x00,
    0x00, 0x74, 0x00, 0x00, 0x00, 0x00, 0x7F, 0xF4, 0x0B, 0xFF, 0xE0, 0xBE, 0x02, 0x03, 0xE0, 0x00,
    0x2F, 0x00, 0x00, 0xFC, 0x00, 0x03, 0xE0, 0x00, 0x0F, 0x80, 0x00, 0x3E, 0x00, 0x00, 0xBD, 0x01,
    0x00, 0xFF, 0xF8, 0x01, 0xFF, 0xD0, 0x00, 0x00, 0x00, 0x00, 0x24, 0x00, 0x2F, 0x00, 0x07, 0x40,
    0x00, 0x40, 0x03, 0xFF, 0x03, 0xFF, 0xC2, 0xF0, 0x00, 0xF8, 0x00, 0x3D, 0x00, 0x1F, 0x40, 0x03,
    0xE0, 0x40, 0xFF, 0xF0, 0x0F, 0xF8, 0x00, 0x00, 0x00, 0x00, 0x38, 0x28, 0x00, 0x2E, 0xF0, 0x00,
    0x0F, 0xC0, 0x00, 0x00, 0x00, 0x00, 0x7F, 0xF4, 0x02, 0xFF, 0xF8, 0x0B, 0xE0, 0x20, 0x0F, 0x80,
    0x00, 0x2F, 0x00, 0x00, 0x3F, 0x00, 0x00, 0x3E, 0x00, 0x00, 0x3E, 0x00, 0x00, 0x3E, 0x00, 0x00,
    0x2F, 0x40, 0x40, 0x0F, 0xFF, 0x80, 0x07, 0xFF, 0x40, 0x00, 0x00, 0x00, 0x03, 0x82, 0x80, 0x2E,
    0xF0, 0x00, 0xFC, 0x00, 0x01, 0x00, 0x03, 0xFF, 0x00, 0xFF, 0xF0, 0x2F, 0x00, 0x03, 0xE0, 0x00,
    0x3D, 0x00, 0x07, 0xD0, 0x00, 0x3E, 0x04, 0x03, 0xFF, 0xC0, 0x0F, 0xF8, 0x00, 0x00, 0x00, 0x00,
    0x74, 0x28, 0x00, 0x3E, 0xF0, 0x00, 0x1F, 0xC0, 0x00, 0x00, 0x00, 0x03, 0xFF, 0x40, 0x07, 0xFF,
    0xE0, 0x0B, 0xC6, 0xF4, 0x0F, 0xC0, 0xF8, 0x0F, 0x80, 0xFC, 0x0F, 0x40, 0xF8, 0x1F, 0x00, 0xF8,
    0x2F, 0x01, 0xF4, 0x3E, 0x03, 0xF0, 0x3E, 0x1F, 0xD0, 0x3F, 0xFF, 0x40, 0x7F, 0xF8, 0x00, 0x00,
    0x00, 0xA1, 0xA0, 0x00, 0x1F, 0x3C, 0x00, 0x02, 0xF7, 0x40, 0x00, 0x2E, 0x00, 0x03, 0xFB, 0xD0,
    0x00, 0xFF, 0xFD, 0x00, 0x2F, 0x0B, 0xC0, 0x03, 0xE0, 0xBC, 0x00, 0x3D, 0x0B, 0x80, 0x03, 0xC0,
    0xF4, 0x00, 0x3D, 0x2F, 0x00, 0x03, 0xFF, 0xF0, 0x00, 0x1F, 0xDF, 0x00, 0x00, 0x00, 0x00, 0x00,
    0x03, 0xFF, 0x40, 0x1F, 0xFF, 0x80, 0xBC, 0x6F, 0x43, 0xF0, 0x3E, 0x0F, 0x80, 0xFD, 0xFF, 0xC3,
    0xEB, 0xFF, 0x0F, 0x8B, 0xC0, 0x7D, 0x3E, 0x03, 0xF0, 0xF8, 0x7F, 0x43, 0xFF, 0xF4, 0x1F, 0xFE,
    0x00, 0x00, 0x00, 0xA0, 0x00, 0x16, 0xF4, 0x00, 0x3F, 0xFC, 0x00, 0x17, 0xF4, 0x01, 0xA3, 0xD0,
    0x0B, 0xFF, 0xD0, 0x1F, 0x9F, 0xC0, 0x3E, 0x0B, 0xC0, 0x3D, 0x0B, 0x80, 0x3C, 0x0F, 0x40, 0x3D,
    0x1F, 0x00, 0x3F, 0xFF, 0x00, 0x1F, 0xDF, 0x00, 0x00, 0x00, 0x00, 0x00, 0xAA, 0x80, 0x0F, 0xFC,
    0x00, 0x00, 0x00, 0x3F, 0xFD, 0x07, 0xFF, 0xD0, 0xBC, 0x00, 0x0F, 0xC0, 0x00, 0xF8, 0x00, 0x0F,
    0xFF, 0x01, 0xFF, 0xF0, 0x2F, 0x00, 0x03, 0xE0, 0x00, 0x3E, 0x00, 0x03, 0xFF, 0xD0, 0x7F, 0xFC,
    0x00, 0x01, 0xAA, 0x40, 0xBF, 0xD0, 0x00, 0x00, 0x0B, 0xFC, 0x0F, 0xEF, 0xCB, 0xC2, 0xF3, 0xE6,
    0xF8, 0xFF, 0xF8, 0x7E, 0x40, 0x0F, 0x40, 0x03, 0xFA, 0xE0, 0x3F, 0xF4, 0x00, 0x00, 0x00, 0x00,
    0xD0, 0xA0, 0x0F, 0xFD, 0x00, 0x3F, 0x40, 0x00, 0x00, 0x03, 0xFF, 0xD0, 0x7F, 0xFD, 0x0B, 0xC0,
    0x00, 0xFC, 0x00, 0x0F, 0x80, 0x00, 0xFF, 0xF0, 0x1F, 0xFF, 0x02, 0xF0, 0x00, 0x3E, 0x00, 0x03,
    0xE0, 0x00, 0x3F, 0xFD, 0x07, 0xFF, 0xC0, 0x02, 0x81, 0xC0, 0x2F, 0xF8, 0x00, 0xBE, 0x00, 0x00,
    0x00, 0x02, 0xFF, 0x00, 0xFE, 0xFC, 0x2F, 0x0B, 0xC3, 0xE6, 0xF8, 0x3F, 0xFE, 0x07, 0xE4, 0x00,
    0x3D, 0x00, 0x03, 0xFA, 0xE0, 0x0F, 0xFD, 0x00, 0x00, 0x00, 0x00, 0x0A, 0x00, 0x02, 0xF0, 0x00,
    0x1D, 0x00, 0x00, 0x00, 0x03, 0xFF, 0xD0, 0x7F, 0xFD, 0x0B, 0xC0, 0x00, 0xFC, 0x00, 0x0F, 0x80,
    0x00, 0xFF, 0xF0, 0x1F, 0xFF, 0x02, 0xF0, 0x00, 0x3E, 0x00, 0x03, 0xE0, 0x00, 0x3F, 0xFD, 0x07,
    0xFF, 0xC0, 0x00, 0x18, 0x00, 0x0F, 0x80, 0x02, 0x80, 0x00, 0x00, 0x02, 0xFF, 0x03, 0xFB, 0xF2,
    0xF0, 0xBC, 0xF9, 0xBE, 0x3F, 0xFE, 0x1F, 0x90, 0x03, 0xD0, 0x00, 0xFE, 0xB8, 0x0F, 0xFD, 0x00,
    0x00, 0x00, 0x03, 0xFF, 0xD0, 0x7F, 0xFD, 0x0B, 0xC0, 0x00, 0xFC, 0x00, 0x0F, 0x80, 0x00, 0xFF,
    0xF0, 0x1F, 0xFF, 0x02, 0xF0, 0x00, 0x3E, 0x00, 0x03, 0xE0, 0x00, 0x3F, 0xFD, 0x07, 0xFF, 0xC0,
    0x00, 0xB0, 0x00, 0x2C, 0x00, 0x02, 0xE0, 0x00, 0x1F, 0x40, 0x00, 0x00, 0x00, 0x00, 0x00, 0x00,
    0xBF, 0xC0, 0xFE, 0xFC, 0xBC, 0x2F, 0x3E, 0x6F, 0x8F, 0xFF, 0x87, 0xE4, 0x00, 0xF4, 0x00, 0x3F,
    0xAE, 0x03, 0xFF, 0x40, 0x0F, 0x00, 0x07, 0x40, 0x02, 0xE4, 0x00, 0x7D, 0x00, 0x00, 0xE0, 0xA0,
    0x02, 0xEF, 0x00, 0x03, 0xF0, 0x00, 0x00, 0x00, 0x03, 0xFF, 0xD0, 0x1F, 0xFF, 0x40, 0xBC, 0x00,
    0x03, 0xF0, 0x00, 0x0F, 0x80, 0x00, 0x3F, 0xFC, 0x01, 0xFF, 0xF0, 0x0B, 0xC0, 0x00, 0x3E, 0x00,
    0x00, 0xF8, 0x00, 0x03, 0xFF, 0xD0, 0x1F, 0xFF, 0x00, 0x02, 0x81, 0xD0, 0x0F, 0xB8, 0x00, 0xBE,
    0x00, 0x00, 0x00, 0x02, 0xFF, 0x00, 0xFE, 0xFC, 0x2F, 0x0B, 0xC3, 0xE6, 0xF8, 0x3F, 0xFE, 0x07,
    0xE4, 0x00, 0x3D, 0x00, 0x03, 0xFA, 0xE0, 0x0F, 0xFD, 0x00, 0x00, 0x00, 0x00, 0x07, 0xE0, 0x00,
    0x1F, 0xF4, 0x00, 0x78, 0x3C, 0x00, 0x00, 0x00, 0x00, 0x6F, 0xF8, 0x02, 0xFF, 0xFC, 0x07, 0xF4,
    0x14, 0x0F, 0xC0, 0x00, 0x2F, 0x00, 0x00, 0x3F, 0x0A, 0xA4, 0x3E, 0x0F, 0xF4, 0x3E, 0x06, 0xF4,
    0x3E, 0x01, 0xF0, 0x2F, 0x42, 0xF0, 0x0F, 0xFF, 0xE0, 0x03, 0xFF, 0xD0, 0x00, 0x00, 0x00, 0x00,
    0x7E, 0x00, 0x0F, 0xF4, 0x03, 0x83, 0xC0, 0x00, 0x00, 0x03, 0xFA, 0xE0, 0xFF, 0xFD, 0x2F, 0x4B,
    0xC3, 0xE0, 0xBC, 0x3D, 0x0B, 0x83, 0xD0, 0xF4, 0x3D, 0x2F, 0x03, 0xFF, 0xF0, 0x1F, 0xAF, 0x00,
    0x03, 0xE0, 0x40, 0x7D, 0x0B, 0xFF, 0x80, 0x7F, 0xD0, 0x00, 0x00, 0x28, 0x1C, 0x00, 0x2F, 0xF8,
    0x00, 0x0B, 0xE0, 0x00, 0x00, 0x00, 0x00, 0x6F, 0xF8, 0x02, 0xFF, 0xFC, 0x07, 0xF4, 0x14, 0x0F,
    0xC0, 0x00, 0x2F, 0x00, 0x00, 0x3F, 0x0A, 0xA4, 0x3E, 0x0F, 0xF4, 0x3E, 0x06, 0xF4, 0x3E, 0x01,
    0xF0, 0x2F, 0x42, 0xF0, 0x0F, 0xFF, 0xE0, 0x03, 0xFF, 0xD0, 0x00, 0x00, 0x00, 0x01, 0xC1, 0xC0,
    0x1F, 0xFC, 0x00, 0xBE, 0x00, 0x00, 0x00, 0x03, 0xFA, 0xE0, 0xFF, 0xFD, 0x2F, 0x4B, 0xC3, 0xE0,
    0xBC, 0x3D, 0x0B, 0x83, 0xD0, 0xF4, 0x3D, 0x2F, 0x03, 0xFF, 0xF0, 0x1F, 0xAF, 0x00, 0x03, 0xE0,
    0x40, 0x7D, 0x0B, 0xFF, 0x80, 0x7F, 0xD0, 0x00, 0x00, 0x02, 0x80, 0x00, 0x07, 0xD0, 0x00, 0x02,
    0x80, 0x00, 0x00, 0x00, 0x00, 0x6F, 0xF8, 0x02, 0xFF, 0xFC, 0x07, 0xF4, 0x14, 0x0F, 0xC0, 0x00,
    0x2F, 0x00, 0x00, 0x3F, 0x0A, 0xA4, 0x3E, 0x0F, 0xF4, 0x3E, 0x06, 0xF4, 0x3E, 0x01, 0xF0, 0x2F,
    0x42, 0xF0, 0x0F, 0xFF, 0xE0, 0x03, 0xFF, 0xD0, 0x00, 0x00, 0x00, 0x00, 0x18, 0x00, 0x03, 0xE0,
    0x00, 0x28, 0x00, 0x00, 0x00, 0x03, 0xFA, 0xE0, 0xFF, 0xFD, 0x2F, 0x4B, 0xC3, 0xE0, 0xBC, 0x3D,
    0x0B, 0x83, 0xD0, 0xF4, 0x3D, 0x2F, 0x03, 0xFF, 0xF0, 0x1F, 0xAF, 0x00, 0x03, 0xE0, 0x40, 0x7D,
    0x0B, 0xFF, 0x80, 0x7F, 0xD0, 0x00, 0x00, 0x00, 0x00, 0x00, 0x6F, 0xF8, 0x02, 0xFF, 0xFC, 0x07,
    0xF4, 0x14, 0x0F, 0xC0, 0x00, 0x2F, 0x00, 0x00, 0x3F, 0x0A, 0xA4, 0x3E, 0x0F, 0xF4, 0x3E, 0x06,
    0xF4, 0x3E, 0x01, 0xF0, 0x2F, 0x42, 0xF0, 0x0F, 0xFF, 0xE0, 0x03, 0xFF, 0xD0, 0x00, 0x00, 0x00,
    0x00, 0xF4, 0x00, 0x00, 0xF0, 0x00, 0x01, 0x80, 0x00, 0x00, 0x0A, 0x00, 0x02, 0xD0, 0x00, 0x3C,
    0x00, 0x00, 0x00, 0x03, 0xFA, 0xE0, 0xFF, 0xFD, 0x2F, 0x4B, 0xC3, 0xE0, 0xBC, 0x3D, 0x0B, 0x87,
    0xD0, 0xF4, 0x3D, 0x2F, 0x03, 0xFF, 0xF0, 0x1F, 0xAF, 0x00, 0x03, 0xE0, 0x40, 0x7D, 0x0B, 0xFF,
    0x80, 0x7F, 0xD0, 0x00, 0x00, 0x0B, 0xD0, 0x00, 0x2E, 0xF0, 0x00, 0xB4, 0x74, 0x00, 0x00, 0x00,
    0x03, 0xD0, 0x3E, 0x07, 0xC0, 0x3D, 0x0B, 0xC0, 0x7C, 0x0F, 0xC0, 0x7C, 0x0F, 0x95, 0xBC, 0x0F,
    0xFF, 0xF8, 0x1F, 0xFF, 0xF4, 0x2F, 0x01, 0xF0, 0x3E, 0x02, 0xF0, 0x3D, 0x03, 0xF0, 0x3D, 0x03,
    0xE0, 0x7C, 0x03, 0xD0, 0x02, 0xF4, 0x00, 0xFB, 0xC0, 0x2D, 0x1D, 0x00, 0x00, 0x00, 0x02, 0x80,
    0x00, 0x7C, 0x00, 0x07, 0xC0, 0x00, 0xB8, 0x00, 0x0F, 0xBF, 0x80, 0xFF, 0xFC, 0x1F, 0x87, 0xC2,
    0xF0, 0x7C, 0x3E, 0x0B, 0xC3, 0xD0, 0xF8, 0x3D, 0x0F, 0x47, 0xC0, 0xF4, 0xBC, 0x1F, 0x00, 0x03,
    0xD0, 0x3E, 0x06, 0xF5, 0x5F, 0x93, 0xFF, 0xFF, 0xF8, 0x7F, 0x56, 0xF4, 0x0F, 0x95, 0xBC, 0x03,
    0xFF, 0xFE, 0x01, 0xFF, 0xFF, 0x40, 0xBC, 0x07, 0xC0, 0x3E, 0x02, 0xF0, 0x0F, 0x40, 0xFC, 0x07,
    0xD0, 0x3E, 0x01, 0xF0, 0x0F, 0x40, 0x02, 0x80, 0x00, 0xBE, 0x40, 0x3F, 0xFD, 0x00, 0xFD, 0x40,
    0x0F, 0x9A, 0x00, 0xFF, 0xFC, 0x1F, 0xDB, 0xC2, 0xF0, 0x7C, 0x2F, 0x0B, 0xC3, 0xE0, 0xF8, 0x3D,
    0x0F, 0x47, 0xC0, 0xF4, 0xBC, 0x1F, 0x00, 0x00, 0xA0, 0x90, 0x3F, 0xFC, 0x03, 0x1B, 0x40, 0x00,
    0x00, 0x03, 0xFF, 0x00, 0x3F, 0xE0, 0x00, 0xF4, 0x00, 0x1F, 0x00, 0x02, 0xF0, 0x00, 0x2F, 0x00,
    0x03, 0xE0, 0x00, 0x3D, 0x00, 0x07, 0xC0, 0x00, 0xBC, 0x00, 0x2F, 0xE0, 0x07, 0xFF, 0x00, 0x09,
    0x08, 0x3F, 0xFC, 0x71, 0xF4, 0x00, 0x00, 0x0F, 0x80, 0x0F, 0x40, 0x1F, 0x00, 0x2F, 0x00, 0x3E,
    0x00, 0x3E, 0x00, 0x3D, 0x00, 0x7C, 0x00, 0xBC, 0x00, 0x01, 0xAA, 0x40, 0xBF, 0xD0, 0x00, 0x00,
    0x0F, 0xFC, 0x03, 0xFE, 0x00, 0x3D, 0x00, 0x1F, 0x00, 0x0B, 0xC0, 0x02, 0xF0, 0x00, 0xF8, 0x00,
    0x3D, 0x00, 0x1F, 0x00, 0x0B, 0xC0, 0x0B, 0xF8, 0x07, 0xFF, 0x00, 0x1A, 0xA4, 0xFF, 0xC0, 0x00,
    0x03, 0xE0, 0x0F, 0x40, 0x7C, 0x02, 0xF0, 0x0F, 0x80, 0x3E, 0x00, 0xF4, 0x07, 0xC0, 0x2F, 0x00,
    0x02, 0x82, 0xC0, 0x2F, 0xF8, 0x00, 0xBE, 0x00, 0x00, 0x00, 0x03, 0xFF, 0x00, 0x3F, 0xE0, 0x00,
    0xF4, 0x00, 0x1F, 0x00, 0x02, 0xF0, 0x00, 0x2F, 0x00, 0x03, 0xE0, 0x00, 0x3D, 0x00, 0x07, 0xC0,
    0x00, 0xBC, 0x00, 0x2F, 0xE0, 0x07, 0xFF, 0x00, 0x38, 0x28, 0xFF, 0xD0, 0xBD, 0x00, 0x00, 0x0F,
    0x80, 0x3D, 0x01, 0xF0, 0x0B, 0xC0, 0x3E, 0x00, 0xF8, 0x03, 0xD0, 0x1F, 0x00, 0xBC, 0x00, 0x03,
    0xFF, 0x00, 0xFF, 0x80, 0x0F, 0x40, 0x07, 0xC0, 0x02, 0xF0, 0x00, 0xBC, 0x00, 0x3E, 0x00, 0x0F,
    0x40, 0x07, 0xC0, 0x02, 0xF0, 0x02, 0xFE, 0x01, 0xFF, 0xC0, 0x07, 0x40, 0x07, 0x40, 0x02, 0xE4,
    0x00, 0x3E, 0x00, 0x00, 0x00, 0x00, 0x00, 0xA0, 0x07, 0xD0, 0x0A, 0x00, 0x00, 0x03, 0xE0, 0x0F,
    0x40, 0x7C, 0x02, 0xF0, 0x0F, 0x80, 0x3E, 0x00, 0xF4, 0x07, 0xC0, 0x2F, 0x00, 0xB4, 0x07, 0x40,
    0x2E, 0x40, 0x3E, 0x00, 0x00, 0x00, 0x00, 0x28, 0x00, 0x0F, 0x40, 0x02, 0x80, 0x00, 0x00, 0x03,
    0xFF, 0x00, 0xFF, 0x80, 0x0F, 0x40, 0x07, 0xC0, 0x02, 0xF0, 0x00, 0xBC, 0x00, 0x3E, 0x00, 0x0F,
    0x40, 0x07, 0xC0, 0x02, 0xF0, 0x02, 0xFE, 0x01, 0xFF, 0xC0, 0x00, 0x03, 0xE0, 0xF4, 0x7C, 0x2F,
    0x0F, 0x83, 0xE0, 0xF4, 0x7C, 0x2F, 0x00, 0x03, 0xFF, 0x0B, 0xC0, 0x3F, 0xE0, 0xFC, 0x00, 0xF4,
    0x0F, 0x80, 0x1F, 0x00, 0xF4, 0x02, 0xF0, 0x1F, 0x00, 0x2F, 0x02, 0xF0, 0x03, 0xE0, 0x3E, 0x00,
    0x3D, 0x03, 0xD0, 0x07, 0xC0, 0x7D, 0x00, 0xBC, 0x07, 0xC0, 0x2F, 0xE0, 0xBC, 0x07, 0xFF, 0x0F,
    0x80, 0x00, 0x01, 0xF4, 0x00, 0x02, 0xBF, 0x00, 0x00, 0x3F, 0xD0, 0x00, 0x01, 0x90, 0x00, 0x02,
    0x80, 0xA0, 0x1F, 0x47, 0xD0, 0x28, 0x0A, 0x00, 0x00, 0x00, 0x0F, 0x83, 0xE0, 0x3D, 0x0F, 0x41,
    0xF0, 0x7C, 0x0B, 0xC2, 0xF0, 0x3E, 0x0B, 0xC0, 0xF8, 0x3E, 0x03, 0xD0, 0xF4, 0x1F, 0x07, 0xC0,
    0xBC, 0x2F, 0x00, 0x00, 0xF8, 0x00, 0x07, 0xD0, 0x00, 0xFF, 0x00, 0x03, 0xF0, 0x00, 0x00, 0x0B,
    0xD0, 0x00, 0xBB, 0xC0, 0x0B, 0x47, 0x40, 0x00, 0x00, 0x00, 0x0F, 0x80, 0x00, 0x3D, 0x00, 0x01,
    0xF0, 0x00, 0x0B, 0xC0, 0x00, 0x3E, 0x00, 0x00, 0xF8, 0x00, 0x03, 0xD0, 0x00, 0x1F, 0x00, 0x00,
    0xBC, 0x00, 0x03, 0xE0, 0x00, 0x0F, 0x40, 0x00, 0x7C, 0x00, 0x02, 0xF0, 0x01, 0xBF, 0x80, 0x0B,
    0xFC, 0x00, 0x05, 0x40, 0x00, 0x00, 0x2F, 0x40, 0x0B, 0xFC, 0x01, 0xE1, 0xE0, 0x00, 0x00, 0x00,
    0x3E, 0x00, 0x03, 0xD0, 0x00, 0x7C, 0x00, 0x0B, 0xC0, 0x00, 0xBC, 0x00, 0x0F, 0x80, 0x00, 0xF4,
    0x00, 0x1F, 0x00, 0x02, 0xF0, 0x00, 0x3E, 0x00, 0x07, 0xD0, 0x03, 0xFC, 0x00, 0x3F, 0x00, 0x00,
    0x03, 0xD0, 0xBD, 0x07, 0xC1, 0xF8, 0x0B, 0xC3, 0xE0, 0x0F, 0x8F, 0xC0, 0x0F, 0xBF, 0x00, 0x0F,
    0xFC, 0x00, 0x1F, 0xFC, 0x00, 0x2F, 0x7E, 0x00, 0x3E, 0x2F, 0x00, 0x3D, 0x1F, 0x40, 0x3C, 0x0F,
    0x80, 0x7C, 0x0B, 0xC0, 0x00, 0x00, 0x00, 0x02, 0xE0, 0x00, 0x03, 0xC0, 0x00, 0x06, 0x00, 0x00,
    0x02, 0x80, 0x00, 0x1F, 0x00, 0x00, 0x7C, 0x00, 0x02, 0xF0, 0x00, 0x0F, 0x83, 0xE0, 0x3D, 0x3E,
    0x01, 0xF3, 0xE0, 0x0B, 0xFE, 0x00, 0x3F, 0xF4, 0x00, 0xFF, 0xF0, 0x03, 0xD7, 0xD0, 0x1F, 0x0F,
    0xC0, 0xBC, 0x1F, 0x40, 0x00, 0x00, 0x00, 0x3C, 0x00, 0x02, 0xD0, 0x00, 0x0A, 0x00, 0x00, 0x00,
    0x00, 0x00, 0x3E, 0x0F, 0x80, 0xF4, 0xF8, 0x07, 0xCF, 0x80, 0x2F, 0xF8, 0x00, 0xBF, 0xD0, 0x03,
    0xFF, 0xC0, 0x0F, 0x5F, 0x40, 0x7C, 0x3F, 0x02, 0xF0, 0x7D, 0x00, 0x00, 0x2E, 0x00, 0x2F, 0x00,
    0x0E, 0x00, 0x00, 0x00, 0x03, 0xD0, 0x01, 0xF0, 0x00, 0xBC, 0x00, 0x3E, 0x00, 0x0F, 0x80, 0x03,
    0xD0, 0x01, 0xF0, 0x00, 0xBC, 0x00, 0x3E, 0x00, 0x0F, 0x40, 0x03, 0xFF, 0xD1, 0xFF, 0xF0, 0x00,
    0x7D, 0x00, 0xF4, 0x02, 0xD0, 0x00, 0x00, 0x02, 0x90, 0x07, 0xC0, 0x07, 0xC0, 0x0B, 0xC0, 0x0F,
    0x80, 0x0F, 0x40, 0x1F, 0x00, 0x2F, 0x00, 0x3E, 0x00, 0x3E, 0x00, 0x3D, 0x00, 0x7C, 0x00, 0xBC,
    0x00, 0x03, 0xD0, 0x07, 0xC0, 0x0B, 0xC0, 0x0F, 0x80, 0x0F, 0x80, 0x0F, 0x40, 0x1F, 0x00, 0x2F,
    0x00, 0x3E, 0x00, 0x3D, 0x00, 0x3F, 0xFD, 0x7F, 0xFC, 0x00, 0x00, 0x0B, 0xC0, 0x0F, 0x00, 0x09,
    0x00, 0x00, 0xA4, 0x07, 0xC0, 0x1F, 0x00, 0xBC, 0x03, 0xE0, 0x0F, 0x40, 0x7C, 0x02, 0xF0, 0x0F,
    0x80, 0x3E, 0x00, 0xF4, 0x07, 0xC0, 0x2F, 0x00, 0x00, 0x03, 0xD0, 0x0F, 0x00, 0x60, 0x00, 0x03,
    0xD3, 0xD0, 0x7C, 0x78, 0x0B, 0xCA, 0x00, 0xF8, 0x00, 0x0F, 0x80, 0x00, 0xF4, 0x00, 0x1F, 0x00,
    0x02, 0xF0, 0x00, 0x3E, 0x00, 0x03, 0xD0, 0x00, 0x3F, 0xFD, 0x07, 0xFF, 0xC0, 0x02, 0x96, 0x81,
    0xF3, 0xC0, 0x7D, 0xD0, 0x2F, 0x00, 0x0F, 0x80, 0x03, 0xD0, 0x01, 0xF0, 0x00, 0xBC, 0x00, 0x3E,
    0x00, 0x0F, 0x80, 0x03, 0xD0, 0x01, 0xF0, 0x00, 0xBC, 0x00, 0x00, 0x03, 0xD0, 0x01, 0xF0, 0x00,
    0xBC, 0x00, 0x3E, 0x00, 0x0F, 0x8A, 0x03, 0xD7, 0xD1, 0xF0, 0xA0, 0xBC, 0x00, 0x3E, 0x00, 0x0F,
    0x40, 0x03, 0xFF, 0xD1, 0xFF, 0xF0, 0x02, 0x90, 0x07, 0xC0, 0x07, 0xC0, 0x0B, 0xC0, 0x0F, 0x80,
    0x0F, 0x40, 0x1F, 0x19, 0x2F, 0x3F, 0x3E, 0x1D, 0x3E, 0x00, 0x3D, 0x00, 0x7C, 0x00, 0xBC, 0x00,
    0x00, 0xF4, 0x00, 0x7C, 0x00, 0x2F, 0x00, 0x0F, 0x80, 0x03, 0xFC, 0x00, 0xFF, 0x02, 0xFD, 0x00,
    0xBF, 0x00, 0x0F, 0x80, 0x03, 0xD0, 0x00, 0xFF, 0xF4, 0x7F, 0xFC, 0x02, 0x90, 0x3D, 0x07, 0xC0,
    0x7C, 0x0B, 0x80, 0xFD, 0x0F, 0xE7, 0xF8, 0xBF, 0x03, 0xE0, 0x3D, 0x03, 0xD0, 0x7C, 0x00, 0x00,
    0x00, 0x78, 0x00, 0x00, 0x7D, 0x00, 0x00, 0x3C, 0x00, 0x00, 0x00, 0x00, 0x03, 0xF0, 0x0B, 0x81,
    0xFD, 0x03, 0xD0, 0xBF, 0x80, 0xF0, 0x3E, 0xF0, 0x7C, 0x0F, 0x7D, 0x2F, 0x03, 0xCF, 0x8B, 0x81,
    0xF1, 0xF3, 0xD0, 0xB8, 0x3D, 0xF0, 0x3D, 0x0F, 0xFC, 0x0F, 0x01, 0xFE, 0x07, 0xC0, 0x3F, 0x81,
    0xF0, 0x0F, 0xD0, 0x00, 0x07, 0xC0, 0x00, 0xF4, 0x00, 0x2C, 0x00, 0x00, 0x00, 0x0F, 0x3F, 0x80,
    0xFF, 0xFC, 0x1F, 0x87, 0xC2, 0xF0, 0x7C, 0x2E, 0x0B, 0xC3, 0xD0, 0xF8, 0x3D, 0x0F, 0x47, 0xC0,
    0xF4, 0xBC, 0x1F, 0x00, 0x03, 0xF0, 0x0B, 0x81, 0xFD, 0x03, 0xD0, 0xBF, 0x80, 0xF0, 0x3E, 0xF0,
    0x7C, 0x0F, 0x7D, 0x2F, 0x03, 0xCF, 0x8B, 0x81, 0xF1, 0xF3, 0xD0, 0xB8, 0x3D, 0xF0, 0x3D, 0x0F,
    0xFC, 0x0F, 0x01, 0xFE, 0x07, 0xC0, 0x3F, 0x81, 0xF0, 0x0F, 0xD0, 0x00, 0x00, 0x00, 0x00, 0x3D,
    0x00, 0x00, 0x1E, 0x00, 0x00, 0x0A, 0x00, 0x00, 0x00, 0x00, 0x00, 0xF3, 0xF8, 0x0F, 0xFF, 0xC1,
    0xF8, 0x7C, 0x2F, 0x07, 0xC2, 0xE0, 0xBC, 0x3D, 0x0F, 0x83, 0xD0, 0xF4, 0x7C, 0x0F, 0x4B, 0xC1,
    0xF0, 0x00, 0x00, 0x00, 0x3C, 0x00, 0x0B, 0x40, 0x00, 0xA0, 0x00, 0x00, 0x1D, 0x1A, 0x00, 0x03,
    0xEF, 0x00, 0x00, 0x7F, 0x00, 0x00, 0x00, 0x00, 0x03, 0xF0, 0x0B, 0x81, 0xFD, 0x03, 0xD0, 0xBF,
    0x80, 0xF0, 0x3E, 0xF0, 0x7C, 0x0F, 0x7D, 0x2F, 0x03, 0xCF, 0x8B, 0x81, 0xF1, 0xF3, 0xD0, 0xB8,
    0x3D, 0xF0, 0x3D, 0x0F, 0xFC, 0x0F, 0x01, 0xFE, 0x07, 0xC0, 0x3F, 0x81, 0xF0, 0x0F, 0xD0, 0x01,
    0xD0, 0xA0, 0x03, 0xEF, 0x00, 0x07, 0xF0, 0x00, 0x00, 0x00, 0x0F, 0x3F, 0x80, 0x3F, 0xFF, 0x01,
    0xF8, 0x7C, 0x0B, 0xC1, 0xF0, 0x2E, 0x0B, 0xC0, 0xF4, 0x3E, 0x03, 0xD0, 0xF4, 0x1F, 0x03, 0xD0,
    0xBC, 0x1F, 0x00, 0x0F, 0x00, 0x00, 0xBC, 0x00, 0x03, 0xD0, 0x00, 0x1E, 0x39, 0xFD, 0x01, 0xFF,
    0xFC, 0x0B, 0xD2, 0xF0, 0x3F, 0x0B, 0xC0, 0xF4, 0x3E, 0x07, 0xC0, 0xF4, 0x1F, 0x07, 0xC0, 0xBC,
    0x1F, 0x03, 0xE0, 0xBC, 0x03, 0xE0, 0x0B, 0x81, 0xFC, 0x03, 0xD0, 0xBF, 0x80, 0xF0, 0x3E, 0xF0,
    0x7C, 0x0F, 0x3D, 0x2E, 0x03, 0xCB, 0x8F, 0x81, 0xF0, 0xF3, 0xD0, 0xB8, 0x3E, 0xF0, 0x3D, 0x07,
    0xFC, 0x0F, 0x00, 0xFE, 0x03, 0xC0, 0x2F, 0x41, 0xF0, 0x07, 0xD0, 0x00, 0x01, 0xF0, 0x00, 0x1A,
    0xF8, 0x00, 0x0B, 0xF8, 0x00, 0x00, 0x54, 0x00, 0x00, 0x00, 0x00, 0xF3, 0xF8, 0x0F, 0xFF, 0xC1,
    0xF8, 0x7C, 0x2F, 0x07, 0xC2, 0xE0, 0xBC, 0x3D, 0x0F, 0x83, 0xD0, 0xF4, 0x7C, 0x0F, 0x4B, 0xC1,
    0xF0, 0x00, 0x2F, 0x00, 0x03, 0xE0, 0x03, 0xFC, 0x00, 0x3F, 0x40, 0x00, 0x1A, 0xA4, 0x00, 0x2F,
    0xF4, 0x00, 0x00, 0x00, 0x00, 0x7F, 0xE0, 0x02, 0xFF, 0xFC, 0x0B, 0xE0, 0xBD, 0x0F, 0x80, 0x3E,
    0x2F, 0x00, 0x3E, 0x3F, 0x00, 0x3E, 0x3E, 0x00, 0x3D, 0x3E, 0x00, 0x7C, 0x3E, 0x00, 0xFC, 0x2F,
    0x42, 0xF4, 0x0F, 0xFF, 0xE0, 0x07, 0xFF, 0x40, 0x00, 0x00, 0x00, 0x01, 0xAA, 0x40, 0x2F, 0xF4,
    0x00, 0x10, 0x00, 0x3F, 0xF0, 0x0F, 0xFF, 0x82, 0xF0, 0xBC, 0x3E, 0x07, 0xC3, 0xD0, 0xBC, 0x7C,
    0x0F, 0x83, 0xD1, 0xF4, 0x3F, 0xFE, 0x00, 0xFF, 0x80, 0x00, 0x00, 0x00, 0x00, 0x28, 0x2C, 0x00,
    0x2F, 0xF8, 0x00, 0x0B, 0xE0, 0x00, 0x00, 0x00, 0x00, 0x7F, 0xE0, 0x02, 0xFF, 0xFC, 0x0B, 0xE0,
    0xBD, 0x0F, 0x80, 0x3E, 0x2F, 0x00, 0x3E, 0x3F, 0x00, 0x3E, 0x3E, 0x00, 0x3D, 0x3E, 0x00, 0x7C,
    0x3E, 0x00, 0xFC, 0x2F, 0x42, 0xF4, 0x0F, 0xFF, 0xE0, 0x07, 0xFF, 0x40, 0x00, 0x00, 0x00, 0x02,
    0x81, 0xC0, 0x1F, 0xF8, 0x00, 0xBE, 0x00, 0x01, 0x00, 0x03, 0xFF, 0x00, 0xFF, 0xF8, 0x2F, 0x0B,
    0xC3, 0xE0, 0x7C, 0x3D, 0x0B, 0xC7, 0xC0, 0xF8, 0x3D, 0x1F, 0x43, 0xFF, 0xE0, 0x0F, 0xF8, 0x00,
    0x00, 0x00, 0x00, 0x03, 0xDB, 0x80, 0x02, 0xD7, 0x80, 0x01, 0xD3, 0x80, 0x00, 0x00, 0x00, 0x00,
    0x7F, 0xE0, 0x00, 0xBF, 0xFF, 0x00, 0xBE, 0x0B, 0xD0, 0x3E, 0x00, 0xF8, 0x2F, 0x00, 0x3E, 0x0F,
    0xC0, 0x0F, 0x83, 0xE0, 0x03, 0xD0, 0xF8, 0x01, 0xF0, 0x3E, 0x00, 0xFC, 0x0B, 0xD0, 0xBD, 0x00,
    0xFF, 0xFE, 0x00, 0x1F, 0xFD, 0x00, 0x00, 0x00, 0x00, 0x00, 0x00, 0x2D, 0xB8, 0x00, 0xB9, 0xF0,
    0x01, 0xD3, 0x80, 0x00, 0x10, 0x00, 0x03, 0xFF, 0x00, 0x0F, 0xFF, 0x80, 0x2F, 0x0B, 0xC0, 0x3E,
    0x07, 0xC0, 0x3D, 0x0B, 0xC0, 0x7C, 0x0F, 0x80, 0x3D, 0x1F, 0x40, 0x3F, 0xFE, 0x00, 0x0F, 0xF8,
    0x00, 0x00, 0x00, 0x00, 0x00, 0x00, 0x00, 0x00, 0x07, 0xFF, 0xFF, 0xD0, 0xBF, 0xFF, 0xFF, 0x4B,
    0xE0, 0xBC, 0x00, 0x3E, 0x03, 0xE0, 0x01, 0xF0, 0x0F, 0x80, 0x0F, 0xC0, 0x3F, 0xFC, 0x3E, 0x01,
    0xFF, 0xF0, 0xF8, 0x0B, 0xC0, 0x03, 0xE0, 0x3E, 0x00, 0x0B, 0xD0, 0xF4, 0x00, 0x0F, 0xFF, 0xFF,
    0xD0, 0x1F, 0xFF, 0xFF, 0x00, 0x00, 0x00, 0x00, 0x00, 0x00, 0x10, 0x00, 0x00, 0x0F, 0xF9, 0xFF,
    0x80, 0xFF, 0xFF, 0xAF, 0x0B, 0xC2, 0xF4, 0x3C, 0x3E, 0x0B, 0xD7, 0xF0, 0xF4, 0x2F, 0xFF, 0x07,
    0xC0, 0xFD, 0x40, 0x0F, 0x47, 0xF0, 0x00, 0x3F, 0xFF, 0xFB, 0xC0, 0x3F, 0xDB, 0xFE, 0x00, 0x00,
    0x00, 0x00, 0x00, 0x00, 0x02, 0xE0, 0x00, 0x2F, 0x00, 0x00, 0xE0, 0x00, 0x00, 0x00, 0x03, 0xFE,
    0x40, 0x1F, 0xFF, 0x40, 0xBC, 0x3F, 0x03, 0xE0, 0xBC, 0x0F, 0x83, 0xE0, 0x3E, 0xBF, 0x41, 0xFF,
    0xF4, 0x0B, 0xDF, 0x80, 0x3E, 0x2F, 0x00, 0xF4, 0x3D, 0x03, 0xD0, 0xFC, 0x1F, 0x02, 0xF0, 0x00,
    0x2E, 0x00, 0x1F, 0x40, 0x0F, 0x00, 0x00, 0x00, 0x0F, 0x7E, 0x03, 0xFF, 0x41, 0xFC, 0x00, 0xBC,
    0x00, 0x3F, 0x00, 0x0F, 0x80, 0x03, 0xD0, 0x01, 0xF0, 0x00, 0xBC, 0x00, 0x00, 0x03, 0xFE, 0x40,
    0x7F, 0xFD, 0x0B, 0xC3, 0xF0, 0xF8, 0x2F, 0x0F, 0x83, 0xE0, 0xFA, 0xFD, 0x1F, 0xFF, 0x42, 0xF7,
    0xE0, 0x3E, 0x2F, 0x03, 0xD0, 0xF4, 0x3D, 0x0F, 0xC7, 0xC0, 0xBC, 0x00, 0x00, 0x00, 0x3D, 0x00,
    0x07, 0x80, 0x00, 0x60, 0x00, 0x00, 0x00, 0x00, 0xF7, 0xE0, 0x3F, 0xF4, 0x1F, 0xC0, 0x0B, 0xC0,
    0x03, 0xF0, 0x00, 0xF8, 0x00, 0x3D, 0x00, 0x1F, 0x00, 0x0B, 0xC0, 0x00, 0x00, 0x00, 0xB8, 0x00,
    0x3C, 0x00, 0x18, 0x00, 0x00, 0x00, 0xA0, 0x74, 0x00, 0xFB, 0x80, 0x02, 0xF8, 0x00, 0x00, 0x00,
    0x03, 0xFE, 0x40, 0x1F, 0xFF, 0x40, 0xBC, 0x3F, 0x03, 0xE0, 0xBC, 0x0F, 0x83, 0xE0, 0x3E, 0xBF,
    0x41, 0xFF, 0xF4, 0x0B, 0xDF, 0x80, 0x3E, 0x2F, 0x00, 0xF4, 0x3D, 0x03, 0xD0, 0xFC, 0x1F, 0x02,
    0xF0, 0x07, 0x47, 0x80, 0xFB, 0xC0, 0x1F, 0xC0, 0x00, 0x00, 0x0F, 0x7E, 0x03, 0xFF, 0x41, 0xFC,
    0x00, 0xBC, 0x00, 0x3F, 0x00, 0x0F, 0x80, 0x03, 0xD0, 0x01, 0xF0, 0x00, 0xBC, 0x00, 0x00, 0x00,
    0x0B, 0x80, 0x01, 0xF0, 0x00, 0x3C, 0x00, 0x00, 0x00, 0x01, 0xFF, 0x80, 0xBF, 0xF8, 0x0F, 0x81,
    0x01, 0xF4, 0x00, 0x0F, 0xC0, 0x00, 0xBF, 0x00, 0x02, 0xFC, 0x00, 0x07, 0xE0, 0x00, 0x3E, 0x05,
    0x03, 0xE0, 0xBF, 0xFC, 0x07, 0xFE, 0x00, 0x00, 0x00, 0x00, 0x00, 0x2E, 0x00, 0x2F, 0x00, 0x1E,
    0x00, 0x01, 0x00, 0x0F, 0xFD, 0x0B, 0xEB, 0x03, 0xF0, 0x00, 0xBE, 0x00, 0x0F, 0xF0, 0x00, 0x7E,
    0x00, 0x0F, 0x83, 0xEF, 0xD0, 0xBF, 0xE0, 0x00, 0x00, 0x00, 0x00, 0x3E, 0x00, 0x0F, 0xF4, 0x03,
    0x82, 0xC0, 0x00, 0x00, 0x01, 0xFF, 0x80, 0xBF, 0xF8, 0x0F, 0x81, 0x01, 0xF4, 0x00, 0x0F, 0xC0,
    0x00, 0xBF, 0x00, 0x02, 0xFC, 0x00, 0x07, 0xE0, 0x00, 0x3E, 0x05, 0x03, 0xE0, 0xBF, 0xFC, 0x07,
    0xFE, 0x00, 0x00, 0x00, 0x00, 0x01, 0xF8, 0x01, 0xFF, 0x41, 0xE0, 0xF0, 0x01, 0x00, 0x0F, 0xFD,
    0x0B, 0xEB, 0x03, 0xF0, 0x00, 0xBE, 0x00, 0x0F, 0xF0, 0x00, 0x7E, 0x00, 0x0F, 0x83, 0xEF, 0xD0,
    0xBF, 0xE0, 0x00, 0x00, 0x00, 0x00, 0x00, 0x00, 0x1F, 0xF8, 0x0B, 0xFF, 0x80, 0xF8, 0x10, 0x1F,
    0x40, 0x00, 0xFC, 0x00, 0x0B, 0xF0, 0x00, 0x2F, 0xC0, 0x00, 0x7E, 0x00, 0x03, 0xE0, 0x50, 0x3E,
    0x0B, 0xFF, 0xC0, 0x7F, 0xE0, 0x00, 0xB0, 0x00, 0x07, 0xC0, 0x01, 0x7C, 0x00, 0x2F, 0x40, 0x00,
    0x00, 0x40, 0x0F, 0xFD, 0x2F, 0xAC, 0x3F, 0x00, 0x2F, 0x80, 0x0F, 0xF0, 0x01, 0xF8, 0x00, 0xF8,
    0xFB, 0xF4, 0xBF, 0xE0, 0x0F, 0x00, 0x0B, 0x80, 0x1B, 0x80, 0x3E, 0x00, 0x01, 0xC1, 0xD0, 0x0F,
    0xB8, 0x00, 0xBE, 0x00, 0x00, 0x00, 0x01, 0xFF, 0x80, 0xBF, 0xF8, 0x0F, 0x81, 0x01, 0xF4, 0x00,
    0x0F, 0xC0, 0x00, 0xBF, 0x00, 0x02, 0xFC, 0x00, 0x07, 0xE0, 0x00, 0x3E, 0x05, 0x03, 0xE0, 0xBF,
    0xFC, 0x07, 0xFE, 0x00, 0x00, 0x00, 0x00, 0x0A, 0x07, 0x41, 0xFB, 0x80, 0x2F, 0x80, 0x01, 0x00,
    0x0F, 0xFD, 0x0B, 0xEB, 0x03, 0xF0, 0x00, 0xBE, 0x00, 0x0F, 0xF0, 0x00, 0x7E, 0x00, 0x0F, 0x83,
    0xEF, 0xD0, 0xBF, 0xE0, 0x00, 0x00, 0x00, 0x7F, 0xFF, 0xCB, 0xFF, 0xFC, 0x03, 0xE0, 0x00, 0x3D,
    0x00, 0x07, 0xD0, 0x00, 0x7C, 0x00, 0x0B, 0xC0, 0x00, 0xF8, 0x00, 0x0F, 0x40, 0x01, 0xF0, 0x00,
    0x2F, 0x00, 0x02, 0xF0, 0x00, 0x2C, 0x00, 0x01, 0xF0, 0x00, 0x5F, 0x00, 0x0B, 0xD0, 0x00, 0x00,
    0x00, 0x02, 0xC0, 0x03, 0xC0, 0x2F, 0xFC, 0x3F, 0xF8, 0x0F, 0x40, 0x1F, 0x00, 0x2F, 0x00, 0x3E,
    0x00, 0x3E, 0x00, 0x3F, 0xD0, 0x2F, 0xD0, 0x0F, 0x00, 0x0B, 0x80, 0x1B, 0x80, 0x3E, 0x00, 0x07,
    0x46, 0x80, 0x3E, 0xF0, 0x01, 0xFC, 0x00, 0x00, 0x00, 0x7F, 0xFF, 0xCB, 0xFF, 0xFC, 0x03, 0xE0,
    0x00, 0x3D, 0x00, 0x07, 0xD0, 0x00, 0x7C, 0x00, 0x0B, 0xC0, 0x00, 0xF8, 0x00, 0x0F, 0x40, 0x01,
    0xF0, 0x00, 0x2F, 0x00, 0x02, 0xF0, 0x00, 0x00, 0x02, 0x80, 0x00, 0xB4, 0x02, 0xCE, 0x00, 0x3C,
    0x00, 0x2F, 0xFC, 0x03, 0xFF, 0x80, 0x0F, 0x40, 0x01, 0xF0, 0x00, 0x2F, 0x00, 0x03, 0xE0, 0x00,
    0x3E, 0x00, 0x03, 0xFD, 0x00, 0x2F, 0xD0, 0x00, 0x00, 0x00, 0x7F, 0xFF, 0xCB, 0xFF, 0xFC, 0x03,
    0xE0, 0x00, 0x3D, 0x00, 0x07, 0xD0, 0x07, 0xFF, 0xC0, 0xBF, 0xFC, 0x00, 0xF8, 0x00, 0x0F, 0x40,
    0x01, 0xF0, 0x00, 0x2F, 0x00, 0x02, 0xF0, 0x00, 0x00, 0x00, 0x02, 0xC0, 0x03, 0xC0, 0x2F, 0xFC,
    0x3F, 0xF8, 0x0F, 0x40, 0x7F, 0xA0, 0xBF, 0xF0, 0x3E, 0x00, 0x3E, 0x00, 0x3F, 0xD0, 0x2F, 0xD0,
    0x00, 0x00, 0x00, 0x64, 0x20, 0x07, 0xFF, 0x80, 0x28, 0x78, 0x00, 0x00, 0x00, 0x0F, 0x40, 0xF8,
    0x7C, 0x03, 0xD2, 0xF0, 0x1F, 0x0F, 0x80, 0xBC, 0x3D, 0x03, 0xE1, 0xF0, 0x0F, 0x8B, 0xC0, 0x3D,
    0x2F, 0x01, 0xF0, 0xF8, 0x0B, 0xC3, 0xF0, 0x7D, 0x07, 0xFF, 0xF0, 0x07, 0xFE, 0x00, 0x00, 0x00,
    0x00, 0x00, 0x60, 0x50, 0x2F, 0xFD, 0x03, 0x4B, 0x80, 0x00, 0x00, 0x0F, 0x43, 0xE0, 0xF0, 0x3D,
    0x1F, 0x03, 0xC2, 0xF0, 0x7C, 0x3E, 0x0B, 0xC3, 0xD0, 0xF8, 0x3D, 0x2F, 0x43, 0xFF, 0xF0, 0x1F,
    0xCF, 0x00, 0x00, 0x00, 0x00, 0xAA, 0x80, 0x03, 0xFF, 0x00, 0x00, 0x00, 0x03, 0xD0, 0x3E, 0x1F,
    0x00, 0xF4, 0xBC, 0x07, 0xC3, 0xE0, 0x2F, 0x0F, 0x40, 0xF8, 0x7C, 0x03, 0xE2, 0xF0, 0x0F, 0x4B,
    0xC0, 0x7C, 0x3E, 0x02, 0xF0, 0xFC, 0x1F, 0x41, 0xFF, 0xFC, 0x01, 0xFF, 0x80, 0x00, 0x00, 0x00,
    0x00, 0xAA, 0x80, 0x1F, 0xF8, 0x00, 0x00, 0x00, 0xF4, 0x3E, 0x0F, 0x03, 0xD1, 0xF0, 0x3C, 0x2F,
    0x07, 0xC3, 0xE0, 0xBC, 0x3D, 0x0F, 0x83, 0xD2, 0xF4, 0x3F, 0xFF, 0x01, 0xFC, 0xF0, 0x00, 0x00,
    0x00, 0x00, 0xD0, 0xD0, 0x03, 0xFF, 0x00, 0x07, 0xE4, 0x00, 0x00, 0x00, 0x0F, 0x40, 0xF8, 0x7C,
    0x03, 0xD2, 0xF0, 0x1F, 0x0F, 0x80, 0xBC, 0x3D, 0x03, 0xE1, 0xF0, 0x0F, 0x8B, 0xC0, 0x3D, 0x2F,
    0x01, 0xF0, 0xF8, 0x0B, 0xC3, 0xF0, 0x7D, 0x07, 0xFF, 0xF0, 0x07, 0xFE, 0x00, 0x00, 0x00, 0x00,
    0x01, 0xC0, 0xD0, 0x1F, 0xFC, 0x00, 0x7E, 0x00, 0x00, 0x00, 0x0F, 0x43, 0xE0, 0xF0, 0x3D, 0x1F,
    0x03, 0xC2, 0xF0, 0x7C, 0x3E, 0x0B, 0xC3, 0xD0, 0xF8, 0x3D, 0x2F, 0x43, 0xFF, 0xF0, 0x1F, 0xCF,
    0x00, 0x00, 0x00, 0x00, 0x2E, 0x00, 0x01, 0xDE, 0x00, 0x07, 0x74, 0x00, 0x0B, 0x80, 0x00, 0x00,
    0x00, 0x3D, 0x03, 0xE1, 0xF0, 0x0F, 0x4B, 0xC0, 0x7C, 0x3E, 0x02, 0xF0, 0xF4, 0x0F, 0x87, 0xC0,
    0x3E, 0x2F, 0x00, 0xF4, 0xBC, 0x07, 0xC3, 0xE0, 0x2F, 0x0F, 0xC1, 0xF4, 0x1F, 0xFF, 0xC0, 0x1F,
    0xF8, 0x00, 0x00, 0x00, 0x00, 0x00, 0x3E, 0x00, 0x0A, 0x70, 0x00, 0xA7, 0x00, 0x03, 0xE0, 0x00,
    0x00, 0x00, 0xF4, 0x3E, 0x0F, 0x03, 0xD1, 0xF0, 0x3C, 0x2F, 0x07, 0xC3, 0xE0, 0xBC, 0x3D, 0x0F,
    0x83, 0xD2, 0xF4, 0x3F, 0xFF, 0x01, 0xFC, 0xF0, 0x00, 0x00, 0x00, 0x00, 0x1E, 0x3C, 0x00, 0x3C,
    0xF4, 0x00, 0xE1, 0xD0, 0x00, 0x00, 0x00, 0x0F, 0x40, 0xF8, 0x1F, 0x00, 0xF4, 0x2F, 0x01, 0xF0,
    0x3E, 0x02, 0xF0, 0x3D, 0x03, 0xE0, 0x7C, 0x03, 0xE0, 0xBC, 0x03, 0xD0, 0xBC, 0x07, 0xC0, 0xF8,
    0x0B, 0xC0, 0xFC, 0x1F, 0x40, 0x7F, 0xFF, 0x00, 0x1F, 0xF8, 0x00, 0x00, 0x00, 0x00, 0x00, 0x2E,
    0x78, 0x00, 0x78, 0xF0, 0x00, 0xE2, 0xC0, 0x00, 0x00, 0x00, 0x0F, 0x43, 0xE0, 0x0F, 0x03, 0xD0,
    0x1F, 0x03, 0xC0, 0x2F, 0x07, 0xC0, 0x3E, 0x0B, 0xC0, 0x3D, 0x0F, 0x80, 0x3D, 0x2F, 0x40, 0x3F,
    0xFF, 0x00, 0x1F, 0xCF, 0x00, 0x00, 0x00, 0x00, 0x0F, 0x40, 0xF8, 0x7C, 0x03, 0xD2, 0xF0, 0x1F,
    0x0F, 0x80, 0xBC, 0x3D, 0x03, 0xE1, 0xF0, 0x0F, 0x8B, 0xC0, 0x3D, 0x2F, 0x01, 0xF0, 0xF8, 0x0B,
    0xC3, 0xF0, 0x7D, 0x07, 0xFF, 0xF0, 0x07, 0xFE, 0x00, 0x03, 0x80, 0x00, 0x3C, 0x00, 0x00, 0xF8,
    0x00, 0x02, 0xF0, 0x00, 0x00, 0x00, 0x00, 0x00, 0x00, 0x00, 0xF4, 0x3E, 0x0F, 0x03, 0xD1, 0xF0,
    0x3C, 0x2F, 0x07, 0xC3, 0xE0, 0xBC, 0x3D, 0x0F, 0x83, 0xD2, 0xF4, 0x3F, 0xFF, 0x01, 0xFC, 0xF0,
    0x00, 0x3C, 0x00, 0x0B, 0x00, 0x00, 0xF8, 0x00, 0x07, 0xC0, 0x00, 0x00, 0x00, 0x00, 0x03, 0xF0,
    0x00, 0x00, 0x0F, 0xB8, 0x00, 0x00, 0x3C, 0x2C, 0x00, 0x00, 0x00, 0x00, 0x00, 0x7C, 0x07, 0xC0,
    0x3C, 0x7C, 0x0F, 0xC0, 0xBC, 0x7C, 0x0F, 0xC0, 0xF4, 0x7C, 0x2F, 0xC1, 0xF0, 0x7C, 0x3F, 0xC3,
    0xE0, 0x7C, 0xBB, 0xC7, 0xC0, 0x7C, 0xF3, 0xCB, 0x80, 0x7D, 0xE2, 0xDF, 0x00, 0x3F, 0xC2, 0xEF,
    0x00, 0x3F, 0x82, 0xFD, 0x00, 0x3F, 0x42, 0xFC, 0x00, 0x3F, 0x02, 0xF4, 0x00, 0x00, 0x2F, 0x40,
    0x00, 0x2E, 0xF0, 0x00, 0x1D, 0x1E, 0x00, 0x00, 0x00, 0x00, 0xF4, 0x3E, 0x0F, 0xBD, 0x2F, 0x83,
    0xCF, 0x4F, 0xE2, 0xF3, 0xD7, 0x78, 0xF4, 0xF7, 0xCE, 0xBC, 0x2E, 0xE3, 0xBD, 0x0B, 0xF0, 0xFF,
    0x02, 0xF8, 0x3F, 0x40, 0xBD, 0x0F, 0xC0, 0x00, 0x00, 0xBC, 0x00, 0x3E, 0xF0, 0x0B, 0x4B, 0x40,
    0x00, 0x00, 0x7C, 0x03, 0xE3, 0xD0, 0xBC, 0x3E, 0x1F, 0x42, 0xF3, 0xE0, 0x1F, 0xBC, 0x00, 0xFF,
    0x40, 0x0F, 0xE0, 0x00, 0xBC, 0x00, 0x0F, 0x80, 0x00, 0xF4, 0x00, 0x0F, 0x40, 0x01, 0xF0, 0x00,
    0x00, 0x0B, 0xC0, 0x00, 0x3E, 0xE0, 0x00, 0xF0, 0xB0, 0x00, 0x00, 0x00, 0x03, 0xD0, 0x7C, 0x03,
    0xD0, 0xF8, 0x03, 0xE1, 0xF0, 0x02, 0xE3, 0xE0, 0x01, 0xE7, 0xC0, 0x01, 0xFF, 0x80, 0x00, 0xFF,
    0x00, 0x00, 0xFD, 0x00, 0x00, 0xFC, 0x00, 0x00, 0xF4, 0x00, 0x03, 0xF0, 0x00, 0x3F, 0xC0, 0x00,
    0x3E, 0x00, 0x00, 0x01, 0x45, 0x00, 0x3C, 0xF0, 0x02, 0x4A, 0x00, 0x00, 0x00, 0x7C, 0x03, 0xE3,
    0xD0, 0xBC, 0x3E, 0x1F, 0x42, 0xF3, 0xE0, 0x1F, 0xBC, 0x00, 0xFF, 0x40, 0x0F, 0xE0, 0x00, 0xBC,
    0x00, 0x0F, 0x80, 0x00, 0xF4, 0x00, 0x0F, 0x40, 0x01, 0xF0, 0x00, 0x00, 0x01, 0xF0, 0x00, 0x0F,
    0x40, 0x00, 0xB0, 0x00, 0x00, 0x00, 0x03, 0xFF, 0xF8, 0x0F, 0xFF, 0xD0, 0x00, 0x7F, 0x00, 0x03,
    0xF0, 0x00, 0x2F, 0x40, 0x01, 0xF8, 0x00, 0x0F, 0x80, 0x00, 0xFC, 0x00, 0x0B, 0xC0, 0x00, 0xBD,
    0x00, 0x03, 0xFF, 0xFC, 0x1F, 0xFF, 0xE0, 0x00, 0x0B, 0x80, 0x01, 0xF0, 0x00, 0x3C, 0x00, 0x00,
    0x00, 0x07, 0xFF, 0xC0, 0x7F, 0xF8, 0x00, 0x3F, 0x00, 0x0B, 0xC0, 0x02, 0xF0, 0x00, 0x7D, 0x00,
    0x0F, 0x80, 0x03, 0xFF, 0xD0, 0x3F, 0xFD, 0x00, 0x00, 0x06, 0x40, 0x00, 0x3F, 0x00, 0x00, 0x74,
    0x00, 0x00, 0x00, 0x03, 0xFF, 0xF8, 0x0F, 0xFF, 0xD0, 0x00, 0x7F, 0x00, 0x03, 0xF0, 0x00, 0x2F,
    0x40, 0x01, 0xF8, 0x00, 0x0F, 0x80, 0x00, 0xFC, 0x00, 0x0B, 0xC0, 0x00, 0xBD, 0x00, 0x03, 0xFF,
    0xFC, 0x1F, 0xFF, 0xE0, 0x00, 0x19, 0x00, 0x0F, 0x80, 0x02, 0x80, 0x00, 0x00, 0x07, 0xFF, 0xC1,
    0xFF, 0xE0, 0x03, 0xF0, 0x02, 0xF0, 0x02, 0xF0, 0x01, 0xF4, 0x00, 0xF8, 0x00, 0xFF, 0xF4, 0x3F,
    0xFD, 0x00, 0x00, 0x74, 0x28, 0x00, 0x3E, 0xF0, 0x00, 0x1F, 0xC0, 0x00, 0x00, 0x00, 0x03, 0xFF,
    0xF8, 0x03, 0xFF, 0xF4, 0x00, 0x07, 0xF0, 0x00, 0x0F, 0xC0, 0x00, 0x2F, 0x40, 0x00, 0x7E, 0x00,
    0x00, 0xF8, 0x00, 0x03, 0xF0, 0x00, 0x0B, 0xC0, 0x00, 0x2F, 0x40, 0x00, 0x3F, 0xFF, 0xC0, 0x7F,
    0xFF, 0x80, 0x01, 0xC1, 0xD0, 0x0F, 0xB8, 0x00, 0x7E, 0x00, 0x00, 0x00, 0x07, 0xFF, 0xC0, 0x7F,
    0xF8, 0x00, 0x3F, 0x00, 0x0B, 0xC0, 0x02, 0xF0, 0x00, 0x7D, 0x00, 0x0F, 0x80, 0x03, 0xFF, 0xD0,
    0x3F, 0xFD, 0x00, 0x00, 0x0A, 0x90, 0x03, 0xFE, 0x00, 0x7D, 0x40, 0x0B, 0xC0, 0x00, 0xB8, 0x00,
    0x0F, 0x80, 0x00, 0xF4, 0x00, 0x1F, 0x00, 0x02, 0xF0, 0x00, 0x3E, 0x00, 0x03, 0xD0, 0x00, 0x3C,
    0x00, 0x07, 0xC0, 0x00, 0xBC, 0x00, 0x0F, 0x80, 0x0F, 0xF0, 0x00, 0xFD, 0x00, 0x00, 0xB8, 0x3C,
    0x1D, 0x0F, 0x4F, 0x8B, 0x40, 0x02, 0xF0, 0x0F, 0xB8, 0x2C, 0x2C, 0x0A, 0x09, 0x3F, 0xFC, 0x31,
    0xB4, 0x2A, 0xA7, 0xFE, 0x00, 0x00, 0xBF, 0xFC, 0xAA, 0xA8, 0x70, 0x34, 0xFF, 0xC1, 0xF8, 0x00,
    0x67, 0xF7, 0x40, 0x14, 0x50, 0xF3, 0xC2, 0x49, 0x00, 0xB8, 0xAE, 0x2D, 0xB4, 0x00, 0x2F, 0x1D,
    0xE7, 0x78, 0xB8, 0x0F, 0x6E, 0x2D, 0x78, 0x74, 0xE0, 0x74, 0x28, 0x3E, 0xF0, 0x1F, 0xC0, 0x38,
    0xE7, 0x6C, 0xA0, 0x1C, 0xB0, 0xF3, 0xC3, 0x8E, 0x00, 0x00, 0x78, 0xF0, 0xF2, 0xD0, 0xE2, 0x80,
    0x00, 0x00, 0x1E, 0x03, 0x37, 0x4E, 0x6C, 0x1F, 0x80, 0x0B, 0x80, 0xFF, 0xCB, 0x07, 0x00, 0x0F,
    0x0B, 0x83, 0xC2, 0xF0, 0x00, 0x00, 0x1F, 0x0F, 0x83, 0xC2, 0xD0, 0x00, 0x00, 0xF3, 0xDB, 0x6D,
    0x00, 0x1F, 0x0F, 0x83, 0xC2, 0xD0, 0x00, 0x00, 0x3D, 0x0B, 0x80, 0xB0, 0x0B, 0x8B, 0x87, 0x80,
    0x04, 0x5C, 0x6C, 0x08, 0x14, 0x0A, 0x43, 0xA0, 0x80, 0x6A, 0x81, 0x5C, 0x00, 0xC0, 0x1C, 0x01,
    0x40, 0x0B, 0x47, 0xC7, 0xE3, 0xD0, 0x00, 0x00, 0x16, 0xCE, 0x1C, 0x00, 0x00, 0x03, 0x42, 0xE0,
    0x54, 0x00, 0x0B, 0xD0, 0xC0, 0x10, 0x05, 0x07, 0x82, 0xE0, 0x20, 0x2A, 0x05, 0x40, 0x03, 0x81,
    0xE0, 0xB5, 0xFC, 0x7D, 0x00, 0x78, 0xB8, 0xB4, 0xBF, 0x2E, 0x3C, 0xBC, 0x14, 0x14, 0x50, 0xF3,
    0xC2, 0x46, 0x00, 0x2F, 0x1D, 0xE7, 0x78, 0xB8, 0x3C, 0xB4, 0xA0, 0x0F, 0x02, 0xE1, 0xB8, 0xFC,
    0x3C, 0xF0, 0xF8, 0xBC, 0x00, 0x2C, 0x3C, 0x38, 0x74, 0x60, 0x00, 0x00, 0xFF, 0xE6, 0x02, 0x94,
    0x04, 0x62, 0x0C, 0xFB, 0xD0, 0x38, 0x28, 0x2E, 0xF0, 0x0F, 0xD0, 0x0B, 0xD0, 0xBB, 0xCB, 0x47,
    0x80, 0x34, 0x28, 0xFF, 0xD0, 0xBD, 0x00, 0x0B, 0xD0, 0xFF, 0xD3, 0x43, 0x40, 0x19, 0x18, 0x7F,
    0xF8, 0xA2, 0xE0, 0x2A, 0xA0, 0xFF, 0xC0, 0x1A, 0xAA, 0x4A, 0xAA, 0x90, 0x1A, 0xAA, 0x06, 0xAA,
    0x41, 0x55, 0x40, 0xFF, 0xF4, 0x09, 0x08, 0x3F, 0xFC, 0x71, 0xF4, 0x00, 0x00, 0xBF, 0xFC, 0xAA,
    0xA8, 0x1A, 0xAA, 0xAA, 0x83, 0xFF, 0xFF, 0xFC, 0x00, 0x00, 0x00, 0x00, 0x00, 0x90, 0x7E, 0x7F,
    0x4B, 0x80, 0x00, 0x00, 0x00, 0x00, 0x90, 0x00, 0x2C, 0x00, 0x03, 0x40, 0x00, 0xB0, 0x00, 0x1D,
    0x00, 0x03, 0xC0, 0x00, 0x70, 0x00, 0x0E, 0x00, 0x02, 0xC0, 0x00, 0x34, 0x00, 0x0B, 0x00, 0x01,
    0xD0, 0x00, 0x3C, 0x00, 0x07, 0x00, 0x00, 0x14, 0x1C, 0x0C, 0x38, 0x00, 0x00, 0x00, 0xC0, 0x77,
    0x56, 0x9A, 0xA9, 0x1A, 0xA4, 0xD5, 0xA6, 0x02, 0x5F, 0xFC, 0x2F, 0xB9, 0x89, 0x30, 0x26, 0x07,
    0x83, 0xF0, 0x00, 0x01, 0x03, 0x40, 0xC0, 0x34, 0x1C, 0x04, 0x00, 0x2A, 0xA9, 0x2A, 0xA8, 0x55,
    0x54, 0xBF, 0xF8, 0x3D, 0x0B, 0xC0, 0xB0, 0x1F, 0x4F, 0x4B, 0x40, 0x09, 0x08, 0x3F, 0xFC, 0x71,
    0xF4, 0xB8, 0x3C, 0x34, 0x00, 0x14, 0xFD, 0x47, 0xCF, 0x3D, 0x26, 0xC2, 0x40, 0x2C, 0x3D, 0x2E,
    0x2A, 0xAA, 0x0D, 0x55, 0xC3, 0x00, 0x60, 0x00, 0x00, 0x1A, 0xAA, 0x06, 0xAA, 0x41, 0x55, 0x40,
    0xFF, 0xF4, 0x71, 0xCB, 0x2C, 0xF3, 0x80, 0x00, 0xBD, 0x0C, 0x0C, 0x01, 0x40, 0xFD, 0xC5, 0xAD,
    0x01, 0x00, 0x01, 0x80, 0x0F, 0x00, 0x90, 0x4E, 0xFD, 0x11, 0x90, 0x3C, 0x00, 0x60, 0x00, 0x04,
    0x04, 0xBF, 0xD2, 0x09, 0x0B, 0x9C, 0x66, 0xD0, 0x00, 0x00, 0x76, 0xC2, 0xEF, 0x01, 0x10, 0x00,
    0x3C, 0x34, 0x30, 0xF8, 0x7D, 0x2F, 0xC0, 0x00, 0x03, 0x80, 0x96, 0x02, 0x02, 0x00, 0x80, 0x08,
    0x00, 0x20, 0xC4, 0x00, 0x13, 0xC4, 0x00, 0x13, 0x48, 0x00, 0x21, 0x02, 0x00, 0x80, 0x80, 0x96,
    0x02, 0xC0, 0x00, 0x03, 0xF8, 0x7D, 0x2F, 0x03, 0x83, 0xF8, 0x00, 0x16, 0xCE, 0x1C, 0x00, 0x00,
    0x00, 0x7F, 0x83, 0x57, 0x05, 0xD4, 0x07, 0x00, 0x00, 0x7D, 0x3C, 0x14, 0x00, 0x2C, 0x74, 0x09,
    0x00, 0x38, 0x0E, 0x34, 0x00, 0x02, 0xD3, 0x83, 0xDB, 0x34, 0xC9, 0x10, 0x2C, 0x1C, 0x38, 0x00,
    0x67, 0xF7, 0x40, 0x04, 0x07, 0x81, 0xF0, 0x68, 0x14, 0x51, 0xDE, 0x76, 0x34, 0xCF, 0xBD, 0x00,
    0x90, 0xFC, 0x0C, 0x00, 0x10, 0x00, 0x00, 0x43, 0xC0, 0x00, 0x78, 0x1F, 0xEA, 0xFE, 0x00, 0x2F,
    0xFE, 0x00, 0x40, 0x00, 0x01, 0x2D, 0x00, 0x07, 0xC3, 0xFA, 0xAF, 0xC0, 0x1B, 0xFE, 0x40, 0xBF,
    0xFF, 0xAF, 0xFF, 0xE0, 0x7F, 0xFF, 0xC7, 0xFF, 0xFC, 0x0A, 0x94, 0x00, 0x83, 0xFF, 0xFF, 0xF8,
    0xA0, 0x06, 0xFD, 0x00, 0x00, 0x05, 0x40, 0x00, 0x2F, 0xFF, 0xD0, 0x1F, 0x95, 0x6F, 0x43, 0x80,
    0x00, 0x3C, 0x00, 0x00, 0x01, 0x01, 0x55, 0x55, 0x7C, 0x2A, 0xAA, 0xAB, 0xD0, 0x00, 0x00, 0x10,
    0x00, 0x0B, 0xE3, 0x25, 0xCC, 0x2A, 0x00, 0x00, 0x07, 0xD3, 0xB4, 0xD0, 0x1A, 0x00, 0x04, 0x12,
    0x4D, 0x30, 0x80, 0x00, 0x0B, 0xC3, 0x24, 0xCC, 0x29, 0x00, 0x35, 0x8C, 0x93, 0x30, 0x98, 0x00,
    0x3D, 0x90, 0xD0, 0x68, 0x00, 0x40, 0x1C, 0x2F, 0x83, 0x24, 0x73, 0x02, 0xA0, 0x04, 0x0A, 0x03,
    0xF4, 0xC9, 0x33, 0x14, 0x80, 0x00, 0x00, 0xEE, 0xD3, 0x36, 0x98, 0xCD, 0x52, 0x20, 0x00, 0x3D,
    0x70, 0xA0, 0x40, 0x14, 0x7C, 0x30, 0x60, 0x24, 0xC6, 0x9C, 0xB4, 0x60, 0x2A, 0x83, 0x82, 0xE1,
    0x88, 0x00, 0x78, 0x00, 0x03, 0xD0, 0x00, 0x0E, 0x00, 0x00, 0x00, 0x03, 0xFF, 0xD0, 0x7F, 0xFC,
    0x0B, 0xC0, 0x00, 0xF8, 0x00, 0x0F, 0x80, 0x01, 0xFF, 0xF0, 0x1F, 0xFF, 0x02, 0xF0, 0x00, 0x3E,
    0x00, 0x03, 0xD0, 0x00, 0x7F, 0xFD, 0x0B, 0xFF, 0xC0, 0x00, 0x51, 0x40, 0x0F, 0x3C, 0x00, 0xD3,
    0x80, 0x00, 0x00, 0x03, 0xFF, 0xD0, 0x7F, 0xFC, 0x0B, 0xC0, 0x00, 0xF8, 0x00, 0x0F, 0x80, 0x01,
    0xFF, 0xF0, 0x1F, 0xFF, 0x02, 0xF0, 0x00, 0x3E, 0x00, 0x03, 0xD0, 0x00, 0x7F, 0xFD, 0x0B, 0xFF,
    0xC0, 0x7F, 0xFF, 0xD2, 0xFF, 0xFF, 0x00, 0x3E, 0x00, 0x00, 0xF4, 0x00, 0x07, 0xD4, 0x00, 0x1F,
    0xFF, 0x00, 0xBF, 0xFF, 0x03, 0xE0, 0xBC, 0x0F, 0x41, 0xF0, 0x7C, 0x0F, 0xC2, 0xF3, 0xFD, 0x0F,
    0x8F, 0xE0, 0x00, 0x00, 0x00, 0x00, 0x03, 0xD0, 0x00, 0xF4, 0x00, 0x2D, 0x00, 0x00, 0x00, 0x03,
    0xFF, 0xD0, 0x7F, 0xFD, 0x0B, 0xC0, 0x00, 0xF8, 0x00, 0x0F, 0x40, 0x00, 0xF4, 0x00, 0x1F, 0x00,
    0x02, 0xF0, 0x00, 0x3E, 0x00, 0x03, 0xD0, 0x00, 0x3C, 0x00, 0x07, 0xC0, 0x00, 0x00, 0x00, 0x00,
    0x01, 0xFF, 0xD0, 0x2F, 0xFF, 0x42, 0xF8, 0x08, 0x0F, 0x80, 0x00, 0xBC, 0x00, 0x03, 0xFF, 0xF0,
    0x0F, 0xFF, 0xC0, 0x3E, 0x00, 0x00, 0xF8, 0x00, 0x02, 0xF4, 0x04, 0x03, 0xFF, 0xE0, 0x07, 0xFF,
    0x40, 0x00, 0x00, 0x00, 0x00, 0x00, 0x00, 0x2F, 0xF8, 0x0B, 0xFF, 0x80, 0xF8, 0x10, 0x1F, 0x40,
    0x00, 0xFC, 0x00, 0x0B, 0xF0, 0x00, 0x2F, 0xC0, 0x00, 0x7E, 0x00, 0x03, 0xE0, 0x50, 0x3E, 0x0B,
    0xFF, 0xC0, 0x7F, 0xE0, 0x00, 0x00, 0x00, 0x03, 0xD0, 0x7C, 0x0B, 0xC0, 0xF8, 0x0F, 0x41, 0xF4,
    0x1F, 0x02, 0xF0, 0x3E, 0x03, 0xD0, 0x7C, 0x0B, 0xC0, 0x01, 0x14, 0x0B, 0x7C, 0x07, 0x38, 0x00,
    0x00, 0x03, 0xD0, 0x07, 0xC0, 0x0B, 0xC0, 0x0F, 0x80, 0x0F, 0x40, 0x1F, 0x00, 0x1F, 0x00, 0x2F,
    0x00, 0x3E, 0x00, 0x3D, 0x00, 0x7C, 0x00, 0xBC, 0x00, 0x00, 0x0F, 0x40, 0x03, 0xD0, 0x01, 0xF0,
    0x00, 0xBC, 0x00, 0x3E, 0x00, 0x0F, 0x40, 0x07, 0xD0, 0x01, 0xF0, 0x00, 0xBC, 0x00, 0x3E, 0x00,
    0x0F, 0x40, 0x07, 0xC0, 0x02, 0xF0, 0x1B, 0xF8, 0x0B, 0xFC, 0x01, 0x54, 0x00, 0x00, 0x2F, 0xFF,
    0x80, 0x00, 0x0F, 0xFF, 0xD0, 0x00, 0x07, 0xD1, 0xF0, 0x00, 0x02, 0xF0, 0x7C, 0x00, 0x00, 0xF8,
    0x2F, 0xA0, 0x00, 0x3D, 0x0F, 0xFF, 0x80, 0x1F, 0x03, 0xEB, 0xF0, 0x0B, 0xC1, 0xF0, 0x3D, 0x03,
    0xE0, 0xBC, 0x1F, 0x42, 0xF0, 0x2F, 0x0F, 0xCB, 0xF8, 0x0F, 0xFF, 0xD2, 0xF8, 0x03, 0xFF, 0x80,
    0x00, 0x00, 0x00, 0x00, 0x00, 0x03, 0xD0, 0x3D, 0x00, 0x07, 0xC0, 0x7C, 0x00, 0x0B, 0xC0, 0xBC,
    0x00, 0x0F, 0x80, 0xF8, 0x00, 0x0F, 0x95, 0xF9, 0x40, 0x1F, 0xFF, 0xFF, 0xF0, 0x1F, 0xAB, 0xFB,
    0xF8, 0x2F, 0x02, 0xF0, 0xFC, 0x3E, 0x03, 0xE0, 0xBC, 0x3D, 0x03, 0xD1, 0xF8, 0x7C, 0x07, 0xFF,
    0xF0, 0xBC, 0x0B, 0xFF, 0x80, 0x7F, 0xFF, 0xD2, 0xFF, 0xFF, 0x00, 0x3E, 0x00, 0x00, 0xF4, 0x00,
    0x07, 0xD4, 0x00, 0x1F, 0xFF, 0x40, 0xBF, 0xFF, 0x03, 0xE0, 0xBC, 0x0F, 0x42, 0xF0, 0x7C, 0x0B,
    0xC2, 0xF0, 0x3E, 0x0F, 0x80, 0xF4, 0x00, 0x00, 0xF4, 0x00, 0x03, 0xD0, 0x00, 0x0B, 0x40, 0x00,
    0x00, 0x00, 0x03, 0xD0, 0x7D, 0x07, 0xC0, 0xF8, 0x0B, 0xC3, 0xF0, 0x0F, 0x8B, 0xC0, 0x0F, 0xAF,
    0x40, 0x0F, 0xFD, 0x00, 0x1F, 0xFD, 0x00, 0x2F, 0x3F, 0x00, 0x3E, 0x1F, 0x00, 0x3D, 0x0F, 0x80,
    0x7C, 0x0F, 0xC0, 0xBC, 0x07, 0xD0, 0x00, 0x1F, 0x00, 0x00, 0x0B, 0x40, 0x00, 0x03, 0x80, 0x00,
    0x00, 0x00, 0x03, 0xC0, 0x7F, 0x07, 0xC0, 0xFE, 0x0B, 0x82, 0xFD, 0x0F, 0x47, 0xFC, 0x0F, 0x0F,
    0x7C, 0x1F, 0x2E, 0xBC, 0x1F, 0x7C, 0xF8, 0x2E, 0xF4, 0xF4, 0x3F, 0xE0, 0xF0, 0x3F, 0xC1, 0xF0,
    0x7F, 0x42, 0xE0, 0xBE, 0x03, 0xE0, 0x00, 0x90, 0xA0, 0x00, 0xF6, 0xF0, 0x00, 0x7F, 0x80, 0x00,
    0x00, 0x00, 0x1F, 0x00, 0x7C, 0x0F, 0x40, 0xF8, 0x0F, 0x82, 0xF0, 0x0B, 0xC3, 0xE0, 0x07, 0xCB,
    0xC0, 0x03, 0xDF, 0x40, 0x03, 0xFF, 0x00, 0x02, 0xFC, 0x00, 0x01, 0xF8, 0x00, 0x03, 0xF0, 0x00,
    0xFF, 0xD0, 0x00, 0xBF, 0x40, 0x00, 0x00, 0x00, 0x00, 0x03, 0xD0, 0x3D, 0x07, 0xC0, 0x7C, 0x0B,
    0xC0, 0xBC, 0x0F, 0x80, 0xFC, 0x0F, 0x40, 0xF8, 0x1F, 0x00, 0xF4, 0x1F, 0x01, 0xF0, 0x2F, 0x02,
    0xF0, 0x3E, 0x03, 0xE0, 0x3D, 0x03, 0xD0, 0x7F, 0xFF, 0xD0, 0xBF, 0xFF, 0xC0, 0x02, 0xF0, 0x00,
    0x03, 0xE0, 0x00, 0x02, 0x90, 0x00, 0x00, 0x0F, 0xD0, 0x00, 0x7F, 0x40, 0x03, 0xEE, 0x00, 0x2F,
    0x78, 0x00, 0xF5, 0xE0, 0x0B, 0xC7, 0xC0, 0x3D, 0x1F, 0x02, 0xFF, 0xFC, 0x0F, 0xFF, 0xF0, 0xBC,
    0x03, 0xC3, 0xD0, 0x0F, 0x6F, 0x00, 0x3D, 0x03, 0xFF, 0xE0, 0x7F, 0xFD, 0x0B, 0xC0, 0x00, 0xF8,
    0x00, 0x0F, 0x90, 0x00, 0xFF, 0xF0, 0x1F, 0xBF, 0xC2, 0xF0, 0xBC, 0x3E, 0x0B, 0xC3, 0xD1, 0xF8,
    0x7F, 0xFF, 0x0B, 0xFF, 0x80, 0x03, 0xFF, 0x80, 0x1F, 0xFF, 0xC0, 0xBC, 0x2F, 0x03, 0xE0, 0x7C,
    0x0F, 0x87, 0xE0, 0x3F, 0xFD, 0x01, 0xFF, 0xF8, 0x0B, 0xC1, 0xF4, 0x3E, 0x03, 0xD0, 0xF4, 0x2F,
    0x03, 0xFF, 0xF8, 0x1F, 0xFF, 0x40, 0x03, 0xFF, 0xD0, 0x7F, 0xFD, 0x0B, 0xC0, 0x00, 0xF8, 0x00,
    0x0F, 0x40, 0x00, 0xF4, 0x00, 0x1F, 0x00, 0x02, 0xF0, 0x00, 0x3E, 0x00, 0x03, 0xD0, 0x00, 0x3C,
    0x00, 0x07, 0xC0, 0x00, 0x00, 0x0B, 0xFF, 0xF0, 0x00, 0xFF, 0xFE, 0x00, 0x1F, 0x47, 0xD0, 0x02,
    0xF0, 0x7C, 0x00, 0x3E, 0x0B, 0xC0, 0x03, 0xD0, 0xFC, 0x00, 0x7C, 0x0F, 0x80, 0x0F, 0x80, 0xF4,
    0x01, 0xF4, 0x1F, 0x00, 0x3F, 0x02, 0xF0, 0x2F, 0xFF, 0xFF, 0xD3, 0xFF, 0xFF, 0xFC, 0x3D, 0x00,
    0x0B, 0xC3, 0xC0, 0x00, 0xF8, 0x28, 0x00, 0x0A, 0x40, 0x03, 0xFF, 0xD0, 0x7F, 0xFC, 0x0B, 0xC0,
    0x00, 0xF8, 0x00, 0x0F, 0x80, 0x01, 0xFF, 0xF0, 0x1F, 0xFF, 0x02, 0xF0, 0x00, 0x3E, 0x00, 0x03,
    0xD0, 0x00, 0x7F, 0xFD, 0x0B, 0xFF, 0xC0, 0x03, 0xD0, 0x3D, 0x0B, 0xC0, 0x1F, 0x07, 0xC1, 0xF4,
    0x00, 0xF4, 0x7C, 0x3D, 0x00, 0x0B, 0xCB, 0x8F, 0x80, 0x00, 0x3D, 0xFA, 0xF0, 0x00, 0x03, 0xFF,
    0xFC, 0x00, 0x00, 0xBF, 0xFF, 0xC0, 0x00, 0x1F, 0xAF, 0x3D, 0x00, 0x03, 0xF2, 0xE3, 0xF0, 0x00,
    0xFC, 0x3D, 0x1F, 0x00, 0x2F, 0x43, 0xC0, 0xF8, 0x0B, 0xE0, 0x7C, 0x0F, 0xC0, 0x00, 0x00, 0x00,
    0xBF, 0xF0, 0x0F, 0xFF, 0xC0, 0x40, 0x7D, 0x00, 0x03, 0xD0, 0x01, 0xFC, 0x07, 0xFE, 0x00, 0x7F,
    0xE0, 0x00, 0x1F, 0x40, 0x00, 0xF8, 0x40, 0x2F, 0x4B, 0xFF, 0xF0, 0xBF, 0xF8, 0x00, 0x00, 0x00,
    0x03, 0xC0, 0x7F, 0x07, 0xC0, 0xFE, 0x0B, 0x82, 0xFD, 0x0F, 0x47, 0xFC, 0x0F, 0x0F, 0x7C, 0x1F,
    0x2E, 0xBC, 0x1F, 0x7C, 0xF8, 0x2E, 0xF4, 0xF4, 0x3F, 0xE0, 0xF0, 0x3F, 0xC1, 0xF0, 0x7F, 0x42,
    0xE0, 0xBE, 0x03, 0xE0, 0x00, 0x24, 0x28, 0x00, 0x3D, 0xB8, 0x00, 0x1F, 0xE0, 0x00, 0x00, 0x00,
    0x03, 0xC0, 0x7F, 0x07, 0xC0, 0xFE, 0x0B, 0x82, 0xFD, 0x0F, 0x47, 0xFC, 0x0F, 0x0F, 0x7C, 0x1F,
    0x2E, 0xBC, 0x1F, 0x7C, 0xF8, 0x2E, 0xF4, 0xF4, 0x3F, 0xE0, 0xF0, 0x3F, 0xC1, 0xF0, 0x7F, 0x42,
    0xE0, 0xBE, 0x03, 0xE0, 0x03, 0xD0, 0x7D, 0x07, 0xC0, 0xF8, 0x0B, 0xC3, 0xF0, 0x0F, 0x8B, 0xC0,
    0x0F, 0xAF, 0x40, 0x0F, 0xFD, 0x00, 0x1F, 0xFD, 0x00, 0x2F, 0x3F, 0x00, 0x3E, 0x1F, 0x00, 0x3D,
    0x0F, 0x80, 0x7C, 0x0F, 0xC0, 0xBC, 0x07, 0xD0, 0x00, 0x2F, 0xFF, 0x80, 0x0F, 0xFF, 0xE0, 0x07,
    0xD1, 0xF4, 0x02, 0xF0, 0x7C, 0x00, 0xF8, 0x2F, 0x00, 0x3D, 0x0F, 0x80, 0x1F, 0x03, 0xE0, 0x0B,
    0x80, 0xF4, 0x03, 0xD0, 0x7C, 0x02, 0xF0, 0x2F, 0x0B, 0xF8, 0x0F, 0x82, 0xF8, 0x03, 0xD0, 0x00,
    0x00, 0x00, 0x00, 0x03, 0xF0, 0x03, 0xF8, 0x1F, 0xD0, 0x1F, 0xD0, 0xBF, 0x40, 0xFF, 0x03, 0xFD,
    0x07, 0xFC, 0x0F, 0xB4, 0x3E, 0xF0, 0x3D, 0xE1, 0xEB, 0x81, 0xF7, 0x8F, 0x3D, 0x0B, 0x9E, 0x78,
    0xF0, 0x3D, 0x3B, 0xC7, 0xC0, 0xF0, 0xFE, 0x2E, 0x07, 0xC3, 0xF0, 0xF8, 0x2E, 0x0F, 0x83, 0xD0,
    0x03, 0xD0, 0x3E, 0x07, 0xC0, 0x3D, 0x0B, 0xC0, 0x7C, 0x0F, 0x80, 0xBC, 0x0F, 0x95, 0xFC, 0x1F,
    0xFF, 0xF8, 0x1F, 0xFF, 0xF4, 0x2F, 0x01, 0xF0, 0x3E, 0x02, 0xF0, 0x3D, 0x03, 0xE0, 0x7C, 0x03,
    0xD0, 0xBC, 0x03, 0xD0, 0x00, 0x00, 0x00, 0x00, 0x7F, 0xE0, 0x02, 0xFF, 0xF8, 0x0B, 0xE0, 0xBC,
    0x0F, 0x80, 0x3D, 0x2F, 0x00, 0x3E, 0x3F, 0x00, 0x3E, 0x3E, 0x00, 0x3D, 0x3E, 0x00, 0x7C, 0x3E,
    0x00, 0xFC, 0x2F, 0x42, 0xF4, 0x0F, 0xFF, 0xE0, 0x03, 0xFF, 0x40, 0x00, 0x00, 0x00, 0x03, 0xFF,
    0xFD, 0x07, 0xFF, 0xFC, 0x0B, 0xC0, 0xBC, 0x0F, 0x80, 0xBC, 0x0F, 0x40, 0xF8, 0x1F, 0x00, 0xF4,
    0x1F, 0x01, 0xF0, 0x2F, 0x02, 0xF0, 0x3E, 0x03, 0xE0, 0x3D, 0x03, 0xE0, 0x7C, 0x03, 0xD0, 0xBC,
    0x07, 0xC0, 0x03, 0xFE, 0x40, 0x1F, 0xFF, 0x40, 0xBC, 0x7F, 0x03, 0xE0, 0xBC, 0x0F, 0x43, 0xF0,
    0x3E, 0x6F, 0x41, 0xFF, 0xF8, 0x0B, 0xEA, 0x40, 0x3E, 0x00, 0x00, 0xF4, 0x00, 0x07, 0xC0, 0x00,
    0x2F, 0x00, 0x00, 0x00, 0x00, 0x00, 0x01, 0xFF, 0xD0, 0x2F, 0xFF, 0x42, 0xF8, 0x08, 0x0F, 0x80,
    0x00, 0xBC, 0x00, 0x03, 0xF0, 0x00, 0x0F, 0x80, 0x00, 0x3E, 0x00, 0x00, 0xF8, 0x00, 0x02, 0xF4,
    0x04, 0x03, 0xFF, 0xE0, 0x07, 0xFF, 0x40, 0x00, 0x00, 0x00, 0x7F, 0xFF, 0xCB, 0xFF, 0xF8, 0x03,
    0xE0, 0x00, 0x3D, 0x00, 0x07, 0xC0, 0x00, 0xBC, 0x00, 0x0B, 0xC0, 0x00, 0xF8, 0x00, 0x0F, 0x40,
    0x01, 0xF0, 0x00, 0x2F, 0x00, 0x03, 0xF0, 0x00, 0x1F, 0x00, 0x7C, 0x0F, 0x40, 0xF8, 0x0F, 0x82,
    0xF0, 0x0B, 0xC3, 0xE0, 0x07, 0xCB, 0xC0, 0x03, 0xDF, 0x40, 0x03, 0xFF, 0x00, 0x02, 0xFC, 0x00,
    0x01, 0xF8, 0x00, 0x03, 0xF0, 0x00, 0xFF, 0xD0, 0x00, 0xBF, 0x40, 0x00, 0x00, 0x00, 0x00, 0x00,
    0x00, 0x00, 0x00, 0x00, 0x07, 0xC0, 0x00, 0x01, 0xBF, 0x90, 0x00, 0xBF, 0xFF, 0xF0, 0x0F, 0xE7,
    0xEB, 0xF0, 0xBC, 0x0F, 0x07, 0xC3, 0xE0, 0x7C, 0x0F, 0x0F, 0x82, 0xE0, 0x7C, 0x3F, 0x0F, 0x43,
    0xF0, 0x7F, 0xBE, 0xBF, 0x40, 0xBF, 0xFF, 0xF4, 0x00, 0x1F, 0xE4, 0x00, 0x00, 0x2E, 0x00, 0x00,
    0x00, 0x00, 0x00, 0x00, 0x03, 0xE0, 0x2F, 0x00, 0xFC, 0x1F, 0x40, 0x1F, 0x0F, 0x80, 0x03, 0xDF,
    0xC0, 0x00, 0xBF, 0xC0, 0x00, 0x1F, 0xD0, 0x00, 0x0F, 0xF0, 0x00, 0x0B, 0xFE, 0x00, 0x07, 0xDB,
    0xC0, 0x03, 0xE1, 0xF4, 0x03, 0xF0, 0x3E, 0x02, 0xF0, 0x0B, 0xC0, 0x03, 0xD0, 0x3D, 0x07, 0xC0,
    0x7C, 0x0B, 0xC0, 0xBC, 0x0F, 0x80, 0xFC, 0x0F, 0x40, 0xF8, 0x1F, 0x00, 0xF4, 0x1F, 0x01, 0xF0,
    0x2F, 0x02, 0xF0, 0x3E, 0x03, 0xE0, 0x3D, 0x03, 0xE0, 0x7F, 0xFF, 0xFC, 0xBF, 0xFF, 0xF8, 0x00,
    0x00, 0xF4, 0x00, 0x00, 0xF4, 0x00, 0x00, 0xA0, 0x1F, 0x01, 0xF0, 0xB8, 0x0B, 0xC3, 0xE0, 0x3E,
    0x0F, 0x40, 0xF8, 0x7C, 0x03, 0xD1, 0xF9, 0x6F, 0x03, 0xFF, 0xFC, 0x02, 0xFB, 0xE0, 0x00, 0x0F,
    0x40, 0x00, 0x7C, 0x00, 0x01, 0xF0, 0x00, 0x0B, 0xC0, 0x03, 0xD0, 0xBC, 0x0F, 0x41, 0xF0, 0x3E,
    0x03, 0xD0, 0xBC, 0x0F, 0x81, 0xF0, 0x3E, 0x03, 0xD0, 0xBC, 0x0F, 0x81, 0xF0, 0x3E, 0x03, 0xD0,
    0xBC, 0x0F, 0x41, 0xF0, 0x3E, 0x03, 0xD0, 0xBC, 0x0F, 0x41, 0xF0, 0x3E, 0x07, 0xC0, 0xBC, 0x0F,
    0x42, 0xF0, 0x3E, 0x03, 0xFF, 0xFF, 0xFF, 0x41, 0xFF, 0xFF, 0xFF, 0xC0, 0x03, 0xD0, 0xB8, 0x0F,
    0x41, 0xF0, 0x3E, 0x07, 0xC0, 0xBC, 0x0F, 0x42, 0xF0, 0x3E, 0x07, 0xC0, 0xF8, 0x0F, 0x42, 0xF0,
    0x3E, 0x03, 0xC0, 0xBC, 0x0F, 0x41, 0xF0, 0x3E, 0x07, 0xC0, 0xBC, 0x0F, 0x42, 0xF0, 0x3E, 0x07,
    0xC0, 0xF8, 0x0F, 0x42, 0xF0, 0x3D, 0x07, 0xFF, 0xFF, 0xFF, 0xF2, 0xFF, 0xFF, 0xFF, 0xF8, 0x00,
    0x00, 0x00, 0x3D, 0x00, 0x00, 0x00, 0x1F, 0x00, 0x00, 0x00, 0x01, 0x40, 0x7F, 0xF0, 0x02, 0xFF,
    0xC0, 0x00, 0x3E, 0x00, 0x00, 0xF4, 0x00, 0x07, 0xE9, 0x00, 0x1F, 0xFF, 0x00, 0xBD, 0xBE, 0x03,
    0xE0, 0xBC, 0x0F, 0x43, 0xF0, 0x7C, 0x1F, 0x82, 0xFF, 0xFC, 0x0F, 0xFF, 0x80, 0x03, 0xD0, 0x00,
    0xB8, 0x1F, 0x00, 0x03, 0xE0, 0xBC, 0x00, 0x0F, 0x43, 0xE0, 0x00, 0x7C, 0x0F, 0xE4, 0x02, 0xF0,
    0x3F, 0xFD, 0x0F, 0x81, 0xF6, 0xFC, 0x3D, 0x0B, 0xC2, 0xF1, 0xF4, 0x3E, 0x0B, 0xC7, 0xC0, 0xF4,
    0x7E, 0x2F, 0x07, 0xFF, 0xF0, 0xF8, 0x2F, 0xFE, 0x03, 0xD0, 0x03, 0xD0, 0x00, 0x7C, 0x00, 0x0B,
    0xC0, 0x00, 0xF8, 0x00, 0x0F, 0xE4, 0x00, 0xFF, 0xF4, 0x1F, 0x6F, 0xC2, 0xF0, 0x7C, 0x3E, 0x0B,
    0xC3, 0xD1, 0xFC, 0x7F, 0xFF, 0x0B, 0xFF, 0x80, 0x00, 0x00, 0x00, 0x2F, 0xF8, 0x00, 0xFF, 0xFC,
    0x01, 0x41, 0xF4, 0x00, 0x03, 0xE0, 0x00, 0x0B, 0xC0, 0x3F, 0xFE, 0x01, 0xFF, 0xF8, 0x00, 0x07,
    0xD0, 0x00, 0x2F, 0x04, 0x02, 0xF8, 0x2F, 0xFF, 0x80, 0x7F, 0xF4, 0x00, 0x00, 0x00, 0x00, 0x00,
    0x00, 0x00, 0x00, 0x00, 0xF4, 0x0B, 0xFD, 0x00, 0x7C, 0x0F, 0xFF, 0xC0, 0x2F, 0x0F, 0xD1, 0xF8,
    0x0F, 0x87, 0xD0, 0x2F, 0x03, 0xE3, 0xF0, 0x07, 0xC0, 0xFF, 0xF8, 0x02, 0xF0, 0x7F, 0xFD, 0x00,
    0xBC, 0x2F, 0x0F, 0x40, 0x3E, 0x0F, 0x83, 0xD0, 0x1F, 0x43, 0xD0, 0xFC, 0x1F, 0xC1, 0xF0, 0x1F,
    0xFF, 0xC0, 0xBC, 0x01, 0xFF, 0x80, 0x00, 0x00, 0x00, 0x00, 0x00, 0x00, 0x2F, 0xFD, 0x00, 0xFF,
    0xFD, 0x02, 0xF4, 0xBC, 0x03, 0xE0, 0xBC, 0x03, 0xE0, 0xF8, 0x02, 0xF9, 0xF4, 0x00, 0xFF, 0xF0,
    0x01, 0xFB, 0xF0, 0x03, 0xE2, 0xF0, 0x0F, 0xC3, 0xE0, 0x2F, 0x43, 0xD0, 0x7E, 0x07, 0xC0, 0x00,
    0x00, 0x00, 0x7F, 0xAD, 0x0F, 0xFF, 0xC3, 0xF0, 0xFC, 0x3D, 0x0B, 0x87, 0xC0, 0xF4, 0x7C, 0x0F,
    0x47, 0xC2, 0xF0, 0x3F, 0xFF, 0x02, 0xFD, 0xE0, 0x00, 0x00, 0x00, 0x00, 0x01, 0x90, 0x0B, 0xFD,
    0x03, 0xFE, 0x80, 0xFD, 0x00, 0x1F, 0x54, 0x02, 0xFF, 0xF4, 0x3F, 0x9F, 0x83, 0xE0, 0xBC, 0x7D,
    0x0B, 0xC7, 0xD0, 0xF8, 0x3D, 0x1F, 0x02, 0xFF, 0xE0, 0x0F, 0xF8, 0x00, 0x00, 0x00, 0x00, 0x10,
    0x00, 0xFF, 0xC0, 0xFE, 0xF8, 0xFC, 0x2F, 0x3E, 0xAF, 0x5F, 0xFF, 0x47, 0xC2, 0xF1, 0xF0, 0x3C,
    0x3F, 0xBF, 0x03, 0xFF, 0x00, 0x00, 0x00, 0x00, 0x10, 0x01, 0xFF, 0x80, 0x7A, 0xF4, 0x00, 0x3D,
    0x00, 0xBF, 0x02, 0xFF, 0x42, 0xF8, 0x00, 0xF8, 0x00, 0x2F, 0xBD, 0x03, 0xFF, 0x00, 0x00, 0x00,
    0x06, 0xA8, 0x00, 0x7F, 0xF0, 0x01, 0x5F, 0x80, 0x00, 0x7C, 0x01, 0x93, 0xC0, 0xFF, 0xBD, 0x3F,
    0x5F, 0xD3, 0xD0, 0xBC, 0x7C, 0x0B, 0xC7, 0xC0, 0xF8, 0x7C, 0x2F, 0x03, 0xFF, 0xE0, 0x1F, 0xF4,
    0x00, 0x00, 0x00, 0x00, 0x10, 0x00, 0xFF, 0xC0, 0xFE, 0xF4, 0xBC, 0x3E, 0x3E, 0x6F, 0x1F, 0xFF,
    0x47, 0xD4, 0x01, 0xF4, 0x00, 0x3F, 0xBC, 0x07, 0xFE, 0x00, 0x00, 0x00, 0x01, 0x00, 0x00, 0x00,
    0x00, 0xBE, 0x07, 0xC1, 0xFC, 0x0B, 0xF4, 0xBC, 0x7F, 0x80, 0x0F, 0x8F, 0x8F, 0x80, 0x00, 0xBD,
    0xFA, 0xF0, 0x00, 0x0F, 0xFF, 0xFE, 0x00, 0x00, 0xFA, 0xF7, 0xE0, 0x00, 0x2F, 0x2E, 0x2F, 0x00,
    0x2F, 0xD3, 0xD1, 0xFE, 0x03, 0xF4, 0x3D, 0x0B, 0xE0, 0x00, 0x00, 0x00, 0x00, 0x00, 0x00, 0x40,
    0x2F, 0xFC, 0x1E, 0xBE, 0x00, 0x2F, 0x06, 0xBD, 0x0F, 0xF4, 0x00, 0xBC, 0x00, 0x7D, 0xBF, 0xFC,
    0xBF, 0xF0, 0x00, 0x00, 0x00, 0x00, 0x00, 0xF4, 0x3E, 0x1F, 0x03, 0xD1, 0xF0, 0x7C, 0x2F, 0x07,
    0xC3, 0xE0, 0xF8, 0x3D, 0x0F, 0x83, 0xD2, 0xF4, 0x3F, 0xFF, 0x02, 0xFC, 0xF0, 0x00, 0x00, 0x00,
    0x02, 0xC2, 0xD0, 0x2E, 0xBC, 0x00, 0xBE, 0x00, 0x00, 0x00, 0x0F, 0x43, 0xE1, 0xF0, 0x3D, 0x1F,
    0x07, 0xC2, 0xF0, 0x7C, 0x3E, 0x0F, 0x83, 0xD0, 0xF8, 0x3D, 0x2F, 0x43, 0xFF, 0xF0, 0x2F, 0xCF,
    0x00, 0x00, 0x00, 0x00, 0x00, 0x00, 0x3D, 0x0F, 0x80, 0xF4, 0xFC, 0x07, 0xCF, 0xC0, 0x2F, 0xFC,
    0x00, 0xFF, 0xE0, 0x03, 0xEF, 0xC0, 0x1F, 0x1F, 0x40, 0x7C, 0x3E, 0x02, 0xF0, 0xBC, 0x00, 0x00,
    0x00, 0x00, 0x03, 0xFF, 0xF0, 0x1F, 0xFF, 0x80, 0xB8, 0x3D, 0x03, 0xD1, 0xF0, 0x0F, 0x0B, 0xC0,
    0x7C, 0x2E, 0x03, 0xE0, 0xF8, 0x7F, 0x03, 0xD1, 0xF4, 0x1F, 0x00, 0x00, 0x00, 0x00, 0x00, 0x00,
    0x00, 0x03, 0xF8, 0x0F, 0xE0, 0xFE, 0x0B, 0xF4, 0x7F, 0x83, 0xFC, 0x2E, 0xE2, 0xEF, 0x0F, 0x7C,
    0xFB, 0x83, 0xCF, 0xB7, 0xD1, 0xF3, 0xFC, 0xF4, 0x7C, 0xFD, 0x3C, 0x2E, 0x3F, 0x1F, 0x00, 0x00,
    0x00, 0x00, 0xF4, 0x3D, 0x0F, 0x43, 0xD1, 0xF0, 0x7C, 0x2F, 0xAF, 0xC3, 0xFF, 0xF8, 0x3E, 0x5F,
    0x47, 0xC1, 0xF0, 0xBC, 0x1F, 0x0B, 0xC2, 0xF0, 0x00, 0x10, 0x00, 0x3F, 0xE0, 0x0F, 0xEF, 0x83,
    0xF0, 0xBC, 0x3D, 0x0B, 0xC7, 0xC0, 0xBC, 0x7C, 0x0F, 0x87, 0xD2, 0xF0, 0x3F, 0xFE, 0x00, 0xFF,
    0x40, 0x00, 0x00, 0x00, 0x00, 0x00, 0x00, 0xF3, 0xF8, 0x0F, 0xFF, 0xC1, 0xF8, 0x7C, 0x2F, 0x07,
    0xC3, 0xE0, 0xBC, 0x3D, 0x0F, 0x87, 0xC0, 0xF4, 0x7C, 0x1F, 0x0B, 0xC1, 0xF0, 0x00, 0x00, 0x00,
    0x0F, 0x7F, 0x80, 0x3F, 0xFF, 0x01, 0xF4, 0x7D, 0x0B, 0xC0, 0xF4, 0x2E, 0x07, 0xD0, 0xF8, 0x2F,
    0x03, 0xE0, 0xF8, 0x1F, 0xFF, 0xC0, 0xBE, 0xFC, 0x03, 0xE0, 0x00, 0x0F, 0x40, 0x00, 0x3C, 0x00,
    0x01, 0xF0, 0x00, 0x00, 0x00, 0x10, 0x07, 0xFF, 0x0F, 0xEE, 0x3F, 0x00, 0x3D, 0x00, 0x7C, 0x00,
    0x7C, 0x00, 0x7D, 0x00, 0x3F, 0xF8, 0x1F, 0xF4, 0x00, 0x00, 0x00, 0x00, 0x00, 0x00, 0x3C, 0xFD,
    0x3F, 0x80, 0xFF, 0xFF, 0xFF, 0x07, 0xE1, 0xF8, 0x7C, 0x2F, 0x0B, 0xC1, 0xF0, 0xF8, 0x2E, 0x0B,
    0xC3, 0xD0, 0xF4, 0x3E, 0x1F, 0x03, 0xD0, 0xF4, 0x7C, 0x1F, 0x07, 0xC2, 0xF0, 0xBC, 0x1F, 0x00,
    0x00, 0x00, 0x00, 0x03, 0xE0, 0x7D, 0x03, 0xE0, 0xFC, 0x02, 0xE0, 0xF4, 0x02, 0xF2, 0xF0, 0x01,
    0xF3, 0xC0, 0x00, 0xFB, 0x80, 0x00, 0xFF, 0x00, 0x00, 0xFE, 0x00, 0x00, 0xFC, 0x00, 0x00, 0xF8,
    0x00, 0x02, 0xF0, 0x00, 0x3F, 0xD0, 0x00, 0x3F, 0x40, 0x00, 0x00, 0x02, 0x80, 0x00, 0x0B, 0xC0,
    0x00, 0x0B, 0x80, 0x00, 0x0F, 0x80, 0x02, 0xFF, 0xF4, 0x0F, 0xFF, 0xFC, 0x2F, 0x2F, 0x3E, 0x3D,
    0x3E, 0x2F, 0x7C, 0x3D, 0x2E, 0x7C, 0x3C, 0x3E, 0x7D, 0x7C, 0xBC, 0x3F, 0xFF, 0xF4, 0x0B, 0xFF,
    0x80, 0x00, 0xF4, 0x00, 0x01, 0xF0, 0x00, 0x01, 0xF0, 0x00, 0x02, 0xE0, 0x00, 0x00, 0x00, 0x00,
    0x2F, 0x0F, 0xC0, 0x7D, 0x7D, 0x00, 0xFB, 0xD0, 0x01, 0xFE, 0x00, 0x07, 0xF0, 0x00, 0x3F, 0xD0,
    0x03, 0xEF, 0x80, 0x2F, 0x1F, 0x02, 0xF4, 0x3E, 0x00, 0x00, 0x00, 0x00, 0xF4, 0x3E, 0x1F, 0x03,
    0xD1, 0xF0, 0x7C, 0x2F, 0x0B, 0xC3, 0xE0, 0xF8, 0x3D, 0x0F, 0x83, 0xD2, 0xF4, 0x3F, 0xFF, 0xD2,
    0xFC, 0xBC, 0x00, 0x07, 0xC0, 0x00, 0x7C, 0x00, 0x00, 0x00, 0x00, 0x00, 0x1F, 0x03, 0xDB, 0xC1,
    0xF2, 0xE0, 0xBC, 0xF8, 0x3E, 0x2F, 0xFF, 0x47, 0xFB, 0xD0, 0x01, 0xF0, 0x00, 0xBC, 0x00, 0x3E,
    0x00, 0x00, 0x00, 0x00, 0x00, 0x3D, 0x0F, 0x43, 0xE1, 0xF0, 0x3D, 0x0F, 0x4B, 0xC1, 0xF0, 0x7C,
    0x2F, 0x0B, 0xC2, 0xF0, 0xF8, 0x3E, 0x0F, 0x83, 0xD0, 0xF4, 0x3E, 0x0F, 0x4F, 0xD2, 0xF4, 0x3F,
    0xFF, 0xFF, 0xC0, 0xBF, 0x1F, 0xCF, 0x00, 0x00, 0x00, 0x00, 0x00, 0x00, 0x00, 0x00, 0x00, 0x3D,
    0x0F, 0x43, 0xE1, 0xF0, 0x3D, 0x0F, 0x4B, 0xC1, 0xF0, 0x7C, 0x2F, 0x0B, 0xC2, 0xF0, 0xF8, 0x3E,
    0x0F, 0x83, 0xD0, 0xF4, 0x3E, 0x0F, 0x4F, 0xD2, 0xF4, 0x3F, 0xFF, 0xFF, 0xF4, 0xBF, 0x1F, 0xCB,
    0xD0, 0x00, 0x00, 0x0F, 0x00, 0x00, 0x00, 0x7C, 0x00, 0x00, 0x00, 0x00, 0x00, 0x00, 0x03, 0xFE,
    0x00, 0x3F, 0xD0, 0x00, 0x3C, 0x00, 0x07, 0xFF, 0x80, 0xBF, 0xFD, 0x0F, 0x83, 0xF0, 0xF8, 0x3E,
    0x0B, 0xEF, 0xC0, 0x3F, 0xF4, 0x00, 0x00, 0x00, 0x00, 0x00, 0x00, 0x00, 0xF4, 0x00, 0x7C, 0x1F,
    0x00, 0x0B, 0xC1, 0xF0, 0x00, 0xF8, 0x2F, 0xFD, 0x0F, 0x43, 0xFF, 0xF1, 0xF0, 0x3D, 0x0F, 0x6F,
    0x03, 0xD1, 0xF2, 0xE0, 0x3F, 0xBE, 0x3E, 0x01, 0xFF, 0x83, 0xD0, 0x00, 0x00, 0x00, 0x00, 0x00,
    0x00, 0x03, 0xD0, 0x01, 0xF0, 0x00, 0x7C, 0x00, 0x2F, 0xFD, 0x0F, 0xFF, 0xD3, 0xD0, 0xF8, 0xF4,
    0x3D, 0x3F, 0xBF, 0x07, 0xFE, 0x00, 0x00, 0x00, 0x00, 0x00, 0x2F, 0xF0, 0x1E, 0xFC, 0x00, 0x7C,
    0x05, 0xBD, 0x0F, 0xFD, 0x05, 0xBC, 0x00, 0xF8, 0xBF, 0xF0, 0xBF, 0xC0, 0x00, 0x00, 0x00, 0x00,
    0x10, 0x00, 0xF4, 0x3F, 0xE0, 0x0F, 0x4F, 0xEF, 0x81, 0xF1, 0xF0, 0xBC, 0x2F, 0xBE, 0x0B, 0xC3,
    0xFF, 0xD0, 0xBC, 0x3E, 0x7D, 0x0F, 0x87, 0xC3, 0xD1, 0xF0, 0x7C, 0x2F, 0xFE, 0x0B, 0xC0, 0xBF,
    0x80, 0x00, 0x00, 0x00, 0x00, 0x00, 0x00, 0x00, 0x1F, 0xFF, 0x07, 0xFB, 0xE0, 0xF8, 0x3D, 0x0F,
    0xC7, 0xC0, 0x7F, 0xFC, 0x03, 0xFF, 0xC0, 0xFC, 0xF8, 0x2F, 0x0F, 0x47, 0xD1, 0xF0, 0x00, 0xF0,
    0x00, 0x2E, 0x00, 0x02, 0xC0, 0x00, 0x40, 0x03, 0xFF, 0x03, 0xFB, 0xD2, 0xF0, 0xF8, 0xF9, 0xBC,
    0x7F, 0xFD, 0x1F, 0x50, 0x07, 0xD0, 0x00, 0xFE, 0xF0, 0x1F, 0xF8, 0x00, 0x00, 0x00, 0x00, 0x41,
    0x00, 0xF7, 0xD0, 0x18, 0x60, 0x00, 0x40, 0x03, 0xFF, 0x03, 0xFB, 0xD2, 0xF0, 0xF8, 0xF9, 0xBC,
    0x7F, 0xFD, 0x1F, 0x50, 0x07, 0xD0, 0x00, 0xFE, 0xF0, 0x1F, 0xF8, 0x00, 0x00, 0x00, 0x02, 0x80,
    0x01, 0xBD, 0x40, 0x3F, 0xFD, 0x01, 0xFD, 0x40, 0x0F, 0x9A, 0x00, 0xFF, 0xFC, 0x1F, 0xDB, 0xC2,
    0xF0, 0x7C, 0x3F, 0x0B, 0xC3, 0xD0, 0xF8, 0x3D, 0x0F, 0x47, 0xC0, 0xF0, 0xBC, 0x1F, 0x00, 0x02,
    0xF0, 0x00, 0x3E, 0x00, 0x3F, 0xC0, 0x03, 0xF4, 0x00, 0x00, 0x0B, 0x80, 0x01, 0xF0, 0x00, 0x3C,
    0x00, 0x01, 0x00, 0x07, 0xFE, 0x00, 0x7A, 0xF4, 0x00, 0x0F, 0x40, 0x0B, 0xF0, 0x0B, 0xFD, 0x02,
    0xF8, 0x00, 0x3E, 0x00, 0x02, 0xFB, 0xD0, 0x0F, 0xFC, 0x00, 0x00, 0x00, 0x00, 0x10, 0x07, 0xFF,
    0x0F, 0xEE, 0x3F, 0x00, 0x3E, 0x50, 0x7F, 0xF0, 0x7C, 0x00, 0x7C, 0x00, 0x3F, 0xF8, 0x1F, 0xF4,
    0x00, 0x00, 0x00, 0x40, 0x0F, 0xFC, 0x3F, 0xAC, 0x3E, 0x00, 0x3F, 0x80, 0x0F, 0xF0, 0x02, 0xF8,
    0x00, 0xF8, 0xFB, 0xF4, 0xFF, 0xD0, 0x00, 0x00, 0x02, 0x80, 0x7C, 0x02, 0x80, 0x00, 0x0F, 0x80,
    0xF4, 0x1F, 0x02, 0xF0, 0x3E, 0x03, 0xD0, 0x7C, 0x07, 0xC0, 0xBC, 0x00, 0x09, 0x60, 0x7B, 0xC0,
    0x8A, 0x00, 0x00, 0x0F, 0x40, 0x3D, 0x01, 0xF0, 0x0B, 0xC0, 0x3E, 0x00, 0xF4, 0x07, 0xC0, 0x2F,
    0x00, 0xBC, 0x00, 0x00, 0x0A, 0x00, 0x07, 0xC0, 0x00, 0xA0, 0x00, 0x00, 0x00, 0x3E, 0x00, 0x0F,
    0x40, 0x07, 0xC0, 0x02, 0xF0, 0x00, 0xF8, 0x00, 0x3D, 0x00, 0x1F, 0x00, 0x07, 0xC0, 0x02, 0xF0,
    0x00, 0xF8, 0x00, 0x7D, 0x01, 0xFF, 0x00, 0x3F, 0x00, 0x00, 0x00, 0x00, 0x00, 0x00, 0x03, 0xFF,
    0xE0, 0x00, 0x1F, 0xFF, 0x40, 0x00, 0xB8, 0x7C, 0x00, 0x03, 0xD2, 0xFF, 0xD0, 0x0F, 0x0B, 0xFF,
    0xD0, 0x7C, 0x3E, 0x0F, 0x83, 0xE0, 0xF4, 0x3E, 0x7F, 0x03, 0xFB, 0xF1, 0xF4, 0x03, 0xFF, 0x00,
    0x00, 0x00, 0x00, 0x00, 0x00, 0x00, 0x00, 0x00, 0xF4, 0x3D, 0x00, 0x0F, 0x47, 0xC0, 0x01, 0xF0,
    0xBC, 0x00, 0x2F, 0xFF, 0xFE, 0x03, 0xFF, 0xFF, 0xFC, 0x3D, 0x0F, 0x47, 0xD7, 0xC0, 0xF0, 0x7C,
    0xBC, 0x0F, 0xEF, 0xCB, 0xC0, 0x7F, 0xE0, 0x00, 0x00, 0x00, 0x00, 0x02, 0x80, 0x01, 0xBD, 0x40,
    0x3F, 0xFD, 0x01, 0xFD, 0x40, 0x0F, 0x5A, 0x00, 0xFF, 0xFC, 0x1F, 0xDB, 0xC2, 0xF0, 0x7C, 0x3F,
    0x0B, 0xC3, 0xD0, 0xF8, 0x3C, 0x0F, 0x47, 0xC0, 0xF0, 0xBC, 0x1F, 0x00, 0x00, 0x07, 0x80, 0x00,
    0x3D, 0x00, 0x02, 0xC0, 0x00, 0x00, 0x00, 0x0F, 0x43, 0xE0, 0x3D, 0x3F, 0x01, 0xF3, 0xF0, 0x0B,
    0xFF, 0x00, 0x3F, 0xF8, 0x00, 0xFB, 0xF0, 0x07, 0xC7, 0xD0, 0x1F, 0x0F, 0x80, 0xBC, 0x2F, 0x00,
    0x00, 0xB4, 0x00, 0x03, 0xC0, 0x00, 0x1D, 0x00, 0x00, 0x00, 0x0F, 0x43, 0xE1, 0xF0, 0x3D, 0x1F,
    0x07, 0xC2, 0xF0, 0x7C, 0x3E, 0x0F, 0x83, 0xD0, 0xF8, 0x3D, 0x2F, 0x43, 0xFF, 0xF0, 0x2F, 0xCF,
    0x00, 0x00, 0x00, 0x00, 0x78, 0x38, 0x00, 0x3D, 0xF4, 0x00, 0x1F, 0xD0, 0x00, 0x00, 0x00, 0x03,
    0xE0, 0x7D, 0x03, 0xE0, 0xFC, 0x02, 0xE0, 0xF4, 0x02, 0xF2, 0xF0, 0x01, 0xF3, 0xC0, 0x00, 0xFB,
    0x80, 0x00, 0xFF, 0x00, 0x00, 0xFE, 0x00, 0x00, 0xFC, 0x00, 0x00, 0xF8, 0x00, 0x02, 0xF0, 0x00,
    0x3F, 0xD0, 0x00, 0x3F, 0x40, 0x00, 0x00, 0x00, 0x00, 0xF4, 0x3E, 0x1F, 0x03, 0xD1, 0xF0, 0x7C,
    0x2F, 0x07, 0xC3, 0xE0, 0xF8, 0x3D, 0x0F, 0x83, 0xD2, 0xF4, 0x3F, 0xFF, 0x02, 0xFC, 0xF0, 0x00,
    0x80, 0x00, 0x3C, 0x00, 0x07, 0xC0, 0x00, 0x10, 0x00, 0x3D, 0x07, 0xC0, 0x7C, 0x7C, 0x0B, 0xC0,
    0xF8, 0x7C, 0x0F, 0x80, 0xF4, 0xBC, 0x0F, 0x81, 0xF0, 0xBC, 0x1F, 0x83, 0xF0, 0xBC, 0x3F, 0x83,
    0xD0, 0x7C, 0x7F, 0x8B, 0xC0, 0x7C, 0xFF, 0x8F, 0x40, 0x7E, 0xEB, 0xAF, 0x00, 0x3F, 0xC7, 0xFD,
    0x00, 0x3F, 0x87, 0xF8, 0x00, 0x2F, 0x43, 0xF0, 0x00, 0x00, 0x00, 0x00, 0x0B, 0x82, 0xE0, 0xBC,
    0xF8, 0x3E, 0x0F, 0x8F, 0x83, 0xE0, 0xF0, 0xF4, 0x7E, 0x2F, 0x0F, 0x8F, 0xE3, 0xD0, 0xBA, 0xFE,
    0xBC, 0x07, 0xFD, 0xFF, 0x00, 0x3F, 0x0F, 0xD0, 0x03, 0xE0, 0xFC, 0x00, 0x07, 0xC0, 0x07, 0xF5,
    0x0B, 0xFF, 0xE1, 0xBE, 0xA0, 0x1F, 0x50, 0x0B, 0xFF, 0x83, 0xFB, 0xF4, 0xF4, 0x3E, 0x3D, 0x0F,
    0x9F, 0x0B, 0xDB, 0xFF, 0xE3, 0xFF, 0xD0, 0x00, 0x00, 0x00, 0x00, 0xF3, 0xF8, 0x00, 0x0F, 0xFF,
    0xC0, 0x01, 0xF8, 0x7C, 0x00, 0x2F, 0x07, 0xE9, 0x02, 0xE0, 0xBF, 0xFC, 0x3D, 0x0B, 0xC7, 0xC3,
    0xD0, 0xF8, 0x3C, 0x7C, 0x0B, 0xEF, 0xCB, 0xC0, 0x3F, 0xE0, 0x00, 0x00, 0x00, 0x00, 0x00, 0x00,
    0x00, 0x00, 0x03, 0xD0, 0x2F, 0xF8, 0x07, 0xC0, 0xFF, 0xFC, 0x0B, 0xC3, 0xF4, 0x14, 0x0F, 0x8B,
    0xD0, 0x00, 0x0F, 0x8F, 0xC0, 0x00, 0x0F, 0xFF, 0xFF, 0xC0, 0x1F, 0xFF, 0xFF, 0x40, 0x2F, 0x1F,
    0x00, 0x00, 0x3E, 0x1F, 0x40, 0x00, 0x3D, 0x0F, 0xC0, 0x40, 0x3C, 0x0B, 0xFF, 0xC0, 0x7C, 0x02,
    0xFF, 0xC0, 0x00, 0x00, 0x00, 0x00, 0x00, 0x00, 0x00, 0x03, 0xE0, 0x7F, 0xD0, 0xF4, 0xBF, 0xF0,
    0x7C, 0x3E, 0x00, 0x2F, 0xBF, 0xA8, 0x0B, 0xFF, 0xFE, 0x03, 0xE3, 0xE0, 0x00, 0xF4, 0xFC, 0x00,
    0x7C, 0x1F, 0xFD, 0x2F, 0x02, 0xFF, 0x00, 0x00, 0x00, 0x00, 0x00, 0x0B, 0xE0, 0x00, 0x0F, 0xF0,
    0x00, 0x3E, 0xF0, 0x00, 0x7C, 0xF0, 0x00, 0xF8, 0xF0, 0x01, 0xFF, 0xF4, 0x03, 0xFF, 0xF4, 0x0B,
    0xEF, 0xB8, 0x0F, 0x6E, 0xB8, 0x2F, 0x3D, 0x7C, 0x3D, 0x3C, 0x7C, 0xBC, 0x7C, 0x3C, 0x00, 0x00,
    0x00, 0x00, 0x3F, 0x40, 0x02, 0xFE, 0x00, 0x0F, 0x78, 0x00, 0xF9, 0xF0, 0x07, 0xFF, 0xC0, 0x3F,
    0xFF, 0x02, 0xFB, 0xBD, 0x0F, 0x6D, 0xB8, 0xBC, 0xF2, 0xE0, 0x03, 0xD0, 0x1F, 0xC0, 0x1F, 0x00,
    0xFF, 0x00, 0xBC, 0x0B, 0xFC, 0x03, 0xE0, 0x3D, 0xF4, 0x0F, 0x82, 0xF2, 0xD0, 0x3F, 0xFF, 0xFF,
    0x81, 0xFF, 0xFF, 0xFE, 0x0B, 0xC7, 0xDF, 0x7C, 0x3E, 0x3E, 0x7D, 0xF0, 0xF5, 0xF2, 0xE3, 0xC3,
    0xCF, 0x8F, 0x4F, 0x1F, 0x7C, 0x3C, 0x3D, 0x00, 0x00, 0x00, 0x00, 0xF4, 0x0F, 0xE0, 0x0F, 0x01,
    0xFF, 0x01, 0xF0, 0x3D, 0xF0, 0x2F, 0xAB, 0xEF, 0x02, 0xFF, 0xFF, 0xF4, 0x3D, 0x7E, 0xFF, 0x83,
    0xC7, 0xDF, 0xB8, 0x7C, 0xF9, 0xE7, 0xCB, 0x9F, 0x2D, 0x7C, 0x00, 0xFF, 0xFF, 0xD0, 0x0F, 0xFF,
    0xFC, 0x00, 0xF8, 0x2F, 0x00, 0x07, 0xC7, 0xD0, 0x00, 0x3E, 0xF4, 0x00, 0x0B, 0xFF, 0x40, 0x03,
    0xFF, 0xFD, 0x00, 0xBC, 0xF7, 0xE0, 0x0F, 0x5F, 0x2E, 0x02, 0xF2, 0xF2, 0xF0, 0x3E, 0x2F, 0x2F,
    0x07, 0xC3, 0xE1, 0xF0, 0x00, 0x00, 0x00, 0x0F, 0xFF, 0xF0, 0x3E, 0xBF, 0x00, 0x78, 0xF0, 0x00,
    0xFF, 0x00, 0x1F, 0xFF, 0x00, 0xFB, 0xFC, 0x0B, 0xAE, 0xB4, 0x3C, 0xF6, 0xD2, 0xE3, 0xC7, 0x80,
    0x03, 0xD3, 0xFF, 0xFF, 0x81, 0xF0, 0xFF, 0xFF, 0xD0, 0xBC, 0x1F, 0x07, 0xD0, 0x3E, 0x03, 0xD3,
    0xD0, 0x0F, 0x80, 0xBF, 0xE0, 0x03, 0xFF, 0xFF, 0xF8, 0x01, 0xFF, 0xFF, 0xFF, 0x80, 0xBC, 0x7C,
    0xFA, 0xF0, 0x3E, 0x3E, 0x3D, 0x7C, 0x0F, 0x5F, 0x1F, 0x1F, 0x03, 0xCF, 0xC7, 0xC7, 0xC1, 0xF7,
    0xD2, 0xF0, 0xF0, 0x00, 0x00, 0x00, 0x00, 0x3D, 0x3F, 0xFF, 0xC0, 0xF0, 0xFE, 0xFC, 0x07, 0xC0,
    0xF3, 0xD0, 0x2F, 0xAB, 0xFD, 0x00, 0xBF, 0xFF, 0xFC, 0x03, 0xD7, 0xEF, 0xF4, 0x0F, 0x1E, 0x79,
    0xD0, 0x7C, 0xF2, 0xE7, 0x82, 0xE7, 0xCF, 0x5E, 0x00, 0x00, 0x00, 0x14, 0x00, 0xE3, 0xE0, 0x01,
    0xFC, 0x00, 0x2F, 0xF4, 0x03, 0xFF, 0xF4, 0x06, 0x03, 0xE0, 0x00, 0x0F, 0x80, 0x01, 0xBC, 0x00,
    0xFF, 0x80, 0x03, 0xFF, 0x00, 0x00, 0x3F, 0x00, 0x00, 0xBC, 0x00, 0x07, 0xE0, 0x1B, 0xFF, 0x03,
    0xFF, 0xE0, 0x2F, 0x40, 0x00, 0xBD, 0x54, 0x00, 0xFF, 0xF4, 0x00, 0x65, 0x50, 0x00, 0x00, 0x00,
    0x00, 0x1D, 0x3E, 0x00, 0xBF, 0x40, 0x7F, 0xF8, 0x03, 0xAF, 0xC0, 0x00, 0x3C, 0x00, 0xAF, 0x80,
    0x1F, 0xE0, 0x00, 0x0F, 0x80, 0x00, 0xF8, 0x06, 0xFF, 0x43, 0xFF, 0xD0, 0xB9, 0x00, 0x0B, 0x95,
    0x40, 0x7F, 0xFC, 0x00, 0x65, 0x80, 0x0F, 0x07, 0xC2, 0xE1, 0xF0, 0xB8, 0x3D, 0x2E, 0x0F, 0x43,
    0xC3, 0xE0, 0xF4, 0x7C, 0x3D, 0x1F, 0x0B, 0xC3, 0xD2, 0xF0, 0xF4, 0x3F, 0x7E, 0x7F, 0x02, 0xFF,
    0xFF, 0xD0, 0x0B, 0xFF, 0xE0, 0x00, 0x07, 0xC0, 0x00, 0x00, 0xBC, 0x00, 0x00, 0x0F, 0x80, 0x00,
    0x00, 0x02, 0x90, 0x00, 0x00, 0xF4, 0x00, 0x00, 0x7C, 0x00, 0x00, 0x2F, 0x00, 0x0F, 0x4B, 0x8F,
    0x83, 0xC3, 0xD3, 0xE1, 0xF0, 0xF0, 0xF8, 0xBC, 0x7C, 0x3E, 0x3E, 0x2F, 0x0F, 0x4F, 0x4F, 0x87,
    0xC3, 0xE3, 0xD3, 0xE0, 0xFF, 0xFF, 0xE0, 0x0B, 0xFF, 0xD0, 0x00, 0x2F, 0x00, 0x00, 0x0F, 0x80,
    0x00, 0x03, 0xD0, 0x00, 0x01, 0xF0, 0x00, 0x00, 0x00, 0x00, 0x00, 0x00, 0x7F, 0xE0, 0x02, 0xFF,
    0xFC, 0x0B, 0xD0, 0xBD, 0x0F, 0x80, 0x3E, 0x2F, 0x00, 0x3E, 0x3F, 0xFF, 0xFE, 0x3F, 0xFF, 0xFD,
    0x3D, 0x00, 0x7C, 0x3E, 0x00, 0xFC, 0x2F, 0x02, 0xF4, 0x0F, 0xFF, 0xE0, 0x07, 0xFF, 0x40, 0x00,
    0x00, 0x00, 0x00, 0x10, 0x00, 0x3F, 0xF0, 0x0F, 0xEF, 0x82, 0xF0, 0xBC, 0x3F, 0x5B, 0xC3, 0xFF,
    0xFC, 0x7D, 0x5F, 0x83, 0xD1, 0xF4, 0x3F, 0xFE, 0x00, 0xFF, 0x80, 0x00, 0x00, 0x00, 0x7C, 0x00,
    0xBD, 0xF0, 0x0F, 0xF7, 0xC0, 0x7D, 0x0F, 0x03, 0xE0, 0x3C, 0x1F, 0x00, 0xF0, 0xF8, 0x03, 0xD7,
    0xC0, 0x0F, 0x7E, 0x00, 0x3E, 0xF0, 0x00, 0xBF, 0x80, 0x02, 0xFC, 0x00, 0x0B, 0xE0, 0x00, 0x00,
    0x00, 0x03, 0xD0, 0x3E, 0x3D, 0x0F, 0xE3, 0xD1, 0xF0, 0x2E, 0x3E, 0x02, 0xE7, 0xC0, 0x1E, 0xF4,
    0x01, 0xFF, 0x00, 0x0F, 0xD0, 0x00, 0xFC, 0x00, 0x2D, 0x78, 0x00, 0x3C, 0xF0, 0x00, 0x74, 0xD0,
    0x00, 0x00, 0x00, 0x7C, 0x00, 0xBD, 0xF0, 0x0F, 0xF7, 0xC0, 0x7D, 0x0F, 0x03, 0xE0, 0x3C, 0x1F,
    0x00, 0xF0, 0xF8, 0x03, 0xD7, 0xC0, 0x0F, 0x7E, 0x00, 0x3E, 0xF0, 0x00, 0xBF, 0x80, 0x02, 0xFC,
    0x00, 0x0B, 0xE0, 0x00, 0x2D, 0xB4, 0x01, 0xE3, 0xC0, 0x07, 0x1C, 0x00, 0x00, 0x00, 0x3D, 0x03,
    0xE3, 0xD0, 0xFE, 0x3D, 0x1F, 0x02, 0xE3, 0xE0, 0x2E, 0x7C, 0x01, 0xEF, 0x40, 0x1F, 0xF0, 0x00,
    0xFD, 0x00, 0x0F, 0xC0, 0x00, 0x00, 0x00, 0x00, 0x00, 0x00, 0x00, 0x07, 0xFE, 0x00, 0x00, 0x00,
    0x02, 0xFF, 0xFC, 0x00, 0x00, 0x00, 0xBE, 0x0B, 0xD0, 0x00, 0x00, 0x0F, 0x80, 0x3E, 0x3D, 0x07,
    0xD2, 0xF0, 0x03, 0xE3, 0xE0, 0xFC, 0x3F, 0x00, 0x3E, 0x2E, 0x0F, 0x43, 0xE0, 0x03, 0xD1, 0xF2,
    0xF0, 0x3E, 0x00, 0x7C, 0x1F, 0x3C, 0x03, 0xE0, 0x0F, 0xC0, 0xFB, 0x80, 0x2F, 0x42, 0xF4, 0x0F,
    0xF0, 0x00, 0xFF, 0xFE, 0x00, 0xFE, 0x00, 0x07, 0xFF, 0x40, 0x0B, 0xC0, 0x00, 0x00, 0x00, 0x00,
    0xF8, 0x00, 0x00, 0x00, 0x00, 0x2F, 0x00, 0x00, 0x00, 0x00, 0x3F, 0xD0, 0x00, 0x00, 0x00, 0x03,
    0xF4, 0x00, 0x00, 0x00, 0x10, 0x00, 0x00, 0x00, 0x03, 0xFF, 0x07, 0xC0, 0xBC, 0x0F, 0xFF, 0x83,
    0xC0, 0xF4, 0x2F, 0x0B, 0xC3, 0xD2, 0xF0, 0x3E, 0x07, 0xC3, 0xD3, 0xD0, 0x3D, 0x0B, 0xC2, 0xDB,
    0xC0, 0x7C, 0x0F, 0x82, 0xEF, 0x40, 0x3D, 0x1F, 0x41, 0xFF, 0x00, 0x3F, 0xFE, 0x01, 0xFC, 0x00,
    0x0F, 0xF8, 0x00, 0xF8, 0x00, 0x00, 0x00, 0x01, 0xF0, 0x00, 0x00, 0x00, 0x07, 0xE0, 0x00, 0x00,
    0x00, 0x7F, 0xC0, 0x00, 0x00, 0x00, 0x7E, 0x00, 0x00, 0x00, 0x1D, 0x00, 0x01, 0xFF, 0x80, 0x0B,
    0xFF, 0xF0, 0x2F, 0xA9, 0xF8, 0x3E, 0x00, 0xBC, 0xBC, 0x00, 0x7C, 0xF8, 0x00, 0x7C, 0xF8, 0x00,
    0xBC, 0xF8, 0x00, 0xF8, 0xFC, 0x01, 0xF4, 0xBD, 0x97, 0xF0, 0x3F, 0xFF, 0xC0, 0x0B, 0xFE, 0x00,
    0x01, 0xE0, 0x00, 0x00, 0x00, 0x00, 0x00, 0x28, 0x00, 0x2F, 0xF4, 0x0F, 0xFF, 0xD2, 0xF6, 0x7E,
    0x3E, 0x02, 0xF3, 0xD0, 0x2F, 0x7C, 0x03, 0xE3, 0xE5, 0xBC, 0x2F, 0xFF, 0x80, 0xBF, 0xD0, 0x00,
    0xD0, 0x00, 0x00, 0x00, 0x00, 0x00, 0x00, 0x02, 0xFD, 0x00, 0x00, 0x02, 0x16, 0x80, 0x00, 0x00,
    0x70, 0x00, 0x00, 0x00, 0x60, 0x00, 0x00, 0x00, 0x00, 0x00, 0x02, 0xFD, 0x1F, 0xE0, 0x0F, 0xFE,
    0x1F, 0xF8, 0x3F, 0x44, 0x04, 0xBC, 0x3D, 0x00, 0x00, 0x3D, 0xBC, 0x00, 0x00, 0x3D, 0xFC, 0x00,
    0x00, 0x7D, 0xF8, 0x0B, 0x80, 0x7C, 0xF8, 0x0F, 0x80, 0xBC, 0xF8, 0x0F, 0x40, 0xF8, 0xBD, 0x2F,
    0x47, 0xF0, 0x3F, 0xFF, 0xFF, 0xD0, 0x1F, 0xF2, 0xFF, 0x00, 0x00, 0x00, 0x00, 0x00, 0x00, 0x02,
    0x90, 0x00, 0x00, 0xE7, 0xE0, 0x00, 0x04, 0xD0, 0x00, 0x00, 0x09, 0x00, 0x00, 0x01, 0x40, 0x00,
    0x01, 0x00, 0x40, 0x03, 0xFC, 0x7F, 0x80, 0xFF, 0xC3, 0xFD, 0x2F, 0x00, 0x03, 0xE3, 0xD0, 0x00,
    0x3E, 0x3C, 0x0F, 0x43, 0xE3, 0xC0, 0xF0, 0x3D, 0x3D, 0x2F, 0x0B, 0xC3, 0xFF, 0xFF, 0xF4, 0x1F,
    0xE2, 0xFD, 0x00, 0x00, 0x00, 0x00, 0x00, 0x00, 0x00, 0x00, 0x00, 0x1F, 0xFF, 0x00, 0x00, 0x18,
    0xCA, 0x00, 0x00, 0x00, 0x00, 0x00, 0x3D, 0x07, 0xC0, 0x7C, 0x7C, 0x0B, 0xC0, 0xF8, 0x7C, 0x0F,
    0x80, 0xF4, 0xBC, 0x0F, 0x81, 0xF0, 0xBC, 0x1F, 0x83, 0xF0, 0xBC, 0x3F, 0x83, 0xD0, 0x7C, 0x7F,
    0x8B, 0xC0, 0x7C, 0xFF, 0x8F, 0x40, 0x7E, 0xEB, 0xAF, 0x00, 0x3F, 0xC7, 0xFD, 0x00, 0x3F, 0x87,
    0xF8, 0x00, 0x2F, 0x43, 0xF0, 0x00, 0x00, 0x55, 0x50, 0x00, 0x1F, 0xFF, 0x00, 0x00, 0x88, 0x50,
    0x00, 0x00, 0x00, 0x00, 0xB8, 0x2E, 0x0B, 0xCF, 0x83, 0xE0, 0xF8, 0xF8, 0x3E, 0x0F, 0x0F, 0x47,
    0xE2, 0xF0, 0xF8, 0xFE, 0x3D, 0x0B, 0xAF, 0xEB, 0xC0, 0x7F, 0xDF, 0xF0, 0x03, 0xF0, 0xFD, 0x00,
    0x3E, 0x0F, 0xC0, 0x00, 0x00, 0x00, 0x00, 0x01, 0xFF, 0xD0, 0x2F, 0xFF, 0x82, 0xF8, 0x08, 0x0F,
    0x80, 0x00, 0xBC, 0x00, 0x03, 0xF0, 0x00, 0x0F, 0x80, 0x00, 0x3E, 0x00, 0x00, 0xF8, 0x00, 0x02,
    0xF4, 0x00, 0x03, 0xFF, 0xC0, 0x07, 0xFE, 0x00, 0x00, 0xF4, 0x00, 0x07, 0xC0, 0x00, 0x2F, 0x00,
    0x00, 0xBC, 0x00, 0x00, 0x10, 0x00, 0xFF, 0xC0, 0xFF, 0xF0, 0xBC, 0x00, 0x3E, 0x00, 0x0F, 0x40,
    0x07, 0xD0, 0x00, 0xF8, 0x00, 0x3F, 0xF0, 0x03, 0xFC, 0x00, 0x2F, 0x00, 0x0F, 0x80, 0x03, 0xD0,
    0x01, 0xF0, 0x00, 0x00, 0x01, 0x00, 0x00, 0x30, 0x02, 0xCA, 0x00, 0x0B, 0xC0, 0x00, 0x3F, 0x40,
    0x07, 0x1C, 0x3D, 0xD0, 0x00, 0x7C, 0x00, 0x03, 0xB8, 0x00, 0xE0, 0x80, 0x0C, 0x00, 0x00, 0x00,
    0x00, 0x00, 0x00, 0x55, 0xB7, 0xFF, 0x88, 0x00, 0x01, 0xA1, 0xBF, 0xEB, 0x93, 0x80, 0x00, 0x3C,
    0x74, 0x2C, 0x00, 0x00, 0x3C, 0x1C, 0x74, 0x00, 0x00, 0x00, 0x2F, 0xE4, 0x7A, 0xFC, 0x10, 0x04,
    0x00, 0x00, 0x00, 0x00, 0x00, 0x00, 0x00, 0xBD, 0x00, 0x00, 0x00, 0x00, 0x82, 0x00, 0x00, 0x00,
    0x00, 0x00, 0x00, 0x00, 0x07, 0xF0, 0x00, 0x0F, 0xC0, 0x04, 0x10, 0x00, 0x10, 0x10, 0x00, 0x00,
    0x00, 0x00, 0x00, 0x00, 0x00, 0x00, 0x00, 0x00, 0x05, 0x00, 0x00, 0x00, 0x50, 0x3B, 0x40, 0x00,
    0x01, 0xEC, 0x00, 0x40, 0x00, 0x01, 0x00, 0x00, 0x00, 0x00, 0x00, 0x00, 0x00, 0x00, 0x00, 0x00,
    0x00, 0x01, 0x80, 0x00, 0x06, 0x40, 0x0A, 0x70, 0x00, 0x19, 0x90, 0x00, 0x00, 0x00, 0x00, 0x00,
    0x00, 0x00, 0x7C, 0x00, 0x00, 0x00, 0x00, 0xC7, 0x00, 0x00, 0x00, 0x00, 0x00, 0x00, 0x00, 0x00,
    0x00, 0x08, 0x00, 0x00, 0x00, 0x00, 0x1C, 0x00, 0x00, 0x00, 0x00, 0x28, 0x00, 0x00, 0x00, 0xC0,
    0x24, 0x00, 0x80, 0x00, 0xE0, 0x00, 0x0F, 0x40, 0x00, 0x70, 0x00, 0x08, 0x00, 0x00, 0x00, 0x00,
    0x00, 0x00, 0x00, 0x00, 0x00, 0x00, 0x00, 0x10, 0x00, 0x00, 0x00, 0x40, 0x2F, 0x00, 0x00, 0x00,
    0xF8, 0x01, 0x00, 0x00, 0x00, 0x04, 0x00, 0x00, 0x00, 0x00, 0x00, 0x00, 0x00, 0x00, 0x00, 0x00,
    0x00, 0x10, 0x00, 0x08, 0x00, 0x00, 0xB4, 0x00, 0x0E, 0x00, 0x03, 0x80, 0x1C, 0x03, 0x00, 0x00,
    0x00, 0x28, 0x02, 0x00, 0x00, 0x00, 0x34, 0x00, 0x00, 0x00, 0x00, 0x20, 0x00, 0x00, 0x00, 0x74,
    0x0E, 0x00, 0x07, 0xD7, 0xE0, 0x00, 0x2F, 0xF8, 0x00, 0x00, 0x00, 0x00, 0x03, 0xC0, 0x2F, 0x80,
    0x7C, 0x07, 0xF4, 0x0B, 0x80, 0xFF, 0x00, 0xF8, 0x3F, 0xF0, 0x0F, 0x4B, 0xEE, 0x00, 0xF1, 0xF2,
    0xE0, 0x1F, 0x3D, 0x3D, 0x02, 0xEF, 0x83, 0xC0, 0x3F, 0xF0, 0x7C, 0x03, 0xFD, 0x0B, 0xC0, 0x3F,
    0x80, 0xFF, 0xC7, 0xF0, 0x0F, 0xF4, 0x00, 0x00, 0x1F, 0x00, 0x00, 0x03, 0xD0, 0x00, 0x00, 0xBC,
    0x00, 0x00, 0x05, 0x40, 0x00, 0x00, 0x00, 0x1F, 0x03, 0xC0, 0x3E, 0xBE, 0x00, 0x2F, 0xD0, 0x00,
    0x00, 0x00, 0x3D, 0x0F, 0x80, 0xF0, 0x3D, 0x07, 0xC0, 0xF0, 0x2F, 0x07, 0xC0, 0xF8, 0x2F, 0x03,
    0xD0, 0xF8, 0x0F, 0x4B, 0xD0, 0x3F, 0xFF, 0xF0, 0x7F, 0x3F, 0x80, 0x00, 0x3D, 0x00, 0x01, 0xF0,
    0x00, 0x0F, 0x40, 0x00, 0x14, 0x00, 0x03, 0xD0, 0x06, 0xFA, 0x02, 0xFF, 0xC0, 0x3F, 0x50, 0x0F,
    0x80, 0x03, 0xFF, 0x81, 0xFF, 0xF8, 0xBC, 0x3F, 0x3E, 0x0B, 0xCF, 0x87, 0xE7, 0xFF, 0xF1, 0xFF,
    0xE0, 0x02, 0x90, 0x00, 0xF0, 0x02, 0xFF, 0xD0, 0xBF, 0xF0, 0x0F, 0x80, 0x03, 0xD0, 0x01, 0xF0,
    0x00, 0xBE, 0x90, 0x2F, 0xFF, 0x0F, 0x87, 0xD3, 0xD0, 0xF4, 0xFE, 0xFC, 0x1F, 0xFC, 0x00, 0x00,
    0x00, 0x03, 0xFF, 0x40, 0x1F, 0xFF, 0x80, 0xBC, 0x2F, 0x03, 0xE0, 0x7C, 0x0F, 0x99, 0xF0, 0x3E,
    0xBF, 0xC1, 0xFF, 0xFC, 0x0B, 0xFF, 0xD0, 0x3E, 0x02, 0x00, 0xF4, 0x00, 0x03, 0xC0, 0x00, 0x1F,
    0x00, 0x00, 0x00, 0x00, 0x00, 0x0F, 0x7F, 0x40, 0x3F, 0xFF, 0x01, 0xF4, 0x7C, 0x0B, 0xC1, 0xF0,
    0x2E, 0x07, 0xC0, 0xF5, 0x7F, 0x03, 0xEB, 0xF4, 0x1F, 0xFF, 0xC0, 0xBE, 0xFD, 0x03, 0xE0, 0x38,
    0x0F, 0x40, 0x00, 0x3C, 0x00, 0x01, 0xF0, 0x00, 0x00, 0x00, 0x00, 0x50, 0x00, 0x07, 0xC0, 0x00,
    0x2E, 0x00, 0xFF, 0xF4, 0x07, 0xFF, 0xD0, 0x2F, 0x00, 0x00, 0xF8, 0x00, 0x03, 0xE0, 0x00, 0x0F,
    0x40, 0x00, 0x7C, 0x00, 0x02, 0xF0, 0x00, 0x0F, 0x80, 0x00, 0x3D, 0x00, 0x00, 0xF4, 0x00, 0x07,
    0xC0, 0x00, 0x00, 0x00, 0x06, 0x40, 0x03, 0xD0, 0x00, 0xF4, 0x3F, 0xFC, 0x0F, 0xFE, 0x07, 0xC0,
    0x02, 0xF0, 0x00, 0xF8, 0x00, 0x3E, 0x00, 0x0F, 0x40, 0x07, 0xC0, 0x02, 0xF0, 0x00, 0x03, 0xFF,
    0xD0, 0x7F, 0xFD, 0x0B, 0xC0, 0x00, 0xF8, 0x00, 0x0F, 0x80, 0x07, 0xFF, 0x80, 0xBF, 0xF8, 0x02,
    0xF0, 0x00, 0x3E, 0x00, 0x03, 0xD0, 0x00, 0x7D, 0x00, 0x07, 0xC0, 0x00, 0x00, 0x00, 0x00, 0x3F,
    0xFC, 0x03, 0xFF, 0xC0, 0x7C, 0x00, 0x0B, 0xD4, 0x03, 0xFF, 0xC0, 0x2F, 0xE4, 0x00, 0xF4, 0x00,
    0x1F, 0x00, 0x02, 0xF0, 0x00, 0x03, 0xFF, 0xD0, 0x7F, 0xFD, 0x0B, 0xC0, 0x00, 0xF8, 0x00, 0x0F,
    0x40, 0x00, 0xFA, 0x80, 0x1F, 0xFF, 0x42, 0xF6, 0xFC, 0x3E, 0x03, 0xE3, 0xD0, 0x3E, 0x3C, 0x03,
    0xE7, 0xC0, 0x3E, 0x00, 0x07, 0xD0, 0x01, 0xFC, 0x0F, 0xFF, 0x00, 0xFF, 0x80, 0x00, 0x00, 0x00,
    0x00, 0x00, 0x03, 0xFF, 0xC0, 0xFF, 0xF0, 0x7C, 0x00, 0x2F, 0x00, 0x0B, 0xFF, 0x03, 0xFF, 0xE0,
    0xF4, 0xFC, 0x7C, 0x2F, 0x2F, 0x0B, 0xC0, 0x03, 0xE0, 0x02, 0xF4, 0x2F, 0xF8, 0x0B, 0xF8, 0x00,
    0x00, 0x00, 0x00, 0xF4, 0x1F, 0x03, 0xD0, 0x0B, 0xC2, 0xE0, 0xF8, 0x00, 0x7C, 0x3D, 0x2F, 0x00,
    0x03, 0xE3, 0xCB, 0xC0, 0x00, 0x1F, 0x7D, 0xF4, 0x00, 0x00, 0xFF, 0xFD, 0x00, 0x00, 0x2F, 0xFF,
    0xD0, 0x00, 0x07, 0xDF, 0x7E, 0x00, 0x01, 0xF4, 0xF1, 0xF0, 0x00, 0x3E, 0x1F, 0x0F, 0x40, 0x0F,
    0xC2, 0xF0, 0xBF, 0x42, 0xF0, 0x3E, 0x07, 0xF0, 0x00, 0x00, 0x00, 0x2F, 0x00, 0x00, 0x00, 0x03,
    0xE0, 0x00, 0x00, 0x00, 0x3D, 0x00, 0x00, 0x00, 0x01, 0x40, 0x01, 0x00, 0x00, 0x00, 0x00, 0xFE,
    0x07, 0xC1, 0xFC, 0x0B, 0xF4, 0xBC, 0x7F, 0x80, 0x0F, 0x8F, 0x8F, 0x80, 0x00, 0xF9, 0xFA, 0xF0,
    0x00, 0x0F, 0xFF, 0xFF, 0x00, 0x00, 0xFA, 0xF7, 0xF0, 0x00, 0x3F, 0x2E, 0x2F, 0x00, 0x2F, 0xD3,
    0xD1, 0xFF, 0x03, 0xF4, 0x3D, 0x0B, 0xF0, 0x00, 0x00, 0x00, 0x1E, 0x00, 0x00, 0x00, 0x02, 0xE0,
    0x00, 0x00, 0x00, 0x3D, 0x00, 0x00, 0x00, 0x01, 0x40, 0x00, 0x00, 0x00, 0xBF, 0xF0, 0x0F, 0xFF,
    0xC0, 0x40, 0x7D, 0x00, 0x03, 0xD0, 0x01, 0xFC, 0x07, 0xFE, 0x00, 0x7F, 0xE0, 0x00, 0x1F, 0x40,
    0x00, 0xF8, 0x40, 0x2F, 0x4B, 0xFF, 0xF0, 0xBF, 0xF8, 0x00, 0x2C, 0x00, 0x01, 0xD0, 0x00, 0xBD,
    0x00, 0x0F, 0x80, 0x00, 0x00, 0x00, 0x00, 0x40, 0x2F, 0xFC, 0x1E, 0xBE, 0x00, 0x2F, 0x06, 0xBD,
    0x0F, 0xF4, 0x00, 0xBC, 0x00, 0x7D, 0xBF, 0xFC, 0xBF, 0xF0, 0x03, 0x80, 0x02, 0xC0, 0x1B, 0xC0,
    0x2F, 0x40, 0x00, 0x00, 0x03, 0xD0, 0xBC, 0x07, 0xC1, 0xF4, 0x0B, 0xC7, 0xE0, 0x0F, 0x8F, 0x80,
    0x0F, 0xBF, 0x00, 0x0F, 0xFC, 0x00, 0x1F, 0xFC, 0x00, 0x2F, 0x7D, 0x00, 0x3E, 0x3E, 0x00, 0x3D,
    0x2F, 0x00, 0x3C, 0x0F, 0xF8, 0x7C, 0x0F, 0xF4, 0x00, 0x01, 0xF0, 0x00, 0x02, 0xF0, 0x00, 0x02,
    0xE0, 0x00, 0x01, 0x50, 0x00, 0x00, 0x00, 0x3E, 0x0F, 0x80, 0xF4, 0xFC, 0x07, 0xCF, 0xC0, 0x2F,
    0xBC, 0x00, 0xBF, 0xD0, 0x03, 0xEF, 0xC0, 0x0F, 0x5F, 0x40, 0x7C, 0x3F, 0xD2, 0xF0, 0x7F, 0x00,
    0x00, 0x3C, 0x00, 0x01, 0xF0, 0x00, 0x0B, 0x80, 0x00, 0x04, 0x00, 0x03, 0xD0, 0x7D, 0x07, 0xC9,
    0xF8, 0x0B, 0xCF, 0xE0, 0x0F, 0x9F, 0xC0, 0x0F, 0xAF, 0x00, 0x0F, 0xFC, 0x00, 0x1F, 0xFC, 0x00,
    0x2F, 0x7D, 0x00, 0x3E, 0x7F, 0x00, 0x3D, 0xBF, 0x40, 0x3D, 0x5F, 0xC0, 0x7C, 0x07, 0xC0, 0x00,
    0x00, 0x00, 0x1F, 0x0B, 0xC0, 0xBE, 0xFD, 0x03, 0xEF, 0xD0, 0x0F, 0xBE, 0x00, 0x7F, 0xF0, 0x02,
    0xFB, 0xC0, 0x0B, 0xAF, 0x80, 0x3E, 0xEF, 0x00, 0xF5, 0x3E, 0x00, 0x03, 0xD0, 0xBC, 0x1F, 0xF1,
    0xF4, 0x2F, 0xF3, 0xE0, 0x0F, 0xDF, 0xC0, 0x0F, 0xAF, 0x00, 0x0F, 0xFC, 0x00, 0x1F, 0xFC, 0x00,
    0x2F, 0x7D, 0x00, 0x3E, 0x3F, 0x00, 0x3D, 0x1F, 0x00, 0x7D, 0x0F, 0x80, 0x7C, 0x0B, 0xC0, 0x02,
    0x90, 0x00, 0x1F, 0x90, 0x03, 0xFF, 0xD0, 0x03, 0xF5, 0x00, 0x0F, 0x83, 0xE0, 0x3D, 0x3F, 0x01,
    0xF3, 0xF0, 0x0B, 0xEF, 0x00, 0x2F, 0xF4, 0x00, 0xFB, 0xF0, 0x03, 0xD7, 0xD0, 0x1F, 0x0F, 0xC0,
    0xBC, 0x1F, 0x40, 0x7F, 0xF0, 0x3E, 0x2F, 0xF8, 0x3F, 0x00, 0x7D, 0x2F, 0x00, 0x1F, 0x1F, 0x40,
    0x0B, 0xDF, 0x40, 0x02, 0xFF, 0x80, 0x00, 0xFF, 0xD0, 0x00, 0x3D, 0xFC, 0x00, 0x1F, 0x1F, 0x40,
    0x0B, 0xC3, 0xE0, 0x03, 0xE0, 0xBC, 0x00, 0xF8, 0x0F, 0x80, 0x00, 0x00, 0x00, 0x3F, 0xF0, 0xBC,
    0x7F, 0xF2, 0xF4, 0x03, 0xE7, 0xD0, 0x03, 0xEF, 0x80, 0x07, 0xFF, 0x00, 0x0B, 0xDF, 0x00, 0x0B,
    0x8F, 0x80, 0x0F, 0x87, 0xC0, 0x0F, 0x43, 0xE0, 0x03, 0xD0, 0x3E, 0x07, 0xC0, 0x3D, 0x0B, 0xC0,
    0x3C, 0x0F, 0x80, 0x7C, 0x0F, 0x80, 0xBC, 0x0F, 0xFF, 0xF8, 0x1F, 0xFF, 0xF4, 0x2F, 0x01, 0xF0,
    0x3E, 0x02, 0xF0, 0x3D, 0x02, 0xF0, 0x3C, 0x03, 0xFF, 0x7C, 0x03, 0xFE, 0x00, 0x00, 0x3D, 0x00,
    0x00, 0x3C, 0x00, 0x00, 0x7C, 0x00, 0x00, 0x54, 0x00, 0x00, 0x00, 0x3E, 0x0B, 0xC0, 0xF4, 0x3E,
    0x07, 0xC0, 0xF4, 0x2F, 0xAB, 0xC0, 0xBF, 0xFF, 0x03, 0xE5, 0xFC, 0x0F, 0x43, 0xE0, 0x7C, 0x0F,
    0xF2, 0xF0, 0x7F, 0xC0, 0x00, 0x2F, 0x00, 0x00, 0xB8, 0x00, 0x03, 0xD0, 0x00, 0x05, 0x00, 0x03,
    0xD0, 0x3F, 0xF0, 0x1F, 0x00, 0xFF, 0xC0, 0xBC, 0x03, 0xD0, 0x03, 0xE0, 0x1F, 0x00, 0x0F, 0x80,
    0xBC, 0x00, 0x3F, 0xFF, 0xE0, 0x01, 0xFF, 0xFF, 0x40, 0x0B, 0xC0, 0x7C, 0x00, 0x3E, 0x02, 0xF0,
    0x00, 0xF4, 0x0B, 0xC0, 0x03, 0xC0, 0x3E, 0x00, 0x1F, 0x00, 0xF4, 0x00, 0x00, 0x00, 0x00, 0x03,
    0xE0, 0xBF, 0xE0, 0xF4, 0x3F, 0xF4, 0x7C, 0x0F, 0x40, 0x2F, 0xAB, 0xC0, 0x0B, 0xFF, 0xF0, 0x03,
    0xE5, 0xFC, 0x00, 0xF4, 0x3E, 0x00, 0x7C, 0x0F, 0x40, 0x2F, 0x07, 0xC0, 0x00, 0x03, 0xFF, 0xFD,
    0x00, 0x07, 0xFF, 0xFC, 0x00, 0x0B, 0xC0, 0xBC, 0x00, 0x0F, 0x80, 0xBC, 0x00, 0x0F, 0x80, 0xF8,
    0x00, 0x0F, 0x40, 0xFE, 0x90, 0x1F, 0x01, 0xFF, 0xF8, 0x2F, 0x02, 0xF6, 0xFD, 0x3E, 0x02, 0xE0,
    0x3E, 0x3D, 0x03, 0xE0, 0x3F, 0x3C, 0x03, 0xD0, 0x3F, 0x7C, 0x07, 0xC0, 0x3E, 0x00, 0x00, 0x00,
    0x7D, 0x00, 0x00, 0x00, 0xFC, 0x00, 0x00, 0xFF, 0xF4, 0x00, 0x00, 0xFF, 0xC0, 0x00, 0x00, 0x00,
    0x00, 0x00, 0x00, 0x00, 0x00, 0xFF, 0xFE, 0x00, 0x0F, 0xFF, 0xD0, 0x01, 0xF0, 0x3D, 0x00, 0x2F,
    0x07, 0xC0, 0x02, 0xE0, 0xBF, 0xF0, 0x3E, 0x0F, 0xFF, 0x83, 0xD0, 0xF4, 0xBC, 0x7C, 0x1F, 0x07,
    0xCB, 0xC1, 0xF0, 0x7C, 0x00, 0x00, 0x0B, 0xC0, 0x00, 0x01, 0xF8, 0x00, 0x0B, 0xFF, 0x00, 0x00,
    0x7F, 0x80, 0x00, 0x00, 0x00, 0x00, 0x00, 0x00, 0x00, 0x07, 0xFC, 0x00, 0xBF, 0xF0, 0x0B, 0xE0,
    0x40, 0x3E, 0x1F, 0xE2, 0xF0, 0xFF, 0xDF, 0xCB, 0xCF, 0x7E, 0x2E, 0x3D, 0xF8, 0xF4, 0xF3, 0xE3,
    0xDB, 0xCB, 0xCB, 0xFC, 0x0F, 0xFF, 0xE4, 0x1F, 0xFF, 0xF0, 0x00, 0x0A, 0x80, 0x00, 0x10, 0x00,
    0x3F, 0xC0, 0x0F, 0xE8, 0x02, 0xF1, 0xF4, 0x3E, 0x7F, 0xD3, 0xDB, 0x6D, 0x7C, 0xF6, 0xD3, 0xDB,
    0xBC, 0x3F, 0xFF, 0x40, 0xFF, 0xFC, 0x00, 0x02, 0x80, 0x00, 0x00, 0x00, 0x01, 0xFF, 0xD0, 0x2F,
    0xFF, 0x82, 0xF8, 0x08, 0x0F, 0x80, 0x00, 0xBC, 0x00, 0x03, 0xF0, 0x00, 0x0F, 0x80, 0x00, 0x3E,
    0x00, 0x00, 0xF8, 0x00, 0x02, 0xF4, 0x04, 0x03, 0xFF, 0xE0, 0x07, 0xFF, 0x40, 0x00, 0xE0, 0x00,
    0x02, 0xC0, 0x00, 0x6F, 0x00, 0x02, 0xF4, 0x00, 0x00, 0x00, 0x00, 0x00, 0x10, 0x00, 0xFF, 0xC0,
    0xFF, 0xF0, 0xBC, 0x00, 0x3E, 0x00, 0x0F, 0x40, 0x07, 0xD0, 0x00, 0xF8, 0x10, 0x3F, 0xFC, 0x03,
    0xFE, 0x00, 0x2C, 0x00, 0x07, 0x40, 0x0B, 0xD0, 0x03, 0xE0, 0x00, 0x00, 0x00, 0x7F, 0xFF, 0xC7,
    0xFF, 0xF8, 0x03, 0xE0, 0x00, 0x3D, 0x00, 0x07, 0xC0, 0x00, 0x7C, 0x00, 0x0B, 0xC0, 0x00, 0xF8,
    0x00, 0x0F, 0x40, 0x01, 0xF0, 0x00, 0x2F, 0xF4, 0x02, 0xFF, 0x00, 0x02, 0xF0, 0x00, 0x3E, 0x00,
    0x03, 0xD0, 0x00, 0x14, 0x00, 0x00, 0x00, 0x00, 0x00, 0x3C, 0xFD, 0x3F, 0x80, 0xFF, 0xFF, 0xFF,
    0x07, 0xE1, 0xF8, 0x7C, 0x2F, 0x07, 0xC1, 0xF0, 0xB8, 0x2F, 0x0B, 0xC3, 0xD0, 0xF8, 0x2E, 0x0F,
    0x43, 0xD0, 0xF8, 0x7C, 0x1F, 0x03, 0xFA, 0xF0, 0x7C, 0x0B, 0xD0, 0x00, 0x00, 0x0F, 0x00, 0x00,
    0x00, 0x3C, 0x00, 0x00, 0x01, 0xF0, 0x00, 0x00, 0x01, 0x00, 0x7C, 0x03, 0xE3, 0xD0, 0xBC, 0x3E,
    0x1F, 0x42, 0xF3, 0xE0, 0x1F, 0xBC, 0x00, 0xFF, 0x40, 0x0F, 0xE0, 0x00, 0xBC, 0x00, 0x0F, 0x80,
    0x00, 0xF4, 0x00, 0x0F, 0x40, 0x01, 0xF0, 0x00, 0x00, 0x00, 0x03, 0xD0, 0x7C, 0x3D, 0x0F, 0x83,
    0xD1, 0xF0, 0x2E, 0x3E, 0x02, 0xE7, 0xC0, 0x1E, 0xF4, 0x01, 0xFF, 0x00, 0x0F, 0xD0, 0x00, 0xFC,
    0x00, 0x0F, 0x40, 0x01, 0xF0, 0x00, 0x2F, 0x00, 0x02, 0xF0, 0x00, 0x1F, 0x00, 0xF8, 0x3D, 0x0B,
    0xC0, 0xF8, 0x7D, 0x02, 0xF3, 0xE0, 0x07, 0xEF, 0x00, 0x0F, 0xF4, 0x00, 0x3F, 0x80, 0x05, 0xBD,
    0x40, 0x3F, 0xFF, 0x00, 0xFF, 0xF8, 0x00, 0x3D, 0x00, 0x01, 0xF0, 0x00, 0x00, 0x00, 0x00, 0x3D,
    0x07, 0xC0, 0xF4, 0x3E, 0x03, 0xD1, 0xF0, 0x0B, 0x8F, 0x80, 0x2E, 0x7C, 0x00, 0x7B, 0xD0, 0x01,
    0xFF, 0x00, 0x03, 0xF4, 0x00, 0x0F, 0xC0, 0x03, 0xFF, 0xE0, 0x1F, 0xFF, 0x40, 0x0B, 0xC0, 0x00,
    0x2F, 0x00, 0x00, 0x03, 0xD0, 0x2F, 0x00, 0xBC, 0x1F, 0x40, 0x1F, 0x0F, 0x80, 0x03, 0xDF, 0xC0,
    0x00, 0xBF, 0xC0, 0x00, 0x1F, 0xD0, 0x00, 0x0F, 0xF0, 0x00, 0x0B, 0xFE, 0x00, 0x07, 0xDB, 0xC0,
    0x03, 0xE1, 0xF0, 0x03, 0xF0, 0x3F, 0xD2, 0xF0, 0x0B, 0xF0, 0x00, 0x00, 0x7C, 0x00, 0x00, 0x2F,
    0x00, 0x00, 0x0F, 0x80, 0x00, 0x01, 0x40, 0x00, 0x00, 0x00, 0x1F, 0x47, 0xD0, 0x3E, 0x3E, 0x00,
    0xBF, 0xE0, 0x00, 0xFF, 0x00, 0x03, 0xF4, 0x00, 0x3F, 0xE0, 0x02, 0xFB, 0xC0, 0x1F, 0x4F, 0xF1,
    0xF8, 0x3F, 0xC0, 0x00, 0x2E, 0x00, 0x00, 0xF8, 0x00, 0x03, 0xD0, 0x00, 0x05, 0x00, 0x7F, 0xFF,
    0x8F, 0x5F, 0xFF, 0xE7, 0xC0, 0x3E, 0x02, 0xF0, 0x0F, 0x40, 0xF8, 0x07, 0xC0, 0x3D, 0x01, 0xF0,
    0x0F, 0x40, 0xBC, 0x07, 0xC0, 0x3E, 0x02, 0xF0, 0x0F, 0x40, 0xF8, 0x07, 0xD0, 0x3E, 0x02, 0xFF,
    0xFF, 0xF0, 0xBF, 0xFF, 0xF8, 0x00, 0x00, 0x3D, 0x00, 0x00, 0x0F, 0x40, 0x00, 0x07, 0xC0, 0x00,
    0x01, 0x50, 0x00, 0x00, 0x00, 0xFF, 0xFB, 0xE3, 0xFF, 0xDF, 0x41, 0xF0, 0x3D, 0x0B, 0xC1, 0xF0,
    0x3E, 0x0B, 0xC0, 0xF4, 0x3E, 0x03, 0xD2, 0xF8, 0x0F, 0xFF, 0xF8, 0x1F, 0xC7, 0xD0, 0x00, 0x0F,
    0x00, 0x00, 0x7C, 0x00, 0x02, 0xE0, 0x00, 0x01, 0x00, 0x2F, 0x01, 0xF0, 0xF8, 0x07, 0xC3, 0xE0,
    0x2F, 0x0F, 0x40, 0xF8, 0x7C, 0x03, 0xD1, 0xF0, 0x2F, 0x07, 0xFF, 0xFC, 0x0B, 0xFB, 0xE0, 0x00,
    0x0F, 0x80, 0x00, 0x3D, 0x00, 0x01, 0xFF, 0x40, 0x0B, 0xFC, 0x00, 0x01, 0xF0, 0x00, 0x0B, 0xC0,
    0x00, 0x3E, 0x00, 0x00, 0x50, 0x00, 0x00, 0x0F, 0x43, 0xE7, 0xC0, 0xF6, 0xF0, 0x7C, 0xBC, 0x3F,
    0x2F, 0xFF, 0x83, 0xFB, 0xD0, 0x00, 0xF4, 0x00, 0x7F, 0xC0, 0x2F, 0xE0, 0x00, 0xF4, 0x00, 0x3C,
    0x00, 0x0F, 0x00, 0x01, 0x00, 0x2F, 0x01, 0xF0, 0xF8, 0x07, 0xC3, 0xE0, 0x2F, 0x0F, 0x54, 0xF8,
    0x7C, 0xA3, 0xD1, 0xF7, 0x6F, 0x07, 0xFF, 0xFC, 0x0B, 0xFF, 0xF0, 0x02, 0x8F, 0x80, 0x09, 0x3D,
    0x00, 0x21, 0xF0, 0x00, 0x0B, 0xC0, 0x00, 0x00, 0x0F, 0x43, 0xE7, 0xC0, 0xF6, 0xF2, 0x7C, 0xBD,
    0xBF, 0x2F, 0xFF, 0xC3, 0xFB, 0xE0, 0x1C, 0xF4, 0x07, 0x7C, 0x00, 0x1F, 0x00, 0x03, 0xD0, 0x00,
    0x1F, 0x00, 0x00, 0xBC, 0x00, 0x03, 0xF0, 0x00, 0x0F, 0xEF, 0xD0, 0x3F, 0xFF, 0xC1, 0xF8, 0x2F,
    0x4B, 0xC0, 0x7C, 0x3E, 0x02, 0xF0, 0xF8, 0x0B, 0xC3, 0xD0, 0x3E, 0x1F, 0x00, 0xF4, 0x02, 0x80,
    0x00, 0x7C, 0x00, 0x07, 0xC0, 0x00, 0xB8, 0x00, 0x0F, 0xBF, 0x80, 0xFF, 0xFC, 0x1F, 0x87, 0xC2,
    0xF0, 0x7C, 0x3E, 0x0B, 0xC3, 0xD0, 0xF8, 0x3D, 0x0F, 0x47, 0xC0, 0xF4, 0xBC, 0x1F, 0x00, 0x00,
    0x00, 0x00, 0x00, 0x01, 0xBF, 0x80, 0x01, 0xFF, 0xF8, 0x01, 0xFC, 0x2F, 0x3C, 0xFC, 0x0B, 0xDF,
    0x7D, 0x0B, 0xE7, 0xFF, 0xFF, 0xF0, 0x7F, 0xFF, 0x90, 0x03, 0xF0, 0x00, 0x00, 0xBC, 0x00, 0x00,
    0x1F, 0x80, 0x40, 0x03, 0xFF, 0xF0, 0x00, 0x3F, 0xF8, 0x00, 0x00, 0x00, 0x00, 0x00, 0x01, 0x00,
    0x00, 0xFF, 0xC0, 0x0F, 0xEF, 0x6C, 0xFC, 0x3E, 0xFB, 0xE6, 0xF5, 0xFF, 0xFF, 0x40, 0xBD, 0x40,
    0x01, 0xF0, 0x00, 0x03, 0xFB, 0xC0, 0x07, 0xFF, 0x00, 0x00, 0x00, 0x00, 0x00, 0x00, 0x00, 0x00,
    0x01, 0xBF, 0x80, 0x01, 0xFF, 0xF8, 0x01, 0xFC, 0x2F, 0x3C, 0xFC, 0x0B, 0xDF, 0x7D, 0x0B, 0xE7,
    0xFF, 0xFF, 0xF0, 0x7F, 0xFF, 0x90, 0x03, 0xF0, 0x00, 0x00, 0xBC, 0x00, 0x00, 0x1F, 0x80, 0x40,
    0x03, 0xFF, 0xF0, 0x00, 0x3F, 0xF8, 0x00, 0x03, 0xD0, 0x00, 0x01, 0xF0, 0x00, 0x00, 0xBC, 0x00,
    0x00, 0x15, 0x00, 0x00, 0x00, 0x01, 0x00, 0x00, 0xFF, 0xC0, 0x0F, 0xEF, 0x6C, 0xFC, 0x3E, 0xFB,
    0xE6, 0xF5, 0xFF, 0xFF, 0x40, 0xBD, 0x40, 0x01, 0xF0, 0x00, 0x03, 0xFB, 0xC0, 0x07, 0xFF, 0x00,
    0x07, 0xC0, 0x00, 0x2E, 0x00, 0x00, 0xF4, 0x00, 0x01, 0x40, 0x00, 0x03, 0xFF, 0x00, 0xFF, 0x80,
    0x0F, 0x40, 0x07, 0xC0, 0x02, 0xF0, 0x00, 0xBC, 0x00, 0x3E, 0x00, 0x0F, 0x40, 0x07, 0xC0, 0x02,
    0xF0, 0x02, 0xFE, 0x01, 0xFF, 0xC0, 0x00, 0x00, 0x90, 0xA0, 0x00, 0x00, 0x0F, 0x6E, 0x00, 0x00,
    0x00, 0x7F, 0x80, 0x00, 0x00, 0x00, 0x00, 0x00, 0x03, 0xD0, 0x3D, 0x0B, 0xC0, 0x1F, 0x07, 0xC1,
    0xF4, 0x00, 0xF4, 0x7C, 0x3D, 0x00, 0x0B, 0xCB, 0x8F, 0x80, 0x00, 0x3D, 0xFA, 0xF0, 0x00, 0x03,
    0xFF, 0xFC, 0x00, 0x00, 0xBF, 0xFF, 0xC0, 0x00, 0x1F, 0xAF, 0x3D, 0x00, 0x03, 0xF2, 0xE3, 0xF0,
    0x00, 0xFC, 0x3D, 0x1F, 0x00, 0x2F, 0x43, 0xC0, 0xF8, 0x0B, 0xE0, 0x7C, 0x0F, 0xC0, 0x00, 0x01,
    0xD1, 0xD0, 0x00, 0x00, 0x1F, 0x7C, 0x00, 0x00, 0x00, 0x7E, 0x40, 0x00, 0x10, 0x00, 0x00, 0x00,
    0x0B, 0xE0, 0x7C, 0x1F, 0xC0, 0xBF, 0x4B, 0xC7, 0xF8, 0x00, 0xF8, 0xF8, 0xF8, 0x00, 0x0B, 0xDF,
    0xAF, 0x00, 0x00, 0xFF, 0xFF, 0xE0, 0x00, 0x0F, 0xAF, 0x7E, 0x00, 0x02, 0xF2, 0xE2, 0xF0, 0x02,
    0xFD, 0x3D, 0x1F, 0xE0, 0x3F, 0x43, 0xD0, 0xBE, 0x00, 0x00, 0x00, 0x00, 0x00, 0x03, 0xD0, 0xBC,
    0x07, 0xC1, 0xF4, 0x0B, 0xC7, 0xE0, 0x0F, 0x8F, 0x80, 0x0F, 0xBF, 0x00, 0x0F, 0xFD, 0x00, 0x1F,
    0xFF, 0x80, 0x2F, 0xAF, 0xE0, 0x3E, 0x03, 0xF0, 0x3D, 0x01, 0xF0, 0x3C, 0x01, 0xF0, 0x7C, 0x02,
    0xF0, 0x00, 0x03, 0xE0, 0x00, 0x0B, 0xD0, 0x0B, 0xFF, 0x80, 0x07, 0xFD, 0x00, 0x00, 0x00, 0x00,
    0x00, 0x00, 0x00, 0x3E, 0x0F, 0x80, 0xF4, 0xFC, 0x07, 0xCF, 0xC0, 0x2F, 0xBC, 0x00, 0xBF, 0xF4,
    0x03, 0xFF, 0xF4, 0x0F, 0x43, 0xE0, 0x7C, 0x0B, 0xC2, 0xF0, 0x2F, 0x00, 0x00, 0xF8, 0x00, 0x0B,
    0xD0, 0x0F, 0xFE, 0x00, 0x3F, 0xD0, 0x00, 0x00, 0x00, 0x00, 0x00, 0x1F, 0xFF, 0x80, 0x02, 0xFF,
    0xF4, 0x00, 0x3E, 0x1F, 0x00, 0x07, 0xC2, 0xF0, 0x00, 0xBC, 0x2E, 0x00, 0x0F, 0x83, 0xE0, 0x00,
    0xF4, 0x3D, 0x00, 0x2F, 0x07, 0xC0, 0x03, 0xE0, 0xBC, 0x00, 0xBD, 0x0F, 0x80, 0x7F, 0x80, 0xFF,
    0xCB, 0xE0, 0x0F, 0xF4, 0x00, 0x00, 0x1F, 0x00, 0x00, 0x03, 0xD0, 0x00, 0x00, 0xBC, 0x00, 0x00,
    0x05, 0x40, 0x00, 0x00, 0x00, 0x00, 0x3F, 0xFC, 0x00, 0xFF, 0xF8, 0x01, 0xF4, 0xF4, 0x03, 0xE0,
    0xF0, 0x03, 0xD1, 0xF0, 0x0B, 0xC2, 0xF0, 0x0F, 0x83, 0xE0, 0x7F, 0x03, 0xFD, 0x7D, 0x07, 0xFC,
    0x00, 0x00, 0xB4, 0x00, 0x01, 0xF0, 0x00, 0x03, 0xE0, 0x00, 0x01, 0x40, 0x03, 0xD0, 0x3E, 0x07,
    0xC0, 0x3D, 0x0B, 0xC0, 0x7C, 0x0F, 0xC0, 0x7C, 0x0F, 0x95, 0xBC, 0x0F, 0xFF, 0xF8, 0x1F, 0xFF,
    0xF4, 0x2F, 0x01, 0xF0, 0x3E, 0x02, 0xF0, 0x3D, 0x03, 0xF0, 0x3D, 0x03, 0xE0, 0x7C, 0x03, 0xD0,
    0x00, 0x0B, 0xC0, 0x00, 0x1F, 0x80, 0x0F, 0xFF, 0x00, 0x0B, 0xFC, 0x00, 0x00, 0x00, 0x00, 0x00,
    0x00, 0x00, 0xF8, 0x2F, 0x0F, 0x43, 0xE1, 0xF0, 0x3D, 0x2F, 0xAB, 0xC2, 0xFF, 0xFC, 0x3E, 0x5F,
    0xC3, 0xD0, 0xF8, 0x7C, 0x0F, 0x4B, 0xC1, 0xF0, 0x00, 0x2F, 0x00, 0x07, 0xE0, 0x0F, 0xFC, 0x00,
    0xFE, 0x00, 0x00, 0x00, 0x00, 0x03, 0xD0, 0x3E, 0x01, 0xF0, 0x0F, 0x40, 0xBC, 0x03, 0xC0, 0x3E,
    0x01, 0xF0, 0x0F, 0x80, 0xBC, 0x03, 0xFF, 0xFE, 0x01, 0xFF, 0xFF, 0x40, 0xBC, 0x07, 0xC0, 0x3E,
    0x02, 0xF0, 0x0F, 0x40, 0xBC, 0x03, 0xC0, 0x3F, 0xF1, 0xF0, 0x0F, 0xF4, 0x00, 0x00, 0x7C, 0x00,
    0x00, 0x3E, 0x00, 0x00, 0x2F, 0x00, 0x00, 0x05, 0x40, 0x00, 0x00, 0x00, 0x3E, 0x0B, 0xC0, 0xF4,
    0x3E, 0x07, 0xC0, 0xF4, 0x2F, 0xAB, 0xC0, 0xBF, 0xFF, 0x03, 0xE5, 0xFC, 0x0F, 0x43, 0xE0, 0x7C,
    0x0F, 0xF6, 0xF0, 0x7F, 0xC0, 0x00, 0x3D, 0x00, 0x01, 0xF0, 0x00, 0x0F, 0x80, 0x00, 0x14, 0x00,
    0x2F, 0x01, 0xF0, 0xF8, 0x07, 0xC3, 0xE0, 0x2F, 0x0F, 0x40, 0xF8, 0x7C, 0x03, 0xD1, 0xF0, 0x2F,
    0x07, 0xFF, 0xFC, 0x0B, 0xFB, 0xE0, 0x00, 0x0F, 0x80, 0x00, 0x3D, 0x00, 0x2F, 0xF0, 0x00, 0xFF,
    0xC0, 0x03, 0xD0, 0x00, 0x1F, 0x00, 0x00, 0xBC, 0x00, 0x01, 0x50, 0x00, 0x00, 0x00, 0x0F, 0x43,
    0xE7, 0xC0, 0xF6, 0xF0, 0x7C, 0xBC, 0x3F, 0x2F, 0xFF, 0x83, 0xFB, 0xD0, 0x01, 0xF0, 0x07, 0xFC,
    0x02, 0xFF, 0x00, 0xF4, 0x00, 0x3C, 0x00, 0x1F, 0x00, 0x01, 0x00, 0x00, 0x03, 0xF0, 0x03, 0xF8,
    0x07, 0xF4, 0x07, 0xF4, 0x0B, 0xF4, 0x0F, 0xF0, 0x0F, 0xF4, 0x1F, 0xF0, 0x0F, 0xB4, 0x3E, 0xF0,
    0x0F, 0x78, 0x7A, 0xE0, 0x1F, 0x78, 0xF3, 0xD0, 0x2E, 0x39, 0xE3, 0xC0, 0x3D, 0x3F, 0xC7, 0xC0,
    0x3C, 0x3F, 0x8B, 0xC0, 0x3C, 0x3F, 0x0B, 0xFC, 0x7C, 0x3E, 0x0F, 0xF4, 0x00, 0x00, 0x01, 0xF0,
    0x00, 0x00, 0x03, 0xE0, 0x00, 0x00, 0x0B, 0xC0, 0x00, 0x00, 0x05, 0x40, 0x00, 0x00, 0x00, 0x00,
    0xFE, 0x03, 0xF8, 0x0F, 0xF0, 0x7F, 0x41, 0xFF, 0x0F, 0xF4, 0x1E, 0xF2, 0xEF, 0x02, 0xEF, 0x3D,
    0xF0, 0x3D, 0xFB, 0x6E, 0x03, 0xCF, 0xF3, 0xD0, 0x7C, 0xFD, 0x3F, 0xCB, 0x8B, 0xC7, 0xFC, 0x00,
    0x00, 0x0B, 0x40, 0x00, 0x01, 0xF0, 0x00, 0x00, 0x3E, 0x00, 0x00, 0x01, 0x40, 0x03, 0xFF, 0x00,
    0xFF, 0x80, 0x0F, 0x40, 0x07, 0xC0, 0x02, 0xF0, 0x00, 0xBC, 0x00, 0x3E, 0x00, 0x0F, 0x40, 0x07,
    0xC0, 0x02, 0xF0, 0x02, 0xFE, 0x01, 0xFF, 0xC0, 0x00, 0x18, 0x19, 0x00, 0x2E, 0x7C, 0x00, 0x0F,
    0xF4, 0x00, 0x00, 0x00, 0x00, 0x0F, 0xD0, 0x00, 0x2F, 0xD0, 0x00, 0x3E, 0xE0, 0x00, 0xBA, 0xE0,
    0x00, 0xF5, 0xE0, 0x02, 0xF1, 0xF0, 0x03, 0xD1, 0xF0, 0x0B, 0xFF, 0xF0, 0x0F, 0xFF, 0xF0, 0x2F,
    0x01, 0xF0, 0x3D, 0x00, 0xF4, 0xBC, 0x00, 0xF4, 0x01, 0xD1, 0xD0, 0x1F, 0x7C, 0x00, 0xBE, 0x40,
    0x00, 0x00, 0x03, 0xFA, 0xE0, 0xFF, 0xFD, 0x2F, 0x4B, 0xC3, 0xE0, 0xBC, 0x3D, 0x0B, 0x87, 0xD0,
    0xF4, 0x3D, 0x2F, 0x03, 0xFF, 0xF0, 0x1F, 0xDF, 0x00, 0x00, 0x00, 0x00, 0x05, 0x14, 0x00, 0x7D,
    0xF0, 0x00, 0x92, 0x40, 0x00, 0x00, 0x00, 0x0F, 0xD0, 0x00, 0xBF, 0x40, 0x03, 0xEE, 0x00, 0x2E,
    0xB8, 0x00, 0xF5, 0xE0, 0x0B, 0xC7, 0xC0, 0x3D, 0x1F, 0x02, 0xFF, 0xFC, 0x0F, 0xFF, 0xF0, 0xBC,
    0x07, 0xC3, 0xD0, 0x0F, 0x6F, 0x00, 0x3D, 0x00, 0x51, 0x40, 0x1F, 0x7C, 0x00, 0x92, 0x40, 0x00,
    0x00, 0x03, 0xFA, 0xE0, 0xFF, 0xFD, 0x2F, 0x4B, 0xC3, 0xE0, 0xBC, 0x3D, 0x0B, 0x87, 0xD0, 0xF4,
    0x3D, 0x2F, 0x03, 0xFF, 0xF0, 0x1F, 0xDF, 0x00, 0x00, 0x00, 0x00, 0x02, 0xFF, 0xFF, 0x40, 0x01,
    0xFF, 0xFF, 0xC0, 0x00, 0xFA, 0xF0, 0x00, 0x00, 0xBC, 0xF8, 0x00, 0x00, 0x7D, 0x3E, 0x00, 0x00,
    0x3E, 0x1F, 0xFF, 0x00, 0x2F, 0x0B, 0xFF, 0x80, 0x0F, 0xFF, 0xF0, 0x00, 0x0F, 0xFF, 0xF8, 0x00,
    0x07, 0xD0, 0x7D, 0x00, 0x03, 0xE0, 0x1F, 0xFF, 0x42, 0xF0, 0x0B, 0xFF, 0xC0, 0x00, 0x00, 0x01,
    0x00, 0x0F, 0xEB, 0xFF, 0x40, 0xFF, 0xFF, 0xAF, 0x0B, 0xC2, 0xF4, 0x7C, 0x3E, 0x0B, 0xD7, 0xF0,
    0xF4, 0x2F, 0xFE, 0x03, 0xC0, 0xF9, 0x40, 0x0F, 0x4B, 0xE0, 0x00, 0x3F, 0xFF, 0xFB, 0xC0, 0x7F,
    0x7B, 0xFD, 0x00, 0x00, 0x00, 0x00, 0x00, 0x00, 0x90, 0xA0, 0x03, 0xDB, 0x80, 0x07, 0xF8, 0x00,
    0x00, 0x00, 0x03, 0xFF, 0xD0, 0x1F, 0xFF, 0x40, 0xBC, 0x00, 0x03, 0xF0, 0x00, 0x0F, 0x80, 0x00,
    0x3F, 0xFC, 0x01, 0xFF, 0xF0, 0x0B, 0xC0, 0x00, 0x3E, 0x00, 0x00, 0xF8, 0x00, 0x03, 0xFF, 0xD0,
    0x1F, 0xFF, 0x00, 0x01, 0xD1, 0xE0, 0x1F, 0x7D, 0x00, 0x7E, 0x40, 0x00, 0x00, 0x02, 0xFF, 0x00,
    0xFE, 0xFC, 0x2F, 0x0B, 0xC3, 0xE6, 0xF8, 0x3F, 0xFE, 0x07, 0xE4, 0x00, 0x3D, 0x00, 0x03, 0xFA,
    0xE0, 0x0F, 0xFD, 0x00, 0x00, 0x00, 0x00, 0x00, 0x00, 0x0F, 0xFD, 0x00, 0x7F, 0xFE, 0x00, 0x40,
    0xFC, 0x00, 0x00, 0xF4, 0x00, 0x03, 0xD0, 0x1B, 0xFF, 0x47, 0xFF, 0xFD, 0x3F, 0x42, 0xF1, 0xF0,
    0x0F, 0x87, 0xC1, 0xFC, 0x0F, 0xFF, 0xD0, 0x1F, 0xF8, 0x00, 0x00, 0x00, 0x00, 0x00, 0x00, 0x03,
    0xFF, 0x40, 0xEB, 0xF0, 0x00, 0x3D, 0x01, 0x5F, 0x87, 0xFF, 0xD7, 0xE1, 0xF2, 0xF0, 0xFC, 0x7E,
    0xFC, 0x0B, 0xF8, 0x00, 0x00, 0x00, 0x00, 0x10, 0x50, 0x02, 0xE7, 0xC0, 0x02, 0x09, 0x00, 0x00,
    0x00, 0x03, 0xFF, 0x40, 0x1F, 0xFF, 0x80, 0x10, 0x3F, 0x00, 0x00, 0x3D, 0x00, 0x00, 0xF4, 0x06,
    0xFF, 0xD1, 0xFF, 0xFF, 0x4F, 0xD0, 0xBC, 0x7C, 0x03, 0xE1, 0xF0, 0x7F, 0x03, 0xFF, 0xF4, 0x07,
    0xFE, 0x00, 0x00, 0x00, 0x00, 0x00, 0x82, 0x00, 0xF6, 0xD0, 0x18, 0x60, 0x00, 0x00, 0x0F, 0xFD,
    0x03, 0xAF, 0xC0, 0x00, 0xF4, 0x05, 0x7E, 0x1F, 0xFF, 0x5F, 0x87, 0xCB, 0xC3, 0xF1, 0xFB, 0xF0,
    0x2F, 0xE0, 0x00, 0x00, 0x00, 0x00, 0x00, 0x51, 0x40, 0x00, 0x00, 0x0F, 0x3D, 0x00, 0x00, 0x00,
    0xA1, 0x80, 0x00, 0x00, 0x00, 0x00, 0x00, 0x03, 0xD0, 0x3D, 0x0B, 0xC0, 0x1F, 0x07, 0xC1, 0xF4,
    0x00, 0xF4, 0x7C, 0x3D, 0x00, 0x0B, 0xCB, 0x8F, 0x80, 0x00, 0x3D, 0xFA, 0xF0, 0x00, 0x03, 0xFF,
    0xFC, 0x00, 0x00, 0xBF, 0xFF, 0xC0, 0x00, 0x1F, 0xAF, 0x3D, 0x00, 0x03, 0xF2, 0xE3, 0xF0, 0x00,
    0xFC, 0x3D, 0x1F, 0x00, 0x2F, 0x43, 0xC0, 0xF8, 0x0B, 0xE0, 0x7C, 0x0F, 0xC0, 0x00, 0x00, 0x51,
    0x40, 0x00, 0x00, 0x1F, 0x3C, 0x00, 0x00, 0x00, 0x92, 0x40, 0x00, 0x10, 0x00, 0x00, 0x00, 0x0B,
    0xE0, 0x7C, 0x1F, 0xC0, 0xBF, 0x4B, 0xC7, 0xF8, 0x00, 0xF8, 0xF8, 0xF8, 0x00, 0x0B, 0xDF, 0xAF,
    0x00, 0x00, 0xFF, 0xFF, 0xE0, 0x00, 0x0F, 0xAF, 0x7E, 0x00, 0x02, 0xF2, 0xE2, 0xF0, 0x02, 0xFD,
    0x3D, 0x1F, 0xE0, 0x3F, 0x43, 0xD0, 0xBE, 0x00, 0x00, 0x00, 0x00, 0x00, 0x00, 0x51, 0x40, 0x0F,
    0x3C, 0x00, 0x92, 0x40, 0x00, 0x00, 0x0B, 0xFF, 0x00, 0xFF, 0xFC, 0x04, 0x07, 0xD0, 0x00, 0x3D,
    0x00, 0x1F, 0xC0, 0x7F, 0xE0, 0x07, 0xFE, 0x00, 0x01, 0xF4, 0x00, 0x0F, 0x84, 0x02, 0xF4, 0xBF,
    0xFF, 0x0B, 0xFF, 0x80, 0x00, 0x00, 0x00, 0x01, 0x45, 0x00, 0xF3, 0xC0, 0x24, 0x90, 0x01, 0x00,
    0x2F, 0xFC, 0x07, 0xAF, 0x80, 0x02, 0xF0, 0x1A, 0xF4, 0x0F, 0xF4, 0x00, 0x2F, 0x00, 0x07, 0xD2,
    0xFF, 0xF0, 0xBF, 0xF0, 0x00, 0x00, 0x00, 0x02, 0xFF, 0xF4, 0x0F, 0xFF, 0xC0, 0x00, 0xBD, 0x00,
    0x0B, 0xC0, 0x00, 0xBC, 0x00, 0x07, 0xF8, 0x00, 0x1B, 0xFC, 0x00, 0x02, 0xF0, 0x00, 0x07, 0xC0,
    0x40, 0x3F, 0x03, 0xFF, 0xF4, 0x0B, 0xFF, 0x40, 0x00, 0x00, 0x00, 0x00, 0x00, 0x00, 0x7F, 0xFE,
    0x07, 0xFF, 0xD0, 0x01, 0xF4, 0x00, 0x7D, 0x00, 0x1F, 0x00, 0x03, 0xF8, 0x00, 0x2F, 0xF0, 0x00,
    0x1F, 0x40, 0x00, 0xF4, 0x00, 0x1F, 0x45, 0x07, 0xF0, 0xBF, 0xFD, 0x07, 0xFE, 0x00, 0x00, 0x00,
    0x00, 0x00, 0x1A, 0xA4, 0x00, 0x3F, 0xF0, 0x00, 0x00, 0x00, 0x03, 0xC0, 0x7F, 0x07, 0xC0, 0xFE,
    0x0B, 0x82, 0xFD, 0x0F, 0x47, 0xFC, 0x0F, 0x0F, 0x7C, 0x1F, 0x2E, 0xBC, 0x1F, 0x7C, 0xF8, 0x2E,
    0xF4, 0xF4, 0x3F, 0xE0, 0xF0, 0x3F, 0xC1, 0xF0, 0x7F, 0x42, 0xE0, 0xBE, 0x03, 0xE0, 0x00, 0xAA,
    0x80, 0x1F, 0xF8, 0x00, 0x00, 0x00, 0xF4, 0x3E, 0x0F, 0x03, 0xD1, 0xF0, 0x3C, 0x2F, 0x07, 0xC3,
    0xE0, 0xBC, 0x3D, 0x0F, 0x83, 0xD2, 0xF4, 0x3F, 0xFF, 0x01, 0xFC, 0xF0, 0x00, 0x00, 0x00, 0x00,
    0x04, 0x20, 0x00, 0x3D, 0xF4, 0x00, 0x18, 0x60, 0x00, 0x00, 0x00, 0x03, 0xC0, 0x7F, 0x07, 0xC0,
    0xFE, 0x0B, 0x82, 0xFD, 0x0F, 0x47, 0xFC, 0x0F, 0x0F, 0x7C, 0x1F, 0x2E, 0xBC, 0x1F, 0x7C, 0xF8,
    0x2E, 0xF4, 0xF4, 0x3F, 0xE0, 0xF0, 0x3F, 0xC1, 0xF0, 0x7F, 0x42, 0xE0, 0xBE, 0x03, 0xE0, 0x00,
    0x51, 0x40, 0x1F, 0x3C, 0x00, 0x92, 0x40, 0x00, 0x00, 0x0F, 0x43, 0xE0, 0xF0, 0x3D, 0x1F, 0x03,
    0xC2, 0xF0, 0x7C, 0x3E, 0x0B, 0xC3, 0xD0, 0xF8, 0x3D, 0x2F, 0x43, 0xFF, 0xF0, 0x1F, 0xCF, 0x00,
    0x00, 0x00, 0x00, 0x08, 0x20, 0x00, 0x2E, 0xB8, 0x00, 0x18, 0x20, 0x00, 0x00, 0x00, 0x00, 0x7F,
    0xE0, 0x02, 0xFF, 0xFC, 0x0B, 0xE0, 0xBD, 0x0F, 0x80, 0x3E, 0x2F, 0x00, 0x3E, 0x3F, 0x00, 0x3E,
    0x3E, 0x00, 0x3D, 0x3E, 0x00, 0x7C, 0x3E, 0x00, 0xFC, 0x2F, 0x42, 0xF4, 0x0F, 0xFF, 0xE0, 0x07,
    0xFF, 0x40, 0x00, 0x00, 0x00, 0x00, 0x81, 0x40, 0x2E, 0x78, 0x00, 0x82, 0x00, 0x01, 0x00, 0x03,
    0xFF, 0x00, 0xFF, 0xF8, 0x2F, 0x0B, 0xC3, 0xE0, 0x7C, 0x3D, 0x0B, 0xC7, 0xC0, 0xF8, 0x3D, 0x1F,
    0x43, 0xFF, 0xE0, 0x0F, 0xF8, 0x00, 0x00, 0x00, 0x00, 0x00, 0x00, 0x00, 0x7F, 0xE0, 0x02, 0xFF,
    0xFC, 0x0B, 0xD0, 0xBD, 0x0F, 0x80, 0x3E, 0x2F, 0x00, 0x3E, 0x3F, 0xFF, 0xFE, 0x3F, 0xFF, 0xFD,
    0x3D, 0x00, 0x7C, 0x3E, 0x00, 0xFC, 0x2F, 0x02, 0xF4, 0x0F, 0xFF, 0xE0, 0x07, 0xFF, 0x40, 0x00,
    0x00, 0x00, 0x00, 0x10, 0x00, 0x3F, 0xF0, 0x0F, 0xEF, 0x82, 0xF0, 0xBC, 0x3F, 0x5B, 0xC3, 0xFF,
    0xFC, 0x7D, 0x5F, 0x83, 0xD1, 0xF4, 0x3F, 0xFE, 0x00, 0xFF, 0x80, 0x00, 0x00, 0x00, 0x00, 0x14,
    0x50, 0x00, 0x3C, 0xF4, 0x00, 0x24, 0x60, 0x00, 0x00, 0x00, 0x00, 0x7F, 0xE0, 0x02, 0xFF, 0xFC,
    0x0B, 0xD0, 0xBD, 0x0F, 0x80, 0x3E, 0x2F, 0x00, 0x3E, 0x3F, 0xFF, 0xFE, 0x3F, 0xFF, 0xFD, 0x3D,
    0x00, 0x7C, 0x3E, 0x00, 0xFC, 0x2F, 0x02, 0xF4, 0x0F, 0xFF, 0xE0, 0x07, 0xFF, 0x40, 0x00, 0x00,
    0x00, 0x00, 0x81, 0x00, 0x3D, 0xB8, 0x01, 0x86, 0x00, 0x01, 0x00, 0x03, 0xFF, 0x00, 0xFE, 0xF8,
    0x2F, 0x0B, 0xC3, 0xF5, 0xBC, 0x3F, 0xFF, 0xC7, 0xD5, 0xF8, 0x3D, 0x1F, 0x43, 0xFF, 0xE0, 0x0F,
    0xF8, 0x00, 0x00, 0x00, 0x00, 0x81, 0x00, 0x0B, 0x9E, 0x00, 0x08, 0x20, 0x00, 0x00, 0x00, 0x0B,
    0xFE, 0x00, 0x3F, 0xFF, 0x00, 0x50, 0x7D, 0x00, 0x00, 0xF8, 0x00, 0x02, 0xF0, 0x0F, 0xFF, 0x80,
    0x7F, 0xFE, 0x00, 0x01, 0xF4, 0x00, 0x0B, 0xC1, 0x00, 0xBE, 0x0B, 0xFF, 0xE0, 0x1F, 0xFD, 0x00,
    0x00, 0x00, 0x00, 0x02, 0x08, 0x0B, 0xAE, 0x06, 0x08, 0x00, 0x00, 0x2F, 0xF0, 0x1E, 0xFC, 0x00,
    0x7C, 0x05, 0xBD, 0x0F, 0xFD, 0x05, 0xBC, 0x00, 0xF8, 0xBF, 0xF0, 0xBF, 0xC0, 0x00, 0x00, 0x00,
    0xAA, 0x80, 0x00, 0xFF, 0xC0, 0x00, 0x00, 0x00, 0x1F, 0x00, 0x7C, 0x0F, 0x40, 0xF8, 0x0F, 0x82,
    0xF0, 0x0B, 0xC3, 0xE0, 0x07, 0xCB, 0xC0, 0x03, 0xDF, 0x40, 0x03, 0xFF, 0x00, 0x02, 0xFC, 0x00,
    0x01, 0xF8, 0x00, 0x03, 0xF0, 0x00, 0xFF, 0xD0, 0x00, 0xBF, 0x40, 0x00, 0x00, 0x00, 0x00, 0x00,
    0x2A, 0xA0, 0x00, 0x7F, 0xE0, 0x00, 0x00, 0x00, 0x03, 0xD0, 0x7C, 0x03, 0xD0, 0xF8, 0x03, 0xE1,
    0xF0, 0x02, 0xE3, 0xE0, 0x01, 0xE7, 0xC0, 0x01, 0xFF, 0x80, 0x00, 0xFF, 0x00, 0x00, 0xFD, 0x00,
    0x00, 0xFC, 0x00, 0x00, 0xF4, 0x00, 0x03, 0xF0, 0x00, 0x3F, 0xC0, 0x00, 0x3E, 0x00, 0x00, 0x00,
    0x20, 0x80, 0x00, 0xF6, 0xD0, 0x00, 0x61, 0x80, 0x00, 0x00, 0x00, 0x1F, 0x00, 0x7C, 0x0F, 0x40,
    0xF8, 0x0F, 0x82, 0xF0, 0x0B, 0xC3, 0xE0, 0x07, 0xCB, 0xC0, 0x03, 0xDF, 0x40, 0x03, 0xFF, 0x00,
    0x02, 0xFC, 0x00, 0x01, 0xF8, 0x00, 0x03, 0xF0, 0x00, 0xFF, 0xD0, 0x00, 0xBF, 0x40, 0x00, 0x00,
    0x00, 0x00, 0x00, 0x14, 0x50, 0x00, 0x7C, 0xF0, 0x00, 0x24, 0x90, 0x00, 0x00, 0x00, 0x03, 0xD0,
    0x7C, 0x03, 0xD0, 0xF8, 0x03, 0xE1, 0xF0, 0x02, 0xE3, 0xE0, 0x01, 0xE7, 0xC0, 0x01, 0xFF, 0x80,
    0x00, 0xFF, 0x00, 0x00, 0xFD, 0x00, 0x00, 0xFC, 0x00, 0x00, 0xF4, 0x00, 0x03, 0xF0, 0x00, 0x3F,
    0xC0, 0x00, 0x3E, 0x00, 0x00, 0x00, 0x1E, 0x2D, 0x00, 0x3C, 0xB8, 0x00, 0xA1, 0xD0, 0x00, 0x00,
    0x00, 0x1F, 0x00, 0x7C, 0x0F, 0x40, 0xF8, 0x0F, 0x82, 0xF0, 0x0B, 0xC3, 0xE0, 0x07, 0xCB, 0xC0,
    0x03, 0xDF, 0x40, 0x03, 0xFF, 0x00, 0x02, 0xFC, 0x00, 0x01, 0xF8, 0x00, 0x03, 0xF0, 0x00, 0xFF,
    0xD0, 0x00, 0xBF, 0x40, 0x00, 0x00, 0x00, 0x00, 0x00, 0x0B, 0x5E, 0x00, 0x07, 0x8F, 0x00, 0x03,
    0x4A, 0x00, 0x00, 0x00, 0x00, 0x03, 0xD0, 0x7C, 0x00, 0xF4, 0x3E, 0x00, 0x3E, 0x1F, 0x00, 0x0B,
    0x8F, 0x80, 0x01, 0xE7, 0xC0, 0x00, 0x7F, 0xE0, 0x00, 0x0F, 0xF0, 0x00, 0x03, 0xF4, 0x00, 0x00,
    0xFC, 0x00, 0x00, 0x3D, 0x00, 0x00, 0x3F, 0x00, 0x00, 0xFF, 0x00, 0x00, 0x3E, 0x00, 0x00, 0x00,
    0x00, 0x51, 0x40, 0x07, 0xCF, 0x00, 0x09, 0x24, 0x00, 0x00, 0x00, 0x1F, 0x01, 0xF0, 0xB8, 0x0B,
    0xC3, 0xE0, 0x3E, 0x0F, 0x40, 0xF8, 0x7C, 0x03, 0xD1, 0xF9, 0x6F, 0x03, 0xFF, 0xFC, 0x02, 0xFB,
    0xE0, 0x00, 0x0F, 0x40, 0x00, 0x7C, 0x00, 0x01, 0xF0, 0x00, 0x0B, 0xC0, 0x02, 0x04, 0x02, 0xEB,
    0x80, 0x60, 0x80, 0x00, 0x00, 0x7C, 0x0F, 0x6F, 0x07, 0xCB, 0x82, 0xF3, 0xE0, 0xF8, 0xBF, 0xFD,
    0x1F, 0xEF, 0x40, 0x07, 0xC0, 0x02, 0xF0, 0x00, 0xF8, 0x00, 0x03, 0xFF, 0xD0, 0x7F, 0xFD, 0x0B,
    0xC0, 0x00, 0xF8, 0x00, 0x0F, 0x40, 0x00, 0xF4, 0x00, 0x1F, 0x00, 0x02, 0xF0, 0x00, 0x3E, 0x00,
    0x03, 0xD0, 0x00, 0x3F, 0xE0, 0x07, 0xFD, 0x00, 0x07, 0xC0, 0x00, 0xBC, 0x00, 0x0F, 0x80, 0x00,
    0x50, 0x00, 0x00, 0x00, 0x03, 0xFF, 0xC0, 0xFF, 0xF0, 0x7C, 0x00, 0x2F, 0x00, 0x0B, 0x80, 0x03,
    0xD0, 0x00, 0xF4, 0x00, 0x7F, 0xC0, 0x2F, 0xE0, 0x00, 0xB4, 0x00, 0x3D, 0x00, 0x0F, 0x00, 0x01,
    0x40, 0x00, 0x00, 0x01, 0x45, 0x00, 0x00, 0x1F, 0x7C, 0x00, 0x00, 0x24, 0x90, 0x00, 0x00, 0x00,
    0x00, 0x03, 0xD0, 0x00, 0xB8, 0x1F, 0x00, 0x03, 0xE0, 0xBC, 0x00, 0x0F, 0x43, 0xE0, 0x00, 0x7C,
    0x0F, 0xE4, 0x02, 0xF0, 0x3F, 0xFD, 0x0F, 0x81, 0xF6, 0xFC, 0x3D, 0x0B, 0xC2, 0xF1, 0xF4, 0x3E,
    0x0B, 0xC7, 0xC0, 0xF4, 0x7E, 0x2F, 0x07, 0xFF, 0xF0, 0xF8, 0x2F, 0xFE, 0x03, 0xD0, 0x00, 0x08,
    0x10, 0x00, 0x02, 0xE7, 0x80, 0x00, 0x18, 0x20, 0x00, 0x00, 0x00, 0x00, 0x0F, 0x40, 0x07, 0xC1,
    0xF0, 0x00, 0xBC, 0x1F, 0x00, 0x0F, 0x82, 0xFF, 0xD0, 0xF4, 0x3F, 0xFF, 0x1F, 0x03, 0xD0, 0xF6,
    0xF0, 0x3D, 0x1F, 0x2E, 0x03, 0xFB, 0xE3, 0xE0, 0x1F, 0xF8, 0x3D, 0x00, 0x00, 0x00, 0x00, 0x03,
    0xFF, 0xD0, 0x7F, 0xFD, 0x0B, 0xC0, 0x00, 0xF8, 0x00, 0x0F, 0x80, 0x07, 0xFF, 0x80, 0xBF, 0xF8,
    0x02, 0xF0, 0x00, 0x3E, 0x00, 0x03, 0xF5, 0x00, 0x7F, 0xE0, 0x07, 0xFD, 0x00, 0x03, 0xC0, 0x00,
    0xBC, 0x00, 0xBF, 0x80, 0x07, 0xE0, 0x00, 0x00, 0x00, 0x00, 0x00, 0x00, 0x00, 0x3F, 0xFC, 0x03,
    0xFF, 0xC0, 0x7C, 0x00, 0x0B, 0xD4, 0x03, 0xFF, 0xC0, 0x2F, 0xE4, 0x00, 0xF4, 0x00, 0x1F, 0xF4,
    0x02, 0xFF, 0x40, 0x01, 0xF0, 0x00, 0x2F, 0x00, 0x2F, 0xD0, 0x02, 0xF8, 0x00, 0x00, 0x00, 0x00,
    0x03, 0xD0, 0x2F, 0x00, 0xBC, 0x1F, 0x40, 0x1F, 0x0F, 0x80, 0x03, 0xDF, 0xC0, 0x00, 0xBF, 0xC0,
    0x00, 0x1F, 0xD0, 0x00, 0x0F, 0xF0, 0x00, 0x0B, 0xFE, 0x00, 0x07, 0xDB, 0xC0, 0x03, 0xE1, 0xF9,
    0x43, 0xF0, 0x3F, 0xD2, 0xF0, 0x0B, 0xF4, 0x00, 0x00, 0x7C, 0x00, 0x00, 0x3F, 0x00, 0x00, 0xBF,
    0x40, 0x00, 0x2F, 0x80, 0x00, 0x00, 0x00, 0x00, 0x00, 0x00, 0x00, 0x2F, 0x0B, 0xC0, 0x3D, 0x7D,
    0x00, 0xBF, 0xE0, 0x01, 0xFE, 0x00, 0x03, 0xF0, 0x00, 0x3F, 0xD0, 0x02, 0xFF, 0xC0, 0x2F, 0x1F,
    0xF1, 0xF4, 0x3F, 0xC0, 0x00, 0x2F, 0x00, 0x00, 0xF8, 0x00, 0x3F, 0xC0, 0x00, 0xFD, 0x00, 0x00,
    0x00, 0x00, 0x03, 0xE0, 0x2F, 0x00, 0xBC, 0x1F, 0x40, 0x1F, 0x0F, 0x80, 0x03, 0xDB, 0xC0, 0x00,
    0xBF, 0xD0, 0x02, 0xFF, 0xFE, 0x00, 0xFF, 0xFF, 0x40, 0x0B, 0xFE, 0x00, 0x07, 0xDB, 0xC0, 0x03,
    0xE1, 0xF4, 0x03, 0xF0, 0x3E, 0x02, 0xF0, 0x0B, 0xC0, 0x00, 0x00, 0x00, 0x2F, 0x0B, 0xC0, 0x3D,
    0x7D, 0x00, 0xBF, 0xD0, 0x0A, 0xFF, 0x80, 0x3F, 0xFF, 0x00, 0x7F, 0xE4, 0x02, 0xFF, 0xC0, 0x2F,
    0x1F, 0x01, 0xF4, 0x3E, 0x00, 0x00, 0x01, 0x86, 0xB1, 0x54, 0x50, 0x14, 0x05, 0x01, 0x40, 0x50,
    0x14, 0x05, 0x01, 0x40, 0x50, 0x14, 0x00, 0x00, 0x00, 0x08, 0x07, 0xA4, 0x55, 0x01, 0x40, 0x50,
    0x14, 0x05, 0x01, 0x40, 0x50, 0x14, 0x05, 0x01, 0x40, 0x50, 0x00, 0x2A, 0x5F, 0xF6, 0xA4, 0x2A,
    0x5F, 0xF6, 0xA4, 0x2A, 0xAA, 0x9F, 0xFF, 0xE0, 0x00, 0x00, 0x15, 0x55, 0x7F, 0xFD, 0x55, 0x54,
    0x15, 0x55, 0x55, 0x55, 0x7F, 0xFF, 0xFF, 0xFD, 0x55, 0x55, 0x55, 0x54, 0x15, 0x55, 0x55, 0x55,
    0x7F, 0xFF, 0xFF, 0xFD, 0x55, 0x55, 0x55, 0x54, 0x60, 0x25, 0xD0, 0xE7, 0x43, 0x9D, 0x0E, 0x74,
    0x39, 0xD0, 0xE7, 0x43, 0x9D, 0x0E, 0x74, 0x39, 0xD0, 0xE7, 0x43, 0x9D, 0x0E, 0x74, 0x39, 0xD0,
    0xE7, 0x43, 0x9D, 0x0E, 0x70, 0x38, 0x2A, 0xA9, 0x2A, 0xA8, 0x15, 0x54, 0x7F, 0xFC, 0x03, 0x83,
    0xD1, 0xF0, 0xF8, 0x00, 0x00, 0x0B, 0x83, 0xD1, 0xE0, 0xF0, 0x00, 0x00, 0x1F, 0x0F, 0x83, 0xC2,
    0xD0, 0x00, 0x00, 0x3C, 0x3C, 0x3C, 0x2C, 0x00, 0x03, 0x8B, 0x43, 0xD3, 0xC1, 0xF2, 0xE0, 0xF8,
    0xF0, 0x00, 0x00, 0x00, 0x0B, 0x8F, 0x43, 0xC7, 0xC1, 0xE3, 0xD0, 0xF0, 0xE0, 0x00, 0x00, 0x00,
    0x1F, 0x2E, 0x3E, 0x3C, 0x3C, 0xB8, 0xB4, 0xF0, 0x00, 0x00, 0x3C, 0xB8, 0xF2, 0xE3, 0xC7, 0x8B,
    0x0E, 0x00, 0x00, 0x00, 0xA0, 0x01, 0xE0, 0x01, 0xD0, 0x16, 0xD4, 0x3F, 0xFD, 0x17, 0x94, 0x07,
    0x40, 0x0B, 0x00, 0x0F, 0x00, 0x0F, 0x00, 0x1E, 0x00, 0x2E, 0x00, 0x3D, 0x00, 0x00, 0x28, 0x00,
    0x1E, 0x00, 0x07, 0x40, 0x3B, 0xEE, 0x0F, 0xFF, 0x40, 0x3C, 0x00, 0x1E, 0x00, 0x07, 0x40, 0x3B,
    0xE9, 0x1F, 0xFF, 0x40, 0x38, 0x00, 0x1E, 0x00, 0x0B, 0x40, 0x00, 0x19, 0x2F, 0xDF, 0xFF, 0xFE,
    0x7F, 0x45, 0x40, 0x00, 0x00, 0xC0, 0x1F, 0x02, 0xFD, 0x3F, 0xD3, 0xD0, 0x20, 0x00, 0x09, 0x3F,
    0x3E, 0x00, 0x24, 0x09, 0xBC, 0x3F, 0xFC, 0x3E, 0x00, 0x00, 0x24, 0x18, 0x05, 0x2F, 0x0F, 0x8B,
    0xCF, 0xC3, 0xD2, 0xF0, 0x00, 0x00, 0x00, 0x14, 0xBC, 0xBC, 0x00, 0x00, 0x1A, 0x95, 0x01, 0x40,
    0x50, 0x14, 0x05, 0x01, 0x40, 0x50, 0x14, 0x05, 0x01, 0x40, 0x50, 0x00, 0x00, 0x00, 0x1A, 0x90,
    0x14, 0x05, 0x01, 0x40, 0x50, 0x14, 0x05, 0x01, 0x40, 0x50, 0x14, 0x05, 0x01, 0x40, 0x00, 0x55,
    0xFF, 0xFF, 0xFF, 0x14, 0x14, 0x14, 0x14, 0x14, 0x14, 0x14, 0x14, 0x14, 0x14, 0x00, 0x55, 0x80,
    0x80, 0xEA, 0x14, 0x14, 0x14, 0x14, 0x14, 0x14, 0x14, 0x14, 0x14, 0x14, 0x00, 0x55, 0x02, 0x02,
    0xAB, 0x14, 0x14, 0x14, 0x14, 0x14, 0x14, 0x14, 0x14, 0x14, 0x14, 0x00, 0x00, 0x00, 0x00, 0x00,
    0x00, 0x07, 0xF0, 0x0B, 0x40, 0x00, 0x0F, 0xF8, 0x1E, 0x00, 0x00, 0x2D, 0x78, 0x3C, 0x00, 0x00,
    0x3C, 0x78, 0xF0, 0x00, 0x00, 0x3C, 0xB6, 0xD1, 0x00, 0x10, 0x3D, 0xF7, 0xAF, 0xC2, 0xFC, 0x2F,
    0xDF, 0x7E, 0xE7, 0xEE, 0x05, 0x3C, 0xF5, 0xEB, 0x5E, 0x00, 0xB4, 0xF1, 0xEF, 0x1E, 0x01, 0xE0,
    0xF3, 0xDF, 0x2D, 0x03, 0xC0, 0xFB, 0xCF, 0xBC, 0x0B, 0x00, 0x7F, 0x07, 0xF0, 0x00, 0x00, 0x00,
    0x00, 0x00, 0x00, 0x00, 0x00, 0x00, 0x00, 0x00, 0x00, 0x7F, 0x00, 0xB4, 0x00, 0x00, 0x00, 0x0F,
    0xF8, 0x1E, 0x00, 0x00, 0x00, 0x02, 0xD7, 0x83, 0xC0, 0x00, 0x00, 0x00, 0x3C, 0x78, 0xF0, 0x00,
    0x00, 0x00, 0x03, 0xCB, 0x6D, 0x10, 0x01, 0x00, 0x10, 0x3D, 0xF7, 0xAF, 0xC2, 0xFC, 0x2F, 0xC2,
    0xFD, 0xF7, 0xEE, 0x7E, 0xE7, 0xEE, 0x05, 0x3C, 0xF5, 0xEB, 0x5E, 0xB5, 0xE0, 0x0B, 0x4F, 0x1E,
    0xF1, 0xEF, 0x1E, 0x01, 0xE0, 0xF3, 0xDF, 0x2D, 0xF2, 0xD0, 0x3C, 0x0F, 0xBC, 0xFB, 0xCF, 0xBC,
    0x0B, 0x00, 0x7F, 0x07, 0xF0, 0x7F, 0x00, 0x00, 0x00, 0x00, 0x00, 0x00, 0x00, 0x0B, 0x47, 0xC3,
    0xC1, 0xD0, 0x50, 0x00, 0x0B, 0x4F, 0x47, 0xC7, 0x83, 0xC3, 0xC1, 0xD2, 0xC0, 0x50, 0x50, 0x00,
    0x0B, 0x4F, 0x4F, 0x07, 0xC7, 0x8B, 0x43, 0xC3, 0xC3, 0xC1, 0xD2, 0xC3, 0xC0, 0x50, 0x50, 0x40,
    0x00, 0x78, 0x0F, 0x01, 0xE0, 0x3C, 0x01, 0x00, 0x78, 0xB4, 0x0F, 0x0F, 0x01, 0xE2, 0xD0, 0x3C,
    0x38, 0x01, 0x01, 0x00, 0x78, 0xB4, 0xB4, 0x3C, 0x3C, 0x7C, 0x1E, 0x2D, 0x2C, 0x0F, 0x0E, 0x0E,
    0x01, 0x01, 0x05, 0x00, 0x40, 0x07, 0x00, 0x3D, 0x02, 0xA8, 0x1C, 0x60, 0xD0, 0xC0, 0x00, 0x00,
    0x3C, 0x0F, 0xC2, 0xF0, 0x7D, 0x03, 0xE0, 0x2F, 0x00, 0xE0, 0x00, 0x00, 0x00, 0x0B, 0x81, 0xF0,
    0x3D, 0x0F, 0x8B, 0xCB, 0xC1, 0xC0, 0x00, 0x00, 0x00, 0x00, 0x00, 0x00, 0x80, 0xF0, 0x20, 0x2E,
    0x0F, 0x0B, 0xC0, 0xB8, 0x02, 0xF0, 0x02, 0xE0, 0xBC, 0x00, 0x0B, 0xAF, 0x00, 0x7C, 0x2F, 0xC3,
    0xD7, 0xC2, 0xF8, 0x3D, 0x10, 0xBE, 0xE0, 0x40, 0x2F, 0x0B, 0x80, 0x0B, 0xC0, 0x2E, 0x02, 0xF0,
    0xF0, 0xB8, 0x1C, 0x0F, 0x02, 0x40, 0x00, 0x50, 0x00, 0x0B, 0xC3, 0xE0, 0xFC, 0x3E, 0x0F, 0x87,
    0xD0, 0xF4, 0xBC, 0x1F, 0x0B, 0x81, 0xF0, 0xF4, 0x2E, 0x0F, 0x03, 0xD0, 0xF0, 0x00, 0x00, 0x02,
    0x41, 0x80, 0xBC, 0x3E, 0x0B, 0xC3, 0xD0, 0x00, 0x00, 0x00, 0x00, 0x00, 0x2F, 0xF4, 0x7F, 0xFC,
    0x2F, 0x3C, 0x0F, 0x3C, 0x1F, 0xF8, 0x1F, 0xE0, 0x2F, 0x40, 0x3D, 0x00, 0x00, 0x00, 0x14, 0x00,
    0xBC, 0x00, 0xBC, 0x00, 0x00, 0x00, 0x15, 0x55, 0x0F, 0xFF, 0xC1, 0x55, 0x50, 0x40, 0x00, 0x24,
    0x00, 0xC3, 0x41, 0xD0, 0x3F, 0x80, 0x00, 0x00, 0x01, 0xFF, 0x42, 0x80, 0x31, 0x80, 0x02, 0x00,
    0x00, 0x00, 0x00, 0x02, 0x40, 0x01, 0xC0, 0x00, 0xD0, 0x00, 0xB0, 0x00, 0x70, 0x00, 0x34, 0x00,
    0x2C, 0x00, 0x0F, 0x40, 0x0E, 0xA0, 0x07, 0x1C, 0x03, 0x43, 0x00, 0x00, 0x00, 0x0A, 0x00, 0x00,
    0x00, 0x00, 0x0F, 0x00, 0x00, 0x00, 0x03, 0x4E, 0x00, 0x00, 0x00, 0x07, 0xFE, 0xA4, 0x00, 0x00,
    0x00, 0x7F, 0xF4, 0x00, 0x00, 0x00, 0xFF, 0x00, 0x00, 0x00, 0x03, 0xDB, 0x40, 0x00, 0x00, 0x64,
    0x87, 0x83, 0x40, 0x00, 0x74, 0x00, 0x07, 0x80, 0x2D, 0xB0, 0x02, 0xD7, 0x00, 0x2F, 0xFA, 0x82,
    0xFF, 0xAC, 0x03, 0xFF, 0xC0, 0x2F, 0xFC, 0x0B, 0xF4, 0x00, 0xBF, 0x80, 0x1F, 0x3C, 0x00, 0xF3,
    0xC0, 0x04, 0x3C, 0x00, 0x12, 0xC0, 0x00, 0x00, 0x00, 0x00, 0x00, 0x15, 0x5F, 0xF6, 0xA4, 0x00,
    0x00, 0x2C, 0x00, 0x00, 0xB4, 0x00, 0x01, 0xE0, 0x00, 0x03, 0xC0, 0x00, 0x0F, 0x00, 0x00, 0x2D,
    0x00, 0x00, 0x78, 0x00, 0x00, 0xF0, 0x00, 0x02, 0xC0, 0x00, 0x07, 0x40, 0x00, 0x0E, 0x00, 0x00,
    0x3C, 0x00, 0x00, 0x01, 0xFE, 0x02, 0xFD, 0x02, 0xD0, 0x03, 0xC0, 0x03, 0xC0, 0x07, 0xC0, 0x0B,
    0xE0, 0x0F, 0xF0, 0x0F, 0x40, 0x0F, 0x00, 0x1E, 0x00, 0x2D, 0x00, 0x3D, 0x00, 0x3F, 0xC0, 0x2A,
    0x40, 0x00, 0xFE, 0x01, 0xFE, 0x00, 0x3D, 0x00, 0x3C, 0x00, 0x3C, 0x00, 0x78, 0x02, 0xF4, 0x0B,
    0xF0, 0x01, 0xF0, 0x01, 0xF0, 0x02, 0xE0, 0x02, 0xD0, 0x03, 0xC0, 0x3F, 0xC0, 0x2A, 0x80, 0x00,
    0x00, 0x00, 0x00, 0xBF, 0xC1, 0xFF, 0x47, 0xFF, 0xCF, 0xFF, 0x48, 0x1F, 0x14, 0x3E, 0x00, 0x7C,
    0x00, 0xF4, 0x07, 0xE0, 0x0F, 0xC0, 0xBD, 0x01, 0xF8, 0x07, 0xC0, 0x0F, 0x80, 0x2D, 0x00, 0x7C,
    0x00, 0x00, 0x00, 0x00, 0x01, 0x40, 0x06, 0x00, 0x2F, 0x00, 0x3E, 0x00, 0xBC, 0x00, 0xF4, 0x00,
    0x00, 0x00, 0x00, 0x00, 0x00, 0x00, 0x00, 0x0B, 0xFC, 0x0F, 0xC7, 0xFF, 0xC3, 0xE0, 0x81, 0xF0,
    0xF4, 0x00, 0x7C, 0x7C, 0x00, 0x7E, 0x2F, 0x00, 0xBD, 0x0B, 0x80, 0x7C, 0x03, 0xD0, 0x2D, 0x00,
    0xF0, 0x00, 0x00, 0x00, 0x01, 0x40, 0x09, 0x02, 0xF0, 0x0F, 0xC0, 0xBC, 0x03, 0xE0, 0x00, 0x00,
    0x00, 0x00, 0x00, 0x00, 0x00, 0x02, 0xF0, 0xBF, 0x80, 0xFC, 0xBF, 0xF8, 0x3E, 0x08, 0x2F, 0x0F,
    0x40, 0x0B, 0xC7, 0xC0, 0x0B, 0xD1, 0xF0, 0x0F, 0xD0, 0xB8, 0x0B, 0xC0, 0x3D, 0x03, 0xC0, 0x00,
    0x00, 0x00, 0x02, 0x40, 0x24, 0x02, 0xF0, 0x3F, 0x00, 0xBC, 0x0F, 0x80, 0x00, 0x00, 0x00, 0x00,
    0x00, 0x00, 0x3F, 0xFF, 0xCA, 0xAB, 0xF0, 0x00, 0xF4, 0x00, 0x7C, 0x00, 0x3C, 0x00, 0x2E, 0x00,
    0x1F, 0x00, 0x0F, 0x80, 0x07, 0xC0, 0x00, 0x2A, 0xA9, 0x07, 0xFF, 0xF4, 0x72, 0xFF, 0xC7, 0x2F,
    0xFC, 0x72, 0xFF, 0xD7, 0x2F, 0xFC, 0x72, 0xFF, 0xC7, 0x2F, 0xF4, 0x72, 0xE9, 0x07, 0x28, 0x00,
    0x72, 0x80, 0x07, 0x28, 0x00, 0x72, 0x80, 0x07, 0x28, 0x00, 0x72, 0x80, 0x00, 0x00, 0x00, 0x00,
    0x00, 0x00, 0xBF, 0xFD, 0x2F, 0xFD, 0xD3, 0xFF, 0x8D, 0x3F, 0xF8, 0xD3, 0xFF, 0x8D, 0x3F, 0xF8,
    0xD2, 0xFF, 0xDD, 0x0F, 0xFF, 0xD0, 0x05, 0x54, 0x00, 0x00, 0x3F, 0xFF, 0x4F, 0x7F, 0xF7, 0x8F,
    0xFE, 0xE3, 0xFF, 0xF8, 0xFF, 0xFE, 0x3F, 0xFB, 0x9F, 0xFD, 0xFF, 0xFE, 0x05, 0x54, 0x00, 0x00,
    0x60, 0x00, 0x3C, 0x03, 0x8F, 0x00, 0xFF, 0xE9, 0x07, 0xFF, 0x83, 0xFC, 0x02, 0xE7, 0x40, 0x20,
    0xF0, 0x00, 0x00, 0x00, 0x00, 0x03, 0xE0, 0xF4, 0x14, 0x00, 0x00, 0x00, 0x00, 0x00, 0x7C, 0x1F,
    0x03, 0xC0, 0xE0, 0x00, 0x00, 0x00, 0x00, 0x00, 0x01, 0xFF, 0x40, 0x28, 0x03, 0x01, 0x80, 0x02,
    0x00, 0x00, 0x00, 0x00, 0x00, 0x00, 0x00, 0x00, 0x00, 0x00, 0x00, 0x00, 0x00, 0x00, 0x00, 0x00,
    0x00, 0x00, 0x00, 0x00, 0x00, 0x00, 0x00, 0x00, 0x00, 0x00, 0x00, 0x04, 0x00, 0x00, 0x24, 0x00,
    0xC0, 0x34, 0x1D, 0x00, 0x3F, 0x80, 0x00, 0x00, 0x09, 0x00, 0x00, 0x3C, 0x00, 0x34, 0xE0, 0x01,
    0xFF, 0xA9, 0x00, 0x7F, 0xF4, 0x03, 0xFC, 0x00, 0x3D, 0xB0, 0x00, 0x21, 0xE0, 0x00, 0x60, 0x00,
    0x02, 0xC0, 0x03, 0x8F, 0x00, 0x0F, 0xFE, 0x90, 0x07, 0xFF, 0x80, 0x2F, 0xC0, 0x02, 0xE7, 0x40,
    0x02, 0x0F, 0x00, 0x00, 0x00, 0x00, 0x00, 0x02, 0xE0, 0xEF, 0xCB, 0x59, 0x3C, 0x01, 0xE0, 0x0F,
    0x00, 0x78, 0x02, 0xD0, 0x0F, 0x00, 0xB4, 0x03, 0xC1, 0x1E, 0x3F, 0xB0, 0xBC, 0x00, 0x00, 0x01,
    0x50, 0x00, 0x01, 0x03, 0xFF, 0xF9, 0x03, 0xC3, 0xE6, 0xBF, 0xFF, 0xD0, 0x80, 0x00, 0x6A, 0x90,
    0x01, 0xA4, 0x03, 0xE6, 0xC3, 0x40, 0x18, 0x40, 0x02, 0x00, 0x90, 0x00, 0x4E, 0x10, 0x2E, 0xEF,
    0x00, 0xBF, 0xC0, 0xBF, 0xFF, 0xC6, 0xFF, 0xE8, 0x0F, 0xFE, 0x02, 0xDE, 0xB0, 0x00, 0xE0, 0x00,
    0x00, 0x00, 0x00, 0x00, 0x00, 0x03, 0xD0, 0x01, 0xF4, 0x00, 0x14, 0x00, 0x00, 0x00, 0x00, 0x03,
    0xE0, 0x00, 0xF8, 0x00, 0x04, 0x00, 0x00, 0x00, 0x00, 0x00, 0x00, 0x00, 0x7D, 0x00, 0x1F, 0x40,
    0x00, 0x40, 0x0B, 0x5E, 0x3C, 0xB4, 0x7C, 0xF2, 0xD7, 0xC3, 0xCB, 0x4F, 0x3C, 0x1D, 0x38, 0xF1,
    0xD0, 0x50, 0x41, 0x05, 0x00, 0x00, 0x00, 0x00, 0x00, 0x00, 0xF4, 0x00, 0x00, 0x1F, 0x40, 0x00,
    0x00, 0x50, 0x00, 0x00, 0x00, 0x00, 0x00, 0x00, 0x00, 0x00, 0x3E, 0x00, 0x07, 0xC3, 0xE0, 0x00,
    0x7C, 0x04, 0x00, 0x01, 0x40, 0x00, 0x00, 0x00, 0x00, 0x00, 0x00, 0x00, 0x01, 0xF4, 0x00, 0x00,
    0x1F, 0x40, 0x00, 0x00, 0x10, 0x00, 0x00, 0x00, 0x00, 0x03, 0xE0, 0x00, 0x7C, 0x3E, 0x00, 0x07,
    0xD0, 0x40, 0x00, 0x14, 0x00, 0x00, 0x00, 0x00, 0x00, 0x00, 0x00, 0x00, 0x0F, 0x40, 0x00, 0x00,
    0xF4, 0x00, 0x00, 0x01, 0x00, 0x00, 0x00, 0x00, 0x00, 0x04, 0x00, 0x01, 0x03, 0xE0, 0x00, 0x7C,
    0x3E, 0x00, 0x07, 0xC0, 0x40, 0x00, 0x10, 0x00, 0x3E, 0x3E, 0x14, 0x00, 0x00, 0x00, 0x00, 0x00,
    0x00, 0x04, 0x3E, 0x3E, 0x04, 0x00, 0x3C, 0x00, 0x00, 0x7D, 0x00, 0x00, 0x28, 0x00, 0x00, 0x00,
    0x00, 0x00, 0x00, 0x00, 0x18, 0x00, 0x24, 0x3E, 0x00, 0xFC, 0x3D, 0x00, 0x78, 0x00, 0x00, 0x00,
    0x00, 0x00, 0x00, 0x00, 0x14, 0x00, 0x00, 0x7C, 0x00, 0x00, 0x7C, 0x00, 0x00, 0x00, 0x00, 0x00,
    0x05, 0x00, 0x00, 0x00, 0xF0, 0x00, 0x1F, 0x0F, 0x1F, 0x01, 0xF4, 0xF1, 0xF4, 0x05, 0x0F, 0x05,
    0x00, 0x00, 0xF0, 0x00, 0x7F, 0xFF, 0xFF, 0xDB, 0xFF, 0xFF, 0xFD, 0x00, 0x0F, 0x00, 0x00, 0x40,
    0xF0, 0x40, 0x1F, 0x0F, 0x1F, 0x01, 0xF0, 0xF1, 0xF0, 0x04, 0x0F, 0x04, 0x00, 0x00, 0x90, 0x00,
    0x18, 0x3F, 0x3E, 0x00, 0x00, 0x08, 0x3F, 0x3E, 0x00, 0x00, 0x04, 0x3E, 0x3E, 0x04, 0x02, 0xFB,
    0xC4, 0x7B, 0xF6, 0x49, 0xFE, 0xE0, 0x2F, 0xFC, 0x40, 0x55, 0x14, 0x14, 0xAA, 0x14, 0x14, 0x14,
    0x14, 0x14, 0x14, 0x14, 0x14, 0x14, 0x14, 0x00, 0x55, 0x82, 0x82, 0xEB, 0x14, 0x14, 0x14, 0x14,
    0x14, 0x14, 0x14, 0x14, 0x14, 0x14, 0x00, 0x55, 0x7D, 0x3C, 0x14, 0x14, 0x14, 0x14, 0x14, 0x14,
    0x14, 0x14, 0x14, 0x14, 0x14, 0x00, 0x00, 0x28, 0x3C, 0xBE, 0x14, 0x14, 0x14, 0x14, 0x14, 0x14,
    0x14, 0x14, 0x14, 0x14, 0x00, 0x00, 0x28, 0x96, 0x28, 0x14, 0x14, 0x14, 0x14, 0x14, 0x14, 0x14,
    0x14, 0x14, 0x14, 0x00, 0x50, 0x14, 0x14, 0xAA, 0x14, 0x14, 0x14, 0x14, 0x14, 0x14, 0x14, 0x14,
    0x14, 0x14, 0x00, 0x00, 0x00, 0x3F, 0x82, 0xEF, 0x0F, 0x2D, 0x78, 0xF1, 0xE3, 0xC7, 0xEE, 0x0F,
    0xE0, 0x00, 0x00, 0x04, 0x0D, 0x04, 0x2C, 0x38, 0x34, 0x70, 0xB0, 0x00, 0x00, 0x00, 0x00, 0xBC,
    0x01, 0xF8, 0x07, 0xF8, 0x0E, 0xB4, 0x3E, 0xF8, 0x3F, 0xF8, 0x01, 0xE0, 0x00, 0x00, 0x00, 0x00,
    0x7F, 0xC2, 0xD5, 0x0F, 0x90, 0x3F, 0xD0, 0x07, 0x45, 0x3D, 0x2F, 0xE0, 0x00, 0x00, 0x00, 0x00,
    0x2F, 0xC2, 0xE5, 0x0E, 0x60, 0x7E, 0xE1, 0xD3, 0xC7, 0x9E, 0x0B, 0xF0, 0x00, 0x00, 0x00, 0x00,
    0xBF, 0xE1, 0x5F, 0x40, 0x78, 0x03, 0xC0, 0x2D, 0x01, 0xE0, 0x0F, 0x00, 0x00, 0x00, 0x00, 0x00,
    0x3F, 0x82, 0xDB, 0x0B, 0xBC, 0x1F, 0xC2, 0xE7, 0x8B, 0x5E, 0x1F, 0xF0, 0x00, 0x00, 0x00, 0x00,
    0x7F, 0x83, 0xDF, 0x0E, 0x2C, 0x3E, 0xF0, 0x27, 0xC1, 0x7D, 0x1F, 0xD0, 0x00, 0x00, 0x01, 0x00,
    0x30, 0x2B, 0x92, 0xB9, 0x03, 0x00, 0x10, 0x15, 0x52, 0xA9, 0xAA, 0x6A, 0xAA, 0xAA, 0xAA, 0x0A,
    0x1C, 0x34, 0x70, 0xE0, 0xD0, 0xD0, 0xE0, 0xB0, 0x10, 0x09, 0x01, 0xC0, 0x70, 0x1C, 0x07, 0x02,
    0xC0, 0xD0, 0xB0, 0x30, 0x00, 0x00, 0x00, 0x43, 0xFE, 0x3C, 0xF7, 0x4E, 0xB0, 0xDF, 0x1C, 0x00,
    0x00, 0x00, 0x00, 0x3F, 0xC2, 0xEF, 0x4F, 0x2D, 0x7C, 0xB5, 0xE3, 0xC7, 0xEE, 0x0F, 0xF0, 0x00,
    0x00, 0x00, 0x00, 0x2F, 0x1F, 0xE2, 0xFD, 0x03, 0xC0, 0x3C, 0x07, 0x80, 0x78, 0x00, 0x00, 0x00,
    0x00, 0x7F, 0xC0, 0x9F, 0x40, 0x3C, 0x02, 0xD0, 0x3D, 0x07, 0xE9, 0x2F, 0xF8, 0x00, 0x00, 0x00,
    0x00, 0x7F, 0x80, 0x5F, 0x00, 0x7C, 0x0F, 0xC0, 0x07, 0x85, 0x6D, 0x2F, 0xE0, 0x00, 0x00, 0x00,
    0x00, 0x07, 0xC0, 0x3F, 0x03, 0xF8, 0x3D, 0xD2, 0xEF, 0x8F, 0xFF, 0x00, 0xF0, 0x00, 0x00, 0x00,
    0x00, 0x3F, 0xD1, 0xD5, 0x0B, 0x90, 0x2F, 0xE0, 0x03, 0x85, 0x2E, 0x1F, 0xE0, 0x00, 0x00, 0x00,
    0x00, 0x1F, 0xD1, 0xE5, 0x0F, 0x60, 0x3E, 0xF1, 0xE2, 0xC3, 0x9F, 0x0B, 0xF0, 0x00, 0x00, 0x00,
    0x00, 0xBF, 0xF1, 0x5F, 0x40, 0x3C, 0x03, 0xC0, 0x2D, 0x00, 0xF0, 0x0F, 0x00, 0x00, 0x00, 0x00,
    0x00, 0x3F, 0xC2, 0xDB, 0x47, 0xBC, 0x1F, 0xC1, 0xE7, 0xCB, 0x4F, 0x0F, 0xF4, 0x00, 0x00, 0x00,
    0x00, 0x3F, 0x83, 0xDB, 0x0F, 0x2D, 0x3E, 0xF0, 0x27, 0xC1, 0x6D, 0x1F, 0xD0, 0x00, 0x00, 0x04,
    0x03, 0x0A, 0xEA, 0xB9, 0x0C, 0x01, 0x00, 0x55, 0x6A, 0xA0, 0x6A, 0x86, 0xA8, 0x6A, 0x86, 0xA8,
    0x06, 0x07, 0x03, 0x81, 0xC0, 0xB0, 0x28, 0x0A, 0x02, 0x80, 0x70, 0x04, 0x00, 0x05, 0x01, 0xC0,
    0x30, 0x0C, 0x07, 0x02, 0xC0, 0xE0, 0x70, 0x34, 0x00, 0x00, 0x0F, 0xB4, 0xF7, 0xC3, 0x4B, 0x1D,
    0x38, 0x7B, 0xD0, 0x66, 0x00, 0x0B, 0xD3, 0xCB, 0x3E, 0xD7, 0x90, 0x39, 0x81, 0xA4, 0x0B, 0xD3,
    0xDF, 0x34, 0xB7, 0x0F, 0x3A, 0xD1, 0xA4, 0x0A, 0x2C, 0x07, 0xB4, 0x03, 0xD0, 0x0B, 0xD0, 0x1D,
    0xF0, 0x24, 0x60, 0x1F, 0x81, 0x1E, 0x1A, 0xE7, 0x9D, 0xB7, 0xC2, 0xA0, 0x07, 0x00, 0x2C, 0x00,
    0xFF, 0x43, 0xDE, 0x1D, 0x38, 0xB0, 0xD3, 0xC7, 0x09, 0x18, 0x07, 0x00, 0x0B, 0x00, 0x0E, 0x2C,
    0x0E, 0xF0, 0x1F, 0xC0, 0x2F, 0xC0, 0x3C, 0xE0, 0x24, 0x60, 0x07, 0x02, 0xC0, 0xE0, 0x38, 0x1D,
    0x0B, 0x03, 0xC0, 0x90, 0x0D, 0xF6, 0xE0, 0xF7, 0xDB, 0x1D, 0x38, 0xB2, 0xC3, 0x4E, 0x3C, 0x70,
    0xD2, 0x46, 0x08, 0x1A, 0xE0, 0xB6, 0xC3, 0x8B, 0x0D, 0x3C, 0x70, 0xE1, 0x82, 0x00, 0x06, 0xB8,
    0x0B, 0x6C, 0x0E, 0x2C, 0x0D, 0x3C, 0x1F, 0xB4, 0x2D, 0x90, 0x38, 0x00, 0x34, 0x00, 0x0F, 0xC2,
    0xC4, 0x1F, 0x00, 0x7C, 0x67, 0xC2, 0xA0, 0x00, 0x03, 0x43, 0xF8, 0xB4, 0x38, 0x0E, 0x03, 0x90,
    0xA4, 0x00, 0x00, 0x00, 0x2F, 0xE0, 0x0F, 0xFE, 0x01, 0xF4, 0x00, 0x3E, 0x15, 0x43, 0xD3, 0xFE,
    0x3D, 0x7E, 0x93, 0xEB, 0xC0, 0x1F, 0xFF, 0xC0, 0x6F, 0xA4, 0x00, 0xF0, 0x00, 0x1F, 0xF4, 0x02,
    0xFF, 0x00, 0x00, 0x02, 0x20, 0x00, 0x6D, 0xC0, 0x1F, 0xFF, 0x02, 0xFF, 0xBC, 0x1F, 0xB5, 0xC0,
    0xFC, 0xCD, 0x03, 0xDA, 0x30, 0x1F, 0x32, 0x80, 0x7D, 0xCC, 0x01, 0xFD, 0x70, 0x03, 0xFB, 0xF0,
    0x07, 0xFF, 0xC0, 0x0E, 0xF9, 0x00, 0x73, 0x00, 0x00, 0x00, 0x00, 0x00, 0x02, 0xFF, 0x80, 0x3F,
    0xFF, 0x03, 0xF4, 0x14, 0x2F, 0x00, 0x00, 0xF8, 0x01, 0x03, 0xD3, 0xBC, 0x1F, 0x0F, 0xE0, 0x7C,
    0x7C, 0x01, 0xF2, 0xE0, 0x03, 0xEF, 0x50, 0x0B, 0xFF, 0xC0, 0x0B, 0xFE, 0x00, 0x00, 0x00, 0x00,
    0x03, 0xFF, 0xE0, 0x3F, 0xFE, 0x07, 0xD0, 0x00, 0x7C, 0x00, 0x0B, 0xC0, 0x00, 0xFF, 0xF4, 0x0F,
    0xFF, 0x01, 0xF0, 0x00, 0x7F, 0xA0, 0x0F, 0xFE, 0x00, 0x3D, 0x00, 0x03, 0xD0, 0x00, 0x00, 0x00,
    0x00, 0x00, 0x0F, 0xF8, 0x00, 0x3F, 0xF8, 0x00, 0xBC, 0x00, 0x00, 0xF8, 0x00, 0x06, 0xFE, 0x80,
    0x0B, 0xFA, 0x80, 0x06, 0xF5, 0x40, 0x0F, 0xFF, 0x80, 0x03, 0xE0, 0x00, 0x0B, 0xC0, 0x00, 0x3F,
    0xFF, 0xD0, 0x3F, 0xFF, 0xC0, 0x00, 0x00, 0x00, 0x00, 0x00, 0x00, 0x2C, 0x00, 0x00, 0x01, 0xE0,
    0x03, 0xCF, 0xEF, 0xF8, 0x0F, 0xFF, 0xFF, 0xF0, 0x7E, 0x1F, 0x87, 0xC2, 0xF0, 0x7C, 0x1F, 0x0B,
    0x82, 0xF0, 0xBC, 0x3D, 0x1F, 0x82, 0xE0, 0xF4, 0xFD, 0x0F, 0x47, 0xCB, 0xF0, 0x3D, 0x2F, 0x7F,
    0xC1, 0xF0, 0x03, 0xC0, 0x00, 0x00, 0x1C, 0x00, 0x00, 0x00, 0x03, 0xD0, 0xF0, 0x1F, 0x83, 0x80,
    0xBE, 0x1D, 0x03, 0xF8, 0xB4, 0x3F, 0xFF, 0xF0, 0xBB, 0xDF, 0x42, 0xEF, 0x7C, 0x2F, 0xFF, 0xF4,
    0x3C, 0x7B, 0x00, 0xE1, 0xFC, 0x07, 0x47, 0xF0, 0x2D, 0x0F, 0x80, 0x03, 0xFE, 0x00, 0x00, 0x1F,
    0xFF, 0x00, 0x00, 0xBC, 0x7D, 0x00, 0x02, 0xE0, 0xF4, 0xD0, 0x0F, 0x47, 0xDB, 0x00, 0x3D, 0x7F,
    0xBF, 0xC1, 0xFF, 0xF7, 0xFE, 0x0B, 0xF9, 0x0B, 0x80, 0x3E, 0x00, 0x3D, 0x00, 0xF4, 0x00, 0xF0,
    0x03, 0xC0, 0x03, 0xFC, 0x1F, 0x00, 0x0B, 0xF0, 0x00, 0x00, 0x00, 0x00, 0x07, 0xFD, 0x00, 0x00,
    0x0B, 0xFF, 0x80, 0x00, 0x0F, 0x8F, 0xC0, 0x40, 0x0F, 0x4B, 0xCF, 0xF8, 0x0F, 0x0F, 0xEF, 0xB8,
    0x1F, 0xBF, 0x7E, 0x00, 0x2F, 0xFD, 0x2F, 0x40, 0x3F, 0xBC, 0x0F, 0xE0, 0x3D, 0x7C, 0x02, 0xF0,
    0x7C, 0x3D, 0x00, 0xF0, 0x7C, 0x3E, 0xFB, 0xF0, 0xBC, 0x3E, 0xBF, 0xC0, 0x00, 0x00, 0x00, 0x00,
    0x0E, 0x0B, 0x43, 0xC0, 0xE0, 0xF4, 0x78, 0x1E, 0x1F, 0x4B, 0x01, 0xD3, 0xF4, 0xF0, 0x1D, 0x3B,
    0x5D, 0x06, 0xEF, 0xBB, 0xE0, 0x7F, 0xFF, 0xFE, 0x02, 0xED, 0x7B, 0x40, 0x2F, 0xC7, 0xF0, 0x02,
    0xF4, 0xBE, 0x00, 0x2F, 0x0B, 0xC0, 0x02, 0xE0, 0xBC, 0x00, 0x03, 0xFF, 0x80, 0xB4, 0x0F, 0xFF,
    0xC3, 0xC0, 0x78, 0x0F, 0x4F, 0x02, 0xD7, 0x6E, 0x78, 0x0F, 0x3D, 0xB6, 0xE0, 0x3C, 0xF3, 0xDF,
    0x41, 0xF3, 0xCF, 0x3C, 0x07, 0x9E, 0x7C, 0xF0, 0x2D, 0xB9, 0xE7, 0x80, 0xF3, 0xD0, 0x3C, 0x03,
    0xCF, 0xFF, 0xE0, 0x1E, 0x3F, 0xFD, 0x00, 0x00, 0x00, 0xA0, 0x00, 0x16, 0xF4, 0x00, 0x3F, 0xFC,
    0x00, 0x17, 0xF4, 0x01, 0xA3, 0xD0, 0x0B, 0xFF, 0xD0, 0x1F, 0x9F, 0xC0, 0x3E, 0x0B, 0xC0, 0x3D,
    0x0B, 0x80, 0x3C, 0x0F, 0x40, 0x3D, 0x1F, 0x00, 0x3F, 0xFF, 0x00, 0x1F, 0xDF, 0x00, 0x00, 0x00,
    0x00, 0x6A, 0xA4, 0x00, 0xAA, 0xA8, 0x00, 0x00, 0x00, 0x00, 0x00, 0xBF, 0x80, 0x0F, 0xFE, 0x00,
    0xFC, 0x10, 0x07, 0xC0, 0x00, 0xBF, 0xA4, 0x03, 0xFE, 0x90, 0x0B, 0xE4, 0x00, 0xBF, 0xF4, 0x00,
    0x7C, 0x00, 0x01, 0xF4, 0x10, 0x03, 0xFF, 0xC0, 0x03, 0xFE, 0x00, 0x00, 0x00, 0x00, 0x03, 0xD0,
    0xFC, 0x07, 0xC2, 0xF0, 0x0B, 0xC7, 0xD0, 0x0F, 0x8F, 0x80, 0x0F, 0x7F, 0x00, 0x6F, 0xFF, 0x80,
    0xBF, 0xFF, 0xC0, 0x2F, 0x7D, 0x00, 0x3E, 0x3E, 0x00, 0x3D, 0x2F, 0x00, 0x3C, 0x1F, 0x40, 0x7C,
    0x0F, 0x80, 0x1F, 0xFF, 0xF0, 0x7F, 0xFF, 0x80, 0x0F, 0x80, 0x00, 0x3E, 0xD0, 0x01, 0xFD, 0x00,
    0x0B, 0xC0, 0x00, 0xFF, 0xA0, 0x06, 0xFE, 0x00, 0x07, 0xD0, 0x00, 0xBF, 0x00, 0x02, 0xBC, 0x00,
    0x02, 0xF0, 0x00, 0x00, 0x00, 0x00, 0x00, 0x1B, 0xFE, 0x00, 0x00, 0x07, 0xFF, 0xF4, 0x00, 0x00,
    0x40, 0x7F, 0x00, 0x00, 0x0F, 0x83, 0xE0, 0x00, 0x03, 0xD0, 0xBC, 0x00, 0x00, 0xF0, 0x2F, 0x00,
    0x00, 0x7C, 0x0B, 0xC2, 0xA0, 0x2F, 0x03, 0xE7, 0xFF, 0x0F, 0x82, 0xF3, 0xD2, 0xD3, 0xD2, 0xF8,
    0xF0, 0xB5, 0xFF, 0xF8, 0x7D, 0x7C, 0x7F, 0xE4, 0x2F, 0xFD, 0x00, 0x00, 0x0F, 0x40, 0x00, 0x00,
    0x03, 0xC0, 0x00, 0x00, 0x00, 0xF0, 0x00, 0x00, 0x00, 0x78, 0x00, 0x00, 0x00, 0x00, 0x00, 0x00,
    0x2F, 0xC0, 0x02, 0xFF, 0x80, 0x0F, 0x4F, 0x00, 0x7C, 0x78, 0x01, 0xF3, 0xD0, 0x03, 0xFF, 0x00,
    0x0F, 0xF0, 0x01, 0x2F, 0x40, 0x1C, 0xFD, 0x00, 0xFF, 0xF8, 0x0F, 0xF6, 0xF0, 0xB2, 0x8B, 0xC0,
    0x00, 0x2F, 0x00, 0x00, 0xFC, 0x00, 0x2F, 0xD0, 0x00, 0x7D, 0x00, 0x07, 0xFE, 0x00, 0x2F, 0xFE,
    0x00, 0xF9, 0xFC, 0x0F, 0xFF, 0xFC, 0x1F, 0x07, 0xC1, 0xFF, 0xFF, 0x83, 0xE7, 0xF0, 0x0F, 0xFF,
    0x40, 0x3F, 0xA0, 0x01, 0xF0, 0x00, 0x0B, 0xC0, 0x00, 0x3E, 0x00, 0x00, 0x00, 0x02, 0x40, 0x00,
    0x6F, 0xF8, 0x02, 0xFF, 0xFC, 0x0B, 0xFF, 0x14, 0x0F, 0xCE, 0x00, 0x2F, 0x0D, 0x00, 0x3F, 0x0F,
    0xA8, 0x3E, 0x1F, 0xF8, 0x3E, 0x2D, 0xF4, 0x3E, 0x39, 0xF0, 0x2F, 0x76, 0xF0, 0x0F, 0xFF, 0xF0,
    0x07, 0xFF, 0xD0, 0x00, 0xA0, 0x00, 0x00, 0x00, 0x00, 0x00, 0x0F, 0xC0, 0x00, 0x2F, 0xC0, 0x00,
    0x3F, 0xC0, 0x00, 0xBB, 0xC0, 0x05, 0xFB, 0xE4, 0x1F, 0xFF, 0xFC, 0x03, 0xD3, 0xD0, 0x3F, 0xFF,
    0xFC, 0x1F, 0x42, 0xE0, 0x2F, 0x02, 0xF0, 0x3D, 0x02, 0xF0, 0xFC, 0x01, 0xF0, 0x00, 0x00, 0x00,
    0x2F, 0xF0, 0x07, 0xFF, 0xC0, 0x20, 0x7C, 0x00, 0x07, 0xC3, 0xFF, 0xFE, 0x1B, 0xFF, 0x55, 0xFF,
    0xD4, 0xFF, 0xFF, 0xC7, 0xC0, 0x00, 0x7D, 0x01, 0x03, 0xFF, 0xE0, 0x0F, 0xFD, 0x00, 0x00, 0x00,
    0x00, 0x09, 0x00, 0x1F, 0xFD, 0x0B, 0xFF, 0xE2, 0xFA, 0xC8, 0x3E, 0x28, 0x0B, 0xC3, 0x80, 0xFC,
    0x34, 0x0F, 0x87, 0x00, 0xF8, 0xB0, 0x0F, 0x8E, 0x00, 0xBD, 0xD1, 0x03, 0xFF, 0xE0, 0x1F, 0xFD,
    0x00, 0x2C, 0x00, 0x01, 0x00, 0x00, 0x00, 0x00, 0x00, 0x02, 0xC0, 0xE0, 0x03, 0xC3, 0xD0, 0x2F,
    0xFF, 0xFD, 0x3F, 0xFF, 0xFC, 0x0F, 0x4B, 0x80, 0x1F, 0x0F, 0x80, 0x2F, 0x0F, 0x40, 0x3E, 0x1F,
    0x00, 0x3D, 0x2F, 0x00, 0x3C, 0x2F, 0xF0, 0x7C, 0x0F, 0xF0, 0x00, 0x00, 0x00, 0x00, 0x00, 0x00,
    0x00, 0x00, 0xBF, 0xD0, 0x00, 0xFF, 0xF4, 0x00, 0xBD, 0x04, 0x00, 0x2F, 0x00, 0x00, 0x0B, 0xD0,
    0x00, 0x00, 0xFE, 0x00, 0x00, 0x0F, 0xE0, 0x00, 0x00, 0xBC, 0x0B, 0x79, 0xDF, 0x46, 0xFB, 0xBB,
    0xC0, 0xFA, 0xCF, 0xE0, 0x1F, 0xFF, 0xD0, 0x07, 0x3A, 0xC0, 0x00, 0x04, 0x00, 0x00, 0x0F, 0xFF,
    0xF1, 0xFF, 0xFE, 0x00, 0x00, 0x02, 0xAA, 0xA8, 0x3F, 0xFF, 0xC1, 0x7F, 0x54, 0x03, 0xF0, 0x00,
    0x3E, 0x00, 0x03, 0xD0, 0x00, 0x7C, 0x00, 0x0B, 0xC0, 0x00, 0xF8, 0x00, 0x2F, 0xFF, 0x4B, 0xFD,
    0x40, 0x1F, 0x40, 0xFF, 0xFC, 0x02, 0xF4, 0x1A, 0xF8, 0x0F, 0xF4, 0x02, 0xF0, 0x00, 0x3D, 0x00,
    0x0B, 0xC0, 0x01, 0xF4, 0x00, 0x3F, 0x00, 0x03, 0xD0, 0x00, 0x3C, 0x10, 0x07, 0xFE, 0x03, 0xFD,
    0x00, 0x2F, 0x99, 0x01, 0xFF, 0x80, 0xBF, 0x00, 0x02, 0xF0, 0x7C, 0x2E, 0x0F, 0x83, 0xD2, 0xF0,
    0x3F, 0xFD, 0x07, 0xFE, 0x00, 0x00, 0x00, 0x00, 0x00, 0x00, 0x00, 0xF8, 0x00, 0x0B, 0x34, 0x00,
    0x3C, 0xD0, 0x00, 0xFF, 0xFF, 0xD0, 0xFF, 0xFF, 0xC0, 0xA0, 0x07, 0x03, 0xAA, 0x4C, 0x0F, 0xFF,
    0xE0, 0x78, 0x45, 0x07, 0xF0, 0x00, 0x02, 0xFF, 0x00, 0x03, 0xFC, 0x00, 0x00, 0x00, 0x00, 0x00,
    0x00, 0xF4, 0x00, 0x00, 0x0F, 0x00, 0x00, 0x01, 0xF0, 0x00, 0x01, 0x7F, 0x40, 0x01, 0xFF, 0xFF,
    0x80, 0x3F, 0xBE, 0xFD, 0x0F, 0xC3, 0xC3, 0xE0, 0xF4, 0x7C, 0x3E, 0x1F, 0x0B, 0x83, 0xD2, 0xF0,
    0x50, 0x3D, 0x3E, 0x00, 0x07, 0xC3, 0xD0, 0x00, 0xBC, 0x00, 0xFF, 0xD0, 0x03, 0xFF, 0xD0, 0x1F,
    0x1F, 0xC0, 0xBC, 0x2F, 0x03, 0xE0, 0xF8, 0x1F, 0xAF, 0xD1, 0xFF, 0xFD, 0x07, 0xFA, 0x40, 0x0B,
    0xC0, 0x00, 0xFF, 0xF0, 0x02, 0xF9, 0x40, 0x07, 0xC0, 0x00, 0x00, 0x01, 0x48, 0x00, 0x03, 0x58,
    0x00, 0x1B, 0xFD, 0x00, 0xBF, 0xFE, 0x02, 0xFF, 0x79, 0x07, 0xEA, 0x30, 0x0B, 0xCD, 0x60, 0x0F,
    0x80, 0x00, 0x0F, 0x80, 0x00, 0x0B, 0xC0, 0x00, 0x03, 0xD0, 0x00, 0x02, 0xF4, 0x00, 0x3F, 0xFF,
    0xF0, 0x3F, 0xFF, 0xE0, 0x00, 0x22, 0x00, 0x06, 0x30, 0x03, 0xFF, 0x00, 0x7F, 0xFC, 0x0B, 0xCB,
    0xC0, 0xF8, 0x7C, 0x0F, 0x5F, 0x80, 0xFF, 0xE0, 0x1F, 0xFF, 0x02, 0xE1, 0xF4, 0x3D, 0x0F, 0x43,
    0xD2, 0xF0, 0x3F, 0xFE, 0x07, 0xFF, 0x40, 0x0C, 0xC0, 0x00, 0x48, 0x00, 0x2A, 0x5F, 0xF6, 0xA4,
    0x00, 0x00, 0x40, 0x00, 0x00, 0x03, 0xD0, 0x00, 0x00, 0x0F, 0xF4, 0x00, 0x00, 0x3E, 0xAD, 0x00,
    0x00, 0xF0, 0x07, 0x40, 0x03, 0xF6, 0xC3, 0xE0, 0x0F, 0xFF, 0xC3, 0xF8, 0x3F, 0xFF, 0x47, 0xFE,
    0x2F, 0xFD, 0x2F, 0xFD, 0x0B, 0xFC, 0x3F, 0xF4, 0x02, 0xFF, 0xFF, 0xD0, 0x00, 0xBD, 0x3F, 0x40,
    0x00, 0x2C, 0x3D, 0x00, 0x00, 0x0B, 0xF4, 0x00, 0x00, 0x02, 0xD0, 0x00, 0x00, 0x00, 0x40, 0x00,
};

static const EpdGlyph notosans_8_bolditalicGlyphs[] = {
    { 0, 0, 0, 0, 0, 0, 0 }, //  
    { 0, 0, 4, 0, 0, 0, 0 }, // 
    { 0, 0, 4, 0, 0, 0, 0 }, //  
    { 6, 13, 5, 0, 12, 20, 0 }, // !
    { 7, 5, 8, 1, 12, 9, 20 }, // "
    { 11, 12, 11, 0, 12, 33, 29 }, // #
    { 10, 14, 9, 0, 13, 35, 62 }, // $
    { 14, 14, 14, 0, 13, 49, 97 }, // %
    { 12, 14, 12, 0, 13, 42, 146 }, // &
    { 4, 5, 4, 1, 12, 5, 188 }, // '
    { 7, 15, 6, 0, 12, 27, 193 }, // (
    { 8, 16, 6, -2, 13, 32, 220 }, // )
    { 9, 9, 9, 1, 13, 21, 252 }, // *
    { 9, 9, 10, 0, 10, 21, 273 }, // +
    { 5, 5, 5, -1, 2, 7, 294 }, // ,
    { 5, 3, 5, 0, 6, 4, 301 }, // -
    { 4, 4, 5, 0, 3, 4, 305 }, // .
    { 10, 13, 7, -1, 12, 33, 309 }, // /
    { 10, 14, 9, 0, 13, 35, 342 }, // 0
    { 8, 12, 9, 1, 12, 24, 377 }, // 1
    { 10, 13, 9, -1, 13, 33, 401 }, // 2
    { 9, 14, 9, 0, 13, 32, 434 }, // 3
    { 10, 12, 9, -1, 12, 30, 466 }, // 4
    { 10, 13, 9, 0, 12, 33, 496 }, // 5
    { 10, 14, 9, 0, 13, 35, 529 }, // 6
    { 10, 12, 9, 0, 12, 30, 564 }, // 7
    { 10, 14, 9, 0, 13, 35, 594 }, // 8
    { 9, 14, 9, 0, 13, 32, 629 }, // 9
    { 5, 11, 5, 0, 10, 14, 661 }, // :
    { 6, 13, 5, -1, 10, 20, 675 }, // ;
    { 9, 10, 10, 0, 11, 23, 695 }, // <
    { 9, 6, 10, 0, 9, 14, 718 }, // =
    { 9, 10, 10, 0, 11, 23, 732 }, // >
    { 8, 14, 8, 1, 13, 28, 755 }, // ?
    { 15, 14, 14, 0, 12, 53, 783 }, // @
    { 11, 12, 10, -1, 12, 33, 836 }, // A
    { 11, 12, 10, 0, 12, 33, 869 }, // B
    { 11, 14, 10, 0, 13, 39, 902 }, // C
    { 11, 12, 11, 0, 12, 33, 941 }, // D
    { 10, 12, 9, 0, 12, 30, 974 }, // E
    { 10, 12, 9, 0, 12, 30, 1004 }, // F
    { 12, 14, 12, 0, 13, 42, 1034 }, // G
    { 12, 12, 12, 0, 12, 36, 1076 }, // H
    { 9, 12, 6, -1, 12, 27, 1112 }, // I
    { 9, 16, 6, -3, 12, 36, 1139 }, // J
    { 12, 12, 10, 0, 12, 36, 1175 }, // K
    { 8, 12, 9, 0, 12, 24, 1211 }, // L
    { 15, 12, 15, 0, 12, 45, 1235 }, // M
    { 13, 12, 13, 0, 12, 39, 1280 }, // N
    { 12, 14, 12, 0, 13, 42, 1319 }, // O
    { 11, 12, 10, 0, 12, 33, 1361 }, // P
    { 12, 16, 12, 0, 13, 48, 1394 }, // Q
    { 10, 12, 10, 0, 12, 30, 1442 }, // R
    { 10, 14, 9, 0, 13, 35, 1472 }, // S
    { 10, 12, 9, 1, 12, 30, 1507 }, // T
    { 11, 13, 12, 1, 12, 36, 1537 }, // U
    { 11, 12, 10, 1, 12, 33, 1573 }, // V
    { 16, 12, 15, 1, 12, 48, 1606 }, // W
    { 13, 12, 10, -1, 12, 39, 1654 }, // X
    { 10, 12, 9, 1, 12, 30, 1693 }, // Y
    { 11, 12, 9, -1, 12, 33, 1723 }, // Z
    { 8, 15, 6, -1, 12, 30, 1756 }, // [
    { 5, 13, 7, 1, 12, 17, 1786 }, // <backslash>
    { 8, 15, 6, -2, 12, 30, 1803 }, // ]
    { 9, 8, 9, 0, 12, 18, 1833 }, // ^
    { 8, 2, 7, -2, -1, 4, 1851 }, // _
    { 4, 3, 5, 2, 13, 3, 1855 }, // `
    { 10, 11, 10, 0, 10, 28, 1858 }, // a
    { 10, 14, 10, 0, 13, 35, 1886 }, // b
    { 9, 11, 8, 0, 10, 25, 1921 }, // c
    { 11, 14, 10, 0, 13, 39, 1946 }, // d
    { 9, 11, 9, 0, 10, 25, 1985 }, // e
    { 11, 17, 6, -2, 13, 47, 2010 }, // f
    { 10, 14, 10, 0, 10, 35, 2057 }, // g
    { 10, 13, 10, 0, 13, 33, 2092 }, // h
    { 6, 13, 5, 0, 13, 20, 2125 }, // i
    { 9, 17, 5, -3, 13, 39, 2145 }, // j
    { 11, 13, 9, 0, 13, 36, 2184 }, // k
    { 6, 13, 5, 0, 13, 20, 2220 }, // l
    { 15, 10, 15, 0, 10, 38, 2240 }, // m
    { 10, 10, 10, 0, 10, 25, 2278 }, // n
    { 10, 11, 10, 0, 10, 28, 2303 }, // o
    { 11, 14, 10, -1, 10, 39, 2331 }, // p
    { 10, 14, 10, 0, 10, 35, 2370 }, // q
    { 8, 10, 7, 0, 10, 20, 2405 }, // r
    { 8, 11, 8, 0, 10, 22, 2425 }, // s
    { 8, 13, 7, 0, 12, 26, 2447 }, // t
    { 10, 11, 10, 0, 10, 28, 2473 }, // u
    { 10, 10, 9, 0, 10, 25, 2501 }, // v
    { 13, 10, 13, 1, 10, 33, 2526 }, // w
    { 11, 10, 9, -1, 10, 28, 2559 }, // x
    { 12, 14, 9, -2, 10, 42, 2587 }, // y
    { 9, 10, 8, -1, 10, 23, 2629 }, // z
    { 8, 15, 6, -1, 12, 30, 2652 }, // {
    { 3, 17, 9, 3, 13, 13, 2682 }, // |
    { 7, 15, 6, -1, 12, 27, 2695 }, // }
    { 9, 4, 10, 0, 8, 9, 2722 }, // ~
    { 0, 0, 4, 0, 0, 0, 2731 }, //  
    { 6, 14, 5, -1, 10, 21, 2731 }, // ¡
    { 8, 14, 9, 1, 13, 28, 2752 }, // ¢
    { 12, 13, 9, -1, 13, 39, 2780 }, // £
    { 9, 8, 9, 0, 10, 18, 2819 }, // ¤
    { 11, 12, 9, 0, 12, 33, 2837 }, // ¥
    { 3, 17, 9, 3, 13, 13, 2870 }, // ¦
    { 9, 14, 8, 0, 13, 32, 2883 }, // §
    { 6, 3, 9, 3, 13, 5, 2915 }, // ¨
    { 14, 14, 14, 0, 13, 49, 2920 }, // ©
    { 7, 7, 6, 1, 13, 13, 2969 }, // ª
    { 10, 9, 9, 0, 9, 23, 2982 }, // «
    { 9, 5, 10, 0, 7, 12, 3005 }, // ¬
    { 5, 3, 5, 0, 6, 4, 3017 }, // ­
    { 14, 14, 14, 0, 13, 49, 3021 }, // ®
    { 9, 3, 7, 1, 15, 7, 3070 }, // ¯
    { 7, 7, 7, 0, 13, 13, 3077 }, // °
    { 9, 11, 10, 0, 11, 25, 3090 }, // ±
    { 8, 9, 6, 0, 15, 18, 3115 }, // ²
    { 7, 9, 6, 1, 15, 16, 3133 }, // ³
    { 6, 3, 5, 1, 13, 5, 3149 }, // ´
    { 11, 14, 10, -1, 10, 39, 3154 }, // µ
    { 9, 16, 11, 1, 13, 36, 3193 }, // ¶
    { 4, 4, 5, 1, 8, 4, 3229 }, // ·
    { 5, 4, 3, -2, 0, 5, 3233 }, // ¸
    { 6, 9, 6, 1, 15, 14, 3238 }, // ¹
    { 6, 6, 6, 1, 12, 9, 3252 }, // º
    { 9, 9, 9, 0, 9, 21, 3261 }, // »
    { 13, 14, 14, 1, 13, 46, 3282 }, // ¼
    { 14, 14, 15, 1, 13, 49, 3328 }, // ½
    { 14, 14, 14, 0, 13, 49, 3377 }, // ¾
    { 8, 13, 8, -1, 10, 26, 3426 }, // ¿
    { 11, 16, 10, -1, 16, 44, 3452 }, // À
    { 12, 16, 10, -1, 16, 48, 3496 }, // Á
    { 12, 16, 10, -1, 16, 48, 3544 }, // Â
    { 12, 16, 10, -1, 16, 48, 3592 }, // Ã
    { 11, 16, 10, -1, 16, 44, 3640 }, // Ä
    { 11, 17, 10, -1, 17, 47, 3684 }, // Å
    { 17, 12, 15, -1, 12, 51, 3731 }, // Æ
    { 11, 17, 10, 0, 13, 47, 3782 }, // Ç
    { 10, 16, 9, 0, 16, 40, 3829 }, // È
    { 10, 16, 9, 0, 16, 40, 3869 }, // É
    { 10, 16, 9, 0, 16, 40, 3909 }, // Ê
    { 10, 16, 9, 0, 16, 40, 3949 }, // Ë
    { 9, 16, 6, -1, 16, 36, 3989 }, // Ì
    { 10, 16, 6, -1, 16, 40, 4025 }, // Í
    { 10, 16, 6, -1, 16, 40, 4065 }, // Î
    { 9, 16, 6, -1, 16, 36, 4105 }, // Ï
    { 11, 12, 11, 0, 12, 33, 4141 }, // Ð
    { 13, 16, 13, 0, 16, 52, 4174 }, // Ñ
    { 12, 17, 12, 0, 16, 51, 4226 }, // Ò
    { 12, 17, 12, 0, 16, 51, 4277 }, // Ó
    { 12, 17, 12, 0, 16, 51, 4328 }, // Ô
    { 12, 17, 12, 0, 16, 51, 4379 }, // Õ
    { 12, 17, 12, 0, 16, 51, 4430 }, // Ö
    { 8, 8, 10, 1, 10, 16, 4481 }, // ×
    { 12, 14, 12, 0, 13, 42, 4497 }, // Ø
    { 11, 17, 12, 1, 16, 47, 4539 }, // Ù
    { 11, 17, 12, 1, 16, 47, 4586 }, // Ú
    { 11, 17, 12, 1, 16, 47, 4633 }, // Û
    { 11, 17, 12, 1, 16, 47, 4680 }, // Ü
    { 10, 16, 9, 1, 16, 40, 4727 }, // Ý
    { 10, 12, 10, 0, 12, 30, 4767 }, // Þ
    { 14, 17, 11, -3, 13, 60, 4797 }, // ß
    { 10, 14, 10, 0, 13, 35, 4857 }, // à
    { 10, 14, 10, 0, 13, 35, 4892 }, // á
    { 10, 14, 10, 0, 13, 35, 4927 }, // â
    { 10, 14, 10, 0, 13, 35, 4962 }, // ã
    { 10, 14, 10, 0, 13, 35, 4997 }, // ä
    { 10, 15, 10, 0, 14, 38, 5032 }, // å
    { 15, 11, 15, 0, 10, 42, 5070 }, // æ
    { 9, 14, 8, 0, 10, 32, 5112 }, // ç
    { 9, 14, 9, 0, 13, 32, 5144 }, // è
    { 10, 14, 9, 0, 13, 35, 5176 }, // é
    { 10, 14, 9, 0, 13, 35, 5211 }, // ê
    { 9, 14, 9, 0, 13, 32, 5246 }, // ë
    { 5, 13, 5, 0, 13, 17, 5278 }, // ì
    { 7, 13, 5, 0, 13, 23, 5295 }, // í
    { 7, 13, 5, 0, 13, 23, 5318 }, // î
    { 7, 13, 5, 0, 13, 23, 5341 }, // ï
    { 10, 14, 10, 0, 13, 35, 5364 }, // ð
    { 10, 13, 10, 0, 13, 33, 5399 }, // ñ
    { 10, 14, 10, 0, 13, 35, 5432 }, // ò
    { 10, 14, 10, 0, 13, 35, 5467 }, // ó
    { 10, 14, 10, 0, 13, 35, 5502 }, // ô
    { 10, 14, 10, 0, 13, 35, 5537 }, // õ
    { 10, 14, 10, 0, 13, 35, 5572 }, // ö
    { 9, 9, 10, 0, 10, 21, 5607 }, // ÷
    { 10, 11, 10, 0, 10, 28, 5628 }, // ø
    { 10, 14, 10, 0, 13, 35, 5656 }, // ù
    { 10, 14, 10, 0, 13, 35, 5691 }, // ú
    { 10, 14, 10, 0, 13, 35, 5726 }, // û
    { 10, 14, 10, 0, 13, 35, 5761 }, // ü
    { 12, 17, 9, -2, 13, 51, 5796 }, // ý
    { 11, 17, 10, -1, 13, 47, 5847 }, // þ
    { 12, 17, 9, -2, 13, 51, 5894 }, // ÿ
    { 11, 15, 10, -1, 15, 42, 5945 }, // Ā
    { 10, 13, 10, 0, 12, 33, 5987 }, // ā
    { 12, 16, 10, -1, 16, 48, 6020 }, // Ă
    { 10, 14, 10, 0, 13, 35, 6068 }, // ă
    { 11, 17, 10, -1, 12, 47, 6103 }, // Ą
    { 10, 15, 10, 0, 10, 38, 6150 }, // ą
    { 11, 17, 10, 0, 16, 47, 6188 }, // Ć
    { 9, 14, 8, 0, 13, 32, 6235 }, // ć
    { 11, 17, 10, 0, 16, 47, 6267 }, // Ĉ
    { 9, 14, 8, 0, 13, 32, 6314 }, // ĉ
    { 11, 17, 10, 0, 16, 47, 6346 }, // Ċ
    { 9, 14, 8, 0, 13, 32, 6393 }, // ċ
    { 12, 17, 10, 0, 16, 51, 6425 }, // Č
    { 10, 14, 8, 0, 13, 35, 6476 }, // č
    { 12, 16, 11, 0, 16, 48, 6511 }, // Ď
    { 14, 14, 11, 0, 13, 49, 6559 }, // ď
    { 11, 12, 11, 0, 12, 33, 6608 }, // Đ
    { 12, 14, 10, 0, 13, 42, 6641 }, // đ
    { 10, 15, 9, 0, 15, 38, 6683 }, // Ē
    { 9, 13, 9, 0, 12, 30, 6721 }, // ē
    { 10, 16, 9, 0, 16, 40, 6751 }, // Ĕ
    { 10, 14, 9, 0, 13, 35, 6791 }, // ĕ
    { 10, 16, 9, 0, 16, 40, 6826 }, // Ė
    { 9, 14, 9, 0, 13, 32, 6866 }, // ė
    { 10, 17, 9, 0, 12, 43, 6898 }, // Ę
    { 9, 14, 9, 0, 10, 32, 6941 }, // ę
    { 11, 16, 9, 0, 16, 44, 6973 }, // Ě
    { 10, 14, 9, 0, 13, 35, 7017 }, // ě
    { 12, 17, 12, 0, 16, 51, 7052 }, // Ĝ
    { 10, 17, 10, 0, 13, 43, 7103 }, // ĝ
    { 12, 17, 12, 0, 16, 51, 7146 }, // Ğ
    { 10, 17, 10, 0, 13, 43, 7197 }, // ğ
    { 12, 17, 12, 0, 16, 51, 7240 }, // Ġ
    { 10, 17, 10, 0, 13, 43, 7291 }, // ġ
    { 12, 17, 12, 0, 13, 51, 7334 }, // Ģ
    { 10, 17, 10, 0, 13, 43, 7385 }, // ģ
    { 12, 16, 12, 0, 16, 48, 7428 }, // Ĥ
    { 10, 17, 10, 0, 17, 43, 7476 }, // ĥ
    { 13, 12, 12, 0, 12, 39, 7519 }, // Ħ
    { 10, 13, 10, 0, 13, 33, 7558 }, // ħ
    { 10, 16, 6, -1, 16, 40, 7591 }, // Ĩ
    { 8, 13, 5, 0, 13, 26, 7631 }, // ĩ
    { 9, 15, 6, -1, 15, 34, 7657 }, // Ī
    { 7, 12, 5, 0, 12, 21, 7691 }, // ī
    { 10, 16, 6, -1, 16, 40, 7712 }, // Ĭ
    { 7, 13, 5, 0, 13, 23, 7752 }, // ĭ
    { 9, 17, 6, -1, 12, 39, 7775 }, // Į
    { 7, 18, 5, -1, 13, 32, 7814 }, // į
    { 9, 16, 6, -1, 16, 36, 7846 }, // İ
    { 5, 10, 5, 0, 10, 13, 7882 }, // ı
    { 14, 16, 12, -1, 12, 56, 7895 }, // Ĳ
    { 11, 17, 10, 0, 13, 47, 7951 }, // ĳ
    { 11, 20, 6, -3, 16, 55, 7998 }, // Ĵ
    { 10, 17, 5, -3, 13, 43, 8053 }, // ĵ
    { 12, 16, 10, 0, 12, 48, 8096 }, // Ķ
    { 11, 17, 9, 0, 13, 47, 8144 }, // ķ
    { 11, 10, 9, 0, 10, 28, 8191 }, // ĸ
    { 9, 16, 9, 0, 16, 36, 8219 }, // Ĺ
    { 8, 17, 5, 0, 17, 34, 8255 }, // ĺ
    { 8, 16, 9, 0, 12, 32, 8289 }, // Ļ
    { 7, 17, 5, -1, 13, 30, 8321 }, // ļ
    { 10, 12, 9, 0, 12, 30, 8351 }, // Ľ
    { 9, 13, 6, 0, 13, 30, 8381 }, // ľ
    { 9, 12, 9, 0, 12, 27, 8411 }, // Ŀ
    { 8, 13, 7, 0, 13, 26, 8438 }, // ŀ
    { 9, 12, 9, -1, 12, 27, 8464 }, // Ł
    { 6, 13, 5, 0, 13, 20, 8491 }, // ł
    { 13, 16, 13, 0, 16, 52, 8511 }, // Ń
    { 10, 13, 10, 0, 13, 33, 8563 }, // ń
    { 13, 16, 13, 0, 12, 52, 8596 }, // Ņ
    { 10, 14, 10, 0, 10, 35, 8648 }, // ņ
    { 13, 16, 13, 0, 16, 52, 8683 }, // Ň
    { 11, 13, 10, 0, 13, 36, 8735 }, // ň
    { 11, 12, 12, 0, 12, 33, 8771 }, // ŉ
    { 13, 16, 13, 0, 12, 52, 8804 }, // Ŋ
    { 10, 14, 10, 0, 10, 35, 8856 }, // ŋ
    { 12, 16, 12, 0, 15, 48, 8891 }, // Ō
    { 10, 13, 10, 0, 12, 33, 8939 }, // ō
    { 12, 17, 12, 0, 16, 51, 8972 }, // Ŏ
    { 10, 14, 10, 0, 13, 35, 9023 }, // ŏ
    { 13, 17, 12, 0, 16, 56, 9058 }, // Ő
    { 12, 14, 10, 0, 13, 42, 9114 }, // ő
    { 15, 14, 15, 1, 13, 53, 9156 }, // Œ
    { 15, 11, 15, 0, 10, 42, 9209 }, // œ
    { 11, 16, 10, 0, 16, 44, 9251 }, // Ŕ
    { 9, 13, 7, 0, 13, 30, 9295 }, // ŕ
    { 10, 16, 10, 0, 12, 40, 9325 }, // Ŗ
    { 9, 14, 7, -1, 10, 32, 9365 }, // ŗ
    { 11, 16, 10, 0, 16, 44, 9397 }, // Ř
    { 9, 13, 7, 0, 13, 30, 9441 }, // ř
    { 10, 17, 9, 0, 16, 43, 9471 }, // Ś
    { 9, 14, 8, 0, 13, 32, 9514 }, // ś
    { 10, 17, 9, 0, 16, 43, 9546 }, // Ŝ
    { 9, 14, 8, 0, 13, 32, 9589 }, // ŝ
    { 10, 17, 9, 0, 13, 43, 9621 }, // Ş
    { 8, 14, 8, 0, 10, 28, 9664 }, // ş
    { 10, 17, 9, 0, 16, 43, 9692 }, // Š
    { 9, 14, 8, 0, 13, 32, 9735 }, // š
    { 10, 16, 9, 1, 12, 40, 9767 }, // Ţ
    { 8, 16, 7, 0, 12, 32, 9807 }, // ţ
    { 10, 16, 9, 1, 16, 40, 9839 }, // Ť
    { 10, 14, 7, 0, 13, 35, 9879 }, // ť
    { 10, 12, 9, 1, 12, 30, 9914 }, // Ŧ
    { 8, 13, 7, 0, 12, 26, 9944 }, // ŧ
    { 11, 17, 12, 1, 16, 47, 9970 }, // Ũ
    { 10, 14, 10, 0, 13, 35, 10017 }, // ũ
    { 11, 16, 12, 1, 15, 44, 10052 }, // Ū
    { 10, 13, 10, 0, 12, 33, 10096 }, // ū
    { 11, 17, 12, 1, 16, 47, 10129 }, // Ŭ
    { 10, 14, 10, 0, 13, 35, 10176 }, // ŭ
    { 11, 18, 12, 1, 17, 50, 10211 }, // Ů
    { 10, 15, 10, 0, 14, 38, 10261 }, // ů
    { 12, 17, 12, 1, 16, 51, 10299 }, // Ű
    { 12, 14, 10, 0, 13, 42, 10350 }, // ű
    { 11, 17, 12, 1, 12, 47, 10392 }, // Ų
    { 10, 15, 10, 0, 10, 38, 10439 }, // ų
    { 16, 16, 15, 1, 16, 64, 10477 }, // Ŵ
    { 13, 13, 13, 1, 13, 43, 10541 }, // ŵ
    { 10, 16, 9, 1, 16, 40, 10584 }, // Ŷ
    { 12, 17, 9, -2, 13, 51, 10624 }, // ŷ
    { 10, 16, 9, 1, 16, 40, 10675 }, // Ÿ
    { 11, 16, 9, -1, 16, 44, 10715 }, // Ź
    { 10, 13, 8, -1, 13, 33, 10759 }, // ź
    { 11, 16, 9, -1, 16, 44, 10792 }, // Ż
    { 9, 13, 8, -1, 13, 30, 10836 }, // ż
    { 12, 16, 9, -1, 16, 48, 10866 }, // Ž
    { 10, 13, 8, -1, 13, 33, 10914 }, // ž
    { 10, 17, 6, -2, 13, 43, 10947 }, // ſ
    { 4, 3, 0, -7, 13, 3, 10990 }, // ̀
    { 5, 3, 0, -4, 13, 4, 10993 }, // ́
    { 8, 3, 0, -3, 13, 6, 10997 }, // ̂
    { 8, 3, 0, -8, 13, 6, 11003 }, // ̃
    { 6, 2, 0, -2, 12, 3, 11009 }, // ̄
    { 8, 3, 0, -2, 15, 6, 11012 }, // ̅
    { 7, 3, 0, -2, 13, 6, 11018 }, // ̆
    { 3, 3, 0, 0, 13, 3, 11024 }, // ̇
    { 7, 3, 0, -2, 13, 6, 11027 }, // ̈
    { 4, 5, 0, -5, 14, 5, 11033 }, // ̉
    { 5, 4, 0, -1, 14, 5, 11038 }, // ̊
    { 8, 3, 0, -2, 13, 6, 11043 }, // ̋
    { 8, 3, 0, -2, 13, 6, 11049 }, // ̌
    { 3, 5, 0, 0, 13, 4, 11055 }, // ̍
    { 7, 4, 0, -2, 13, 7, 11059 }, // ̎
    { 7, 3, 0, -8, 13, 6, 11066 }, // ̏
    { 7, 5, 0, -2, 15, 9, 11072 }, // ̐
    { 7, 3, 0, -2, 13, 6, 11081 }, // ̑
    { 5, 5, 0, -1, 12, 7, 11087 }, // ̒
    { 5, 5, 0, -1, 12, 7, 11094 }, // ̓
    { 3, 5, 0, 0, 12, 4, 11101 }, // ̔
    { 5, 5, 0, -1, 12, 7, 11105 }, // ̕
    { 5, 3, 0, -4, 0, 4, 11112 }, // ̖
    { 5, 3, 0, -4, 0, 4, 11116 }, // ̗
    { 4, 4, 0, -3, 0, 4, 11120 }, // ̘
    { 5, 4, 0, -4, 0, 5, 11124 }, // ̙
    { 6, 5, 5, 1, 13, 8, 11129 }, // ̚
    { 5, 5, 0, -1, 13, 7, 11137 }, // ̛
    { 3, 5, 0, -1, 0, 4, 11144 }, // ̜
    { 5, 4, 0, -4, 0, 5, 11148 }, // ̝
    { 5, 4, 0, -4, 0, 5, 11153 }, // ̞
    { 5, 4, 0, -4, 0, 5, 11158 }, // ̟
    { 5, 2, 0, -4, -1, 3, 11163 }, // ̠
    { 5, 5, 0, -4, 1, 7, 11166 }, // ̡
    { 4, 5, 0, -2, 1, 5, 11173 }, // ̢
    { 4, 3, 0, -8, -1, 3, 11178 }, // ̣
    { 7, 3, 0, -5, -1, 6, 11181 }, // ̤
    { 5, 4, 0, -4, 0, 5, 11187 }, // ̥
    { 4, 3, 0, 1, -1, 3, 11192 }, // ̦
    { 5, 4, 0, -4, 0, 5, 11195 }, // ̧
    { 4, 5, 0, -3, 0, 5, 11200 }, // ̨
    { 4, 5, 0, -3, 0, 5, 11205 }, // ̩
    { 7, 4, 0, -5, 0, 7, 11210 }, // ̪
    { 7, 2, 0, -5, -1, 4, 11217 }, // ̫
    { 8, 3, 0, -5, 0, 6, 11221 }, // ̬
    { 7, 3, 0, -5, 0, 6, 11227 }, // ̭
    { 7, 3, 0, -5, -1, 6, 11233 }, // ̮
    { 7, 3, 0, -5, -1, 6, 11239 }, // ̯
    { 8, 3, 0, -5, 0, 6, 11245 }, // ̰
    { 7, 2, 0, -5, -1, 4, 11251 }, // ̱
    { 9, 2, 0, -6, -1, 5, 11255 }, // ̲
    { 9, 4, 0, -6, 0, 9, 11260 }, // ̳
    { 8, 3, 0, -4, 6, 6, 11269 }, // ̴
    { 8, 3, 0, -4, 6, 6, 11275 }, // ̵
    { 14, 3, 0, -7, 6, 11, 11281 }, // ̶
    { 6, 5, 0, -3, 7, 8, 11292 }, // ̷
    { 10, 14, 0, -5, 13, 35, 11300 }, // ̸
    { 4, 5, 0, -2, 0, 5, 11335 }, // ̹
    { 7, 4, 0, -5, 0, 7, 11340 }, // ̺
    { 7, 4, 0, -5, 0, 7, 11347 }, // ̻
    { 7, 2, 0, -5, -1, 4, 11354 }, // ̼
    { 5, 4, 0, -1, 13, 5, 11358 }, // ̽
    { 5, 6, 0, -1, 15, 8, 11363 }, // ̾
    { 8, 4, 0, -2, 16, 8, 11371 }, // ̿
    { 5, 3, 0, -2, 13, 4, 11379 }, // ̀
    { 5, 3, 0, 0, 13, 4, 11383 }, // ́
    { 8, 3, 0, 2, 13, 6, 11387 }, // ͂
    { 4, 4, 0, 0, 13, 4, 11393 }, // ̓
    { 10, 3, 0, -3, 13, 8, 11397 }, // ̈́
    { 4, 3, 0, -3, -1, 3, 11405 }, // ͅ
    { 9, 4, 0, -3, 13, 9, 11408 }, // ͆
    { 9, 4, 0, -6, 0, 9, 11417 }, // ͇
    { 6, 4, 0, -4, 0, 6, 11426 }, // ͈
    { 4, 3, 0, -3, -1, 3, 11432 }, // ͉
    { 7, 4, 0, -2, 13, 7, 11435 }, // ͊
    { 7, 7, 0, -2, 16, 13, 11442 }, // ͋
    { 7, 5, 0, -2, 15, 9, 11455 }, // ͌
    { 7, 4, 0, -5, 0, 7, 11464 }, // ͍
    { 4, 4, 0, -3, 0, 4, 11471 }, // ͎
    { 12, 12, 0, -6, 12, 36, 11475 }, // ͏
    { 3, 5, 0, 0, 14, 4, 11511 }, // ͐
    { 3, 5, 0, 2, 14, 4, 11515 }, // ͑
    { 7, 5, 0, -2, 15, 9, 11519 }, // ͒
    { 4, 4, 0, -3, 0, 4, 11528 }, // ͓
    { 4, 4, 0, -3, 0, 4, 11532 }, // ͔
    { 4, 4, 0, -3, 0, 4, 11536 }, // ͕
    { 7, 4, 0, -4, 0, 7, 11540 }, // ͖
    { 4, 5, 0, 1, 14, 5, 11547 }, // ͗
    { 3, 3, 0, 0, 13, 3, 11552 }, // ͘
    { 5, 4, 0, -4, 0, 5, 11555 }, // ͙
    { 7, 4, 0, -5, 0, 7, 11560 }, // ͚
    { 4, 5, 0, 0, 14, 5, 11567 }, // ͛
    { 14, 4, 0, -8, 0, 14, 11572 }, // ͜
    { 13, 4, 0, -5, 14, 13, 11586 }, // ͝
    { 9, 2, 0, -3, 12, 5, 11599 }, // ͞
    { 10, 2, 0, -6, 0, 5, 11604 }, // ͟
    { 14, 3, 0, -5, 13, 11, 11609 }, // ͠
    { 14, 4, 0, -5, 15, 14, 11620 }, // ͡
    { 14, 4, 0, -9, 0, 14, 11634 }, // ͢
    { 5, 5, 0, -1, 15, 7, 11648 }, // ͣ
    { 5, 5, 0, -1, 15, 7, 11655 }, // ͤ
    { 3, 6, 0, 0, 16, 5, 11662 }, // ͥ
    { 5, 5, 0, -1, 15, 7, 11667 }, // ͦ
    { 5, 4, 0, -1, 14, 5, 11674 }, // ͧ
    { 4, 5, 0, 0, 15, 5, 11679 }, // ͨ
    { 6, 6, 0, -1, 16, 9, 11684 }, // ͩ
    { 5, 6, 0, -1, 16, 8, 11693 }, // ͪ
    { 7, 5, 0, -2, 15, 9, 11701 }, // ͫ
    { 4, 5, 0, 0, 15, 5, 11710 }, // ͬ
    { 4, 5, 0, 0, 15, 5, 11715 }, // ͭ
    { 4, 4, 0, 0, 14, 4, 11720 }, // ͮ
    { 5, 4, 0, -1, 14, 5, 11724 }, // ͯ
    { 10, 16, 9, 0, 16, 40, 11729 }, // Ѐ
    { 10, 16, 9, 0, 16, 40, 11769 }, // Ё
    { 11, 13, 12, 1, 12, 36, 11809 }, // Ђ
    { 10, 16, 8, 0, 16, 40, 11845 }, // Ѓ
    { 11, 14, 10, 0, 13, 39, 11885 }, // Є
    { 10, 14, 9, 0, 13, 35, 11924 }, // Ѕ
    { 6, 12, 5, 0, 12, 18, 11959 }, // І
    { 8, 16, 5, 0, 16, 32, 11977 }, // Ї
    { 9, 16, 5, -3, 12, 36, 12009 }, // Ј
    { 17, 13, 16, -1, 12, 56, 12045 }, // Љ
    { 16, 12, 16, 0, 12, 48, 12101 }, // Њ
    { 11, 12, 12, 1, 12, 33, 12149 }, // Ћ
    { 12, 16, 10, 0, 16, 48, 12182 }, // Ќ
    { 12, 16, 12, 0, 16, 48, 12230 }, // Ѝ
    { 12, 17, 10, 0, 16, 51, 12278 }, // Ў
    { 12, 15, 11, 0, 12, 45, 12329 }, // Џ
    { 11, 12, 10, -1, 12, 33, 12374 }, // А
    { 10, 12, 10, 0, 12, 30, 12407 }, // Б
    { 11, 12, 10, 0, 12, 33, 12437 }, // В
    { 10, 12, 8, 0, 12, 30, 12470 }, // Г
    { 14, 15, 12, -2, 12, 53, 12500 }, // Д
    { 10, 12, 9, 0, 12, 30, 12553 }, // Е
    { 18, 12, 15, -1, 12, 54, 12583 }, // Ж
    { 10, 14, 9, 0, 13, 35, 12637 }, // З
    { 12, 12, 12, 0, 12, 36, 12672 }, // И
    { 12, 16, 12, 0, 16, 48, 12708 }, // Й
    { 12, 12, 10, 0, 12, 36, 12756 }, // К
    { 13, 13, 12, -1, 12, 43, 12792 }, // Л
    { 15, 12, 14, 0, 12, 45, 12835 }, // М
    { 12, 12, 11, 0, 12, 36, 12880 }, // Н
    { 12, 14, 12, 0, 13, 42, 12916 }, // О
    { 12, 12, 11, 0, 12, 36, 12958 }, // П
    { 11, 12, 10, 0, 12, 33, 12994 }, // Р
    { 11, 14, 10, 0, 13, 39, 13027 }, // С
    { 10, 12, 9, 1, 12, 30, 13066 }, // Т
    { 12, 13, 10, 0, 12, 39, 13096 }, // У
    { 15, 14, 15, 0, 13, 53, 13135 }, // Ф
    { 13, 12, 10, -1, 12, 39, 13188 }, // Х
    { 12, 15, 12, 0, 12, 45, 13227 }, // Ц
    { 11, 12, 11, 1, 12, 33, 13272 }, // Ч
    { 17, 12, 16, 0, 12, 51, 13305 }, // Ш
    { 17, 15, 17, 0, 12, 64, 13356 }, // Щ
    { 11, 12, 12, 1, 12, 33, 13420 }, // Ъ
    { 15, 12, 15, 0, 12, 45, 13453 }, // Ы
    { 10, 12, 10, 0, 12, 30, 13498 }, // Ь
    { 11, 14, 10, 0, 13, 39, 13528 }, // Э
    { 17, 14, 16, 0, 13, 60, 13567 }, // Ю
    { 12, 12, 10, -1, 12, 36, 13627 }, // Я
    { 10, 11, 10, 0, 10, 28, 13663 }, // а
    { 10, 14, 9, 0, 13, 35, 13691 }, // б
    { 9, 11, 9, 0, 10, 25, 13726 }, // в
    { 9, 11, 8, -1, 10, 25, 13751 }, // г
    { 10, 14, 10, 0, 13, 35, 13776 }, // д
    { 9, 11, 9, 0, 10, 25, 13811 }, // е
    { 18, 11, 16, -1, 10, 50, 13836 }, // ж
    { 8, 11, 8, 0, 10, 22, 13886 }, // з
    { 10, 11, 10, 0, 10, 28, 13908 }, // и
    { 10, 14, 10, 0, 13, 35, 13936 }, // й
    { 11, 10, 9, 0, 10, 28, 13971 }, // к
    { 11, 11, 10, -1, 10, 31, 13999 }, // л
    { 13, 10, 13, 0, 10, 33, 14030 }, // м
    { 10, 10, 10, 0, 10, 25, 14063 }, // н
    { 10, 11, 9, 0, 10, 28, 14088 }, // о
    { 10, 10, 10, 0, 10, 25, 14116 }, // п
    { 11, 14, 10, -1, 10, 39, 14141 }, // р
    { 8, 11, 8, 0, 10, 22, 14180 }, // с
    { 15, 10, 15, 0, 10, 38, 14202 }, // т
    { 12, 14, 9, -2, 10, 42, 14240 }, // у
    { 12, 17, 12, 0, 13, 51, 14282 }, // ф
    { 11, 10, 9, -1, 10, 28, 14333 }, // х
    { 10, 13, 10, 0, 10, 33, 14361 }, // ц
    { 9, 10, 10, 1, 10, 23, 14394 }, // ч
    { 15, 11, 15, 0, 10, 42, 14417 }, // ш
    { 15, 13, 15, 0, 10, 49, 14459 }, // щ
    { 10, 11, 10, 0, 10, 28, 14508 }, // ъ
    { 14, 11, 13, 0, 10, 39, 14536 }, // ы
    { 9, 11, 9, 0, 10, 25, 14575 }, // ь
    { 8, 11, 8, 0, 10, 22, 14600 }, // э
    { 14, 11, 13, 0, 10, 39, 14622 }, // ю
    { 10, 10, 9, -1, 10, 25, 14661 }, // я
    { 9, 14, 9, 0, 13, 32, 14686 }, // ѐ
    { 9, 14, 9, 0, 13, 32, 14718 }, // ё
    { 10, 17, 10, 0, 13, 43, 14750 }, // ђ
    { 10, 14, 8, -1, 13, 35, 14793 }, // ѓ
    { 8, 11, 8, 0, 10, 22, 14828 }, // є
    { 8, 11, 8, 0, 10, 22, 14850 }, // ѕ
    { 6, 13, 5, 0, 13, 20, 14872 }, // і
    { 7, 13, 5, 0, 13, 23, 14892 }, // ї
    { 9, 17, 5, -3, 13, 39, 14915 }, // ј
    { 15, 11, 14, -1, 10, 42, 14954 }, // љ
    { 14, 11, 14, 0, 10, 39, 14996 }, // њ
    { 10, 13, 10, 0, 13, 33, 15035 }, // ћ
    { 11, 13, 9, 0, 13, 36, 15068 }, // ќ
    { 10, 14, 10, 0, 13, 35, 15104 }, // ѝ
    { 12, 17, 9, -2, 13, 51, 15139 }, // ў
    { 10, 14, 10, 0, 10, 35, 15190 }, // џ
    { 16, 12, 15, 1, 12, 48, 15225 }, // Ѡ
    { 14, 10, 13, 1, 10, 35, 15273 }, // ѡ
    { 9, 12, 10, 1, 12, 27, 15308 }, // Ѣ
    { 14, 11, 14, 0, 10, 39, 15335 }, // ѣ
    { 16, 14, 15, 0, 13, 56, 15374 }, // Ѥ
    { 13, 11, 13, 0, 10, 36, 15430 }, // ѥ
    { 12, 12, 11, -1, 12, 36, 15466 }, // Ѧ
    { 11, 10, 10, -2, 10, 28, 15502 }, // ѧ
    { 15, 12, 15, 0, 12, 45, 15530 }, // Ѩ
    { 14, 10, 14, 0, 10, 35, 15575 }, // ѩ
    { 14, 12, 12, -1, 12, 42, 15610 }, // Ѫ
    { 11, 10, 10, -1, 10, 28, 15652 }, // ѫ
    { 17, 12, 16, 0, 12, 51, 15680 }, // Ѭ
    { 15, 10, 14, 0, 10, 38, 15731 }, // ѭ
    { 11, 19, 10, -1, 15, 53, 15769 }, // Ѯ
    { 10, 16, 9, -1, 12, 40, 15822 }, // ѯ
    { 14, 12, 14, 1, 12, 42, 15862 }, // Ѱ
    { 13, 17, 13, 0, 13, 56, 15904 }, // ѱ
    { 12, 14, 12, 0, 13, 42, 15960 }, // Ѳ
    { 10, 11, 10, 0, 10, 28, 16002 }, // ѳ
    { 11, 12, 11, 1, 12, 33, 16030 }, // Ѵ
    { 10, 10, 9, 0, 10, 25, 16063 }, // ѵ
    { 11, 16, 11, 1, 16, 44, 16088 }, // Ѷ
    { 10, 13, 9, 0, 13, 33, 16132 }, // ѷ
    { 22, 17, 21, 0, 13, 94, 16165 }, // Ѹ
    { 20, 14, 18, 0, 10, 70, 16259 }, // ѹ
    { 12, 15, 13, 1, 13, 45, 16329 }, // Ѻ
    { 10, 11, 11, 0, 10, 28, 16374 }, // ѻ
    { 16, 19, 17, 1, 18, 76, 16402 }, // Ѽ
    { 14, 16, 14, 0, 15, 56, 16478 }, // ѽ
    { 16, 16, 15, 1, 16, 64, 16534 }, // Ѿ
    { 14, 13, 14, 1, 13, 46, 16598 }, // ѿ
    { 11, 17, 10, 0, 13, 47, 16644 }, // Ҁ
    { 9, 14, 8, 0, 10, 32, 16691 }, // ҁ
    { 10, 12, 10, 0, 11, 30, 16723 }, // ҂
    { 7, 4, 0, -7, 13, 7, 16753 }, // ҃
    { 7, 3, 0, -7, 13, 6, 16760 }, // ҄
    { 4, 5, 0, -5, 14, 5, 16766 }, // ҅
    { 4, 5, 0, -5, 14, 5, 16771 }, // ҆
    { 8, 4, 0, -2, 16, 8, 16776 }, // ҇
    { 20, 19, 0, -10, 14, 95, 16784 }, // ҈
    { 20, 19, 0, -10, 14, 95, 16879 }, // ҉
    { 14, 20, 14, 0, 16, 70, 16974 }, // Ҋ
    { 11, 18, 10, 0, 14, 50, 17044 }, // ҋ
    { 9, 12, 10, 0, 12, 27, 17094 }, // Ҍ
    { 9, 14, 9, 0, 13, 32, 17121 }, // ҍ
    { 11, 12, 10, 0, 12, 33, 17153 }, // Ҏ
    { 11, 14, 10, -1, 10, 39, 17186 }, // ҏ
    { 11, 15, 8, 0, 15, 42, 17225 }, // Ґ
    { 9, 12, 8, 0, 12, 27, 17267 }, // ґ
    { 10, 12, 8, 0, 12, 30, 17294 }, // Ғ
    { 10, 10, 8, -1, 10, 25, 17324 }, // ғ
    { 10, 17, 11, 0, 12, 43, 17349 }, // Ҕ
    { 9, 15, 10, 0, 10, 34, 17392 }, // ҕ
    { 18, 16, 15, -2, 12, 72, 17426 }, // Җ
    { 18, 14, 16, -1, 10, 63, 17498 }, // җ
    { 10, 18, 9, 0, 13, 45, 17561 }, // Ҙ
    { 8, 15, 8, 0, 10, 30, 17606 }, // ҙ
    { 12, 16, 11, 0, 12, 48, 17636 }, // Қ
    { 11, 14, 10, 0, 10, 39, 17684 }, // қ
    { 12, 12, 10, 0, 12, 36, 17723 }, // Ҝ
    { 11, 10, 10, 0, 10, 28, 17759 }, // ҝ
    { 12, 12, 10, 0, 12, 36, 17787 }, // Ҟ
    { 11, 13, 10, 0, 13, 36, 17823 }, // ҟ
    { 13, 12, 12, 1, 12, 39, 17859 }, // Ҡ
    { 12, 10, 11, 0, 10, 30, 17898 }, // ҡ
    { 12, 16, 13, 0, 12, 48, 17928 }, // Ң
    { 11, 14, 11, 0, 10, 39, 17976 }, // ң
    { 15, 12, 13, 0, 12, 45, 18015 }, // Ҥ
    { 13, 10, 12, 0, 10, 33, 18060 }, // ҥ
    { 16, 17, 17, 0, 12, 68, 18093 }, // Ҧ
    { 14, 15, 14, 0, 10, 53, 18161 }, // ҧ
    { 11, 14, 12, 1, 13, 39, 18214 }, // Ҩ
    { 10, 11, 10, 0, 10, 28, 18253 }, // ҩ
    { 11, 18, 10, 0, 13, 50, 18281 }, // Ҫ
    { 9, 15, 8, 0, 10, 34, 18331 }, // ҫ
    { 10, 16, 9, 1, 12, 40, 18365 }, // Ҭ
    { 15, 14, 15, 0, 10, 53, 18405 }, // ҭ
    { 10, 12, 9, 1, 12, 30, 18458 }, // Ү
    { 10, 14, 9, 0, 10, 35, 18488 }, // ү
    { 11, 12, 9, 0, 12, 33, 18523 }, // Ұ
    { 11, 14, 9, -1, 10, 39, 18556 }, // ұ
    { 13, 16, 12, -1, 12, 52, 18595 }, // Ҳ
    { 11, 14, 10, -1, 10, 39, 18647 }, // ҳ
    { 13, 16, 14, 1, 12, 52, 18686 }, // Ҵ
    { 11, 14, 11, 0, 10, 39, 18738 }, // ҵ
    { 11, 16, 12, 1, 12, 44, 18777 }, // Ҷ
    { 9, 14, 11, 1, 10, 32, 18821 }, // ҷ
    { 11, 12, 11, 1, 12, 33, 18853 }, // Ҹ
    { 9, 10, 10, 1, 10, 23, 18886 }, // ҹ
    { 11, 12, 11, 0, 12, 33, 18909 }, // Һ
    { 10, 13, 10, 0, 13, 33, 18942 }, // һ
    { 13, 14, 13, 0, 13, 46, 18975 }, // Ҽ
    { 11, 11, 11, 0, 10, 31, 19021 }, // ҽ
    { 13, 17, 13, 0, 13, 56, 19052 }, // Ҿ
    { 11, 14, 11, 0, 10, 39, 19108 }, // ҿ
    { 9, 12, 6, -1, 12, 27, 19147 }, // Ӏ
    { 18, 16, 15, -1, 16, 72, 19174 }, // Ӂ
    { 18, 14, 16, -1, 13, 63, 19246 }, // ӂ
    { 12, 17, 12, 0, 12, 51, 19309 }, // Ӄ
    { 11, 15, 10, 0, 10, 42, 19360 }, // ӄ
    { 14, 16, 13, -1, 12, 56, 19402 }, // Ӆ
    { 12, 14, 11, -1, 10, 42, 19458 }, // ӆ
    { 12, 17, 12, 0, 12, 51, 19500 }, // Ӈ
    { 10, 15, 10, 0, 10, 38, 19551 }, // ӈ
    { 13, 16, 13, 0, 12, 52, 19589 }, // Ӊ
    { 11, 14, 11, 0, 10, 39, 19641 }, // ӊ
    { 11, 16, 11, 1, 12, 44, 19680 }, // Ӌ
    { 9, 14, 10, 1, 10, 32, 19724 }, // ӌ
    { 16, 16, 16, 0, 12, 64, 19756 }, // Ӎ
    { 14, 14, 14, 0, 10, 49, 19820 }, // ӎ
    { 9, 12, 6, -1, 12, 27, 19869 }, // ӏ
    { 12, 16, 10, -1, 16, 48, 19896 }, // Ӑ
    { 10, 14, 10, 0, 13, 35, 19944 }, // ӑ
    { 11, 16, 10, -1, 16, 44, 19979 }, // Ӓ
    { 10, 14, 10, 0, 13, 35, 20023 }, // ӓ
    { 17, 12, 15, -1, 12, 51, 20058 }, // Ӕ
    { 15, 11, 15, 0, 10, 42, 20109 }, // ӕ
    { 11, 16, 9, 0, 16, 44, 20151 }, // Ӗ
    { 10, 14, 9, 0, 13, 35, 20195 }, // ӗ
    { 11, 14, 11, 0, 13, 39, 20230 }, // Ә
    { 9, 11, 9, 0, 10, 25, 20269 }, // ә
    { 11, 17, 11, 0, 16, 47, 20294 }, // Ӛ
    { 9, 14, 9, 0, 13, 32, 20341 }, // ӛ
    { 18, 16, 15, -1, 16, 72, 20373 }, // Ӝ
    { 18, 14, 16, -1, 13, 63, 20445 }, // ӝ
    { 10, 17, 9, 0, 16, 43, 20508 }, // Ӟ
    { 9, 14, 8, 0, 13, 32, 20551 }, // ӟ
    { 11, 13, 9, -1, 12, 36, 20583 }, // Ӡ
    { 10, 15, 9, -1, 10, 38, 20619 }, // ӡ
    { 12, 15, 12, 0, 15, 45, 20657 }, // Ӣ
    { 10, 13, 10, 0, 12, 33, 20702 }, // ӣ
    { 12, 16, 12, 0, 16, 48, 20735 }, // Ӥ
    { 10, 14, 10, 0, 13, 35, 20783 }, // ӥ
    { 12, 17, 12, 0, 16, 51, 20818 }, // Ӧ
    { 10, 14, 10, 0, 13, 35, 20869 }, // ӧ
    { 12, 14, 12, 0, 13, 42, 20904 }, // Ө
    { 10, 11, 10, 0, 10, 28, 20946 }, // ө
    { 12, 17, 12, 0, 16, 51, 20974 }, // Ӫ
    { 10, 14, 10, 0, 13, 35, 21025 }, // ӫ
    { 11, 17, 10, 0, 16, 47, 21060 }, // Ӭ
    { 8, 14, 8, 0, 13, 28, 21107 }, // ӭ
    { 12, 16, 10, 0, 15, 48, 21135 }, // Ӯ
    { 12, 16, 9, -2, 12, 48, 21183 }, // ӯ
    { 12, 17, 10, 0, 16, 51, 21231 }, // Ӱ
    { 12, 17, 9, -2, 13, 51, 21282 }, // ӱ
    { 12, 17, 10, 0, 16, 51, 21333 }, // Ӳ
    { 13, 17, 9, -2, 13, 56, 21384 }, // ӳ
    { 11, 16, 11, 1, 16, 44, 21440 }, // Ӵ
    { 9, 13, 10, 1, 13, 30, 21484 }, // ӵ
    { 10, 16, 8, 0, 12, 40, 21514 }, // Ӷ
    { 9, 14, 8, 0, 10, 32, 21554 }, // ӷ
    { 15, 16, 15, 0, 16, 60, 21586 }, // Ӹ
    { 14, 14, 13, 0, 13, 49, 21646 }, // ӹ
    { 10, 17, 8, 0, 12, 43, 21695 }, // Ӻ
    { 10, 15, 8, -1, 10, 38, 21738 }, // ӻ
    { 13, 17, 12, -1, 12, 56, 21776 }, // Ӽ
    { 11, 15, 10, -1, 10, 42, 21832 }, // ӽ
    { 13, 12, 10, -1, 12, 39, 21874 }, // Ӿ
    { 11, 10, 9, -1, 10, 28, 21913 }, // ӿ
    { 0, 0, 8, 0, 0, 0, 21941 }, //  
    { 0, 0, 17, 0, 0, 0, 21941 }, //  
    { 0, 0, 8, 0, 0, 0, 21941 }, //  
    { 0, 0, 17, 0, 0, 0, 21941 }, //  
    { 0, 0, 6, 0, 0, 0, 21941 }, //  
    { 0, 0, 4, 0, 0, 0, 21941 }, //  
    { 0, 0, 3, 0, 0, 0, 21941 }, //  
    { 0, 0, 9, 0, 0, 0, 21941 }, //  
    { 0, 0, 5, 0, 0, 0, 21941 }, //  
    { 0, 0, 3, 0, 0, 0, 21941 }, //  
    { 0, 0, 2, 0, 0, 0, 21941 }, //  
    { 0, 0, 0, 0, 0, 0, 21941 }, // ​
    { 0, 0, 0, 0, 0, 0, 21941 }, // ‌
    { 0, 0, 0, 0, 0, 0, 21941 }, // ‍
    { 5, 15, 0, -1, 12, 19, 21941 }, // ‎
    { 5, 15, 0, -4, 12, 19, 21960 }, // ‏
    { 5, 3, 5, 0, 6, 4, 21979 }, // ‐
    { 5, 3, 5, 0, 6, 4, 21983 }, // ‑
    { 9, 3, 9, 0, 7, 7, 21987 }, // ‒
    { 8, 3, 8, 0, 6, 6, 21994 }, // –
    { 16, 3, 16, 0, 6, 12, 22000 }, // —
    { 16, 3, 16, 0, 6, 12, 22012 }, // ―
    { 7, 17, 9, 1, 13, 30, 22024 }, // ‖
    { 8, 4, 7, -2, 0, 8, 22054 }, // ‗
    { 5, 5, 4, 0, 12, 7, 22062 }, // ‘
    { 5, 5, 4, 0, 12, 7, 22069 }, // ’
    { 5, 5, 5, -1, 2, 7, 22076 }, // ‚
    { 4, 5, 4, 1, 12, 5, 22083 }, // ‛
    { 9, 5, 7, 0, 12, 12, 22088 }, // “
    { 9, 5, 7, 0, 12, 12, 22100 }, // ”
    { 8, 5, 8, -1, 2, 10, 22112 }, // „
    { 7, 5, 7, 1, 12, 9, 22122 }, // ‟
    { 8, 13, 9, 1, 13, 26, 22131 }, // †
    { 9, 13, 9, 0, 13, 30, 22157 }, // ‡
    { 5, 6, 6, 1, 9, 8, 22187 }, // •
    { 6, 7, 6, 0, 10, 11, 22195 }, // ‣
    { 4, 4, 8, 1, 3, 4, 22206 }, // ․
    { 8, 4, 10, 0, 3, 8, 22210 }, // ‥
    { 13, 4, 14, 0, 3, 13, 22218 }, // …
    { 4, 4, 5, 1, 6, 4, 22231 }, // ‧
    { 0, 0, 10, 0, 0, 0, 22235 }, //  
    { 0, 0, 10, 0, 0, 0, 22235 }, //  
    { 5, 14, 0, -1, 11, 18, 22235 }, // ‪
    { 5, 14, 0, -4, 11, 18, 22253 }, // ‫
    { 4, 15, 0, -2, 12, 15, 22271 }, // ‬
    { 4, 15, 0, -2, 12, 15, 22286 }, // ‭
    { 4, 15, 0, -2, 12, 15, 22301 }, // ‮
    { 0, 0, 3, 0, 0, 0, 22316 }, //  
    { 20, 14, 20, 0, 13, 70, 22316 }, // ‰
    { 26, 14, 26, 0, 13, 91, 22386 }, // ‱
    { 5, 5, 5, 1, 12, 7, 22477 }, // ′
    { 9, 5, 9, 1, 12, 12, 22484 }, // ″
    { 13, 5, 12, 1, 12, 17, 22496 }, // ‴
    { 5, 5, 5, 1, 12, 7, 22513 }, // ‵
    { 9, 5, 9, 1, 12, 12, 22520 }, // ‶
    { 12, 5, 12, 1, 12, 15, 22532 }, // ‷
    { 7, 6, 6, -2, 2, 11, 22547 }, // ‸
    { 6, 9, 5, 0, 9, 14, 22558 }, // ‹
    { 5, 9, 5, 0, 9, 12, 22572 }, // ›
    { 14, 14, 14, 0, 13, 49, 22584 }, // ※
    { 10, 13, 9, 0, 12, 33, 22633 }, // ‼
    { 8, 14, 8, 1, 13, 28, 22666 }, // ‽
    { 9, 3, 7, 1, 15, 7, 22694 }, // ‾
    { 9, 4, 9, -1, 0, 9, 22701 }, // ‿
    { 9, 5, 9, 1, 14, 12, 22710 }, // ⁀
    { 9, 11, 6, -2, 7, 25, 22722 }, // ⁁
    { 20, 16, 19, -1, 13, 80, 22747 }, // ⁂
    { 5, 3, 5, 0, 6, 4, 22827 }, // ⁃
    { 12, 12, 2, -5, 12, 36, 22831 }, // ⁄
    { 8, 15, 6, -1, 12, 30, 22867 }, // ⁅
    { 8, 15, 6, -2, 12, 30, 22897 }, // ⁆
    { 15, 14, 15, 1, 13, 53, 22927 }, // ⁇
    { 13, 14, 13, 1, 13, 46, 22980 }, // ⁈
    { 13, 14, 12, 0, 13, 46, 23026 }, // ⁉
    { 9, 10, 9, 1, 10, 23, 23072 }, // ⁊
    { 10, 16, 10, 1, 13, 40, 23095 }, // ⁋
    { 10, 10, 11, 0, 10, 25, 23135 }, // ⁌
    { 9, 10, 11, 1, 10, 23, 23160 }, // ⁍
    { 9, 9, 9, -1, 5, 21, 23183 }, // ⁎
    { 5, 13, 5, 0, 10, 17, 23204 }, // ⁏
    { 11, 18, 9, -1, 14, 50, 23221 }, // ⁐
    { 11, 17, 9, -1, 13, 47, 23271 }, // ⁑
    { 7, 14, 7, 0, 13, 25, 23318 }, // ⁒
    { 17, 4, 17, 0, 7, 17, 23343 }, // ⁓
    { 9, 4, 9, -2, 0, 9, 23360 }, // ⁔
    { 10, 10, 10, 0, 9, 25, 23369 }, // ⁕
    { 9, 14, 9, 0, 13, 32, 23394 }, // ⁖
    { 15, 5, 15, 1, 12, 19, 23426 }, // ⁗
    { 14, 14, 14, 0, 13, 49, 23445 }, // ⁘
    { 14, 14, 14, 0, 13, 49, 23494 }, // ⁙
    { 4, 14, 5, 0, 13, 14, 23543 }, // ⁚
    { 12, 14, 12, 0, 13, 42, 23557 }, // ⁛
    { 14, 14, 14, 0, 13, 49, 23599 }, // ⁜
    { 4, 14, 5, 0, 13, 14, 23648 }, // ⁝
    { 3, 14, 5, 1, 13, 11, 23662 }, // ⁞
    { 0, 0, 4, 0, 0, 0, 23673 }, //  
    { 0, 0, 10, 0, 0, 0, 23673 }, // ⁠
    { 0, 0, 10, 0, 0, 0, 23673 }, // ⁡
    { 0, 0, 10, 0, 0, 0, 23673 }, // ⁢
    { 0, 0, 10, 0, 0, 0, 23673 }, // ⁣
    { 0, 0, 10, 0, 0, 0, 23673 }, // ⁤
    { 0, 0, 10, 0, 0, 0, 23673 }, // ⁦
    { 0, 0, 10, 0, 0, 0, 23673 }, // ⁧
    { 0, 0, 10, 0, 0, 0, 23673 }, // ⁨
    { 0, 0, 10, 0, 0, 0, 23673 }, // ⁩
    { 4, 15, 0, -2, 12, 15, 23673 }, // ⁪
    { 4, 15, 0, -2, 12, 15, 23688 }, // ⁫
    { 4, 15, 0, -2, 12, 15, 23703 }, // ⁬
    { 4, 15, 0, -2, 12, 15, 23718 }, // ⁭
    { 4, 15, 0, -2, 12, 15, 23733 }, // ⁮
    { 4, 15, 0, -2, 12, 15, 23748 }, // ⁯
    { 7, 9, 6, 1, 15, 16, 23763 }, // ⁰
    { 4, 9, 4, 1, 13, 9, 23779 }, // ⁱ
    { 8, 9, 6, 0, 15, 18, 23788 }, // ⁴
    { 7, 9, 6, 1, 15, 16, 23806 }, // ⁵
    { 7, 9, 6, 1, 15, 16, 23822 }, // ⁶
    { 7, 9, 6, 1, 15, 16, 23838 }, // ⁷
    { 7, 9, 6, 1, 15, 16, 23854 }, // ⁸
    { 7, 9, 6, 1, 15, 16, 23870 }, // ⁹
    { 6, 6, 6, 1, 13, 9, 23886 }, // ⁺
    { 6, 2, 6, 1, 11, 3, 23895 }, // ⁻
    { 5, 4, 7, 2, 12, 5, 23898 }, // ⁼
    { 4, 10, 4, 2, 15, 10, 23903 }, // ⁽
    { 5, 10, 4, 0, 15, 13, 23913 }, // ⁾
    { 6, 7, 7, 1, 11, 11, 23926 }, // ⁿ
    { 7, 9, 6, -1, 6, 16, 23937 }, // ₀
    { 6, 9, 6, -1, 6, 14, 23953 }, // ₁
    { 7, 9, 6, -1, 6, 16, 23967 }, // ₂
    { 7, 9, 6, -1, 6, 16, 23983 }, // ₃
    { 7, 9, 6, -1, 6, 16, 23999 }, // ₄
    { 7, 9, 6, -1, 6, 16, 24015 }, // ₅
    { 7, 9, 6, -1, 6, 16, 24031 }, // ₆
    { 7, 9, 6, -1, 6, 16, 24047 }, // ₇
    { 7, 9, 6, -1, 6, 16, 24063 }, // ₈
    { 7, 9, 6, -1, 6, 16, 24079 }, // ₉
    { 5, 6, 6, 0, 4, 8, 24095 }, // ₊
    { 5, 2, 6, 0, 2, 3, 24103 }, // ₋
    { 6, 4, 7, 0, 3, 6, 24106 }, // ₌
    { 5, 10, 4, 0, 6, 13, 24112 }, // ₍
    { 5, 10, 4, -2, 6, 13, 24125 }, // ₎
    { 7, 6, 6, -1, 4, 11, 24138 }, // ₐ
    { 6, 6, 6, -1, 4, 9, 24149 }, // ₑ
    { 6, 6, 6, -1, 4, 9, 24158 }, // ₒ
    { 8, 6, 6, -2, 4, 12, 24167 }, // ₓ
    { 6, 6, 6, -1, 4, 9, 24179 }, // ₔ
    { 7, 8, 7, -1, 6, 14, 24188 }, // ₕ
    { 8, 8, 7, -1, 6, 16, 24202 }, // ₖ
    { 5, 8, 4, -1, 6, 10, 24218 }, // ₗ
    { 10, 6, 11, -1, 4, 15, 24228 }, // ₘ
    { 7, 6, 7, -1, 4, 11, 24243 }, // ₙ
    { 8, 8, 6, -2, 4, 16, 24254 }, // ₚ
    { 6, 6, 6, -1, 4, 9, 24270 }, // ₛ
    { 5, 8, 4, -1, 6, 10, 24279 }, // ₜ
    { 10, 13, 10, 0, 13, 33, 24289 }, // ₠
    { 11, 14, 9, 0, 13, 39, 24322 }, // ₡
    { 11, 14, 10, 0, 13, 39, 24361 }, // ₢
    { 10, 12, 9, 0, 12, 30, 24400 }, // ₣
    { 12, 13, 9, -1, 13, 39, 24430 }, // ₤
    { 15, 14, 15, 0, 12, 53, 24469 }, // ₥
    { 11, 12, 10, 0, 12, 33, 24522 }, // ₦
    { 15, 13, 14, 0, 12, 49, 24555 }, // ₧
    { 16, 13, 15, 0, 12, 52, 24604 }, // ₨
    { 14, 12, 12, 0, 12, 42, 24656 }, // ₩
    { 15, 12, 14, 0, 12, 45, 24698 }, // ₪
    { 12, 16, 10, 0, 13, 48, 24743 }, // ₫
    { 11, 14, 9, 0, 13, 39, 24791 }, // €
    { 12, 12, 10, 0, 12, 36, 24830 }, // ₭
    { 11, 12, 9, 0, 12, 33, 24866 }, // ₮
    { 17, 17, 17, 0, 13, 73, 24899 }, // ₯
    { 11, 17, 10, -1, 13, 47, 24972 }, // ₰
    { 11, 12, 10, 0, 12, 33, 25019 }, // ₱
    { 12, 15, 12, 0, 13, 45, 25052 }, // ₲
    { 12, 12, 10, -1, 12, 36, 25097 }, // ₳
    { 10, 14, 10, 0, 13, 35, 25133 }, // ₴
    { 10, 15, 10, 1, 13, 38, 25168 }, // ₵
    { 12, 13, 11, 0, 12, 39, 25206 }, // ₶
    { 13, 15, 11, -1, 13, 49, 25245 }, // ₷
    { 10, 12, 9, 0, 12, 30, 25294 }, // ₸
    { 9, 12, 9, 1, 12, 27, 25324 }, // ₹
    { 10, 13, 9, 0, 12, 33, 25351 }, // ₺
    { 11, 14, 11, 1, 13, 39, 25384 }, // ₻
    { 14, 12, 14, -1, 12, 42, 25423 }, // ₼
    { 11, 12, 10, -1, 12, 33, 25465 }, // ₽
    { 12, 14, 10, -1, 14, 42, 25498 }, // ₾
    { 10, 16, 9, 0, 14, 40, 25540 }, // ₿
    { 5, 3, 5, 0, 6, 4, 25580 }, // −
    { 16, 16, 17, 0, 13, 64, 25584 }, // �
};

static const EpdUnicodeInterval notosans_8_bolditalicIntervals[] = {
    { 0x0, 0x0, 0x0 },
    { 0xD, 0xD, 0x1 },
    { 0x20, 0x7E, 0x2 },
    { 0xA0, 0xFF, 0x61 },
    { 0x100, 0x17F, 0xC1 },
    { 0x300, 0x36F, 0x141 },
    { 0x400, 0x4FF, 0x1B1 },
    { 0x2000, 0x2064, 0x2B1 },
    { 0x2066, 0x206F, 0x316 },
    { 0x2070, 0x2071, 0x320 },
    { 0x2074, 0x208E, 0x322 },
    { 0x2090, 0x209C, 0x33D },
    { 0x20A0, 0x20BF, 0x34A },
    { 0x2212, 0x2212, 0x36A },
    { 0xFFFD, 0xFFFD, 0x36B },
};

static const EpdFontData notosans_8_bolditalic = {
    notosans_8_bolditalicBitmaps,
    notosans_8_bolditalicGlyphs,
    notosans_8_bolditalicIntervals,
    15,
    23,
    18,
    -5,
    true,
};
