/**
 * generated by fontconvert.py
 * name: notosans_8_regular
 * size: 8
 * mode: 2-bit
 * Command used: /Users/jesse/Documents/GitHub/crosspoint/crosspoint-reader/lib/EpdFont/scripts/fontconvert.py notosans_8_regular 8 /Users/jesse/Documents/GitHub/crosspoint/crosspoint-reader/lib/EpdFont/builtinFonts/source/NotoSans/NotoSans-Regular.ttf --2bit
 */
#pragma once
#include "EpdFontData.h"

static const uint8_t notosans_8_regularBitmaps[22073] = {
    0xB2, 0xCB, 0x1C, 0x71, 0xC7, 0x1C, 0x10, 0x0B, 0x2C, 0x00, 0xE2, 0xB8, 0xE9, 0x2A, 0x49, 0x00,
    0x00, 0x00, 0xC1, 0x80, 0x03, 0x0A, 0x00, 0x1C, 0x24, 0x05, 0xB5, 0xE4, 0x2B, 0xEF, 0xA4, 0x0D,
    0x1C, 0x00, 0x30, 0xA0, 0x1A, 0xEB, 0xE4, 0x6F, 0xAE, 0x90, 0x28, 0x30, 0x00, 0xD1, 0xC0, 0x03,
    0x06, 0x00, 0x02, 0x00, 0x03, 0x40, 0x3F, 0xFC, 0xB3, 0x54, 0xE3, 0x40, 0xF3, 0x40, 0x3F, 0x80,
    0x07, 0xF8, 0x03, 0x5D, 0x03, 0x4E, 0x93, 0x6D, 0xFF, 0xF4, 0x03, 0x40, 0x03, 0x40, 0x00, 0x00,
    0x00, 0x01, 0xF8, 0x02, 0x80, 0x34, 0xD0, 0x30, 0x03, 0x0A, 0x0A, 0x00, 0x30, 0x61, 0xC0, 0x03,
    0x0A, 0x34, 0x40, 0x34, 0xA7, 0x3F, 0x01, 0xEC, 0xDA, 0x1C, 0x01, 0x2C, 0xD0, 0xC0, 0x03, 0x0D,
    0x0C, 0x00, 0xA0, 0xD1, 0xC0, 0x0C, 0x0A, 0x28, 0x02, 0x80, 0x3F, 0x00, 0x00, 0x00, 0x00, 0x00,
    0x00, 0x00, 0x00, 0xFF, 0x00, 0x00, 0xF0, 0xF0, 0x00, 0x34, 0x2C, 0x00, 0x0E, 0x0E, 0x00, 0x01,
    0xEF, 0x00, 0x00, 0x3F, 0x00, 0x00, 0x3E, 0xE0, 0x34, 0x3C, 0x1E, 0x2C, 0x0D, 0x01, 0xEE, 0x03,
    0x80, 0x2F, 0x00, 0xB4, 0x2F, 0xE0, 0x0B, 0xFD, 0x1E, 0x00, 0x00, 0x00, 0x00, 0xEE, 0x99, 0x00,
    0x03, 0x03, 0x81, 0xC0, 0xB0, 0x34, 0x0D, 0x07, 0x01, 0xC0, 0x70, 0x0D, 0x03, 0x80, 0xB0, 0x1D,
    0x02, 0xC0, 0x20, 0x30, 0x0B, 0x00, 0xD0, 0x38, 0x0B, 0x01, 0xC0, 0x34, 0x0D, 0x03, 0x41, 0xC0,
    0xB0, 0x38, 0x1D, 0x0E, 0x02, 0x00, 0x00, 0x80, 0x00, 0x34, 0x00, 0x0C, 0x00, 0xFB, 0xBD, 0x06,
    0xF4, 0x00, 0xDC, 0x00, 0xF2, 0xC0, 0x14, 0x20, 0x00, 0xD0, 0x00, 0x34, 0x00, 0x0D, 0x00, 0x57,
    0x95, 0x2A, 0xFA, 0x40, 0x34, 0x00, 0x0D, 0x00, 0x03, 0x40, 0x00, 0x00, 0x00, 0x2C, 0x2C, 0x34,
    0x30, 0x00, 0x00, 0x1F, 0xE0, 0x00, 0x02, 0xCB, 0x00, 0x00, 0xB0, 0x03, 0x80, 0x1C, 0x00, 0xB0,
    0x03, 0x40, 0x1C, 0x00, 0xE0, 0x03, 0x40, 0x2C, 0x00, 0xE0, 0x07, 0x00, 0x2C, 0x00, 0x00, 0x00,
    0x01, 0xFE, 0x01, 0xE1, 0xE0, 0xB0, 0x1C, 0x34, 0x03, 0x4D, 0x00, 0xE3, 0x40, 0x38, 0xD0, 0x0E,
    0x34, 0x03, 0x8D, 0x00, 0xE2, 0xC0, 0x74, 0x38, 0x3C, 0x07, 0xFC, 0x00, 0x00, 0x00, 0x02, 0xC3,
    0xF7, 0xAC, 0x4B, 0x02, 0xC0, 0xB0, 0x2C, 0x0B, 0x02, 0xC0, 0xB0, 0x2C, 0x0B, 0x00, 0x00, 0x02,
    0xFE, 0x03, 0xD1, 0xF0, 0x00, 0x1C, 0x00, 0x07, 0x00, 0x02, 0xC0, 0x00, 0xD0, 0x00, 0xE0, 0x00,
    0xE0, 0x00, 0xE0, 0x00, 0xE0, 0x00, 0xF5, 0x54, 0x3F, 0xFF, 0x80, 0x00, 0x00, 0x06, 0xFE, 0x03,
    0x91, 0xF0, 0x00, 0x1C, 0x00, 0x07, 0x00, 0x03, 0x80, 0x7F, 0x80, 0x06, 0xB8, 0x00, 0x07, 0x40,
    0x00, 0xE0, 0x00, 0x34, 0x90, 0x7C, 0x3F, 0xF8, 0x00, 0x00, 0x00, 0x00, 0x1D, 0x00, 0x03, 0xD0,
    0x00, 0xED, 0x00, 0x1C, 0xD0, 0x03, 0x0D, 0x00, 0xE0, 0xD0, 0x2C, 0x0D, 0x07, 0x00, 0xD0, 0xBF,
    0xFF, 0xC1, 0x55, 0xE4, 0x00, 0x0D, 0x00, 0x00, 0xD0, 0x3F, 0xF8, 0x75, 0x54, 0x70, 0x00, 0x70,
    0x00, 0xB1, 0x00, 0xBF, 0xF4, 0x00, 0x2C, 0x00, 0x0E, 0x00, 0x0E, 0x00, 0x0D, 0x90, 0x7C, 0xBF,
    0xE0, 0x00, 0x00, 0x00, 0x00, 0x00, 0x7F, 0xC0, 0xB8, 0x00, 0x34, 0x00, 0x2C, 0x00, 0x0E, 0x15,
    0x03, 0xBF, 0xE0, 0xF0, 0x0D, 0x34, 0x03, 0x8D, 0x00, 0xA2, 0xC0, 0x38, 0x38, 0x2C, 0x07, 0xFD,
    0x00, 0x00, 0x00, 0x3F, 0xFF, 0x85, 0x55, 0xE0, 0x00, 0x70, 0x00, 0x38, 0x00, 0x1D, 0x00, 0x0B,
    0x00, 0x03, 0x40, 0x02, 0xC0, 0x00, 0xD0, 0x00, 0xB0, 0x00, 0x38, 0x00, 0x2C, 0x00, 0x00, 0x00,
    0x01, 0xFF, 0x01, 0xD0, 0xF0, 0xE0, 0x0D, 0x2C, 0x07, 0x03, 0x83, 0x80, 0x7F, 0x80, 0x3D, 0xF4,
    0x3C, 0x07, 0x4D, 0x00, 0xE3, 0x40, 0x38, 0xF0, 0x2D, 0x0B, 0xFD, 0x00, 0x00, 0x00, 0x00, 0x00,
    0x01, 0xFE, 0x01, 0xD1, 0xE0, 0xE0, 0x1C, 0x34, 0x03, 0x8D, 0x00, 0xE3, 0x80, 0x78, 0x7E, 0xFE,
    0x01, 0x93, 0x40, 0x00, 0xC0, 0x00, 0xB0, 0x00, 0xB0, 0x1F, 0xF0, 0x00, 0x00, 0x00, 0x02, 0xCB,
    0x00, 0x00, 0x00, 0x00, 0xB2, 0xC0, 0x00, 0x00, 0x2C, 0x2C, 0x00, 0x00, 0x00, 0x00, 0x00, 0x2C,
    0x38, 0x34, 0x70, 0x00, 0x00, 0x00, 0x00, 0x00, 0xA0, 0x02, 0xE0, 0x0B, 0x80, 0x2E, 0x00, 0x0F,
    0x40, 0x00, 0x7E, 0x00, 0x00, 0xB9, 0x00, 0x02, 0x80, 0x00, 0x00, 0x00, 0x00, 0x0F, 0xFF, 0xE0,
    0x00, 0x00, 0x00, 0x00, 0x3F, 0xFF, 0x45, 0x55, 0x40, 0x00, 0x00, 0x0D, 0x00, 0x01, 0xF4, 0x00,
    0x07, 0xD0, 0x00, 0x1F, 0x40, 0x02, 0xE0, 0x1F, 0x80, 0xBD, 0x00, 0x34, 0x00, 0x00, 0x00, 0x00,
    0x00, 0x01, 0xFF, 0x86, 0x47, 0x40, 0x0B, 0x00, 0x28, 0x01, 0xD0, 0x1D, 0x01, 0xD0, 0x0A, 0x00,
    0x14, 0x00, 0x00, 0x03, 0xC0, 0x0F, 0x00, 0x00, 0x00, 0x00, 0x2F, 0xF4, 0x00, 0x07, 0x90, 0x7C,
    0x00, 0x70, 0x00, 0x2C, 0x03, 0x01, 0xA8, 0x28, 0x28, 0x3D, 0x74, 0x70, 0xD1, 0xC0, 0xD0, 0xC3,
    0x0A, 0x03, 0x43, 0x0C, 0x28, 0x0C, 0x1C, 0x34, 0x70, 0xB4, 0x90, 0xA0, 0xFE, 0x7E, 0x01, 0xC0,
    0x00, 0x00, 0x02, 0xC0, 0x00, 0x00, 0x02, 0xFA, 0xB8, 0x00, 0x00, 0x55, 0x00, 0x00, 0x00, 0xB0,
    0x00, 0x03, 0xE0, 0x00, 0x1D, 0xC0, 0x00, 0xA3, 0x40, 0x03, 0x4A, 0x00, 0x1C, 0x1C, 0x00, 0xE0,
    0x38, 0x07, 0xFF, 0xF0, 0x2D, 0x55, 0xD0, 0xD0, 0x03, 0x87, 0x00, 0x07, 0x38, 0x00, 0x0D, 0x7F,
    0xF8, 0x1D, 0x5B, 0xC7, 0x00, 0x35, 0xC0, 0x0D, 0x70, 0x07, 0x1F, 0xFF, 0x07, 0x56, 0xF1, 0xC0,
    0x0E, 0x70, 0x02, 0xDC, 0x00, 0xF7, 0x55, 0xB5, 0xFF, 0xF4, 0x00, 0x00, 0x00, 0x2F, 0xF8, 0x1F,
    0x56, 0x83, 0x80, 0x00, 0xB0, 0x00, 0x0F, 0x00, 0x00, 0xE0, 0x00, 0x0E, 0x00, 0x00, 0xE0, 0x00,
    0x0B, 0x00, 0x00, 0x78, 0x00, 0x02, 0xE4, 0x14, 0x07, 0xFF, 0x40, 0x00, 0x00, 0x7F, 0xF8, 0x01,
    0xD5, 0xBD, 0x07, 0x00, 0x2D, 0x1C, 0x00, 0x3C, 0x70, 0x00, 0xB1, 0xC0, 0x01, 0xC7, 0x00, 0x07,
    0x1C, 0x00, 0x2C, 0x70, 0x00, 0xF1, 0xC0, 0x0B, 0x47, 0x55, 0xF4, 0x1F, 0xFE, 0x00, 0x7F, 0xFC,
    0x75, 0x54, 0x70, 0x00, 0x70, 0x00, 0x70, 0x00, 0x7F, 0xFC, 0x79, 0x54, 0x70, 0x00, 0x70, 0x00,
    0x70, 0x00, 0x75, 0x54, 0x7F, 0xFD, 0x7F, 0xFC, 0x75, 0x54, 0x70, 0x00, 0x70, 0x00, 0x70, 0x00,
    0x75, 0x54, 0x7F, 0xFC, 0x70, 0x00, 0x70, 0x00, 0x70, 0x00, 0x70, 0x00, 0x70, 0x00, 0x00, 0x00,
    0x00, 0x2F, 0xFD, 0x1F, 0x55, 0x93, 0xC0, 0x00, 0xB0, 0x00, 0x0F, 0x00, 0x00, 0xE0, 0x05, 0x5E,
    0x00, 0xFF, 0xE0, 0x00, 0xBB, 0x00, 0x0B, 0x38, 0x00, 0xB2, 0xF4, 0x0B, 0x07, 0xFF, 0xE0, 0x00,
    0x00, 0x70, 0x00, 0xA7, 0x00, 0x0E, 0x70, 0x00, 0xE7, 0x00, 0x0E, 0x70, 0x00, 0xE7, 0xFF, 0xFE,
    0x79, 0x55, 0xE7, 0x00, 0x0E, 0x70, 0x00, 0xE7, 0x00, 0x0E, 0x70, 0x00, 0xE7, 0x00, 0x0E, 0x7F,
    0xC3, 0x80, 0xE0, 0x38, 0x0E, 0x03, 0x80, 0xE0, 0x38, 0x0E, 0x03, 0x80, 0xE1, 0xFF, 0x01, 0xC0,
    0x1C, 0x01, 0xC0, 0x1C, 0x01, 0xC0, 0x1C, 0x01, 0xC0, 0x1C, 0x01, 0xC0, 0x1C, 0x01, 0xC0, 0x1C,
    0x02, 0xC0, 0x78, 0x7F, 0x00, 0x00, 0x70, 0x03, 0x87, 0x00, 0xF0, 0x70, 0x2C, 0x07, 0x0B, 0x00,
    0x72, 0xC0, 0x07, 0xB8, 0x00, 0x7E, 0xD0, 0x07, 0x0F, 0x00, 0x70, 0x3C, 0x07, 0x01, 0xD0, 0x70,
    0x0B, 0x07, 0x00, 0x3C, 0x70, 0x00, 0x70, 0x00, 0x70, 0x00, 0x70, 0x00, 0x70, 0x00, 0x70, 0x00,
    0x70, 0x00, 0x70, 0x00, 0x70, 0x00, 0x70, 0x00, 0x75, 0x54, 0x7F, 0xFD, 0x7C, 0x00, 0x0F, 0x5F,
    0x40, 0x03, 0xE7, 0xA0, 0x02, 0xB9, 0xDC, 0x00, 0xDE, 0x73, 0x40, 0x73, 0x9C, 0xB0, 0x38, 0xE7,
    0x0C, 0x0C, 0x39, 0xC3, 0x8B, 0x0E, 0x70, 0x73, 0x43, 0x9C, 0x0E, 0xC0, 0xE7, 0x02, 0xE0, 0x39,
    0xC0, 0x74, 0x0E, 0x78, 0x00, 0x71, 0xF4, 0x01, 0xC7, 0xF0, 0x07, 0x1C, 0xE0, 0x1C, 0x72, 0xC0,
    0x71, 0xC3, 0xC1, 0xC7, 0x03, 0x47, 0x1C, 0x0B, 0x1C, 0x70, 0x0F, 0x71, 0xC0, 0x1E, 0xC7, 0x00,
    0x2F, 0x1C, 0x00, 0x3C, 0x00, 0x00, 0x00, 0x1F, 0xFD, 0x02, 0xE5, 0x6D, 0x0E, 0x00, 0x2C, 0xB0,
    0x00, 0x3B, 0x80, 0x00, 0xBE, 0x00, 0x02, 0xF8, 0x00, 0x0B, 0xE0, 0x00, 0x2E, 0xC0, 0x00, 0xE7,
    0x80, 0x07, 0x0B, 0x90, 0xB8, 0x07, 0xFF, 0x40, 0x00, 0x00, 0x00, 0x7F, 0xE4, 0x1D, 0x5B, 0x87,
    0x00, 0xB1, 0xC0, 0x1C, 0x70, 0x07, 0x1C, 0x07, 0x87, 0xFF, 0x81, 0xD5, 0x00, 0x70, 0x00, 0x1C,
    0x00, 0x07, 0x00, 0x01, 0xC0, 0x00, 0x00, 0x00, 0x00, 0x1F, 0xFD, 0x02, 0xE5, 0x6D, 0x0E, 0x00,
    0x2C, 0xB0, 0x00, 0x3B, 0x80, 0x00, 0xBE, 0x00, 0x02, 0xF8, 0x00, 0x0B, 0xE0, 0x00, 0x2E, 0xC0,
    0x00, 0xE7, 0x80, 0x07, 0x0B, 0x90, 0xB8, 0x07, 0xFF, 0x40, 0x00, 0x2C, 0x00, 0x00, 0x3C, 0x00,
    0x00, 0x38, 0x7F, 0xF4, 0x07, 0x56, 0xE0, 0x70, 0x0B, 0x07, 0x00, 0x70, 0x70, 0x0B, 0x07, 0x41,
    0xE0, 0x7F, 0xF4, 0x07, 0x07, 0x40, 0x70, 0x2C, 0x07, 0x00, 0xE0, 0x70, 0x0B, 0x07, 0x00, 0x3C,
    0x00, 0x00, 0x02, 0xFF, 0x82, 0xE5, 0xA0, 0xE0, 0x00, 0x38, 0x00, 0x0B, 0x40, 0x00, 0xBD, 0x00,
    0x06, 0xF4, 0x00, 0x0F, 0x00, 0x00, 0xD0, 0x00, 0x34, 0x90, 0x7C, 0x3F, 0xF8, 0x00, 0x00, 0x00,
    0xFF, 0xFF, 0xC5, 0x5E, 0x54, 0x00, 0xD0, 0x00, 0x0D, 0x00, 0x00, 0xD0, 0x00, 0x0D, 0x00, 0x00,
    0xD0, 0x00, 0x0D, 0x00, 0x00, 0xD0, 0x00, 0x0D, 0x00, 0x00, 0xD0, 0x00, 0x0D, 0x00, 0x70, 0x00,
    0xAB, 0x00, 0x0E, 0xB0, 0x00, 0xEB, 0x00, 0x0E, 0xB0, 0x00, 0xEB, 0x00, 0x0E, 0xB0, 0x00, 0xEB,
    0x00, 0x0E, 0x70, 0x00, 0xE3, 0x40, 0x0D, 0x2D, 0x07, 0xC0, 0xBF, 0xE0, 0x00, 0x00, 0x00, 0xE0,
    0x00, 0xB7, 0x00, 0x0D, 0x34, 0x01, 0xC3, 0xC0, 0x3C, 0x1C, 0x03, 0x40, 0xD0, 0x70, 0x0B, 0x0E,
    0x00, 0x70, 0xD0, 0x03, 0xAC, 0x00, 0x2F, 0x80, 0x01, 0xF4, 0x00, 0x0F, 0x00, 0xB0, 0x03, 0x80,
    0x1C, 0x70, 0x07, 0xC0, 0x2C, 0x34, 0x0E, 0xC0, 0x38, 0x38, 0x0D, 0xD0, 0x34, 0x2C, 0x1C, 0xB0,
    0x70, 0x1C, 0x2C, 0x70, 0xB0, 0x0D, 0x34, 0x34, 0xE0, 0x0E, 0x30, 0x28, 0xD0, 0x0B, 0x70, 0x1D,
    0xC0, 0x07, 0xE0, 0x0F, 0xC0, 0x03, 0xD0, 0x0F, 0x80, 0x03, 0xC0, 0x0B, 0x40, 0x70, 0x01, 0xC3,
    0xC0, 0x38, 0x0D, 0x0B, 0x00, 0x71, 0xC0, 0x03, 0xF8, 0x00, 0x0F, 0x00, 0x01, 0xF0, 0x00, 0x36,
    0xC0, 0x0B, 0x0D, 0x01, 0xC0, 0xB0, 0x38, 0x03, 0x8B, 0x00, 0x1D, 0xB0, 0x01, 0xC3, 0x40, 0x38,
    0x2C, 0x07, 0x00, 0xD0, 0xE0, 0x0B, 0x2C, 0x00, 0x3B, 0x40, 0x02, 0xF0, 0x00, 0x0E, 0x00, 0x00,
    0xD0, 0x00, 0x0D, 0x00, 0x00, 0xD0, 0x00, 0x0D, 0x00, 0x3F, 0xFF, 0x85, 0x56, 0xE0, 0x00, 0xF0,
    0x00, 0x70, 0x00, 0x38, 0x00, 0x3C, 0x00, 0x1C, 0x00, 0x0E, 0x00, 0x0F, 0x00, 0x07, 0x00, 0x03,
    0xD5, 0x55, 0xFF, 0xFF, 0xBF, 0x2D, 0x4B, 0x02, 0xC0, 0xB0, 0x2C, 0x0B, 0x02, 0xC0, 0xB0, 0x2C,
    0x0B, 0x02, 0xC0, 0xB0, 0x2E, 0x86, 0xA0, 0xA0, 0x01, 0xC0, 0x03, 0x80, 0x0B, 0x00, 0x0C, 0x00,
    0x38, 0x00, 0x70, 0x00, 0xD0, 0x02, 0x80, 0x07, 0x00, 0x0D, 0x00, 0x2C, 0xBF, 0x05, 0xC0, 0x70,
    0x1C, 0x07, 0x01, 0xC0, 0x70, 0x1C, 0x07, 0x01, 0xC0, 0x70, 0x1C, 0x07, 0x1A, 0xC6, 0xA0, 0x00,
    0xD0, 0x00, 0xBC, 0x00, 0x33, 0x40, 0x18, 0x70, 0x0D, 0x0D, 0x07, 0x01, 0xC3, 0x40, 0x34, 0x80,
    0x05, 0x2A, 0xAA, 0x0A, 0xAA, 0x80, 0x34, 0x07, 0x00, 0x60, 0x00, 0x00, 0x0B, 0xFC, 0x09, 0x0F,
    0x00, 0x0B, 0x00, 0x5B, 0x1F, 0xEF, 0x38, 0x07, 0x34, 0x0B, 0x38, 0x1F, 0x1F, 0xE3, 0x00, 0x00,
    0x60, 0x00, 0x2C, 0x00, 0x0B, 0x00, 0x02, 0xC0, 0x00, 0xB7, 0xF8, 0x2F, 0x47, 0x8B, 0x00, 0xB2,
    0xC0, 0x1D, 0xB0, 0x03, 0x6C, 0x01, 0xDB, 0x00, 0xB2, 0xF0, 0x78, 0xA7, 0xF8, 0x00, 0x00, 0x00,
    0x00, 0x00, 0x07, 0xFD, 0x1E, 0x44, 0x3C, 0x00, 0x38, 0x00, 0x34, 0x00, 0x38, 0x00, 0x3C, 0x00,
    0x1E, 0x04, 0x07, 0xFC, 0x00, 0x00, 0x00, 0x01, 0x80, 0x00, 0xB0, 0x00, 0x2C, 0x00, 0x0B, 0x07,
    0xFA, 0xC7, 0x82, 0xF3, 0xC0, 0x3C, 0xE0, 0x0B, 0x34, 0x02, 0xCE, 0x00, 0xB3, 0xC0, 0x3C, 0x74,
    0x2F, 0x0B, 0xF9, 0xC0, 0x00, 0x00, 0x00, 0x00, 0x01, 0xFF, 0x00, 0xE0, 0xF0, 0xB0, 0x0D, 0x39,
    0x57, 0x8F, 0xFF, 0xD3, 0x80, 0x00, 0xF0, 0x00, 0x1E, 0x01, 0x01, 0xFF, 0xC0, 0x00, 0x00, 0x02,
    0xA0, 0x3E, 0x80, 0xD0, 0x03, 0x40, 0x7F, 0xE0, 0x74, 0x00, 0xD0, 0x03, 0x40, 0x0D, 0x00, 0x34,
    0x00, 0xD0, 0x03, 0x40, 0x0D, 0x00, 0x00, 0x00, 0x01, 0xFE, 0x71, 0xE0, 0xBC, 0xF0, 0x0F, 0x38,
    0x02, 0xCD, 0x00, 0xB3, 0x80, 0x2C, 0xF0, 0x0F, 0x1D, 0x0B, 0xC2, 0xFE, 0xB0, 0x00, 0x2C, 0x00,
    0x0E, 0x19, 0x1B, 0x42, 0xFF, 0x40, 0x60, 0x00, 0xB0, 0x00, 0xB0, 0x00, 0xB0, 0x00, 0xB7, 0xF8,
    0xBD, 0x1E, 0xB0, 0x0B, 0xB0, 0x0B, 0xB0, 0x0B, 0xB0, 0x0B, 0xB0, 0x0B, 0xB0, 0x0B, 0xB0, 0x0B,
    0x02, 0xC5, 0x00, 0xB2, 0xCB, 0x2C, 0xB2, 0xCB, 0x2C, 0xB0, 0x00, 0x02, 0xC0, 0x50, 0x00, 0x0B,
    0x02, 0xC0, 0xB0, 0x2C, 0x0B, 0x02, 0xC0, 0xB0, 0x2C, 0x0B, 0x02, 0xC0, 0xB1, 0x78, 0xFC, 0x00,
    0x60, 0x00, 0xB0, 0x00, 0xB0, 0x00, 0xB0, 0x00, 0xB0, 0x2C, 0xB0, 0xB0, 0xB2, 0xC0, 0xB7, 0x40,
    0xBF, 0x40, 0xB2, 0xC0, 0xB0, 0xF0, 0xB0, 0x38, 0xB0, 0x1D, 0x6B, 0xBB, 0xBB, 0xBB, 0xBB, 0xBB,
    0xB0, 0x00, 0x00, 0x00, 0x0A, 0x7F, 0x8B, 0xF4, 0xBC, 0x2F, 0x83, 0xCB, 0x00, 0xF0, 0x1C, 0xB0,
    0x0E, 0x00, 0xCB, 0x00, 0xE0, 0x0C, 0xB0, 0x0E, 0x00, 0xCB, 0x00, 0xE0, 0x0C, 0xB0, 0x0E, 0x00,
    0xCB, 0x00, 0xE0, 0x0C, 0x00, 0x00, 0xA7, 0xF8, 0xBD, 0x1E, 0xB0, 0x0B, 0xB0, 0x0B, 0xB0, 0x0B,
    0xB0, 0x0B, 0xB0, 0x0B, 0xB0, 0x0B, 0xB0, 0x0B, 0x00, 0x00, 0x00, 0x7F, 0xD0, 0x1E, 0x0B, 0x43,
    0xC0, 0x2C, 0x38, 0x01, 0xC3, 0x40, 0x1C, 0x38, 0x01, 0xC3, 0xC0, 0x2C, 0x1E, 0x07, 0x40, 0x7F,
    0xD0, 0x00, 0x00, 0x00, 0x00, 0x00, 0x29, 0xFE, 0x0B, 0xD1, 0xE2, 0xC0, 0x2C, 0xB0, 0x07, 0x6C,
    0x00, 0xDB, 0x00, 0x76, 0xC0, 0x2C, 0xBC, 0x1E, 0x2D, 0xFE, 0x0B, 0x00, 0x02, 0xC0, 0x00, 0xB0,
    0x00, 0x2C, 0x00, 0x00, 0x00, 0x00, 0x01, 0xFE, 0x71, 0xE0, 0xBC, 0xF0, 0x0F, 0x38, 0x02, 0xCD,
    0x00, 0xB3, 0x80, 0x2C, 0xF0, 0x0F, 0x1E, 0x0B, 0xC2, 0xFE, 0xB0, 0x00, 0x2C, 0x00, 0x0B, 0x00,
    0x02, 0xC0, 0x00, 0xB0, 0x00, 0x0A, 0x3E, 0xBD, 0x4B, 0x40, 0xB0, 0x0B, 0x00, 0xB0, 0x0B, 0x00,
    0xB0, 0x0B, 0x00, 0x00, 0x00, 0x1F, 0xF8, 0x38, 0x14, 0x34, 0x00, 0x2E, 0x00, 0x07, 0xE0, 0x00,
    0x7C, 0x00, 0x1C, 0x10, 0x2C, 0x3F, 0xF4, 0x00, 0x00, 0x0C, 0x01, 0xC0, 0x7F, 0xE2, 0xC0, 0x1C,
    0x01, 0xC0, 0x1C, 0x01, 0xC0, 0x1C, 0x01, 0xD0, 0x0B, 0xE0, 0x00, 0xA0, 0x0B, 0xB0, 0x0B, 0xB0,
    0x0B, 0xB0, 0x0B, 0xB0, 0x0B, 0xB0, 0x0B, 0xB0, 0x0F, 0x74, 0x2F, 0x2F, 0xE7, 0x00, 0x00, 0xE0,
    0x03, 0x5C, 0x02, 0xC3, 0x40, 0xE0, 0xB0, 0x70, 0x1C, 0x2C, 0x03, 0x8D, 0x00, 0xB7, 0x00, 0x0F,
    0x80, 0x03, 0xD0, 0x00, 0xB0, 0x1D, 0x02, 0xDC, 0x0B, 0xC0, 0xE3, 0x43, 0xB0, 0x30, 0xE1, 0xCD,
    0x1C, 0x2C, 0xA2, 0x8A, 0x07, 0x34, 0x73, 0x40, 0xEC, 0x0E, 0xC0, 0x3F, 0x02, 0xF0, 0x07, 0x40,
    0x78, 0x00, 0x34, 0x0B, 0x0B, 0x07, 0x40, 0xF3, 0x80, 0x0F, 0xC0, 0x02, 0xD0, 0x00, 0xFC, 0x00,
    0xE3, 0x80, 0xB0, 0x34, 0x74, 0x07, 0x00, 0xA0, 0x03, 0x5C, 0x02, 0xC3, 0x80, 0xE0, 0xB0, 0x70,
    0x0D, 0x2C, 0x03, 0x8D, 0x00, 0x77, 0x00, 0x0F, 0x80, 0x02, 0xD0, 0x00, 0xB0, 0x00, 0x38, 0x00,
    0x6C, 0x00, 0xFC, 0x00, 0x00, 0x3F, 0xFC, 0x00, 0x3C, 0x00, 0x70, 0x00, 0xD0, 0x03, 0x80, 0x0B,
    0x00, 0x1D, 0x00, 0x38, 0x00, 0x7F, 0xFC, 0x01, 0xA0, 0x39, 0x07, 0x00, 0xB0, 0x0B, 0x00, 0xB0,
    0x1E, 0x0B, 0x80, 0x0E, 0x00, 0xB0, 0x0B, 0x00, 0xB0, 0x07, 0x00, 0x3D, 0x00, 0x50, 0x20, 0xC3,
    0x0C, 0x30, 0xC3, 0x0C, 0x30, 0xC3, 0x0C, 0x30, 0xC3, 0x0C, 0x30, 0x00, 0x78, 0x01, 0xE0, 0x0B,
    0x00, 0xB0, 0x0B, 0x00, 0xB0, 0x03, 0x90, 0x1F, 0x07, 0x40, 0xB0, 0x0B, 0x00, 0xB0, 0x0F, 0x07,
    0xD0, 0x60, 0x00, 0x2F, 0x90, 0x49, 0x6F, 0xD0, 0x00, 0x00, 0x02, 0xCB, 0x00, 0x11, 0xC7, 0x1C,
    0x72, 0xCB, 0x2C, 0xB0, 0x00, 0x00, 0x00, 0x01, 0xC0, 0x06, 0xE4, 0x1F, 0xA8, 0x38, 0x00, 0x70,
    0x00, 0x70, 0x00, 0x70, 0x00, 0x70, 0x00, 0x38, 0x00, 0x1F, 0xFC, 0x02, 0xD0, 0x01, 0xC0, 0x00,
    0x00, 0x00, 0x00, 0x00, 0x7F, 0xC0, 0x74, 0x60, 0x3C, 0x00, 0x0E, 0x00, 0x03, 0x80, 0x01, 0xF5,
    0x41, 0xBE, 0xA0, 0x0E, 0x00, 0x03, 0x80, 0x00, 0xD0, 0x00, 0xB5, 0x55, 0x7F, 0xFF, 0xC0, 0x10,
    0x01, 0x0B, 0xFE, 0xC0, 0xD0, 0xE0, 0x60, 0x0C, 0x18, 0x03, 0x03, 0x02, 0x81, 0xFF, 0xF0, 0x81,
    0x48, 0x70, 0x01, 0xC3, 0x80, 0x38, 0x1C, 0x0B, 0x00, 0xE0, 0xD0, 0x07, 0x2C, 0x00, 0x3B, 0x40,
    0x1B, 0xFA, 0x00, 0x5E, 0x50, 0x00, 0xE0, 0x01, 0xFF, 0xF0, 0x00, 0xD0, 0x00, 0x0D, 0x00, 0x20,
    0xC3, 0x0C, 0x30, 0xC2, 0x00, 0x00, 0x01, 0x0C, 0x30, 0xC3, 0x0C, 0x30, 0x00, 0x06, 0xA4, 0x2D,
    0x6C, 0x38, 0x00, 0x1E, 0x00, 0x0F, 0xE0, 0x28, 0x2C, 0x34, 0x0D, 0x2D, 0x0D, 0x0B, 0xF8, 0x00,
    0x7C, 0x00, 0x0D, 0x20, 0x1C, 0x2F, 0xF4, 0x00, 0x00, 0x00, 0x07, 0x1C, 0x10, 0x40, 0x00, 0x00,
    0x00, 0x00, 0x0B, 0xFE, 0x00, 0x07, 0x40, 0x1C, 0x00, 0xC0, 0xA4, 0x70, 0x24, 0x79, 0x82, 0x83,
    0x0E, 0x00, 0x0C, 0x30, 0xD0, 0x00, 0xC3, 0x0C, 0x00, 0x0C, 0x30, 0xD0, 0x00, 0xC2, 0x47, 0x58,
    0x18, 0x0C, 0x1B, 0x83, 0x00, 0x74, 0x01, 0xD0, 0x00, 0xBB, 0xE0, 0x00, 0x00, 0x00, 0x00, 0x00,
    0x03, 0xF8, 0x00, 0xC1, 0xBC, 0x70, 0xC7, 0x6C, 0x19, 0x40, 0x02, 0x05, 0x0B, 0x1C, 0x1C, 0x34,
    0x34, 0xE0, 0x2C, 0x74, 0x0E, 0x2C, 0x03, 0x09, 0x00, 0x00, 0x15, 0x55, 0x4A, 0xAA, 0xE0, 0x00,
    0x28, 0x00, 0x0A, 0x00, 0x01, 0x80, 0x00, 0x1F, 0xE0, 0x00, 0x00, 0x00, 0x00, 0x00, 0x0B, 0xFE,
    0x00, 0x07, 0x40, 0x1C, 0x00, 0xC2, 0xA0, 0x70, 0x24, 0x76, 0xC2, 0x83, 0x07, 0x0D, 0x0C, 0x30,
    0x71, 0xC0, 0xC3, 0x07, 0xF4, 0x0C, 0x30, 0x72, 0x80, 0xC2, 0x47, 0x0D, 0x18, 0x0C, 0x20, 0x63,
    0x00, 0x74, 0x01, 0xD0, 0x00, 0xBB, 0xE0, 0x00, 0x00, 0x00, 0x00, 0x3F, 0xFF, 0xD1, 0x55, 0x54,
    0x00, 0x00, 0x3F, 0x43, 0x43, 0x0C, 0x0C, 0x34, 0x30, 0x3F, 0x40, 0x00, 0x00, 0x00, 0xD0, 0x00,
    0x34, 0x00, 0x0D, 0x00, 0xAB, 0xA9, 0x2A, 0xFA, 0x40, 0x34, 0x00, 0x0D, 0x00, 0x03, 0x40, 0x00,
    0x40, 0x0F, 0xFF, 0xE0, 0x00, 0x03, 0xF8, 0x00, 0xC0, 0x0C, 0x03, 0x40, 0xD0, 0x34, 0x0B, 0xFC,
    0x00, 0x00, 0x00, 0x07, 0xF8, 0x00, 0xC0, 0x1C, 0x2F, 0x40, 0x0D, 0x00, 0xDB, 0xF8, 0x00, 0x00,
    0x0A, 0x0B, 0x03, 0x00, 0xB0, 0x07, 0xB0, 0x0B, 0xB0, 0x0B, 0xB0, 0x0B, 0xB0, 0x0B, 0xB0, 0x0B,
    0xB0, 0x0F, 0xB8, 0x2F, 0xBF, 0xE7, 0xB0, 0x00, 0xB0, 0x00, 0xB0, 0x00, 0xB0, 0x00, 0x02, 0xAA,
    0x81, 0xFF, 0x9C, 0x3F, 0xF4, 0xC3, 0xFF, 0x4C, 0x3F, 0xF4, 0xC3, 0xFF, 0x4C, 0x3F, 0xF4, 0xC1,
    0xFF, 0x4C, 0x02, 0xA4, 0xC0, 0x01, 0x4C, 0x00, 0x14, 0xC0, 0x01, 0x4C, 0x00, 0x14, 0xC0, 0x01,
    0x4C, 0x00, 0x14, 0xC0, 0x00, 0x00, 0x02, 0xCB, 0x00, 0x24, 0x2C, 0x09, 0xBC, 0x00, 0x0F, 0x37,
    0x03, 0x03, 0x03, 0x03, 0x03, 0x00, 0x00, 0x01, 0xF8, 0x30, 0xA6, 0x06, 0x60, 0x63, 0x5D, 0x0A,
    0x00, 0x20, 0x90, 0x2C, 0x70, 0x0E, 0x2C, 0x03, 0x4E, 0x0B, 0x1C, 0x2C, 0x74, 0x30, 0x90, 0x00,
    0x00, 0x0B, 0x00, 0x34, 0x0E, 0xC0, 0x1C, 0x00, 0x30, 0x0C, 0x00, 0x0C, 0x0A, 0x00, 0x03, 0x07,
    0x00, 0x00, 0xC3, 0x47, 0x40, 0x32, 0x83, 0xD0, 0x00, 0xC3, 0x34, 0x00, 0xD2, 0x8D, 0x00, 0x70,
    0xEB, 0x80, 0x34, 0x15, 0xE0, 0x28, 0x00, 0x34, 0x0E, 0x00, 0x70, 0x1E, 0xC0, 0x34, 0x00, 0x70,
    0x28, 0x00, 0x1C, 0x0C, 0x00, 0x07, 0x0D, 0x00, 0x01, 0xC7, 0x3B, 0x80, 0x73, 0x00, 0x30, 0x02,
    0x80, 0x0C, 0x01, 0xC0, 0x0D, 0x00, 0xD0, 0x0D, 0x00, 0x70, 0x0D, 0x00, 0x30, 0x0B, 0xFC, 0x00,
    0x00, 0x00, 0x1F, 0xD0, 0x03, 0x00, 0x0C, 0x02, 0x80, 0x07, 0x01, 0xC0, 0x2F, 0x40, 0xD0, 0x00,
    0x70, 0xA0, 0x00, 0x0D, 0x30, 0xF2, 0xAF, 0x34, 0xBC, 0x14, 0x1C, 0x37, 0x00, 0x0C, 0x31, 0xC0,
    0x0A, 0x2E, 0xF8, 0x07, 0x05, 0x6D, 0x03, 0x40, 0x07, 0x00, 0x00, 0x00, 0x0B, 0x00, 0x2C, 0x00,
    0x00, 0x00, 0x40, 0x07, 0x00, 0x38, 0x03, 0x80, 0x38, 0x01, 0xC0, 0x0B, 0x00, 0x1D, 0x05, 0x2F,
    0xF8, 0x00, 0x00, 0x02, 0xC0, 0x00, 0x03, 0x80, 0x00, 0x03, 0x00, 0x00, 0x00, 0x00, 0x00, 0xB0,
    0x00, 0x03, 0xE0, 0x00, 0x1D, 0xC0, 0x00, 0xA3, 0x40, 0x03, 0x4A, 0x00, 0x1C, 0x1C, 0x00, 0xE0,
    0x38, 0x07, 0xFF, 0xF0, 0x2D, 0x55, 0xD0, 0xD0, 0x03, 0x87, 0x00, 0x07, 0x38, 0x00, 0x0D, 0x00,
    0x0D, 0x00, 0x00, 0xF0, 0x00, 0x06, 0x00, 0x00, 0x00, 0x00, 0x00, 0xB0, 0x00, 0x03, 0xE0, 0x00,
    0x1D, 0xC0, 0x00, 0xA3, 0x40, 0x03, 0x4A, 0x00, 0x1C, 0x1C, 0x00, 0xE0, 0x38, 0x07, 0xFF, 0xF0,
    0x2D, 0x55, 0xD0, 0xD0, 0x03, 0x87, 0x00, 0x07, 0x38, 0x00, 0x0D, 0x00, 0xB0, 0x00, 0x07, 0xB0,
    0x00, 0x30, 0x60, 0x00, 0x00, 0x00, 0x00, 0xB0, 0x00, 0x03, 0xE0, 0x00, 0x1D, 0xC0, 0x00, 0xA3,
    0x40, 0x03, 0x4A, 0x00, 0x1C, 0x1C, 0x00, 0xE0, 0x38, 0x07, 0xFF, 0xF0, 0x2D, 0x55, 0xD0, 0xD0,
    0x03, 0x87, 0x00, 0x07, 0x38, 0x00, 0x0D, 0x00, 0x00, 0x00, 0x1F, 0x9C, 0x00, 0x92, 0xE0, 0x00,
    0x00, 0x00, 0x00, 0xB0, 0x00, 0x03, 0xE0, 0x00, 0x1D, 0xC0, 0x00, 0xA3, 0x40, 0x03, 0x4A, 0x00,
    0x1C, 0x1C, 0x00, 0xE0, 0x38, 0x07, 0xFF, 0xF0, 0x2D, 0x55, 0xD0, 0xD0, 0x03, 0x87, 0x00, 0x07,
    0x38, 0x00, 0x0D, 0x00, 0x00, 0x00, 0x0D, 0x38, 0x00, 0x10, 0x40, 0x00, 0x00, 0x00, 0x00, 0xB0,
    0x00, 0x03, 0xE0, 0x00, 0x1D, 0xC0, 0x00, 0xA3, 0x40, 0x03, 0x4A, 0x00, 0x1C, 0x1C, 0x00, 0xE0,
    0x38, 0x07, 0xFF, 0xF0, 0x2D, 0x55, 0xD0, 0xD0, 0x03, 0x87, 0x00, 0x07, 0x38, 0x00, 0x0D, 0x00,
    0x60, 0x00, 0x06, 0x70, 0x00, 0x14, 0xC0, 0x00, 0x3E, 0x00, 0x00, 0xF8, 0x00, 0x07, 0x70, 0x00,
    0x28, 0xD0, 0x00, 0xD2, 0x80, 0x07, 0x07, 0x00, 0x38, 0x0E, 0x01, 0xFF, 0xFC, 0x0B, 0x55, 0x74,
    0x34, 0x00, 0xE1, 0xC0, 0x01, 0xCE, 0x00, 0x03, 0x40, 0x00, 0x0B, 0xFF, 0xF8, 0x00, 0x3A, 0xD5,
    0x50, 0x02, 0xCB, 0x00, 0x00, 0x0E, 0x2C, 0x00, 0x00, 0x70, 0xB0, 0x00, 0x03, 0x82, 0xFF, 0xD0,
    0x1C, 0x0B, 0x55, 0x00, 0xFF, 0xFC, 0x00, 0x07, 0x55, 0xB0, 0x00, 0x38, 0x02, 0xC0, 0x01, 0xD0,
    0x0B, 0x55, 0x0F, 0x00, 0x2F, 0xFE, 0x00, 0x00, 0x00, 0x2F, 0xF8, 0x1F, 0x56, 0x83, 0x80, 0x00,
    0xB0, 0x00, 0x0F, 0x00, 0x00, 0xE0, 0x00, 0x0E, 0x00, 0x00, 0xE0, 0x00, 0x0B, 0x00, 0x00, 0x78,
    0x00, 0x02, 0xE4, 0x14, 0x07, 0xFF, 0x40, 0x06, 0x00, 0x00, 0x78, 0x00, 0x01, 0xC0, 0x01, 0xF4,
    0x00, 0x0A, 0x00, 0x03, 0x40, 0x00, 0xC0, 0x00, 0x00, 0x7F, 0xFC, 0x75, 0x54, 0x70, 0x00, 0x70,
    0x00, 0x70, 0x00, 0x7F, 0xFC, 0x79, 0x54, 0x70, 0x00, 0x70, 0x00, 0x70, 0x00, 0x75, 0x54, 0x7F,
    0xFD, 0x00, 0x74, 0x00, 0xE0, 0x02, 0x80, 0x00, 0x00, 0x7F, 0xFC, 0x75, 0x54, 0x70, 0x00, 0x70,
    0x00, 0x70, 0x00, 0x7F, 0xFC, 0x79, 0x54, 0x70, 0x00, 0x70, 0x00, 0x70, 0x00, 0x75, 0x54, 0x7F,
    0xFD, 0x02, 0x80, 0x0B, 0xF0, 0x18, 0x28, 0x00, 0x00, 0x7F, 0xFC, 0x75, 0x54, 0x70, 0x00, 0x70,
    0x00, 0x70, 0x00, 0x7F, 0xFC, 0x79, 0x54, 0x70, 0x00, 0x70, 0x00, 0x70, 0x00, 0x75, 0x54, 0x7F,
    0xFD, 0x00, 0x00, 0x0C, 0x34, 0x04, 0x10, 0x00, 0x00, 0x7F, 0xFC, 0x75, 0x54, 0x70, 0x00, 0x70,
    0x00, 0x70, 0x00, 0x7F, 0xFC, 0x79, 0x54, 0x70, 0x00, 0x70, 0x00, 0x70, 0x00, 0x75, 0x54, 0x7F,
    0xFD, 0x34, 0x07, 0x00, 0x60, 0x00, 0x7F, 0xC3, 0x80, 0xE0, 0x38, 0x0E, 0x03, 0x80, 0xE0, 0x38,
    0x0E, 0x03, 0x80, 0xE1, 0xFF, 0x02, 0xC0, 0x34, 0x09, 0x00, 0x00, 0x7F, 0xC0, 0xE0, 0x0E, 0x00,
    0xE0, 0x0E, 0x00, 0xE0, 0x0E, 0x00, 0xE0, 0x0E, 0x00, 0xE0, 0x0E, 0x07, 0xFC, 0x0E, 0x03, 0xB8,
    0xA0, 0xD0, 0x00, 0x7F, 0xC0, 0xE0, 0x0E, 0x00, 0xE0, 0x0E, 0x00, 0xE0, 0x0E, 0x00, 0xE0, 0x0E,
    0x00, 0xE0, 0x0E, 0x07, 0xFC, 0x00, 0x07, 0x1C, 0x10, 0x40, 0x00, 0x7F, 0xC0, 0xE0, 0x0E, 0x00,
    0xE0, 0x0E, 0x00, 0xE0, 0x0E, 0x00, 0xE0, 0x0E, 0x00, 0xE0, 0x0E, 0x07, 0xFC, 0x0F, 0xFE, 0x00,
    0x1E, 0x5B, 0xD0, 0x1C, 0x00, 0xB4, 0x1C, 0x00, 0x3C, 0x1C, 0x00, 0x2C, 0x6E, 0xA0, 0x1C, 0x7F,
    0xF0, 0x1C, 0x1C, 0x00, 0x2C, 0x1C, 0x00, 0x3C, 0x1C, 0x00, 0xB4, 0x1D, 0x57, 0xD0, 0x1F, 0xFE,
    0x00, 0x00, 0x00, 0x00, 0x0F, 0x9C, 0x00, 0x92, 0xE0, 0x00, 0x00, 0x00, 0x78, 0x00, 0x71, 0xF4,
    0x01, 0xC7, 0xF0, 0x07, 0x1C, 0xE0, 0x1C, 0x72, 0xC0, 0x71, 0xC3, 0xC1, 0xC7, 0x03, 0x47, 0x1C,
    0x0B, 0x1C, 0x70, 0x0F, 0x71, 0xC0, 0x1E, 0xC7, 0x00, 0x2F, 0x1C, 0x00, 0x3C, 0x01, 0xC0, 0x00,
    0x02, 0xC0, 0x00, 0x02, 0x40, 0x00, 0x00, 0x00, 0x07, 0xFF, 0x40, 0xB9, 0x5B, 0x43, 0x80, 0x0B,
    0x2C, 0x00, 0x0E, 0xE0, 0x00, 0x2F, 0x80, 0x00, 0xBE, 0x00, 0x02, 0xF8, 0x00, 0x0B, 0xB0, 0x00,
    0x39, 0xE0, 0x01, 0xC2, 0xE4, 0x2E, 0x01, 0xFF, 0xD0, 0x00, 0x00, 0x00, 0x00, 0x0A, 0x00, 0x00,
    0xB0, 0x00, 0x03, 0x00, 0x00, 0x00, 0x00, 0x07, 0xFF, 0x40, 0xB9, 0x5B, 0x43, 0x80, 0x0B, 0x2C,
    0x00, 0x0E, 0xE0, 0x00, 0x2F, 0x80, 0x00, 0xBE, 0x00, 0x02, 0xF8, 0x00, 0x0B, 0xB0, 0x00, 0x39,
    0xE0, 0x01, 0xC2, 0xE4, 0x2E, 0x01, 0xFF, 0xD0, 0x00, 0x00, 0x00, 0x00, 0x74, 0x00, 0x03, 0xB0,
    0x00, 0x34, 0x70, 0x00, 0x00, 0x00, 0x07, 0xFF, 0x40, 0xB9, 0x5B, 0x43, 0x80, 0x0B, 0x2C, 0x00,
    0x0E, 0xE0, 0x00, 0x2F, 0x80, 0x00, 0xBE, 0x00, 0x02, 0xF8, 0x00, 0x0B, 0xB0, 0x00, 0x39, 0xE0,
    0x01, 0xC2, 0xE4, 0x2E, 0x01, 0xFF, 0xD0, 0x00, 0x00, 0x00, 0x00, 0x00, 0x00, 0x0F, 0xD9, 0x00,
    0x51, 0xE0, 0x00, 0x00, 0x00, 0x07, 0xFF, 0x40, 0xB9, 0x5B, 0x43, 0x80, 0x0B, 0x2C, 0x00, 0x0E,
    0xE0, 0x00, 0x2F, 0x80, 0x00, 0xBE, 0x00, 0x02, 0xF8, 0x00, 0x0B, 0xB0, 0x00, 0x39, 0xE0, 0x01,
    0xC2, 0xE4, 0x2E, 0x01, 0xFF, 0xD0, 0x00, 0x00, 0x00, 0x00, 0x00, 0x00, 0x0A, 0x2C, 0x00, 0x10,
    0x10, 0x00, 0x00, 0x00, 0x07, 0xFF, 0x40, 0xB9, 0x5B, 0x43, 0x80, 0x0B, 0x2C, 0x00, 0x0E, 0xE0,
    0x00, 0x2F, 0x80, 0x00, 0xBE, 0x00, 0x02, 0xF8, 0x00, 0x0B, 0xB0, 0x00, 0x39, 0xE0, 0x01, 0xC2,
    0xE4, 0x2E, 0x01, 0xFF, 0xD0, 0x00, 0x00, 0x00, 0x00, 0x04, 0xB0, 0x1C, 0x2C, 0x74, 0x0B, 0xD0,
    0x07, 0xC0, 0x1D, 0xB0, 0x74, 0x2C, 0x50, 0x08, 0x00, 0x00, 0x00, 0x1F, 0xFE, 0xC2, 0xE5, 0x6E,
    0x0E, 0x00, 0xFC, 0xB0, 0x07, 0x3B, 0x80, 0x34, 0xBE, 0x03, 0x82, 0xF8, 0x2C, 0x0B, 0xE1, 0xC0,
    0x2E, 0xCD, 0x00, 0xE7, 0xE0, 0x07, 0x0B, 0x90, 0xB8, 0x3B, 0xFF, 0x40, 0x40, 0x00, 0x00, 0x02,
    0x80, 0x00, 0x0D, 0x00, 0x00, 0x30, 0x00, 0x00, 0x00, 0x70, 0x00, 0xAB, 0x00, 0x0E, 0xB0, 0x00,
    0xEB, 0x00, 0x0E, 0xB0, 0x00, 0xEB, 0x00, 0x0E, 0xB0, 0x00, 0xEB, 0x00, 0x0E, 0x70, 0x00, 0xE3,
    0x40, 0x0D, 0x2D, 0x07, 0xC0, 0xBF, 0xE0, 0x00, 0x00, 0x00, 0x00, 0x1D, 0x00, 0x03, 0x80, 0x00,
    0xA0, 0x00, 0x00, 0x00, 0x70, 0x00, 0xAB, 0x00, 0x0E, 0xB0, 0x00, 0xEB, 0x00, 0x0E, 0xB0, 0x00,
    0xEB, 0x00, 0x0E, 0xB0, 0x00, 0xEB, 0x00, 0x0E, 0x70, 0x00, 0xE3, 0x40, 0x0D, 0x2D, 0x07, 0xC0,
    0xBF, 0xE0, 0x00, 0x00, 0x00, 0x00, 0xA0, 0x00, 0x2F, 0xC0, 0x06, 0x0A, 0x00, 0x00, 0x00, 0x70,
    0x00, 0xAB, 0x00, 0x0E, 0xB0, 0x00, 0xEB, 0x00, 0x0E, 0xB0, 0x00, 0xEB, 0x00, 0x0E, 0xB0, 0x00,
    0xEB, 0x00, 0x0E, 0x70, 0x00, 0xE3, 0x40, 0x0D, 0x2D, 0x07, 0xC0, 0xBF, 0xE0, 0x00, 0x00, 0x00,
    0x00, 0x00, 0x00, 0x34, 0xD0, 0x01, 0x04, 0x00, 0x00, 0x00, 0x70, 0x00, 0xAB, 0x00, 0x0E, 0xB0,
    0x00, 0xEB, 0x00, 0x0E, 0xB0, 0x00, 0xEB, 0x00, 0x0E, 0xB0, 0x00, 0xEB, 0x00, 0x0E, 0x70, 0x00,
    0xE3, 0x40, 0x0D, 0x2D, 0x07, 0xC0, 0xBF, 0xE0, 0x00, 0x00, 0x00, 0x00, 0x28, 0x00, 0x07, 0x40,
    0x00, 0xD0, 0x00, 0x00, 0x00, 0xB0, 0x01, 0xC3, 0x40, 0x38, 0x2C, 0x07, 0x00, 0xD0, 0xE0, 0x0B,
    0x2C, 0x00, 0x3B, 0x40, 0x02, 0xF0, 0x00, 0x0E, 0x00, 0x00, 0xD0, 0x00, 0x0D, 0x00, 0x00, 0xD0,
    0x00, 0x0D, 0x00, 0x70, 0x00, 0x1C, 0x00, 0x07, 0xFE, 0x41, 0xE6, 0xF8, 0x70, 0x0B, 0x1C, 0x01,
    0xC7, 0x00, 0x71, 0xC0, 0x3C, 0x7F, 0xFC, 0x1D, 0x50, 0x07, 0x00, 0x01, 0xC0, 0x00, 0x0A, 0xA0,
    0x0F, 0x9F, 0x47, 0x00, 0xE2, 0xC0, 0x38, 0xB0, 0x3C, 0x2C, 0x38, 0x0B, 0x0E, 0x02, 0xC2, 0xE0,
    0xB0, 0x1F, 0x2C, 0x00, 0xEB, 0x00, 0x2A, 0xC4, 0x0E, 0xB2, 0xFF, 0x00, 0x00, 0x00, 0x03, 0x40,
    0x02, 0xC0, 0x00, 0xA0, 0x00, 0x00, 0x0B, 0xFC, 0x09, 0x0F, 0x00, 0x0B, 0x00, 0x5B, 0x1F, 0xEF,
    0x38, 0x07, 0x34, 0x0B, 0x38, 0x1F, 0x1F, 0xE3, 0x00, 0x00, 0x00, 0x28, 0x00, 0x74, 0x00, 0xD0,
    0x00, 0x00, 0x0B, 0xFC, 0x09, 0x0F, 0x00, 0x0B, 0x00, 0x5B, 0x1F, 0xEF, 0x38, 0x07, 0x34, 0x0B,
    0x38, 0x1F, 0x1F, 0xE3, 0x00, 0x00, 0x01, 0xE0, 0x03, 0xB4, 0x09, 0x0C, 0x00, 0x00, 0x0B, 0xFC,
    0x09, 0x0F, 0x00, 0x0B, 0x00, 0x5B, 0x1F, 0xEF, 0x38, 0x07, 0x34, 0x0B, 0x38, 0x1F, 0x1F, 0xE3,
    0x00, 0x00, 0x00, 0x00, 0x0F, 0xDA, 0x18, 0x78, 0x00, 0x00, 0x0B, 0xFC, 0x09, 0x0F, 0x00, 0x0B,
    0x00, 0x5B, 0x1F, 0xEF, 0x38, 0x07, 0x34, 0x0B, 0x38, 0x1F, 0x1F, 0xE3, 0x00, 0x00, 0x00, 0x00,
    0x0B, 0x1C, 0x01, 0x04, 0x00, 0x00, 0x0B, 0xFC, 0x09, 0x0F, 0x00, 0x0B, 0x00, 0x5B, 0x1F, 0xEF,
    0x38, 0x07, 0x34, 0x0B, 0x38, 0x1F, 0x1F, 0xE3, 0x00, 0x00, 0x01, 0x90, 0x03, 0x64, 0x03, 0x24,
    0x01, 0xE0, 0x00, 0x00, 0x0B, 0xFC, 0x09, 0x0F, 0x00, 0x0B, 0x00, 0x5B, 0x1F, 0xEF, 0x38, 0x07,
    0x34, 0x0B, 0x38, 0x1F, 0x1F, 0xE3, 0x00, 0x00, 0x00, 0x00, 0x00, 0x00, 0xBF, 0x8B, 0xF0, 0x08,
    0x1F, 0xC2, 0xC0, 0x00, 0xB0, 0x0D, 0x00, 0x5F, 0x55, 0xE1, 0xFA, 0xFF, 0xFD, 0x38, 0x0B, 0x00,
    0x03, 0x40, 0xF0, 0x00, 0x38, 0x2F, 0xC0, 0x41, 0xFE, 0x0B, 0xFC, 0x00, 0x00, 0x00, 0x00, 0x00,
    0x00, 0x07, 0xFD, 0x1E, 0x44, 0x3C, 0x00, 0x38, 0x00, 0x34, 0x00, 0x38, 0x00, 0x3C, 0x00, 0x1E,
    0x04, 0x07, 0xFC, 0x00, 0xC0, 0x00, 0xB0, 0x00, 0x34, 0x03, 0xE0, 0x03, 0x40, 0x00, 0xB0, 0x00,
    0x06, 0x00, 0x00, 0x00, 0x07, 0xFC, 0x03, 0x83, 0xC2, 0xC0, 0x34, 0xE5, 0x5E, 0x3F, 0xFF, 0x4E,
    0x00, 0x03, 0xC0, 0x00, 0x78, 0x04, 0x07, 0xFF, 0x00, 0x00, 0x00, 0x00, 0x28, 0x00, 0x1D, 0x00,
    0x0D, 0x00, 0x00, 0x00, 0x07, 0xFC, 0x03, 0x83, 0xC2, 0xC0, 0x34, 0xE5, 0x5E, 0x3F, 0xFF, 0x4E,
    0x00, 0x03, 0xC0, 0x00, 0x78, 0x04, 0x07, 0xFF, 0x00, 0x00, 0x00, 0x00, 0xE0, 0x00, 0xED, 0x00,
    0x90, 0xD0, 0x00, 0x00, 0x07, 0xFC, 0x03, 0x83, 0xC2, 0xC0, 0x34, 0xE5, 0x5E, 0x3F, 0xFF, 0x4E,
    0x00, 0x03, 0xC0, 0x00, 0x78, 0x04, 0x07, 0xFF, 0x00, 0x00, 0x00, 0x00, 0x00, 0x02, 0xC7, 0x00,
    0x10, 0x40, 0x00, 0x00, 0x07, 0xFC, 0x03, 0x83, 0xC2, 0xC0, 0x34, 0xE5, 0x5E, 0x3F, 0xFF, 0x4E,
    0x00, 0x03, 0xC0, 0x00, 0x78, 0x04, 0x07, 0xFF, 0x00, 0x00, 0x00, 0x28, 0x03, 0x40, 0x30, 0x00,
    0x0B, 0x02, 0xC0, 0xB0, 0x2C, 0x0B, 0x02, 0xC0, 0xB0, 0x2C, 0x0B, 0x00, 0x1D, 0x38, 0x60, 0x00,
    0xB0, 0xB0, 0xB0, 0xB0, 0xB0, 0xB0, 0xB0, 0xB0, 0xB0, 0x0B, 0x02, 0xEC, 0x60, 0xA0, 0x00, 0x0B,
    0x00, 0xB0, 0x0B, 0x00, 0xB0, 0x0B, 0x00, 0xB0, 0x0B, 0x00, 0xB0, 0x0B, 0x00, 0x00, 0x03, 0x4D,
    0x10, 0x40, 0x00, 0x0B, 0x00, 0xB0, 0x0B, 0x00, 0xB0, 0x0B, 0x00, 0xB0, 0x0B, 0x00, 0xB0, 0x0B,
    0x00, 0x01, 0x41, 0x00, 0x2E, 0xE0, 0x01, 0xFC, 0x00, 0x34, 0xE0, 0x00, 0x03, 0x40, 0x2F, 0xB8,
    0x1E, 0x5B, 0xC3, 0xC0, 0x2C, 0x34, 0x01, 0xC3, 0x40, 0x1C, 0x38, 0x02, 0xC1, 0xD0, 0x74, 0x07,
    0xFD, 0x00, 0x00, 0x00, 0x00, 0x00, 0x1F, 0x9C, 0x20, 0xB4, 0x00, 0x00, 0xA7, 0xF8, 0xBD, 0x1E,
    0xB0, 0x0B, 0xB0, 0x0B, 0xB0, 0x0B, 0xB0, 0x0B, 0xB0, 0x0B, 0xB0, 0x0B, 0xB0, 0x0B, 0x02, 0x80,
    0x00, 0x1D, 0x00, 0x00, 0x70, 0x00, 0x00, 0x00, 0x07, 0xFD, 0x01, 0xE0, 0xB4, 0x3C, 0x02, 0xC3,
    0x80, 0x1C, 0x34, 0x01, 0xC3, 0x80, 0x1C, 0x3C, 0x02, 0xC1, 0xE0, 0x74, 0x07, 0xFD, 0x00, 0x00,
    0x00, 0x00, 0x1D, 0x00, 0x03, 0x80, 0x00, 0xA0, 0x00, 0x00, 0x00, 0x07, 0xFD, 0x01, 0xE0, 0xB4,
    0x3C, 0x02, 0xC3, 0x80, 0x1C, 0x34, 0x01, 0xC3, 0x80, 0x1C, 0x3C, 0x02, 0xC1, 0xE0, 0x74, 0x07,
    0xFD, 0x00, 0x00, 0x00, 0x00, 0xA0, 0x00, 0x2F, 0x80, 0x06, 0x0A, 0x00, 0x00, 0x00, 0x07, 0xFD,
    0x01, 0xE0, 0xB4, 0x3C, 0x02, 0xC3, 0x80, 0x1C, 0x34, 0x01, 0xC3, 0x80, 0x1C, 0x3C, 0x02, 0xC1,
    0xE0, 0x74, 0x07, 0xFD, 0x00, 0x00, 0x00, 0x00, 0x00, 0x00, 0xBE, 0x70, 0x0C, 0x2D, 0x00, 0x00,
    0x00, 0x07, 0xFD, 0x01, 0xE0, 0xB4, 0x3C, 0x02, 0xC3, 0x80, 0x1C, 0x34, 0x01, 0xC3, 0x80, 0x1C,
    0x3C, 0x02, 0xC1, 0xE0, 0x74, 0x07, 0xFD, 0x00, 0x00, 0x00, 0x00, 0x00, 0x00, 0x30, 0xD0, 0x01,
    0x04, 0x00, 0x00, 0x00, 0x07, 0xFD, 0x01, 0xE0, 0xB4, 0x3C, 0x02, 0xC3, 0x80, 0x1C, 0x34, 0x01,
    0xC3, 0x80, 0x1C, 0x3C, 0x02, 0xC1, 0xE0, 0x74, 0x07, 0xFD, 0x00, 0x00, 0x00, 0x00, 0x90, 0x00,
    0x38, 0x00, 0x00, 0x00, 0x55, 0x55, 0x2A, 0xAA, 0x40, 0x00, 0x00, 0x0E, 0x00, 0x03, 0x40, 0x00,
    0x00, 0x00, 0x7F, 0xF8, 0x1E, 0x0F, 0x43, 0xC0, 0xFC, 0x38, 0x39, 0xC3, 0x4B, 0x1C, 0x39, 0xC1,
    0xC3, 0xF4, 0x2C, 0x1F, 0x07, 0x41, 0xFF, 0xD0, 0x00, 0x00, 0x00, 0x0A, 0x00, 0x03, 0x40, 0x00,
    0xC0, 0x00, 0x00, 0xA0, 0x0B, 0xB0, 0x0B, 0xB0, 0x0B, 0xB0, 0x0B, 0xB0, 0x0B, 0xB0, 0x0B, 0xB0,
    0x0F, 0x74, 0x2F, 0x2F, 0xE7, 0x00, 0x00, 0x00, 0x74, 0x00, 0xE0, 0x01, 0x80, 0x00, 0x00, 0xA0,
    0x0B, 0xB0, 0x0B, 0xB0, 0x0B, 0xB0, 0x0B, 0xB0, 0x0B, 0xB0, 0x0B, 0xB0, 0x0F, 0x74, 0x2F, 0x2F,
    0xE7, 0x00, 0x00, 0x02, 0xC0, 0x0B, 0xB0, 0x18, 0x28, 0x00, 0x00, 0xA0, 0x0B, 0xB0, 0x0B, 0xB0,
    0x0B, 0xB0, 0x0B, 0xB0, 0x0B, 0xB0, 0x0B, 0xB0, 0x0F, 0x74, 0x2F, 0x2F, 0xE7, 0x00, 0x00, 0x00,
    0x00, 0x0D, 0x34, 0x04, 0x10, 0x00, 0x00, 0xA0, 0x0B, 0xB0, 0x0B, 0xB0, 0x0B, 0xB0, 0x0B, 0xB0,
    0x0B, 0xB0, 0x0B, 0xB0, 0x0F, 0x74, 0x2F, 0x2F, 0xE7, 0x00, 0x00, 0x00, 0x34, 0x00, 0x3C, 0x00,
    0x18, 0x00, 0x00, 0x00, 0xA0, 0x03, 0x5C, 0x02, 0xC3, 0x80, 0xE0, 0xB0, 0x70, 0x0D, 0x2C, 0x03,
    0x8D, 0x00, 0x77, 0x00, 0x0F, 0x80, 0x02, 0xD0, 0x00, 0xB0, 0x00, 0x38, 0x00, 0x6C, 0x00, 0xFC,
    0x00, 0x00, 0x60, 0x00, 0x2C, 0x00, 0x0B, 0x00, 0x02, 0xC0, 0x00, 0xB7, 0xF8, 0x2F, 0x47, 0x8B,
    0x00, 0xB2, 0xC0, 0x1D, 0xB0, 0x03, 0x6C, 0x01, 0xDB, 0x00, 0xB2, 0xF0, 0x78, 0xB7, 0xF8, 0x2C,
    0x00, 0x0B, 0x00, 0x02, 0xC0, 0x00, 0xB0, 0x00, 0x00, 0x00, 0x00, 0x03, 0x4E, 0x00, 0x41, 0x00,
    0x00, 0x00, 0xA0, 0x03, 0x5C, 0x02, 0xC3, 0x80, 0xE0, 0xB0, 0x70, 0x0D, 0x2C, 0x03, 0x8D, 0x00,
    0x77, 0x00, 0x0F, 0x80, 0x02, 0xD0, 0x00, 0xB0, 0x00, 0x38, 0x00, 0x6C, 0x00, 0xFC, 0x00, 0x00,
    0x01, 0x54, 0x00, 0x0F, 0xF8, 0x00, 0x00, 0x00, 0x00, 0x2C, 0x00, 0x00, 0xF8, 0x00, 0x07, 0x70,
    0x00, 0x28, 0xD0, 0x00, 0xD2, 0x80, 0x07, 0x07, 0x00, 0x38, 0x0E, 0x01, 0xFF, 0xFC, 0x0B, 0x55,
    0x74, 0x34, 0x00, 0xE1, 0xC0, 0x01, 0xCE, 0x00, 0x03, 0x40, 0x01, 0x54, 0x0B, 0xFC, 0x00, 0x00,
    0x0B, 0xFC, 0x09, 0x0F, 0x00, 0x0B, 0x00, 0x5B, 0x1F, 0xEF, 0x38, 0x07, 0x34, 0x0B, 0x38, 0x1F,
    0x1F, 0xE3, 0x00, 0x00, 0x00, 0x01, 0x00, 0x0D, 0x68, 0x00, 0x1F, 0x80, 0x00, 0x00, 0x00, 0x00,
    0xB0, 0x00, 0x03, 0xE0, 0x00, 0x1D, 0xC0, 0x00, 0xA3, 0x40, 0x03, 0x4A, 0x00, 0x1C, 0x1C, 0x00,
    0xE0, 0x38, 0x07, 0xFF, 0xF0, 0x2D, 0x55, 0xD0, 0xD0, 0x03, 0x87, 0x00, 0x07, 0x38, 0x00, 0x0D,
    0x04, 0x00, 0x0A, 0x5C, 0x02, 0xF4, 0x00, 0x00, 0x0B, 0xFC, 0x09, 0x0F, 0x00, 0x0B, 0x00, 0x5B,
    0x1F, 0xEF, 0x38, 0x07, 0x34, 0x0B, 0x38, 0x1F, 0x1F, 0xE3, 0x00, 0x00, 0x00, 0xB0, 0x00, 0x03,
    0xE0, 0x00, 0x1D, 0xC0, 0x00, 0xA3, 0x40, 0x03, 0x4A, 0x00, 0x1C, 0x1C, 0x00, 0xE0, 0x38, 0x07,
    0xFF, 0xF0, 0x2D, 0x55, 0xD0, 0xD0, 0x03, 0x87, 0x00, 0x07, 0x38, 0x00, 0x0D, 0x00, 0x00, 0x60,
    0x00, 0x03, 0x00, 0x00, 0x0D, 0x00, 0x00, 0x19, 0x00, 0x00, 0x02, 0xFF, 0x00, 0x90, 0xF0, 0x00,
    0x2C, 0x00, 0x5B, 0x07, 0xFB, 0xC3, 0x80, 0x70, 0xD0, 0x2C, 0x38, 0x1F, 0x07, 0xF8, 0xC0, 0x00,
    0xA0, 0x00, 0x30, 0x00, 0x1D, 0x00, 0x01, 0x80, 0x00, 0x0D, 0x00, 0x02, 0xC0, 0x00, 0x60, 0x00,
    0x00, 0x00, 0x02, 0xFF, 0x81, 0xF5, 0x68, 0x38, 0x00, 0x0B, 0x00, 0x00, 0xF0, 0x00, 0x0E, 0x00,
    0x00, 0xE0, 0x00, 0x0E, 0x00, 0x00, 0xB0, 0x00, 0x07, 0x80, 0x00, 0x2E, 0x41, 0x40, 0x7F, 0xF4,
    0x00, 0x00, 0x00, 0x00, 0x28, 0x00, 0x74, 0x00, 0xD0, 0x00, 0x00, 0x07, 0xFD, 0x1E, 0x44, 0x3C,
    0x00, 0x38, 0x00, 0x34, 0x00, 0x38, 0x00, 0x3C, 0x00, 0x1E, 0x04, 0x07, 0xFC, 0x00, 0x00, 0x00,
    0xB0, 0x00, 0x1E, 0xC0, 0x03, 0x06, 0x00, 0x00, 0x00, 0x02, 0xFF, 0x81, 0xF5, 0x68, 0x38, 0x00,
    0x0B, 0x00, 0x00, 0xF0, 0x00, 0x0E, 0x00, 0x00, 0xE0, 0x00, 0x0E, 0x00, 0x00, 0xB0, 0x00, 0x07,
    0x80, 0x00, 0x2E, 0x41, 0x40, 0x7F, 0xF4, 0x00, 0x00, 0x00, 0x00, 0xE0, 0x03, 0xB4, 0x09, 0x0D,
    0x00, 0x00, 0x07, 0xFD, 0x1E, 0x44, 0x3C, 0x00, 0x38, 0x00, 0x34, 0x00, 0x38, 0x00, 0x3C, 0x00,
    0x1E, 0x04, 0x07, 0xFC, 0x00, 0x00, 0x00, 0x00, 0x00, 0x07, 0x00, 0x00, 0x20, 0x00, 0x00, 0x00,
    0x02, 0xFF, 0x81, 0xF5, 0x68, 0x38, 0x00, 0x0B, 0x00, 0x00, 0xF0, 0x00, 0x0E, 0x00, 0x00, 0xE0,
    0x00, 0x0E, 0x00, 0x00, 0xB0, 0x00, 0x07, 0x80, 0x00, 0x2E, 0x41, 0x40, 0x7F, 0xF4, 0x00, 0x00,
    0x00, 0x00, 0x00, 0x00, 0xE0, 0x00, 0x40, 0x00, 0x00, 0x07, 0xFD, 0x1E, 0x44, 0x3C, 0x00, 0x38,
    0x00, 0x34, 0x00, 0x38, 0x00, 0x3C, 0x00, 0x1E, 0x04, 0x07, 0xFC, 0x00, 0x00, 0x02, 0x06, 0x00,
    0x2E, 0xC0, 0x00, 0xB4, 0x00, 0x00, 0x00, 0x02, 0xFF, 0x81, 0xF5, 0x68, 0x38, 0x00, 0x0B, 0x00,
    0x00, 0xF0, 0x00, 0x0E, 0x00, 0x00, 0xE0, 0x00, 0x0E, 0x00, 0x00, 0xB0, 0x00, 0x07, 0x80, 0x00,
    0x2E, 0x41, 0x40, 0x7F, 0xF4, 0x00, 0x00, 0x00, 0x09, 0x09, 0x03, 0xB8, 0x01, 0xE0, 0x00, 0x00,
    0x07, 0xFD, 0x1E, 0x44, 0x3C, 0x00, 0x38, 0x00, 0x34, 0x00, 0x38, 0x00, 0x3C, 0x00, 0x1E, 0x04,
    0x07, 0xFC, 0x00, 0x00, 0x06, 0x09, 0x00, 0x0E, 0xB0, 0x00, 0x0F, 0x00, 0x00, 0x00, 0x00, 0x7F,
    0xF8, 0x01, 0xD5, 0xBD, 0x07, 0x00, 0x2D, 0x1C, 0x00, 0x3C, 0x70, 0x00, 0xB1, 0xC0, 0x01, 0xC7,
    0x00, 0x07, 0x1C, 0x00, 0x2C, 0x70, 0x00, 0xF1, 0xC0, 0x0B, 0x47, 0x55, 0xF4, 0x1F, 0xFE, 0x00,
    0x00, 0x01, 0x89, 0x00, 0x02, 0xCC, 0x00, 0x02, 0xD8, 0x00, 0x02, 0xC0, 0x07, 0xFA, 0xC0, 0x1E,
    0x0B, 0xC0, 0x3C, 0x03, 0xC0, 0x38, 0x02, 0xC0, 0x34, 0x02, 0xC0, 0x38, 0x02, 0xC0, 0x3C, 0x03,
    0xC0, 0x1D, 0x0B, 0xC0, 0x0B, 0xF9, 0xC0, 0x00, 0x00, 0x00, 0x0F, 0xFE, 0x00, 0x1E, 0x5B, 0xD0,
    0x1C, 0x00, 0xB4, 0x1C, 0x00, 0x3C, 0x1C, 0x00, 0x2C, 0x6E, 0xA0, 0x1C, 0x7F, 0xF0, 0x1C, 0x1C,
    0x00, 0x2C, 0x1C, 0x00, 0x3C, 0x1C, 0x00, 0xB4, 0x1D, 0x57, 0xD0, 0x1F, 0xFE, 0x00, 0x00, 0x01,
    0x80, 0x00, 0x0B, 0x00, 0x0F, 0xFF, 0x00, 0x00, 0xB0, 0x07, 0xFA, 0xC0, 0x78, 0x6F, 0x03, 0xC0,
    0x3C, 0x0E, 0x00, 0xB0, 0x34, 0x02, 0xC0, 0xE0, 0x0B, 0x03, 0xC0, 0x3C, 0x07, 0x42, 0xF0, 0x0B,
    0xF9, 0xC0, 0x00, 0x00, 0x00, 0x05, 0x50, 0x1F, 0xF8, 0x00, 0x00, 0x7F, 0xFC, 0x75, 0x54, 0x70,
    0x00, 0x70, 0x00, 0x70, 0x00, 0x7F, 0xFC, 0x79, 0x54, 0x70, 0x00, 0x70, 0x00, 0x70, 0x00, 0x75,
    0x54, 0x7F, 0xFD, 0x01, 0x54, 0x02, 0xFF, 0x00, 0x00, 0x00, 0x1F, 0xF0, 0x0E, 0x0F, 0x0B, 0x00,
    0xD3, 0x95, 0x78, 0xFF, 0xFD, 0x38, 0x00, 0x0F, 0x00, 0x01, 0xE0, 0x10, 0x1F, 0xFC, 0x00, 0x00,
    0x00, 0x00, 0x00, 0x1D, 0x74, 0x07, 0xE0, 0x00, 0x00, 0x7F, 0xFC, 0x75, 0x54, 0x70, 0x00, 0x70,
    0x00, 0x70, 0x00, 0x7F, 0xFC, 0x79, 0x54, 0x70, 0x00, 0x70, 0x00, 0x70, 0x00, 0x75, 0x54, 0x7F,
    0xFD, 0x04, 0x00, 0x02, 0x97, 0x00, 0x2F, 0x40, 0x00, 0x00, 0x07, 0xFC, 0x03, 0x83, 0xC2, 0xC0,
    0x34, 0xE5, 0x5E, 0x3F, 0xFF, 0x4E, 0x00, 0x03, 0xC0, 0x00, 0x78, 0x04, 0x07, 0xFF, 0x00, 0x00,
    0x00, 0x00, 0x00, 0x02, 0xC0, 0x01, 0x40, 0x00, 0x00, 0x7F, 0xFC, 0x75, 0x54, 0x70, 0x00, 0x70,
    0x00, 0x70, 0x00, 0x7F, 0xFC, 0x79, 0x54, 0x70, 0x00, 0x70, 0x00, 0x70, 0x00, 0x75, 0x54, 0x7F,
    0xFD, 0x00, 0x00, 0x00, 0x38, 0x00, 0x04, 0x00, 0x00, 0x00, 0x07, 0xFC, 0x03, 0x83, 0xC2, 0xC0,
    0x34, 0xE5, 0x5E, 0x3F, 0xFF, 0x4E, 0x00, 0x03, 0xC0, 0x00, 0x78, 0x04, 0x07, 0xFF, 0x00, 0x00,
    0x00, 0x7F, 0xFC, 0x75, 0x54, 0x70, 0x00, 0x70, 0x00, 0x70, 0x00, 0x7F, 0xFC, 0x79, 0x54, 0x70,
    0x00, 0x70, 0x00, 0x70, 0x00, 0x75, 0x54, 0x7F, 0xFD, 0x00, 0x34, 0x00, 0x60, 0x00, 0xB4, 0x00,
    0x28, 0x00, 0x00, 0x01, 0xFF, 0x00, 0xE0, 0xF0, 0xB0, 0x0D, 0x39, 0x57, 0x8F, 0xFF, 0xD3, 0x80,
    0x00, 0xF0, 0x00, 0x1E, 0x01, 0x01, 0xFF, 0xC0, 0x01, 0xC0, 0x00, 0xA0, 0x00, 0x2D, 0x00, 0x02,
    0x80, 0x18, 0x18, 0x0A, 0xB0, 0x03, 0xC0, 0x00, 0x00, 0x7F, 0xFC, 0x75, 0x54, 0x70, 0x00, 0x70,
    0x00, 0x70, 0x00, 0x7F, 0xFC, 0x79, 0x54, 0x70, 0x00, 0x70, 0x00, 0x70, 0x00, 0x75, 0x54, 0x7F,
    0xFD, 0x09, 0x09, 0x00, 0xEE, 0x00, 0x1E, 0x00, 0x00, 0x00, 0x07, 0xFC, 0x03, 0x83, 0xC2, 0xC0,
    0x34, 0xE5, 0x5E, 0x3F, 0xFF, 0x4E, 0x00, 0x03, 0xC0, 0x00, 0x78, 0x04, 0x07, 0xFF, 0x00, 0x00,
    0x00, 0x00, 0x38, 0x00, 0x0E, 0xD0, 0x02, 0x43, 0x40, 0x00, 0x00, 0x02, 0xFF, 0xD1, 0xF5, 0x59,
    0x3C, 0x00, 0x0B, 0x00, 0x00, 0xF0, 0x00, 0x0E, 0x00, 0x55, 0xE0, 0x0F, 0xFE, 0x00, 0x0B, 0xB0,
    0x00, 0xB3, 0x80, 0x0B, 0x2F, 0x40, 0xB0, 0x7F, 0xFE, 0x00, 0x00, 0x00, 0x00, 0xA0, 0x00, 0xFE,
    0x00, 0xA0, 0x90, 0x00, 0x00, 0x07, 0xF9, 0xC7, 0x82, 0xF3, 0xC0, 0x3C, 0xE0, 0x0B, 0x34, 0x02,
    0xCE, 0x00, 0xB3, 0xC0, 0x3C, 0x74, 0x2F, 0x0B, 0xFA, 0xC0, 0x00, 0xB0, 0x00, 0x38, 0x64, 0x6D,
    0x0B, 0xFD, 0x00, 0x01, 0x00, 0x00, 0x29, 0x70, 0x00, 0xBD, 0x00, 0x00, 0x00, 0x02, 0xFF, 0xD1,
    0xF5, 0x59, 0x3C, 0x00, 0x0B, 0x00, 0x00, 0xF0, 0x00, 0x0E, 0x00, 0x55, 0xE0, 0x0F, 0xFE, 0x00,
    0x0B, 0xB0, 0x00, 0xB3, 0x80, 0x0B, 0x2F, 0x40, 0xB0, 0x7F, 0xFE, 0x00, 0x00, 0x00, 0x00, 0x00,
    0x01, 0x97, 0x40, 0x2F, 0x40, 0x00, 0x00, 0x07, 0xF9, 0xC7, 0x82, 0xF3, 0xC0, 0x3C, 0xE0, 0x0B,
    0x34, 0x02, 0xCE, 0x00, 0xB3, 0xC0, 0x3C, 0x74, 0x2F, 0x0B, 0xFA, 0xC0, 0x00, 0xB0, 0x00, 0x38,
    0x64, 0x6D, 0x0B, 0xFD, 0x00, 0x00, 0x00, 0x00, 0x03, 0x80, 0x00, 0x10, 0x00, 0x00, 0x00, 0x02,
    0xFF, 0xD1, 0xF5, 0x59, 0x3C, 0x00, 0x0B, 0x00, 0x00, 0xF0, 0x00, 0x0E, 0x00, 0x55, 0xE0, 0x0F,
    0xFE, 0x00, 0x0B, 0xB0, 0x00, 0xB3, 0x80, 0x0B, 0x2F, 0x40, 0xB0, 0x7F, 0xFE, 0x00, 0x00, 0x00,
    0x00, 0x00, 0x00, 0x3C, 0x00, 0x05, 0x00, 0x00, 0x00, 0x07, 0xF9, 0xC7, 0x82, 0xF3, 0xC0, 0x3C,
    0xE0, 0x0B, 0x34, 0x02, 0xCE, 0x00, 0xB3, 0xC0, 0x3C, 0x74, 0x2F, 0x0B, 0xFA, 0xC0, 0x00, 0xB0,
    0x00, 0x38, 0x64, 0x6D, 0x0B, 0xFD, 0x00, 0x00, 0x00, 0x00, 0x2F, 0xFD, 0x1F, 0x55, 0x93, 0xC0,
    0x00, 0xB0, 0x00, 0x0F, 0x00, 0x00, 0xE0, 0x05, 0x5E, 0x00, 0xFF, 0xE0, 0x00, 0xBB, 0x00, 0x0B,
    0x38, 0x00, 0xB2, 0xF4, 0x0B, 0x07, 0xFF, 0xE0, 0x00, 0x00, 0x00, 0x38, 0x00, 0x03, 0x00, 0x00,
    0x10, 0x00, 0x00, 0x20, 0x00, 0x28, 0x00, 0x0D, 0x00, 0x00, 0x00, 0x07, 0xF9, 0xC7, 0x82, 0xF3,
    0xC0, 0x3C, 0xE0, 0x0B, 0x34, 0x02, 0xCE, 0x00, 0xB3, 0xC0, 0x3C, 0x74, 0x2F, 0x0B, 0xFA, 0xC0,
    0x00, 0xB0, 0x00, 0x38, 0x64, 0x6D, 0x0B, 0xFD, 0x00, 0x00, 0xB0, 0x00, 0x2E, 0xC0, 0x07, 0x0A,
    0x00, 0x00, 0x00, 0x70, 0x00, 0xA7, 0x00, 0x0E, 0x70, 0x00, 0xE7, 0x00, 0x0E, 0x70, 0x00, 0xE7,
    0xFF, 0xFE, 0x79, 0x55, 0xE7, 0x00, 0x0E, 0x70, 0x00, 0xE7, 0x00, 0x0E, 0x70, 0x00, 0xE7, 0x00,
    0x0E, 0x0B, 0x00, 0x02, 0xEC, 0x00, 0x60, 0xA0, 0x00, 0x00, 0x00, 0x06, 0x00, 0x00, 0xB0, 0x00,
    0x0B, 0x00, 0x00, 0xB0, 0x00, 0x0B, 0x7F, 0x80, 0xBD, 0x1E, 0x0B, 0x00, 0xB0, 0xB0, 0x0B, 0x0B,
    0x00, 0xB0, 0xB0, 0x0B, 0x0B, 0x00, 0xB0, 0xB0, 0x0B, 0x0B, 0x00, 0xB0, 0x1C, 0x00, 0x28, 0x07,
    0x00, 0x0E, 0x0F, 0xFF, 0xFF, 0xF5, 0xB5, 0x55, 0xF4, 0x1C, 0x00, 0x38, 0x07, 0xFF, 0xFE, 0x01,
    0xE5, 0x57, 0x80, 0x70, 0x00, 0xE0, 0x1C, 0x00, 0x38, 0x07, 0x00, 0x0E, 0x01, 0xC0, 0x03, 0x80,
    0x70, 0x00, 0xE0, 0x18, 0x00, 0x0B, 0x00, 0x0F, 0xFF, 0x40, 0xB0, 0x00, 0x2C, 0xB9, 0x0B, 0xE6,
    0xD2, 0xD0, 0x2C, 0xB0, 0x0B, 0x2C, 0x02, 0xCB, 0x00, 0xB2, 0xC0, 0x2C, 0xB0, 0x0B, 0x2C, 0x02,
    0xC0, 0x00, 0x00, 0xBD, 0x62, 0x1B, 0x00, 0x00, 0x1F, 0xF0, 0x0E, 0x00, 0x38, 0x00, 0xE0, 0x03,
    0x80, 0x0E, 0x00, 0x38, 0x00, 0xE0, 0x03, 0x80, 0x0E, 0x00, 0x38, 0x07, 0xFC, 0x00, 0x01, 0xF9,
    0xC8, 0x2D, 0x00, 0x00, 0x0B, 0x00, 0x2C, 0x00, 0xB0, 0x02, 0xC0, 0x0B, 0x00, 0x2C, 0x00, 0xB0,
    0x02, 0xC0, 0x0B, 0x00, 0x15, 0x4B, 0xFD, 0x00, 0x07, 0xFC, 0x0E, 0x00, 0xE0, 0x0E, 0x00, 0xE0,
    0x0E, 0x00, 0xE0, 0x0E, 0x00, 0xE0, 0x0E, 0x00, 0xE0, 0x7F, 0xC0, 0x15, 0x47, 0xFE, 0x00, 0x00,
    0xB0, 0x0B, 0x00, 0xB0, 0x0B, 0x00, 0xB0, 0x0B, 0x00, 0xB0, 0x0B, 0x00, 0xB0, 0x40, 0x0A, 0x5C,
    0x2F, 0x40, 0x00, 0x7F, 0xC0, 0xE0, 0x0E, 0x00, 0xE0, 0x0E, 0x00, 0xE0, 0x0E, 0x00, 0xE0, 0x0E,
    0x00, 0xE0, 0x0E, 0x07, 0xFC, 0x00, 0x13, 0x5A, 0x1F, 0x80, 0x00, 0x0B, 0x00, 0xB0, 0x0B, 0x00,
    0xB0, 0x0B, 0x00, 0xB0, 0x0B, 0x00, 0xB0, 0x0B, 0x00, 0x7F, 0xC3, 0x80, 0xE0, 0x38, 0x0E, 0x03,
    0x80, 0xE0, 0x38, 0x0E, 0x03, 0x80, 0xE1, 0xFF, 0x03, 0x02, 0x40, 0xA4, 0x0A, 0x00, 0x2C, 0x14,
    0x00, 0x2C, 0x2C, 0x2C, 0x2C, 0x2C, 0x2C, 0x2C, 0x2C, 0x2C, 0x34, 0x60, 0x74, 0x28, 0x00, 0x03,
    0x80, 0x50, 0x00, 0x7F, 0xC3, 0x80, 0xE0, 0x38, 0x0E, 0x03, 0x80, 0xE0, 0x38, 0x0E, 0x03, 0x80,
    0xE1, 0xFF, 0xBB, 0xBB, 0xBB, 0xBB, 0xB0, 0x7F, 0xC2, 0x83, 0x80, 0xE0, 0xE0, 0x38, 0x38, 0x0E,
    0x0E, 0x03, 0x83, 0x80, 0xE0, 0xE0, 0x38, 0x38, 0x0E, 0x0E, 0x03, 0x83, 0x80, 0xE0, 0xE0, 0x39,
    0xFF, 0x0E, 0x00, 0x03, 0x80, 0x01, 0xD0, 0x0B, 0xE0, 0x00, 0x00, 0x00, 0x02, 0xC1, 0xD5, 0x02,
    0x00, 0x00, 0xB0, 0x72, 0xC1, 0xCB, 0x07, 0x2C, 0x1C, 0xB0, 0x72, 0xC1, 0xCB, 0x07, 0x2C, 0x1C,
    0xB0, 0x70, 0x01, 0xC0, 0x07, 0x00, 0x2C, 0x0B, 0xD0, 0x02, 0xC0, 0x07, 0xB0, 0x0C, 0x18, 0x00,
    0x00, 0x01, 0xC0, 0x01, 0xC0, 0x01, 0xC0, 0x01, 0xC0, 0x01, 0xC0, 0x01, 0xC0, 0x01, 0xC0, 0x01,
    0xC0, 0x01, 0xC0, 0x01, 0xC0, 0x01, 0xC0, 0x01, 0xC0, 0x02, 0xC0, 0x07, 0x80, 0x7F, 0x00, 0x00,
    0x00, 0x0B, 0x02, 0xEC, 0x60, 0xA0, 0x00, 0x0B, 0x00, 0xB0, 0x0B, 0x00, 0xB0, 0x0B, 0x00, 0xB0,
    0x0B, 0x00, 0xB0, 0x0B, 0x00, 0xB0, 0x0B, 0x05, 0xE0, 0xFC, 0x00, 0x70, 0x03, 0x87, 0x00, 0xF0,
    0x70, 0x2C, 0x07, 0x0B, 0x00, 0x72, 0xC0, 0x07, 0xB8, 0x00, 0x7E, 0xD0, 0x07, 0x0F, 0x00, 0x70,
    0x3C, 0x07, 0x01, 0xD0, 0x70, 0x0B, 0x07, 0x00, 0x3C, 0x00, 0x00, 0x00, 0x0D, 0x00, 0x00, 0xC0,
    0x00, 0x14, 0x00, 0x60, 0x00, 0xB0, 0x00, 0xB0, 0x00, 0xB0, 0x00, 0xB0, 0x2C, 0xB0, 0xB0, 0xB2,
    0xC0, 0xB7, 0x40, 0xBF, 0x40, 0xB2, 0xC0, 0xB0, 0xF0, 0xB0, 0x38, 0xB0, 0x1D, 0x00, 0x00, 0x03,
    0x40, 0x07, 0x00, 0x05, 0x00, 0xB0, 0x2C, 0xB0, 0xB4, 0xB1, 0xD0, 0xB3, 0x80, 0xBF, 0x40, 0xB6,
    0xC0, 0xB0, 0xF0, 0xB0, 0x38, 0xB0, 0x1D, 0x0D, 0x00, 0x2C, 0x00, 0x60, 0x00, 0x00, 0x00, 0x70,
    0x00, 0x70, 0x00, 0x70, 0x00, 0x70, 0x00, 0x70, 0x00, 0x70, 0x00, 0x70, 0x00, 0x70, 0x00, 0x70,
    0x00, 0x70, 0x00, 0x75, 0x54, 0x7F, 0xFD, 0x1D, 0x38, 0x60, 0x00, 0x60, 0xB0, 0xB0, 0xB0, 0xB0,
    0xB0, 0xB0, 0xB0, 0xB0, 0xB0, 0xB0, 0xB0, 0xB0, 0x70, 0x00, 0x70, 0x00, 0x70, 0x00, 0x70, 0x00,
    0x70, 0x00, 0x70, 0x00, 0x70, 0x00, 0x70, 0x00, 0x70, 0x00, 0x70, 0x00, 0x75, 0x54, 0x7F, 0xFD,
    0x00, 0x00, 0x01, 0xC0, 0x02, 0x40, 0x02, 0x00, 0x62, 0xCB, 0x2C, 0xB2, 0xCB, 0x2C, 0xB2, 0xCB,
    0x2C, 0xB0, 0x07, 0x28, 0x80, 0x70, 0x0C, 0x70, 0x1C, 0x70, 0x14, 0x70, 0x00, 0x70, 0x00, 0x70,
    0x00, 0x70, 0x00, 0x70, 0x00, 0x70, 0x00, 0x70, 0x00, 0x75, 0x54, 0x7F, 0xFD, 0x62, 0x6C, 0xCB,
    0x62, 0xC0, 0xB0, 0x2C, 0x0B, 0x02, 0xC0, 0xB0, 0x2C, 0x0B, 0x02, 0xC0, 0xB0, 0x00, 0x70, 0x00,
    0x70, 0x00, 0x70, 0x00, 0x70, 0x00, 0x70, 0x00, 0x70, 0x70, 0x70, 0x20, 0x70, 0x00, 0x70, 0x00,
    0x70, 0x00, 0x75, 0x54, 0x7F, 0xFD, 0x60, 0x2C, 0x0B, 0x02, 0xC0, 0xB0, 0x2C, 0x0B, 0x72, 0xC8,
    0xB0, 0x2C, 0x0B, 0x02, 0xC0, 0xB0, 0x00, 0x1C, 0x00, 0x07, 0x00, 0x01, 0xC0, 0x00, 0x70, 0x00,
    0x1C, 0x10, 0x07, 0xB8, 0x02, 0xF0, 0x02, 0xF0, 0x00, 0x1C, 0x00, 0x07, 0x00, 0x01, 0xD5, 0x50,
    0x7F, 0xFD, 0x06, 0x00, 0xB0, 0x0B, 0x00, 0xB0, 0x0B, 0x00, 0xB8, 0x0B, 0xC2, 0xF0, 0x2F, 0x00,
    0xB0, 0x0B, 0x00, 0xB0, 0x0B, 0x00, 0x00, 0x0D, 0x00, 0x00, 0xB0, 0x00, 0x06, 0x00, 0x00, 0x00,
    0x00, 0x78, 0x00, 0x71, 0xF4, 0x01, 0xC7, 0xF0, 0x07, 0x1C, 0xE0, 0x1C, 0x72, 0xC0, 0x71, 0xC3,
    0xC1, 0xC7, 0x03, 0x47, 0x1C, 0x0B, 0x1C, 0x70, 0x0F, 0x71, 0xC0, 0x1E, 0xC7, 0x00, 0x2F, 0x1C,
    0x00, 0x3C, 0x00, 0x74, 0x00, 0xE0, 0x01, 0x80, 0x00, 0x00, 0xA7, 0xF8, 0xBD, 0x1E, 0xB0, 0x0B,
    0xB0, 0x0B, 0xB0, 0x0B, 0xB0, 0x0B, 0xB0, 0x0B, 0xB0, 0x0B, 0xB0, 0x0B, 0x78, 0x00, 0x71, 0xF4,
    0x01, 0xC7, 0xF0, 0x07, 0x1C, 0xE0, 0x1C, 0x72, 0xC0, 0x71, 0xC3, 0xC1, 0xC7, 0x03, 0x47, 0x1C,
    0x0B, 0x1C, 0x70, 0x0F, 0x71, 0xC0, 0x1E, 0xC7, 0x00, 0x2F, 0x1C, 0x00, 0x3C, 0x00, 0x00, 0x00,
    0x00, 0xD0, 0x00, 0x07, 0x00, 0x00, 0x10, 0x00, 0x00, 0x00, 0xA7, 0xF8, 0xBD, 0x1E, 0xB0, 0x0B,
    0xB0, 0x0B, 0xB0, 0x0B, 0xB0, 0x0B, 0xB0, 0x0B, 0xB0, 0x0B, 0xB0, 0x0B, 0x00, 0x00, 0x01, 0xC0,
    0x02, 0x80, 0x02, 0x00, 0x02, 0x06, 0x00, 0x0B, 0xB0, 0x00, 0x0B, 0x40, 0x00, 0x00, 0x00, 0x78,
    0x00, 0x71, 0xF4, 0x01, 0xC7, 0xF0, 0x07, 0x1C, 0xE0, 0x1C, 0x72, 0xC0, 0x71, 0xC3, 0xC1, 0xC7,
    0x03, 0x47, 0x1C, 0x0B, 0x1C, 0x70, 0x0F, 0x71, 0xC0, 0x1E, 0xC7, 0x00, 0x2F, 0x1C, 0x00, 0x3C,
    0x18, 0x18, 0x0B, 0xB0, 0x03, 0xC0, 0x00, 0x00, 0xA7, 0xF8, 0xBD, 0x1E, 0xB0, 0x0B, 0xB0, 0x0B,
    0xB0, 0x0B, 0xB0, 0x0B, 0xB0, 0x0B, 0xB0, 0x0B, 0xB0, 0x0B, 0x34, 0x00, 0x01, 0xC0, 0x00, 0x0B,
    0x00, 0x00, 0x35, 0xCF, 0xF0, 0x07, 0xD1, 0xF0, 0x1D, 0x01, 0xC0, 0x70, 0x07, 0x01, 0xC0, 0x1C,
    0x07, 0x00, 0x70, 0x1C, 0x01, 0xC0, 0x70, 0x07, 0x01, 0xC0, 0x1C, 0x78, 0x00, 0x71, 0xF4, 0x01,
    0xC7, 0xF0, 0x07, 0x1C, 0xE0, 0x1C, 0x71, 0xD0, 0x71, 0xC3, 0xC1, 0xC7, 0x03, 0x87, 0x1C, 0x07,
    0x5C, 0x70, 0x0B, 0x71, 0xC0, 0x0F, 0xC7, 0x00, 0x1F, 0x1C, 0x00, 0x2C, 0x00, 0x00, 0x70, 0x00,
    0x07, 0xC0, 0x01, 0xFC, 0x00, 0x00, 0x00, 0x00, 0x00, 0xA7, 0xFC, 0xBD, 0x1E, 0xB0, 0x0B, 0xB0,
    0x0B, 0xB0, 0x0B, 0xB0, 0x0B, 0xB0, 0x0B, 0xB0, 0x0B, 0xB0, 0x0B, 0x00, 0x0B, 0x00, 0x0B, 0x00,
    0x1F, 0x00, 0xBC, 0x01, 0x55, 0x00, 0x0F, 0xFC, 0x00, 0x00, 0x00, 0x01, 0xFF, 0xD0, 0x2E, 0x56,
    0xD0, 0xE0, 0x02, 0xCB, 0x00, 0x03, 0xB8, 0x00, 0x0B, 0xE0, 0x00, 0x2F, 0x80, 0x00, 0xBE, 0x00,
    0x02, 0xEC, 0x00, 0x0E, 0x78, 0x00, 0x70, 0xB9, 0x0B, 0x80, 0x7F, 0xF4, 0x00, 0x00, 0x00, 0x01,
    0x54, 0x00, 0x7F, 0xD0, 0x00, 0x00, 0x00, 0x7F, 0xD0, 0x1E, 0x0B, 0x43, 0xC0, 0x2C, 0x38, 0x01,
    0xC3, 0x40, 0x1C, 0x38, 0x01, 0xC3, 0xC0, 0x2C, 0x1E, 0x07, 0x40, 0x7F, 0xD0, 0x00, 0x00, 0x00,
    0x01, 0x01, 0x00, 0x0D, 0x5C, 0x00, 0x0F, 0x80, 0x00, 0x00, 0x00, 0x07, 0xFF, 0x40, 0xB9, 0x5B,
    0x43, 0x80, 0x0B, 0x2C, 0x00, 0x0E, 0xE0, 0x00, 0x2F, 0x80, 0x00, 0xBE, 0x00, 0x02, 0xF8, 0x00,
    0x0B, 0xB0, 0x00, 0x39, 0xE0, 0x01, 0xC2, 0xE4, 0x2E, 0x01, 0xFF, 0xD0, 0x00, 0x00, 0x00, 0x00,
    0x00, 0x00, 0x75, 0xD0, 0x02, 0xF4, 0x00, 0x00, 0x00, 0x07, 0xFD, 0x01, 0xE0, 0xB4, 0x3C, 0x02,
    0xC3, 0x80, 0x1C, 0x34, 0x01, 0xC3, 0x80, 0x1C, 0x3C, 0x02, 0xC1, 0xE0, 0x74, 0x07, 0xFD, 0x00,
    0x00, 0x00, 0x00, 0xD3, 0x40, 0x0A, 0x38, 0x00, 0x61, 0x80, 0x00, 0x00, 0x00, 0x07, 0xFF, 0x40,
    0xB9, 0x5B, 0x43, 0x80, 0x0B, 0x2C, 0x00, 0x0E, 0xE0, 0x00, 0x2F, 0x80, 0x00, 0xBE, 0x00, 0x02,
    0xF8, 0x00, 0x0B, 0xB0, 0x00, 0x39, 0xE0, 0x01, 0xC2, 0xE4, 0x2E, 0x01, 0xFF, 0xD0, 0x00, 0x00,
    0x00, 0x02, 0x8A, 0x00, 0x34, 0xC0, 0x09, 0x24, 0x00, 0x00, 0x00, 0x07, 0xFD, 0x01, 0xE0, 0xB4,
    0x3C, 0x02, 0xC3, 0x80, 0x1C, 0x34, 0x01, 0xC3, 0x80, 0x1C, 0x3C, 0x02, 0xC1, 0xE0, 0x74, 0x07,
    0xFD, 0x00, 0x00, 0x00, 0x00, 0x00, 0x00, 0x00, 0x7F, 0xFF, 0xFD, 0x2E, 0x47, 0xD5, 0x43, 0x80,
    0x38, 0x00, 0xB0, 0x03, 0x80, 0x0E, 0x00, 0x38, 0x00, 0xE0, 0x03, 0xFF, 0xCE, 0x00, 0x3D, 0x54,
    0xE0, 0x03, 0x80, 0x0B, 0x00, 0x38, 0x00, 0x38, 0x03, 0x80, 0x02, 0xE4, 0x3D, 0x54, 0x07, 0xFF,
    0xFF, 0xD0, 0x00, 0x00, 0x00, 0x00, 0x00, 0x00, 0x00, 0x1F, 0xF0, 0xBF, 0x41, 0xE0, 0xBB, 0x4B,
    0x4F, 0x00, 0xF4, 0x0E, 0x38, 0x02, 0xD5, 0x7C, 0xD0, 0x0B, 0xFF, 0xE3, 0x80, 0x2C, 0x00, 0x0F,
    0x00, 0xF4, 0x00, 0x1E, 0x0B, 0xB4, 0x14, 0x1F, 0xF4, 0xBF, 0xD0, 0x00, 0x00, 0x00, 0x00, 0x00,
    0x34, 0x00, 0x0E, 0x00, 0x01, 0x80, 0x00, 0x00, 0x00, 0x7F, 0xF4, 0x07, 0x56, 0xE0, 0x70, 0x0B,
    0x07, 0x00, 0x70, 0x70, 0x0B, 0x07, 0x41, 0xE0, 0x7F, 0xF4, 0x07, 0x07, 0x40, 0x70, 0x2C, 0x07,
    0x00, 0xE0, 0x70, 0x0B, 0x07, 0x00, 0x3C, 0x01, 0xC0, 0x38, 0x0A, 0x00, 0x00, 0xA3, 0xEB, 0xD4,
    0xB4, 0x0B, 0x00, 0xB0, 0x0B, 0x00, 0xB0, 0x0B, 0x00, 0xB0, 0x00, 0x7F, 0xF4, 0x07, 0x56, 0xE0,
    0x70, 0x0B, 0x07, 0x00, 0x70, 0x70, 0x0B, 0x07, 0x41, 0xE0, 0x7F, 0xF4, 0x07, 0x07, 0x40, 0x70,
    0x2C, 0x07, 0x00, 0xE0, 0x70, 0x0B, 0x07, 0x00, 0x3C, 0x00, 0x00, 0x00, 0x0D, 0x00, 0x01, 0xC0,
    0x00, 0x14, 0x00, 0x00, 0x0A, 0x3E, 0xBD, 0x4B, 0x40, 0xB0, 0x0B, 0x00, 0xB0, 0x0B, 0x00, 0xB0,
    0x0B, 0x00, 0x00, 0x07, 0x00, 0xA0, 0x08, 0x00, 0x18, 0x18, 0x00, 0xBB, 0x00, 0x03, 0xC0, 0x00,
    0x00, 0x00, 0x7F, 0xF4, 0x07, 0x56, 0xE0, 0x70, 0x0B, 0x07, 0x00, 0x70, 0x70, 0x0B, 0x07, 0x41,
    0xE0, 0x7F, 0xF4, 0x07, 0x07, 0x40, 0x70, 0x2C, 0x07, 0x00, 0xE0, 0x70, 0x0B, 0x07, 0x00, 0x3C,
    0x60, 0x93, 0xAC, 0x0F, 0x00, 0x00, 0xA3, 0xEB, 0xD4, 0xB4, 0x0B, 0x00, 0xB0, 0x0B, 0x00, 0xB0,
    0x0B, 0x00, 0xB0, 0x00, 0x00, 0x28, 0x00, 0x1D, 0x00, 0x0D, 0x00, 0x00, 0x00, 0x0B, 0xFE, 0x0B,
    0x96, 0x83, 0x80, 0x00, 0xE0, 0x00, 0x2D, 0x00, 0x02, 0xF4, 0x00, 0x1B, 0xD0, 0x00, 0x3C, 0x00,
    0x03, 0x40, 0x00, 0xD2, 0x41, 0xF0, 0xFF, 0xE0, 0x00, 0x00, 0x00, 0x00, 0x70, 0x00, 0xE0, 0x02,
    0x80, 0x00, 0x00, 0x1F, 0xF8, 0x38, 0x14, 0x34, 0x00, 0x2E, 0x00, 0x07, 0xE0, 0x00, 0x7C, 0x00,
    0x1C, 0x10, 0x2C, 0x3F, 0xF4, 0x00, 0x00, 0x00, 0xE0, 0x00, 0xED, 0x00, 0x90, 0xD0, 0x00, 0x00,
    0x0B, 0xFE, 0x0B, 0x96, 0x83, 0x80, 0x00, 0xE0, 0x00, 0x2D, 0x00, 0x02, 0xF4, 0x00, 0x1B, 0xD0,
    0x00, 0x3C, 0x00, 0x03, 0x40, 0x00, 0xD2, 0x41, 0xF0, 0xFF, 0xE0, 0x00, 0x00, 0x00, 0x02, 0x80,
    0x0B, 0xE0, 0x18, 0x24, 0x00, 0x00, 0x1F, 0xF8, 0x38, 0x14, 0x34, 0x00, 0x2E, 0x00, 0x07, 0xE0,
    0x00, 0x7C, 0x00, 0x1C, 0x10, 0x2C, 0x3F, 0xF4, 0x00, 0x00, 0x00, 0x00, 0x02, 0xFF, 0x82, 0xE5,
    0xA0, 0xE0, 0x00, 0x38, 0x00, 0x0B, 0x40, 0x00, 0xBD, 0x00, 0x06, 0xF4, 0x00, 0x0F, 0x00, 0x00,
    0xD0, 0x00, 0x34, 0x90, 0x7C, 0x3F, 0xF8, 0x00, 0x60, 0x00, 0x1E, 0x00, 0x01, 0xC0, 0x07, 0xD0,
    0x00, 0x00, 0x00, 0x1F, 0xF8, 0x38, 0x14, 0x34, 0x00, 0x2E, 0x00, 0x07, 0xE0, 0x00, 0x7C, 0x00,
    0x1C, 0x10, 0x2C, 0x3F, 0xF4, 0x02, 0x40, 0x02, 0xD0, 0x00, 0xA0, 0x0B, 0xC0, 0x09, 0x09, 0x00,
    0xEE, 0x00, 0x1E, 0x00, 0x00, 0x00, 0x0B, 0xFE, 0x0B, 0x96, 0x83, 0x80, 0x00, 0xE0, 0x00, 0x2D,
    0x00, 0x02, 0xF4, 0x00, 0x1B, 0xD0, 0x00, 0x3C, 0x00, 0x03, 0x40, 0x00, 0xD2, 0x41, 0xF0, 0xFF,
    0xE0, 0x00, 0x00, 0x00, 0x18, 0x24, 0x0E, 0xB0, 0x03, 0xC0, 0x00, 0x00, 0x1F, 0xF8, 0x38, 0x14,
    0x34, 0x00, 0x2E, 0x00, 0x07, 0xE0, 0x00, 0x7C, 0x00, 0x1C, 0x10, 0x2C, 0x3F, 0xF4, 0x00, 0x00,
    0xFF, 0xFF, 0xC5, 0x5E, 0x54, 0x00, 0xD0, 0x00, 0x0D, 0x00, 0x00, 0xD0, 0x00, 0x0D, 0x00, 0x00,
    0xD0, 0x00, 0x0D, 0x00, 0x00, 0xD0, 0x00, 0x0D, 0x00, 0x00, 0xD0, 0x00, 0x0D, 0x00, 0x00, 0xC0,
    0x00, 0x0B, 0x00, 0x00, 0x34, 0x00, 0x3E, 0x00, 0x0C, 0x01, 0xC0, 0x7F, 0xE2, 0xC0, 0x1C, 0x01,
    0xC0, 0x1C, 0x01, 0xC0, 0x1C, 0x01, 0xD0, 0x0B, 0xE0, 0x30, 0x02, 0xC0, 0x0C, 0x0F, 0x80, 0x09,
    0x08, 0x00, 0x37, 0x40, 0x01, 0xE0, 0x00, 0x00, 0x00, 0xFF, 0xFF, 0xC5, 0x5E, 0x54, 0x00, 0xD0,
    0x00, 0x0D, 0x00, 0x00, 0xD0, 0x00, 0x0D, 0x00, 0x00, 0xD0, 0x00, 0x0D, 0x00, 0x00, 0xD0, 0x00,
    0x0D, 0x00, 0x00, 0xD0, 0x00, 0x0D, 0x00, 0x00, 0x06, 0x00, 0x0D, 0x0C, 0x0C, 0x1C, 0x00, 0x7F,
    0xE0, 0x2C, 0x00, 0x1C, 0x00, 0x1C, 0x00, 0x1C, 0x00, 0x1C, 0x00, 0x1C, 0x00, 0x1D, 0x00, 0x0B,
    0xE0, 0x00, 0x00, 0xFF, 0xFF, 0xC5, 0x6E, 0x54, 0x00, 0xD0, 0x00, 0x0D, 0x00, 0x00, 0xD0, 0x01,
    0xAF, 0xA0, 0x1A, 0xE9, 0x00, 0x0D, 0x00, 0x00, 0xD0, 0x00, 0x0D, 0x00, 0x00, 0xD0, 0x00, 0x0D,
    0x00, 0x0C, 0x01, 0xC0, 0x7F, 0xE2, 0xC0, 0x1C, 0x07, 0xFD, 0x2D, 0x41, 0xC0, 0x1C, 0x01, 0xD0,
    0x0B, 0xE0, 0x00, 0x00, 0x00, 0x00, 0x7E, 0x70, 0x0C, 0x2D, 0x00, 0x00, 0x00, 0x70, 0x00, 0xAB,
    0x00, 0x0E, 0xB0, 0x00, 0xEB, 0x00, 0x0E, 0xB0, 0x00, 0xEB, 0x00, 0x0E, 0xB0, 0x00, 0xEB, 0x00,
    0x0E, 0x70, 0x00, 0xE3, 0x40, 0x0D, 0x2D, 0x07, 0xC0, 0xBF, 0xE0, 0x00, 0x00, 0x00, 0x00, 0x00,
    0x1F, 0x9C, 0x20, 0xB4, 0x00, 0x00, 0xA0, 0x0B, 0xB0, 0x0B, 0xB0, 0x0B, 0xB0, 0x0B, 0xB0, 0x0B,
    0xB0, 0x0B, 0xB0, 0x0F, 0x74, 0x2F, 0x2F, 0xE7, 0x00, 0x00, 0x01, 0x54, 0x00, 0x7F, 0xE0, 0x00,
    0x00, 0x07, 0x00, 0x0A, 0xB0, 0x00, 0xEB, 0x00, 0x0E, 0xB0, 0x00, 0xEB, 0x00, 0x0E, 0xB0, 0x00,
    0xEB, 0x00, 0x0E, 0xB0, 0x00, 0xE7, 0x00, 0x0E, 0x34, 0x00, 0xD2, 0xD0, 0x7C, 0x0B, 0xFE, 0x00,
    0x00, 0x00, 0x05, 0x50, 0x1F, 0xF8, 0x00, 0x00, 0xA0, 0x0B, 0xB0, 0x0B, 0xB0, 0x0B, 0xB0, 0x0B,
    0xB0, 0x0B, 0xB0, 0x0B, 0xB0, 0x0F, 0x74, 0x2F, 0x2F, 0xE7, 0x00, 0x00, 0x00, 0x00, 0x00, 0x75,
    0x90, 0x01, 0xF8, 0x00, 0x00, 0x00, 0x70, 0x00, 0xAB, 0x00, 0x0E, 0xB0, 0x00, 0xEB, 0x00, 0x0E,
    0xB0, 0x00, 0xEB, 0x00, 0x0E, 0xB0, 0x00, 0xEB, 0x00, 0x0E, 0x70, 0x00, 0xE3, 0x40, 0x0D, 0x2D,
    0x07, 0xC0, 0xBF, 0xE0, 0x00, 0x00, 0x00, 0x00, 0x04, 0x0D, 0x68, 0x07, 0xE0, 0x00, 0x00, 0xA0,
    0x0B, 0xB0, 0x0B, 0xB0, 0x0B, 0xB0, 0x0B, 0xB0, 0x0B, 0xB0, 0x0B, 0xB0, 0x0F, 0x74, 0x2F, 0x2F,
    0xE7, 0x00, 0x00, 0x00, 0xA0, 0x00, 0x25, 0xC0, 0x02, 0x4C, 0x00, 0x0F, 0x40, 0x00, 0x00, 0x07,
    0x00, 0x0A, 0xB0, 0x00, 0xEB, 0x00, 0x0E, 0xB0, 0x00, 0xEB, 0x00, 0x0E, 0xB0, 0x00, 0xEB, 0x00,
    0x0E, 0xB0, 0x00, 0xE7, 0x00, 0x0E, 0x34, 0x00, 0xD2, 0xD0, 0x7C, 0x0B, 0xFE, 0x00, 0x00, 0x00,
    0x02, 0x80, 0x0A, 0x70, 0x09, 0x30, 0x03, 0xD0, 0x00, 0x00, 0xA0, 0x0B, 0xB0, 0x0B, 0xB0, 0x0B,
    0xB0, 0x0B, 0xB0, 0x0B, 0xB0, 0x0B, 0xB0, 0x0F, 0x74, 0x2F, 0x2F, 0xE7, 0x00, 0x00, 0x01, 0x8A,
    0x00, 0x34, 0xD0, 0x09, 0x24, 0x00, 0x00, 0x00, 0x70, 0x00, 0xAB, 0x00, 0x0E, 0xB0, 0x00, 0xEB,
    0x00, 0x0E, 0xB0, 0x00, 0xEB, 0x00, 0x0E, 0xB0, 0x00, 0xEB, 0x00, 0x0E, 0x70, 0x00, 0xE3, 0x40,
    0x0D, 0x2D, 0x07, 0xC0, 0xBF, 0xE0, 0x00, 0x00, 0x00, 0x06, 0x28, 0x0D, 0x34, 0x24, 0x90, 0x00,
    0x00, 0xA0, 0x0B, 0xB0, 0x0B, 0xB0, 0x0B, 0xB0, 0x0B, 0xB0, 0x0B, 0xB0, 0x0B, 0xB0, 0x0F, 0x74,
    0x2F, 0x2F, 0xE7, 0x00, 0x00, 0x70, 0x00, 0xAB, 0x00, 0x0E, 0xB0, 0x00, 0xEB, 0x00, 0x0E, 0xB0,
    0x00, 0xEB, 0x00, 0x0E, 0xB0, 0x00, 0xEB, 0x00, 0x0E, 0x70, 0x00, 0xE3, 0x40, 0x0D, 0x2D, 0x07,
    0xC0, 0xBF, 0xF0, 0x00, 0x0C, 0x00, 0x01, 0xC0, 0x00, 0x1D, 0x00, 0x00, 0xA0, 0xA0, 0x0B, 0x2C,
    0x02, 0xCB, 0x00, 0xB2, 0xC0, 0x2C, 0xB0, 0x0B, 0x2C, 0x02, 0xCB, 0x00, 0xF1, 0xD0, 0xBC, 0x2F,
    0xE7, 0x00, 0x03, 0x00, 0x02, 0x80, 0x00, 0xB4, 0x00, 0x0A, 0x00, 0x00, 0x03, 0x80, 0x00, 0x00,
    0x0E, 0xD0, 0x00, 0x00, 0x24, 0x34, 0x00, 0x00, 0x00, 0x00, 0x00, 0xB0, 0x03, 0x80, 0x1C, 0x70,
    0x07, 0xC0, 0x2C, 0x34, 0x0E, 0xC0, 0x38, 0x38, 0x0D, 0xD0, 0x34, 0x2C, 0x1C, 0xB0, 0x70, 0x1C,
    0x2C, 0x70, 0xB0, 0x0D, 0x34, 0x34, 0xE0, 0x0E, 0x30, 0x28, 0xD0, 0x0B, 0x70, 0x1D, 0xC0, 0x07,
    0xE0, 0x0F, 0xC0, 0x03, 0xD0, 0x0F, 0x80, 0x03, 0xC0, 0x0B, 0x40, 0x00, 0x1D, 0x00, 0x00, 0x0E,
    0xD0, 0x00, 0x0D, 0x1C, 0x00, 0x00, 0x00, 0x00, 0xB0, 0x1D, 0x02, 0xDC, 0x0B, 0xC0, 0xE3, 0x43,
    0xB0, 0x30, 0xE1, 0xCD, 0x1C, 0x2C, 0xA2, 0x8A, 0x07, 0x34, 0x73, 0x40, 0xEC, 0x0E, 0xC0, 0x3F,
    0x02, 0xF0, 0x07, 0x40, 0x78, 0x00, 0x00, 0xE0, 0x00, 0x3B, 0x40, 0x09, 0x0C, 0x00, 0x00, 0x00,
    0xB0, 0x01, 0xC3, 0x40, 0x38, 0x2C, 0x07, 0x00, 0xD0, 0xE0, 0x0B, 0x2C, 0x00, 0x3B, 0x40, 0x02,
    0xF0, 0x00, 0x0E, 0x00, 0x00, 0xD0, 0x00, 0x0D, 0x00, 0x00, 0xD0, 0x00, 0x0D, 0x00, 0x02, 0xC0,
    0x01, 0xEC, 0x01, 0xC2, 0x80, 0x00, 0x00, 0xA0, 0x03, 0x5C, 0x02, 0xC3, 0x80, 0xE0, 0xB0, 0x70,
    0x0D, 0x2C, 0x03, 0x8D, 0x00, 0x77, 0x00, 0x0F, 0x80, 0x02, 0xD0, 0x00, 0xB0, 0x00, 0x38, 0x00,
    0x6C, 0x00, 0xFC, 0x00, 0x00, 0x00, 0x00, 0x00, 0xB1, 0xC0, 0x01, 0x04, 0x00, 0x00, 0x00, 0xB0,
    0x01, 0xC3, 0x40, 0x38, 0x2C, 0x07, 0x00, 0xD0, 0xE0, 0x0B, 0x2C, 0x00, 0x3B, 0x40, 0x02, 0xF0,
    0x00, 0x0E, 0x00, 0x00, 0xD0, 0x00, 0x0D, 0x00, 0x00, 0xD0, 0x00, 0x0D, 0x00, 0x00, 0x2C, 0x00,
    0x0D, 0x00, 0x09, 0x00, 0x00, 0x00, 0x3F, 0xFF, 0x85, 0x56, 0xE0, 0x00, 0xF0, 0x00, 0x70, 0x00,
    0x38, 0x00, 0x3C, 0x00, 0x1C, 0x00, 0x0E, 0x00, 0x0F, 0x00, 0x07, 0x00, 0x03, 0xD5, 0x55, 0xFF,
    0xFF, 0x00, 0x70, 0x00, 0xD0, 0x02, 0x40, 0x00, 0x00, 0x3F, 0xFC, 0x00, 0x3C, 0x00, 0x70, 0x00,
    0xD0, 0x03, 0x80, 0x0B, 0x00, 0x1D, 0x00, 0x38, 0x00, 0x7F, 0xFC, 0x00, 0x00, 0x00, 0x38, 0x00,
    0x05, 0x00, 0x00, 0x00, 0x3F, 0xFF, 0x85, 0x56, 0xE0, 0x00, 0xF0, 0x00, 0x70, 0x00, 0x38, 0x00,
    0x3C, 0x00, 0x1C, 0x00, 0x0E, 0x00, 0x0F, 0x00, 0x07, 0x00, 0x03, 0xD5, 0x55, 0xFF, 0xFF, 0x00,
    0x00, 0x03, 0xC0, 0x01, 0x40, 0x00, 0x00, 0x3F, 0xFC, 0x00, 0x3C, 0x00, 0x70, 0x00, 0xD0, 0x03,
    0x80, 0x0B, 0x00, 0x1D, 0x00, 0x38, 0x00, 0x7F, 0xFC, 0x09, 0x09, 0x00, 0xEE, 0x00, 0x0E, 0x00,
    0x00, 0x00, 0x3F, 0xFF, 0x85, 0x56, 0xE0, 0x00, 0xF0, 0x00, 0x70, 0x00, 0x38, 0x00, 0x3C, 0x00,
    0x1C, 0x00, 0x0E, 0x00, 0x0F, 0x00, 0x07, 0x00, 0x03, 0xD5, 0x55, 0xFF, 0xFF, 0x24, 0x24, 0x0E,
    0xE0, 0x03, 0xC0, 0x00, 0x00, 0x3F, 0xFC, 0x00, 0x3C, 0x00, 0x70, 0x00, 0xD0, 0x03, 0x80, 0x0B,
    0x00, 0x1D, 0x00, 0x38, 0x00, 0x7F, 0xFC, 0x0A, 0x83, 0xD4, 0xB0, 0x0B, 0x00, 0xB0, 0x0B, 0x00,
    0xB0, 0x0B, 0x00, 0xB0, 0x0B, 0x00, 0xB0, 0x0B, 0x00, 0xB0, 0x00, 0x28, 0x07, 0x40, 0x70, 0x0A,
    0x2C, 0x30, 0x0A, 0x02, 0xF8, 0x60, 0xA0, 0x00, 0x00, 0xBE, 0x72, 0x1B, 0x00, 0x15, 0x47, 0xFD,
    0x00, 0x00, 0x7F, 0xFD, 0x00, 0x00, 0x00, 0x07, 0x5D, 0x2F, 0x40, 0x0F, 0x50, 0x00, 0x07, 0x0D,
    0x10, 0x40, 0x28, 0x0A, 0x0A, 0x28, 0x00, 0x28, 0x96, 0x83, 0x3D, 0x0A, 0x28, 0x71, 0xC3, 0x0C,
    0x00, 0x60, 0x93, 0xAC, 0x0F, 0x00, 0x5A, 0xA0, 0x82, 0xD7, 0xD7, 0x00, 0x71, 0xC0, 0xE3, 0x80,
    0x83, 0x00, 0x00, 0x00, 0xA0, 0x0A, 0x06, 0x5D, 0x2F, 0x40, 0x05, 0x03, 0xFC, 0x50, 0x50, 0x0C,
    0x1C, 0x38, 0x34, 0x00, 0x1C, 0x2C, 0x38, 0x30, 0x00, 0x34, 0x38, 0x2C, 0x0C, 0x00, 0x1C, 0x2C,
    0x38, 0x30, 0x00, 0x70, 0x2C, 0x09, 0x0D, 0x38, 0x60, 0x05, 0x1D, 0x6D, 0x05, 0x50, 0x74, 0x79,
    0x50, 0xAA, 0x45, 0xA0, 0x28, 0x0A, 0x00, 0x00, 0x0A, 0x0E, 0x7C, 0x90, 0x2C, 0xD2, 0x00, 0x28,
    0x7D, 0x55, 0x00, 0xBE, 0x28, 0x14, 0x14, 0x69, 0x7D, 0x14, 0x69, 0x55, 0x08, 0x71, 0xDB, 0xF4,
    0x83, 0x4D, 0x39, 0x7C, 0xAA, 0x00, 0x07, 0x0D, 0x10, 0x40, 0x28, 0x96, 0x83, 0x3D, 0x1C, 0x24,
    0x20, 0x24, 0x2D, 0x0A, 0xBC, 0x00, 0x28, 0x30, 0x74, 0x18, 0x5A, 0xA0, 0x00, 0x0F, 0xFF, 0xC0,
    0x38, 0x02, 0x32, 0x8C, 0x2E, 0xB8, 0x60, 0x93, 0xAC, 0x0F, 0x00, 0x0A, 0x02, 0xF8, 0x60, 0x90,
    0x00, 0x07, 0x5D, 0x2F, 0x40, 0x05, 0x03, 0xFC, 0x50, 0x50, 0x00, 0x00, 0x2F, 0x9C, 0x30, 0xB4,
    0x15, 0x47, 0xFD, 0x6A, 0xA9, 0x6A, 0xA9, 0x6A, 0xA9, 0x2A, 0xA8, 0x15, 0x54, 0x6A, 0xA9, 0x00,
    0x01, 0xF9, 0xCC, 0x2D, 0x00, 0x00, 0x00, 0x7F, 0xFD, 0x00, 0x00, 0x55, 0x55, 0x55, 0xFF, 0xFF,
    0xFF, 0x00, 0x40, 0x3C, 0x2E, 0x02, 0x00, 0x00, 0x08, 0x00, 0x1C, 0x00, 0x34, 0x00, 0x30, 0x00,
    0xA0, 0x00, 0xD0, 0x01, 0xC0, 0x03, 0x80, 0x03, 0x00, 0x0A, 0x00, 0x0D, 0x00, 0x1C, 0x00, 0x28,
    0x00, 0x30, 0x00, 0x83, 0x38, 0x00, 0x0C, 0x03, 0xD5, 0x7A, 0xAA, 0x2A, 0xA8, 0x35, 0x5C, 0x30,
    0x0C, 0x3F, 0xFC, 0x2F, 0xB8, 0x31, 0x8C, 0x55, 0x3C, 0x7D, 0x00, 0x04, 0x38, 0x34, 0x1C, 0x2C,
    0x10, 0x6A, 0xA9, 0x2A, 0xA8, 0x15, 0x54, 0x6A, 0xA9, 0x70, 0x2C, 0x09, 0x0D, 0x38, 0x60, 0x00,
    0x00, 0x2F, 0x9C, 0x30, 0xB4, 0x38, 0x0C, 0x14, 0x03, 0x81, 0xDD, 0xC1, 0xA1, 0x00, 0x52, 0xC7,
    0x80, 0x6A, 0xA9, 0xA5, 0x5A, 0x90, 0x06, 0x00, 0x00, 0x6A, 0xA9, 0x2A, 0xA8, 0x15, 0x54, 0x6A,
    0xA9, 0x82, 0xD7, 0xD7, 0x00, 0xBE, 0x0A, 0x0A, 0x00, 0x80, 0x2F, 0xDC, 0x33, 0xB4, 0x00, 0x00,
    0x00, 0x00, 0x02, 0x80, 0x09, 0x08, 0x3B, 0xE8, 0x10, 0x50, 0x02, 0x80, 0x00, 0x00, 0x10, 0x17,
    0xEA, 0x41, 0x87, 0xD6, 0x96, 0xC0, 0x00, 0x03, 0x5C, 0x7A, 0xD0, 0x00, 0x00, 0x3C, 0x28, 0x28,
    0xF8, 0x7D, 0x2F, 0xC0, 0x00, 0x03, 0x80, 0x96, 0x02, 0x02, 0x00, 0x80, 0x08, 0x00, 0x20, 0xC4,
    0x00, 0x13, 0xC4, 0x00, 0x13, 0x48, 0x00, 0x21, 0x02, 0x00, 0x80, 0x80, 0x96, 0x02, 0xC0, 0x00,
    0x03, 0xF8, 0x7D, 0x2F, 0x00, 0x74, 0x1D, 0x74, 0x00, 0x01, 0xC8, 0x28, 0x10, 0x2F, 0x86, 0x09,
    0x0A, 0x00, 0xA0, 0x00, 0x7D, 0x3C, 0x14, 0x00, 0x2C, 0x74, 0x09, 0x00, 0x78, 0x1D, 0x60, 0x00,
    0x00, 0x38, 0x34, 0x0E, 0xA8, 0x34, 0xCC, 0x02, 0x83, 0x1C, 0x40, 0x0F, 0x50, 0x00, 0x69, 0x7D,
    0x28, 0x05, 0x50, 0x37, 0xDC, 0x32, 0x8C, 0x2E, 0xB8, 0x00, 0x20, 0x7D, 0x08, 0x00, 0x10, 0x00,
    0x00, 0x43, 0x80, 0x00, 0x2C, 0x0F, 0x95, 0x6F, 0x00, 0x0A, 0xFA, 0x40, 0x10, 0x00, 0x00, 0x43,
    0x80, 0x00, 0x2C, 0x0F, 0x95, 0x6F, 0x00, 0x0A, 0xFA, 0x40, 0x55, 0x55, 0x5A, 0xAA, 0xAA, 0x55,
    0x55, 0x5A, 0xAA, 0xAA, 0x00, 0x00, 0x00, 0x02, 0xFF, 0xE5, 0x5C, 0x60, 0x05, 0xBE, 0x40, 0x00,
    0x00, 0x00, 0x00, 0x2F, 0xFF, 0x80, 0x1E, 0x40, 0x1B, 0x43, 0x00, 0x00, 0x1C, 0x00, 0x00, 0x00,
    0x00, 0x00, 0x00, 0x00, 0x01, 0x55, 0x55, 0x6C, 0x2A, 0xAA, 0xAA, 0xD0, 0x00, 0x00, 0x00, 0x19,
    0x16, 0x82, 0x25, 0x29, 0x67, 0x50, 0x19, 0x00, 0x12, 0x21, 0x29, 0x20, 0x88, 0x20, 0xA0, 0x42,
    0x82, 0x82, 0x25, 0x29, 0x20, 0x20, 0x19, 0x01, 0x02, 0x27, 0x82, 0x82, 0x25, 0x00, 0x80, 0xAA,
    0x82, 0x82, 0x41, 0x9A, 0x62, 0x08, 0x88, 0x22, 0x10, 0x44, 0xA6, 0x08, 0x10, 0x10, 0x28, 0x20,
    0x10, 0x08, 0x42, 0x08, 0x42, 0x80, 0x10, 0x11, 0x0A, 0x02, 0x81, 0x04, 0x0A, 0x00, 0x03, 0x40,
    0x00, 0xC0, 0x00, 0x00, 0x7F, 0xFC, 0x75, 0x54, 0x70, 0x00, 0x70, 0x00, 0x70, 0x00, 0x7F, 0xFC,
    0x79, 0x54, 0x70, 0x00, 0x70, 0x00, 0x70, 0x00, 0x75, 0x54, 0x7F, 0xFD, 0x00, 0x00, 0x0D, 0x30,
    0x08, 0x20, 0x00, 0x00, 0x7F, 0xFC, 0x75, 0x54, 0x70, 0x00, 0x70, 0x00, 0x70, 0x00, 0x7F, 0xFC,
    0x79, 0x54, 0x70, 0x00, 0x70, 0x00, 0x70, 0x00, 0x75, 0x54, 0x7F, 0xFD, 0xFF, 0xFF, 0x80, 0x57,
    0x95, 0x40, 0x03, 0x80, 0x00, 0x03, 0x80, 0x00, 0x03, 0x80, 0x00, 0x03, 0xFF, 0xE0, 0x03, 0x80,
    0x78, 0x03, 0x80, 0x2C, 0x03, 0x80, 0x1C, 0x03, 0x80, 0x2C, 0x03, 0x80, 0x78, 0x03, 0x8F, 0xE0,
    0x00, 0x00, 0x00, 0x00, 0x70, 0x00, 0xD0, 0x02, 0x40, 0x00, 0x00, 0x7F, 0xFC, 0x75, 0x54, 0x70,
    0x00, 0x70, 0x00, 0x70, 0x00, 0x70, 0x00, 0x70, 0x00, 0x70, 0x00, 0x70, 0x00, 0x70, 0x00, 0x70,
    0x00, 0x70, 0x00, 0x00, 0x00, 0x00, 0xBF, 0xE1, 0xF5, 0x64, 0xE0, 0x00, 0xB0, 0x00, 0x3C, 0x00,
    0x0F, 0xFF, 0xD3, 0xEA, 0xA0, 0xE0, 0x00, 0x2C, 0x00, 0x07, 0x80, 0x00, 0xB9, 0x05, 0x07, 0xFF,
    0x80, 0x00, 0x00, 0x00, 0x00, 0x02, 0xFF, 0x82, 0xE5, 0xA0, 0xE0, 0x00, 0x38, 0x00, 0x0B, 0x40,
    0x00, 0xBD, 0x00, 0x06, 0xF4, 0x00, 0x0F, 0x00, 0x00, 0xD0, 0x00, 0x34, 0x90, 0x7C, 0x3F, 0xF8,
    0x00, 0x00, 0x00, 0x71, 0xC7, 0x1C, 0x71, 0xC7, 0x1C, 0x71, 0xC7, 0x1C, 0x00, 0x1D, 0xC6, 0x30,
    0x00, 0x1C, 0x07, 0x01, 0xC0, 0x70, 0x1C, 0x07, 0x01, 0xC0, 0x70, 0x1C, 0x07, 0x01, 0xC0, 0x70,
    0x01, 0xC0, 0x1C, 0x01, 0xC0, 0x1C, 0x01, 0xC0, 0x1C, 0x01, 0xC0, 0x1C, 0x01, 0xC0, 0x1C, 0x01,
    0xC0, 0x1C, 0x02, 0xC0, 0x78, 0x7F, 0x00, 0x00, 0x03, 0xFF, 0xF0, 0x00, 0x03, 0x95, 0xF0, 0x00,
    0x03, 0x00, 0xB0, 0x00, 0x07, 0x00, 0xB0, 0x00, 0x07, 0x00, 0xB5, 0x00, 0x07, 0x00, 0xBF, 0xF8,
    0x07, 0x00, 0xB0, 0x1E, 0x0B, 0x00, 0xB0, 0x0B, 0x0B, 0x00, 0xB0, 0x0B, 0x0E, 0x00, 0xB0, 0x0F,
    0x5D, 0x00, 0xB5, 0x7D, 0xFC, 0x00, 0xBF, 0xE4, 0x00, 0x00, 0x00, 0x00, 0x70, 0x01, 0xC0, 0x00,
    0x70, 0x01, 0xC0, 0x00, 0x70, 0x01, 0xC0, 0x00, 0x70, 0x01, 0xC0, 0x00, 0x70, 0x01, 0xC0, 0x00,
    0x7F, 0xFF, 0xFF, 0xE0, 0x74, 0x02, 0xD0, 0x78, 0x70, 0x01, 0xC0, 0x1C, 0x70, 0x01, 0xC0, 0x1D,
    0x70, 0x01, 0xC0, 0x2C, 0x70, 0x01, 0xD5, 0xB8, 0x70, 0x01, 0xFF, 0xD0, 0xFF, 0xFF, 0x81, 0x5E,
    0x55, 0x00, 0x38, 0x00, 0x00, 0xE0, 0x00, 0x03, 0x80, 0x00, 0x0F, 0xFF, 0x80, 0x38, 0x07, 0x80,
    0xE0, 0x0B, 0x03, 0x80, 0x1C, 0x0E, 0x00, 0x70, 0x38, 0x01, 0xC0, 0xE0, 0x07, 0x00, 0x28, 0x00,
    0x0B, 0x00, 0x00, 0xC0, 0x00, 0x00, 0x00, 0x70, 0x03, 0x87, 0x00, 0xB0, 0x70, 0x1D, 0x07, 0x03,
    0x80, 0x70, 0xB0, 0x07, 0xFD, 0x00, 0x79, 0xE0, 0x07, 0x07, 0x40, 0x70, 0x3C, 0x07, 0x00, 0xE0,
    0x70, 0x07, 0x47, 0x00, 0x3C, 0x01, 0xC0, 0x00, 0x0B, 0x00, 0x00, 0x24, 0x00, 0x00, 0x00, 0x70,
    0x00, 0xF7, 0x00, 0x2F, 0x70, 0x03, 0xB7, 0x00, 0xE7, 0x70, 0x1C, 0xB7, 0x03, 0x4B, 0x70, 0xA0,
    0xB7, 0x1C, 0x0B, 0x73, 0x40, 0xB7, 0xB0, 0x0B, 0x7C, 0x00, 0xB7, 0x80, 0x0B, 0x00, 0x00, 0x00,
    0x0D, 0x2C, 0x00, 0x1F, 0xD0, 0x00, 0x00, 0x00, 0xB0, 0x00, 0x70, 0xD0, 0x03, 0x82, 0xC0, 0x1C,
    0x03, 0x40, 0xE0, 0x0B, 0x03, 0x40, 0x0D, 0x2C, 0x00, 0x2C, 0xD0, 0x00, 0x3F, 0x00, 0x00, 0xB8,
    0x00, 0x02, 0xC0, 0x00, 0x6D, 0x00, 0x0B, 0xE0, 0x00, 0x00, 0x00, 0x00, 0x70, 0x00, 0xD7, 0x00,
    0x0E, 0x70, 0x00, 0xE7, 0x00, 0x0E, 0x70, 0x00, 0xE7, 0x00, 0x0E, 0x70, 0x00, 0xE7, 0x00, 0x0E,
    0x70, 0x00, 0xE7, 0x00, 0x0E, 0x75, 0x55, 0xE7, 0xFF, 0xFE, 0x00, 0xB0, 0x00, 0x0B, 0x00, 0x00,
    0x60, 0x00, 0x00, 0xB0, 0x00, 0x03, 0xE0, 0x00, 0x1D, 0xC0, 0x00, 0xA3, 0x40, 0x03, 0x4A, 0x00,
    0x1C, 0x1C, 0x00, 0xE0, 0x38, 0x07, 0xFF, 0xF0, 0x2D, 0x55, 0xD0, 0xD0, 0x03, 0x87, 0x00, 0x07,
    0x38, 0x00, 0x0D, 0x7F, 0xFE, 0x1D, 0x55, 0x47, 0x00, 0x01, 0xC0, 0x00, 0x74, 0x00, 0x1F, 0xFF,
    0x07, 0x01, 0xF1, 0xC0, 0x1D, 0x70, 0x03, 0x5C, 0x01, 0xC7, 0x56, 0xE1, 0xFF, 0xE0, 0x7F, 0xF8,
    0x1D, 0x5B, 0xC7, 0x00, 0x35, 0xC0, 0x0D, 0x70, 0x07, 0x1F, 0xFF, 0x07, 0x56, 0xF1, 0xC0, 0x0E,
    0x70, 0x02, 0xDC, 0x00, 0xF7, 0x55, 0xB5, 0xFF, 0xF4, 0x7F, 0xFC, 0x75, 0x54, 0x70, 0x00, 0x70,
    0x00, 0x70, 0x00, 0x70, 0x00, 0x70, 0x00, 0x70, 0x00, 0x70, 0x00, 0x70, 0x00, 0x70, 0x00, 0x70,
    0x00, 0x02, 0xFF, 0xF4, 0x03, 0xD5, 0x74, 0x03, 0x80, 0x34, 0x03, 0x80, 0x34, 0x03, 0x40, 0x34,
    0x03, 0x40, 0x34, 0x03, 0x40, 0x34, 0x03, 0x00, 0x34, 0x0B, 0x00, 0x34, 0x0E, 0x00, 0x34, 0x6D,
    0x55, 0x79, 0xFF, 0xFF, 0xFF, 0xE0, 0x00, 0x07, 0xE0, 0x00, 0x07, 0x90, 0x00, 0x06, 0x7F, 0xFC,
    0x75, 0x54, 0x70, 0x00, 0x70, 0x00, 0x70, 0x00, 0x7F, 0xFC, 0x79, 0x54, 0x70, 0x00, 0x70, 0x00,
    0x70, 0x00, 0x75, 0x54, 0x7F, 0xFD, 0x70, 0x03, 0x00, 0x34, 0x2C, 0x03, 0x40, 0xF0, 0x0E, 0x03,
    0x41, 0xC0, 0x07, 0x03, 0x43, 0x40, 0x02, 0xC3, 0x4F, 0x00, 0x00, 0xFF, 0xFC, 0x00, 0x01, 0xEB,
    0x9E, 0x00, 0x03, 0x83, 0x4B, 0x00, 0x0B, 0x03, 0x43, 0xC0, 0x1D, 0x03, 0x41, 0xD0, 0x38, 0x03,
    0x40, 0xB0, 0xB0, 0x03, 0x40, 0x38, 0x00, 0x00, 0x0B, 0xFE, 0x02, 0x41, 0xF0, 0x00, 0x1C, 0x00,
    0x07, 0x00, 0x03, 0xC0, 0xBF, 0x80, 0x15, 0xB8, 0x00, 0x07, 0x40, 0x00, 0xE0, 0x00, 0x38, 0x50,
    0x7C, 0x3F, 0xF8, 0x00, 0x00, 0x00, 0x70, 0x00, 0xF7, 0x00, 0x2F, 0x70, 0x03, 0xB7, 0x00, 0xE7,
    0x70, 0x1C, 0xB7, 0x03, 0x4B, 0x70, 0xA0, 0xB7, 0x1C, 0x0B, 0x73, 0x40, 0xB7, 0xB0, 0x0B, 0x7C,
    0x00, 0xB7, 0x80, 0x0B, 0x00, 0x00, 0x00, 0x34, 0xB0, 0x01, 0xFC, 0x00, 0x00, 0x00, 0x70, 0x00,
    0xF7, 0x00, 0x2F, 0x70, 0x03, 0xB7, 0x00, 0xE7, 0x70, 0x1C, 0xB7, 0x03, 0x4B, 0x70, 0xA0, 0xB7,
    0x1C, 0x0B, 0x73, 0x40, 0xB7, 0xB0, 0x0B, 0x7C, 0x00, 0xB7, 0x80, 0x0B, 0x70, 0x03, 0x87, 0x00,
    0xB0, 0x70, 0x1D, 0x07, 0x03, 0x80, 0x70, 0xB0, 0x07, 0xFD, 0x00, 0x79, 0xE0, 0x07, 0x07, 0x40,
    0x70, 0x3C, 0x07, 0x00, 0xE0, 0x70, 0x07, 0x47, 0x00, 0x3C, 0x03, 0xFF, 0xF0, 0x0E, 0x56, 0xC0,
    0x30, 0x07, 0x01, 0xC0, 0x1C, 0x07, 0x00, 0x70, 0x1C, 0x01, 0xC0, 0x70, 0x07, 0x02, 0xC0, 0x1C,
    0x0B, 0x00, 0x70, 0x38, 0x01, 0xC5, 0xD0, 0x07, 0x3F, 0x00, 0x1C, 0x00, 0x00, 0x00, 0x7C, 0x00,
    0x0F, 0x5F, 0x40, 0x03, 0xE7, 0xA0, 0x02, 0xB9, 0xDC, 0x00, 0xDE, 0x73, 0x40, 0x73, 0x9C, 0xB0,
    0x38, 0xE7, 0x0C, 0x0C, 0x39, 0xC3, 0x8B, 0x0E, 0x70, 0x73, 0x43, 0x9C, 0x0E, 0xC0, 0xE7, 0x02,
    0xE0, 0x39, 0xC0, 0x74, 0x0E, 0x70, 0x00, 0xA7, 0x00, 0x0B, 0x70, 0x00, 0xB7, 0x00, 0x0B, 0x70,
    0x00, 0xB7, 0xFF, 0xFF, 0x79, 0x55, 0xF7, 0x00, 0x0B, 0x70, 0x00, 0xB7, 0x00, 0x0B, 0x70, 0x00,
    0xB7, 0x00, 0x0B, 0x00, 0x00, 0x00, 0x1F, 0xF8, 0x02, 0xE4, 0x7D, 0x0E, 0x00, 0x3C, 0xB0, 0x00,
    0x77, 0x80, 0x00, 0xEE, 0x00, 0x03, 0xB8, 0x00, 0x0E, 0xE0, 0x00, 0x3A, 0xC0, 0x01, 0xD3, 0x40,
    0x0F, 0x0B, 0x81, 0xF4, 0x07, 0xFF, 0x00, 0x00, 0x00, 0x00, 0x7F, 0xFF, 0xE7, 0x55, 0x5E, 0x70,
    0x00, 0xE7, 0x00, 0x0E, 0x70, 0x00, 0xE7, 0x00, 0x0E, 0x70, 0x00, 0xE7, 0x00, 0x0E, 0x70, 0x00,
    0xE7, 0x00, 0x0E, 0x70, 0x00, 0xE7, 0x00, 0x0E, 0x7F, 0xE4, 0x1D, 0x5B, 0x87, 0x00, 0xB1, 0xC0,
    0x1C, 0x70, 0x07, 0x1C, 0x07, 0x87, 0xFF, 0x81, 0xD5, 0x00, 0x70, 0x00, 0x1C, 0x00, 0x07, 0x00,
    0x01, 0xC0, 0x00, 0x00, 0x00, 0x00, 0xBF, 0xE1, 0xF5, 0x68, 0xE0, 0x00, 0xB0, 0x00, 0x38, 0x00,
    0x0E, 0x00, 0x03, 0x80, 0x00, 0xE0, 0x00, 0x2C, 0x00, 0x07, 0x80, 0x00, 0xB9, 0x05, 0x07, 0xFF,
    0x80, 0x00, 0x00, 0xFF, 0xFF, 0xC5, 0x5E, 0x54, 0x00, 0xD0, 0x00, 0x0D, 0x00, 0x00, 0xD0, 0x00,
    0x0D, 0x00, 0x00, 0xD0, 0x00, 0x0D, 0x00, 0x00, 0xD0, 0x00, 0x0D, 0x00, 0x00, 0xD0, 0x00, 0x0D,
    0x00, 0xB0, 0x00, 0x70, 0xD0, 0x03, 0x82, 0xC0, 0x1C, 0x03, 0x40, 0xE0, 0x0B, 0x03, 0x40, 0x0D,
    0x2C, 0x00, 0x2C, 0xD0, 0x00, 0x3F, 0x00, 0x00, 0xB8, 0x00, 0x02, 0xC0, 0x00, 0x6D, 0x00, 0x0B,
    0xE0, 0x00, 0x00, 0x00, 0x00, 0x00, 0x00, 0x00, 0x00, 0x03, 0x80, 0x00, 0x06, 0xF5, 0x00, 0x2F,
    0xBF, 0xF4, 0x1D, 0x0E, 0x0B, 0x0E, 0x03, 0x80, 0xE3, 0x40, 0xE0, 0x38, 0xD0, 0x38, 0x0E, 0x38,
    0x0E, 0x03, 0x87, 0x43, 0x82, 0xC0, 0xBE, 0xFF, 0xD0, 0x01, 0xBE, 0x40, 0x00, 0x0E, 0x00, 0x00,
    0x00, 0x00, 0x00, 0x74, 0x01, 0xC3, 0xC0, 0x38, 0x0E, 0x0B, 0x00, 0x71, 0xC0, 0x03, 0xF8, 0x00,
    0x0F, 0x00, 0x01, 0xF0, 0x00, 0x36, 0xC0, 0x0B, 0x0D, 0x01, 0xC0, 0xB0, 0x38, 0x03, 0xCB, 0x00,
    0x1D, 0x70, 0x00, 0xD0, 0x70, 0x00, 0xE0, 0x70, 0x00, 0xE0, 0x70, 0x00, 0xE0, 0x70, 0x00, 0xE0,
    0x70, 0x00, 0xE0, 0x70, 0x00, 0xE0, 0x70, 0x00, 0xE0, 0x70, 0x00, 0xE0, 0x70, 0x00, 0xE0, 0x75,
    0x55, 0xE4, 0x7F, 0xFF, 0xFC, 0x00, 0x00, 0x1C, 0x00, 0x00, 0x1C, 0x00, 0x00, 0x08, 0xA0, 0x03,
    0xB8, 0x00, 0xEE, 0x00, 0x3B, 0x80, 0x0E, 0xB0, 0x03, 0xAD, 0x00, 0xE3, 0xFF, 0xF8, 0x15, 0x4E,
    0x00, 0x03, 0x80, 0x00, 0xE0, 0x00, 0x38, 0x00, 0x0E, 0x70, 0x03, 0x40, 0x39, 0xC0, 0x0D, 0x00,
    0xE7, 0x00, 0x34, 0x03, 0x9C, 0x00, 0xD0, 0x0E, 0x70, 0x03, 0x40, 0x39, 0xC0, 0x0D, 0x00, 0xE7,
    0x00, 0x34, 0x03, 0x9C, 0x00, 0xD0, 0x0E, 0x70, 0x03, 0x40, 0x39, 0xC0, 0x0D, 0x00, 0xE7, 0x55,
    0x79, 0x57, 0x9F, 0xFF, 0xFF, 0xFE, 0x70, 0x07, 0x00, 0x34, 0x70, 0x07, 0x00, 0x34, 0x70, 0x07,
    0x00, 0x34, 0x70, 0x07, 0x00, 0x34, 0x70, 0x07, 0x00, 0x34, 0x70, 0x07, 0x00, 0x34, 0x70, 0x07,
    0x00, 0x34, 0x70, 0x07, 0x00, 0x34, 0x70, 0x07, 0x00, 0x34, 0x70, 0x07, 0x00, 0x34, 0x75, 0x5B,
    0x55, 0x79, 0x7F, 0xFF, 0xFF, 0xFF, 0x00, 0x00, 0x00, 0x0B, 0x00, 0x00, 0x00, 0x0B, 0x00, 0x00,
    0x00, 0x06, 0xFF, 0x40, 0x01, 0x5D, 0x00, 0x00, 0x34, 0x00, 0x00, 0xD0, 0x00, 0x03, 0x94, 0x00,
    0x0F, 0xFF, 0x40, 0x34, 0x0F, 0x00, 0xD0, 0x0D, 0x03, 0x40, 0x38, 0x0D, 0x01, 0xD0, 0x39, 0x5F,
    0x00, 0xFF, 0xE0, 0x70, 0x00, 0x0D, 0x70, 0x00, 0x0E, 0x70, 0x00, 0x0E, 0x70, 0x00, 0x0E, 0x75,
    0x00, 0x0E, 0x7F, 0xF8, 0x0E, 0x70, 0x1F, 0x0E, 0x70, 0x07, 0x0E, 0x70, 0x07, 0x0E, 0x70, 0x0B,
    0x0E, 0x75, 0x6E, 0x0E, 0x7F, 0xF4, 0x0E, 0x70, 0x00, 0x1C, 0x00, 0x07, 0x00, 0x01, 0xC0, 0x00,
    0x75, 0x00, 0x1F, 0xFE, 0x07, 0x01, 0xF1, 0xC0, 0x1C, 0x70, 0x07, 0x5C, 0x02, 0xC7, 0x56, 0xE1,
    0xFF, 0xD0, 0x00, 0x00, 0x02, 0xFF, 0x80, 0x25, 0x5F, 0x40, 0x00, 0x3C, 0x00, 0x01, 0xD0, 0x00,
    0x0E, 0x07, 0xFF, 0xF0, 0x6A, 0xAF, 0x00, 0x00, 0xE0, 0x00, 0x0D, 0x00, 0x03, 0xC2, 0x41, 0xF4,
    0x3F, 0xF8, 0x00, 0x00, 0x00, 0x00, 0x00, 0x00, 0x01, 0xC0, 0x1F, 0xF8, 0x07, 0x01, 0xE4, 0x7D,
    0x1C, 0x0E, 0x00, 0x3C, 0x70, 0x70, 0x00, 0x75, 0xC2, 0xC0, 0x00, 0xE7, 0xFF, 0x00, 0x03, 0x9E,
    0x7C, 0x00, 0x0E, 0x70, 0xB0, 0x00, 0x39, 0xC1, 0xC0, 0x01, 0xD7, 0x03, 0x80, 0x0F, 0x1C, 0x07,
    0x81, 0xF4, 0x70, 0x07, 0xFF, 0x40, 0x00, 0x00, 0x00, 0x00, 0x02, 0xFF, 0xC0, 0xF5, 0x6C, 0x2C,
    0x01, 0xC3, 0x80, 0x1C, 0x2C, 0x01, 0xC1, 0xE4, 0x2C, 0x07, 0xFF, 0xC0, 0x2C, 0x2C, 0x07, 0x41,
    0xC0, 0xF0, 0x1C, 0x2C, 0x01, 0xC3, 0x80, 0x1C, 0x00, 0x00, 0x1F, 0xF8, 0x08, 0x1E, 0x00, 0x0B,
    0x00, 0x5B, 0x1F, 0xEF, 0x38, 0x0B, 0x34, 0x0B, 0x38, 0x2F, 0x1F, 0xE7, 0x00, 0x00, 0x00, 0x1A,
    0x40, 0x3F, 0xA4, 0x0F, 0x00, 0x01, 0xC0, 0x00, 0x39, 0xA8, 0x03, 0xF9, 0xF0, 0x3C, 0x03, 0xC3,
    0x80, 0x2C, 0x34, 0x01, 0xC3, 0x80, 0x1C, 0x2C, 0x03, 0xC0, 0xE0, 0xB4, 0x07, 0xFD, 0x00, 0x00,
    0x00, 0xBF, 0xF4, 0xB5, 0x6C, 0xB0, 0x0D, 0xB5, 0x6C, 0xBF, 0xF4, 0xB0, 0x1D, 0xB0, 0x0E, 0xB0,
    0x6D, 0xBF, 0xF4, 0xBF, 0xFB, 0x55, 0xB0, 0x0B, 0x00, 0xB0, 0x0B, 0x00, 0xB0, 0x0B, 0x00, 0xB0,
    0x00, 0x07, 0xFF, 0x80, 0x75, 0x78, 0x0B, 0x03, 0x80, 0xA0, 0x38, 0x0A, 0x03, 0x80, 0xD0, 0x38,
    0x0C, 0x03, 0x82, 0xC0, 0x38, 0xFF, 0xFF, 0xFE, 0x00, 0x07, 0xE0, 0x00, 0x74, 0x00, 0x01, 0x00,
    0x00, 0x01, 0xFE, 0x01, 0xD0, 0xF0, 0xE0, 0x1C, 0x39, 0x57, 0x4F, 0xFF, 0xD3, 0x40, 0x00, 0xE0,
    0x00, 0x1E, 0x02, 0x01, 0xFF, 0xC0, 0x00, 0x00, 0x70, 0x1C, 0x0B, 0x0B, 0x07, 0x03, 0x40, 0xE1,
    0xC3, 0x80, 0x1D, 0x72, 0xC0, 0x03, 0xFF, 0xE0, 0x02, 0xC7, 0x1C, 0x00, 0xD1, 0xC3, 0xC0, 0xF0,
    0x70, 0x38, 0xB0, 0x1C, 0x07, 0x00, 0x00, 0x00, 0x3F, 0xF0, 0x20, 0x3C, 0x00, 0x1C, 0x05, 0x78,
    0x0F, 0xF0, 0x00, 0x2C, 0x00, 0x0D, 0x10, 0x2C, 0x7F, 0xF4, 0x00, 0x00, 0xB0, 0x0F, 0xB0, 0x2F,
    0xB0, 0x7B, 0xB0, 0xDB, 0xB1, 0xCB, 0xB3, 0x4B, 0xBA, 0x0B, 0xBC, 0x0B, 0xB8, 0x0B, 0x04, 0x04,
    0x0D, 0x38, 0x07, 0xE0, 0x00, 0x00, 0xB0, 0x0F, 0xB0, 0x2F, 0xB0, 0x7B, 0xB0, 0xDB, 0xB1, 0xCB,
    0xB3, 0x4B, 0xBA, 0x0B, 0xBC, 0x0B, 0xB8, 0x0B, 0xB0, 0x1C, 0xB0, 0x38, 0xB0, 0xB0, 0xB1, 0xC0,
    0xBF, 0x80, 0xB1, 0xD0, 0xB0, 0xB0, 0xB0, 0x38, 0xB0, 0x1D, 0x0B, 0xFF, 0x43, 0x95, 0xD0, 0xE0,
    0x34, 0x34, 0x0D, 0x0D, 0x03, 0x43, 0x40, 0xD0, 0xC0, 0x34, 0xB0, 0x0D, 0xF4, 0x03, 0x40, 0x00,
    0x00, 0xB8, 0x00, 0xB6, 0xF0, 0x03, 0xDB, 0xD0, 0x2F, 0x6E, 0xC0, 0xDD, 0xB3, 0x47, 0x36, 0xCA,
    0x34, 0xDB, 0x1D, 0xC3, 0x6C, 0x3E, 0x0D, 0xB0, 0x70, 0x34, 0xB0, 0x0B, 0xB0, 0x0B, 0xB0, 0x0B,
    0xB0, 0x0B, 0xBF, 0xFF, 0xB0, 0x0B, 0xB0, 0x0B, 0xB0, 0x0B, 0xB0, 0x0B, 0x00, 0x00, 0x00, 0x7F,
    0xD0, 0x1E, 0x0B, 0x03, 0x80, 0x3C, 0x34, 0x02, 0xC3, 0x40, 0x1C, 0x34, 0x02, 0xC3, 0x80, 0x3C,
    0x1D, 0x0B, 0x40, 0x7F, 0xD0, 0x00, 0x00, 0x00, 0xBF, 0xFE, 0xB5, 0x5E, 0xB0, 0x0E, 0xB0, 0x0E,
    0xB0, 0x0E, 0xB0, 0x0E, 0xB0, 0x0E, 0xB0, 0x0E, 0xB0, 0x0E, 0x00, 0x00, 0x29, 0xFE, 0x0B, 0xD1,
    0xE2, 0xC0, 0x2C, 0xB0, 0x07, 0x6C, 0x00, 0xDB, 0x00, 0x76, 0xC0, 0x2C, 0xBC, 0x1E, 0x2D, 0xFE,
    0x0B, 0x00, 0x02, 0xC0, 0x00, 0xB0, 0x00, 0x2C, 0x00, 0x00, 0x00, 0x00, 0x07, 0xFD, 0x1E, 0x04,
    0x3C, 0x00, 0x34, 0x00, 0x34, 0x00, 0x34, 0x00, 0x38, 0x00, 0x1E, 0x00, 0x07, 0xFD, 0x00, 0x00,
    0xBF, 0xFD, 0x17, 0x94, 0x03, 0x80, 0x03, 0x80, 0x03, 0x80, 0x03, 0x80, 0x03, 0x80, 0x03, 0x80,
    0x03, 0x80, 0xE0, 0x03, 0x5C, 0x02, 0xC3, 0x40, 0xE0, 0xB0, 0x70, 0x0D, 0x2C, 0x03, 0x8D, 0x00,
    0x77, 0x00, 0x0F, 0x80, 0x02, 0xD0, 0x00, 0xB0, 0x00, 0x38, 0x01, 0x7C, 0x00, 0xBC, 0x00, 0x00,
    0x00, 0x18, 0x00, 0x00, 0x2C, 0x00, 0x00, 0x2C, 0x00, 0x00, 0x2C, 0x00, 0x02, 0xFF, 0xD0, 0x0F,
    0x6C, 0xB4, 0x3C, 0x2C, 0x2C, 0x34, 0x2C, 0x0D, 0x34, 0x2C, 0x0D, 0x34, 0x2C, 0x0D, 0x3C, 0x2C,
    0x2C, 0x1E, 0x2C, 0x78, 0x07, 0xFF, 0xD0, 0x00, 0x2C, 0x00, 0x00, 0x2C, 0x00, 0x00, 0x2C, 0x00,
    0x00, 0x2C, 0x00, 0x74, 0x0B, 0x0B, 0x07, 0x00, 0xE3, 0x40, 0x1F, 0xC0, 0x03, 0xD0, 0x01, 0xFC,
    0x00, 0xE3, 0x80, 0xF0, 0x74, 0x70, 0x0B, 0x00, 0xB0, 0x0A, 0x0B, 0x00, 0xE0, 0xB0, 0x0E, 0x0B,
    0x00, 0xE0, 0xB0, 0x0E, 0x0B, 0x00, 0xE0, 0xB0, 0x0E, 0x0B, 0x00, 0xF0, 0xBF, 0xFF, 0xC0, 0x00,
    0x1C, 0x00, 0x01, 0xC0, 0x00, 0x04, 0xD0, 0x0D, 0xD0, 0x0D, 0xD0, 0x0D, 0xE0, 0x0D, 0xB5, 0x6D,
    0x2F, 0xED, 0x00, 0x0D, 0x00, 0x0D, 0x00, 0x0D, 0xB0, 0x1C, 0x03, 0xAC, 0x07, 0x00, 0xEB, 0x01,
    0xC0, 0x3A, 0xC0, 0x70, 0x0E, 0xB0, 0x1C, 0x03, 0xAC, 0x07, 0x00, 0xEB, 0x01, 0xC0, 0x3A, 0xC0,
    0x74, 0x0E, 0xBF, 0xFF, 0xFF, 0x80, 0xB0, 0x1C, 0x03, 0x4B, 0x01, 0xC0, 0x34, 0xB0, 0x1C, 0x03,
    0x4B, 0x01, 0xC0, 0x34, 0xB0, 0x1C, 0x03, 0x4B, 0x01, 0xC0, 0x34, 0xB0, 0x1C, 0x03, 0x4B, 0x01,
    0xD0, 0x78, 0xBF, 0xFF, 0xFF, 0xF0, 0x00, 0x00, 0x0B, 0x00, 0x00, 0x00, 0xB0, 0x00, 0x00, 0x01,
    0xBF, 0x00, 0x01, 0x70, 0x00, 0x07, 0x00, 0x00, 0x7A, 0x90, 0x07, 0xAB, 0xC0, 0x70, 0x0E, 0x07,
    0x00, 0xE0, 0x74, 0x6D, 0x07, 0xFF, 0x40, 0xB0, 0x00, 0x32, 0xC0, 0x00, 0xCB, 0x00, 0x03, 0x2E,
    0xA4, 0x0C, 0xBA, 0xBC, 0x32, 0xC0, 0x70, 0xCB, 0x01, 0xC3, 0x2C, 0x1F, 0x0C, 0xBF, 0xE0, 0x30,
    0xB0, 0x00, 0xB0, 0x00, 0xB0, 0x00, 0xBA, 0x90, 0xBA, 0xBC, 0xB0, 0x1D, 0xB0, 0x0D, 0xB0, 0x7C,
    0xBF, 0xE0, 0x00, 0x00, 0x3F, 0xE0, 0x10, 0x78, 0x00, 0x1C, 0x00, 0x1D, 0x1F, 0xFD, 0x00, 0x0D,
    0x00, 0x1C, 0x10, 0x78, 0x3F, 0xE0, 0x00, 0x00, 0x00, 0x00, 0x00, 0xB0, 0x2F, 0xE0, 0xB0, 0xB4,
    0x78, 0xB0, 0xD0, 0x1C, 0xB1, 0xC0, 0x0D, 0xBF, 0xC0, 0x0E, 0xB1, 0xC0, 0x0D, 0xB0, 0xD0, 0x1C,
    0xB0, 0xB4, 0x3C, 0xB0, 0x2F, 0xE0, 0x00, 0x00, 0x00, 0x0B, 0xFF, 0x0B, 0x55, 0xC3, 0x80, 0x70,
    0xE0, 0x1C, 0x1F, 0xAB, 0x00, 0xFA, 0xC0, 0xB0, 0x70, 0x74, 0x1C, 0x38, 0x07, 0x00, 0x02, 0x40,
    0x00, 0x70, 0x00, 0x06, 0x00, 0x00, 0x00, 0x07, 0xF8, 0x07, 0x43, 0xC3, 0x80, 0x70, 0xE5, 0x5D,
    0x3F, 0xFF, 0x4D, 0x00, 0x03, 0x80, 0x00, 0x78, 0x08, 0x07, 0xFF, 0x00, 0x00, 0x00, 0x00, 0x00,
    0x01, 0xC7, 0x00, 0x20, 0x80, 0x00, 0x00, 0x07, 0xF8, 0x07, 0x43, 0xC3, 0x80, 0x70, 0xE5, 0x5D,
    0x3F, 0xFF, 0x4D, 0x00, 0x03, 0x80, 0x00, 0x78, 0x08, 0x07, 0xFF, 0x00, 0x00, 0x00, 0x18, 0x00,
    0x0B, 0x54, 0x0F, 0xFF, 0x00, 0xB0, 0x00, 0x2C, 0xA9, 0x0B, 0xE6, 0xD2, 0xD0, 0x2C, 0xB0, 0x0B,
    0x2C, 0x02, 0xCB, 0x00, 0xB2, 0xC0, 0x2C, 0xB0, 0x0B, 0x2C, 0x02, 0xC0, 0x00, 0xB0, 0x00, 0x2C,
    0x00, 0x5E, 0x00, 0x3E, 0x00, 0x00, 0xD0, 0x38, 0x06, 0x00, 0x00, 0xBF, 0xFB, 0x55, 0xB0, 0x0B,
    0x00, 0xB0, 0x0B, 0x00, 0xB0, 0x0B, 0x00, 0xB0, 0x00, 0x00, 0x00, 0x07, 0xFD, 0x1E, 0x04, 0x38,
    0x00, 0x38, 0x00, 0x3F, 0xF8, 0x34, 0x00, 0x38, 0x00, 0x1E, 0x00, 0x07, 0xFD, 0x00, 0x00, 0x00,
    0x00, 0x1F, 0xF8, 0x38, 0x14, 0x70, 0x00, 0x3D, 0x00, 0x0B, 0xE0, 0x00, 0x7C, 0x00, 0x1C, 0x10,
    0x2C, 0x3F, 0xF0, 0x00, 0x00, 0x02, 0xC5, 0x00, 0xB2, 0xCB, 0x2C, 0xB2, 0xCB, 0x2C, 0xB0, 0x00,
    0xBB, 0x11, 0x00, 0x2C, 0x2C, 0x2C, 0x2C, 0x2C, 0x2C, 0x2C, 0x2C, 0x2C, 0x00, 0x02, 0xC0, 0x50,
    0x00, 0x0B, 0x02, 0xC0, 0xB0, 0x2C, 0x0B, 0x02, 0xC0, 0xB0, 0x2C, 0x0B, 0x02, 0xC0, 0xB1, 0x78,
    0xFC, 0x00, 0x0B, 0xFF, 0x00, 0x00, 0xE5, 0x70, 0x00, 0x0E, 0x07, 0x00, 0x00, 0xD0, 0x7A, 0x90,
    0x0D, 0x07, 0xAB, 0xC0, 0xD0, 0x70, 0x0E, 0x0C, 0x07, 0x00, 0xE2, 0xC0, 0x74, 0x6C, 0xF4, 0x07,
    0xFF, 0x40, 0x00, 0x00, 0x00, 0xB0, 0x0A, 0x00, 0x0B, 0x00, 0xE0, 0x00, 0xB0, 0x0E, 0x00, 0x0B,
    0x55, 0xF5, 0x40, 0xBF, 0xFF, 0xFF, 0x4B, 0x00, 0xE0, 0x2C, 0xB0, 0x0E, 0x01, 0xCB, 0x00, 0xF0,
    0x7C, 0xB0, 0x0F, 0xFE, 0x00, 0x18, 0x00, 0x0B, 0x54, 0x0F, 0xFF, 0x40, 0xB0, 0x00, 0x2C, 0xA9,
    0x0B, 0xE6, 0xE2, 0xD0, 0x2C, 0xB0, 0x07, 0x2C, 0x01, 0xCB, 0x00, 0x72, 0xC0, 0x1C, 0xB0, 0x07,
    0x2C, 0x01, 0xC0, 0x00, 0x70, 0x00, 0xD0, 0x02, 0x40, 0x00, 0x00, 0xB0, 0x1C, 0xB0, 0x38, 0xB0,
    0xB0, 0xB1, 0xC0, 0xBF, 0x80, 0xB1, 0xD0, 0xB0, 0xB0, 0xB0, 0x38, 0xB0, 0x1D, 0x0A, 0x00, 0x03,
    0x80, 0x00, 0xC0, 0x00, 0x00, 0xB0, 0x0F, 0xB0, 0x2F, 0xB0, 0x7B, 0xB0, 0xDB, 0xB1, 0xCB, 0xB3,
    0x4B, 0xBA, 0x0B, 0xBC, 0x0B, 0xB8, 0x0B, 0x04, 0x04, 0x03, 0x4A, 0x00, 0x7E, 0x00, 0x00, 0x00,
    0xE0, 0x03, 0x5C, 0x02, 0xC3, 0x40, 0xE0, 0xB0, 0x70, 0x0D, 0x2C, 0x03, 0x8D, 0x00, 0x77, 0x00,
    0x0F, 0x80, 0x02, 0xD0, 0x00, 0xB0, 0x00, 0x38, 0x01, 0x7C, 0x00, 0xBC, 0x00, 0x00, 0xB0, 0x0A,
    0xB0, 0x0E, 0xB0, 0x0E, 0xB0, 0x0E, 0xB0, 0x0E, 0xB0, 0x0E, 0xB0, 0x0E, 0xB0, 0x0E, 0xBF, 0xFE,
    0x02, 0xC0, 0x02, 0xC0, 0x00, 0x00, 0x70, 0x07, 0x00, 0x2D, 0xC0, 0x0D, 0x00, 0xB7, 0x00, 0x34,
    0x03, 0xCD, 0x00, 0xE0, 0x0E, 0x38, 0x07, 0xC0, 0x34, 0xB0, 0x2F, 0x00, 0xD1, 0xC0, 0xDD, 0x07,
    0x03, 0x47, 0x3C, 0x2C, 0x0B, 0x38, 0x70, 0xD0, 0x1D, 0xD0, 0xE7, 0x00, 0x3F, 0x01, 0xF8, 0x00,
    0x78, 0x03, 0xC0, 0x00, 0x00, 0x00, 0x00, 0xB0, 0x1C, 0x02, 0xAC, 0x07, 0x00, 0xE7, 0x00, 0xD0,
    0x34, 0xD0, 0x38, 0x0C, 0x38, 0x2F, 0x07, 0x0B, 0x0E, 0xC3, 0x80, 0xDB, 0x35, 0xC0, 0x2F, 0x47,
    0xE0, 0x03, 0xC0, 0xF0, 0x00, 0x07, 0x00, 0x00, 0x1D, 0x00, 0x0F, 0xFF, 0xE0, 0x01, 0xD0, 0x00,
    0x07, 0x00, 0x00, 0x1F, 0xF9, 0x00, 0x79, 0x6E, 0x01, 0xC0, 0x1C, 0x07, 0x00, 0x34, 0x1C, 0x01,
    0xD0, 0x75, 0x6F, 0x01, 0xFF, 0xE0, 0x09, 0x00, 0x00, 0xE0, 0x00, 0xFF, 0xF4, 0x01, 0xE5, 0x00,
    0x0E, 0x00, 0x00, 0xE5, 0x00, 0x0F, 0xFF, 0xC0, 0xE0, 0x0E, 0x0E, 0x00, 0xE0, 0xE0, 0x2D, 0x0F,
    0xFF, 0x40, 0x00, 0x00, 0x00, 0x07, 0x00, 0x1B, 0xFD, 0x70, 0x0B, 0x95, 0x97, 0x01, 0xE0, 0x00,
    0x70, 0x2C, 0x00, 0x07, 0x03, 0x80, 0x00, 0x7F, 0xFF, 0xFF, 0x07, 0x9B, 0x95, 0x50, 0x70, 0x38,
    0x00, 0x07, 0x03, 0xC0, 0x00, 0x70, 0x1D, 0x00, 0x07, 0x00, 0xF9, 0x04, 0x70, 0x02, 0xFF, 0xD0,
    0x00, 0x00, 0x00, 0x00, 0x00, 0x02, 0xC0, 0x2F, 0xEB, 0x03, 0xD1, 0x2C, 0x2C, 0x00, 0xB0, 0xF0,
    0x02, 0xFF, 0xFF, 0xCB, 0x0E, 0x00, 0x2C, 0x2C, 0x00, 0xB0, 0x38, 0x06, 0xC0, 0x3F, 0xE0, 0x00,
    0x00, 0x00, 0x00, 0x38, 0x00, 0x00, 0xBC, 0x00, 0x00, 0xDD, 0x00, 0x01, 0xCB, 0x00, 0x03, 0x87,
    0x40, 0x07, 0xFF, 0x80, 0x0B, 0xBA, 0xC0, 0x0D, 0x34, 0xE0, 0x2C, 0x34, 0xB0, 0x38, 0x34, 0x34,
    0x70, 0x34, 0x3C, 0xF0, 0x34, 0x1C, 0x01, 0xF0, 0x00, 0x3B, 0x40, 0x03, 0x28, 0x00, 0xB1, 0xC0,
    0x0F, 0xFE, 0x01, 0xCD, 0xB0, 0x38, 0xD3, 0x47, 0x0D, 0x2C, 0xB0, 0xD1, 0xC0, 0x70, 0x00, 0xE0,
    0x01, 0xC0, 0x0B, 0xC0, 0x07, 0x00, 0x3B, 0x80, 0x1C, 0x01, 0xCB, 0x00, 0x70, 0x0E, 0x0D, 0x01,
    0xFF, 0xFF, 0xFC, 0x07, 0x97, 0xDE, 0xB0, 0x1C, 0x0E, 0x34, 0xE0, 0x70, 0x70, 0xD2, 0xC1, 0xC3,
    0x83, 0x43, 0x47, 0x1D, 0x0D, 0x0F, 0x1C, 0xB0, 0x34, 0x1D, 0xB0, 0x0F, 0x40, 0xB0, 0x1E, 0x80,
    0xB0, 0x28, 0xC0, 0xB0, 0x74, 0xE0, 0xBF, 0xFF, 0xF0, 0xB0, 0xD7, 0x34, 0xB1, 0xC7, 0x2C, 0xB3,
    0x87, 0x0D, 0xB7, 0x07, 0x0E, 0x2F, 0xFF, 0xFC, 0x1E, 0x55, 0xB8, 0x0B, 0x00, 0xE0, 0x03, 0xC2,
    0xC0, 0x00, 0xE7, 0x00, 0x02, 0xFF, 0x80, 0x0F, 0x7D, 0xF0, 0x1C, 0x2C, 0x38, 0x3C, 0x2C, 0x2C,
    0x38, 0x2C, 0x1C, 0x70, 0x2C, 0x0E, 0xB0, 0x2C, 0x0B, 0x3F, 0xFF, 0xD0, 0x79, 0x5F, 0x00, 0x70,
    0xB0, 0x00, 0xBB, 0x00, 0x0F, 0xFF, 0x40, 0xB1, 0xC7, 0x03, 0x87, 0x0E, 0x1C, 0x1C, 0x2C, 0xA0,
    0x70, 0x34, 0x70, 0x7F, 0xFF, 0xF0, 0x70, 0x3D, 0x55, 0xF0, 0x70, 0x1D, 0x01, 0xC0, 0x70, 0x07,
    0x07, 0x40, 0x70, 0x02, 0xDD, 0x00, 0x7F, 0xFF, 0xFE, 0x40, 0x79, 0x7E, 0xB6, 0xD0, 0x70, 0x38,
    0x70, 0xB0, 0x70, 0x70, 0x70, 0x34, 0x70, 0xB0, 0x70, 0x38, 0x70, 0xE0, 0x70, 0x2C, 0x71, 0xD0,
    0x70, 0x1C, 0xB1, 0xFF, 0xFF, 0x0B, 0x0B, 0x55, 0xD0, 0xB0, 0x38, 0x38, 0x0B, 0x01, 0xEE, 0x00,
    0xBF, 0xFF, 0xFC, 0x0B, 0x0E, 0x38, 0xE0, 0xB1, 0xC3, 0x87, 0x0B, 0x38, 0x38, 0x34, 0xB3, 0x43,
    0x82, 0xC0, 0x00, 0x00, 0x03, 0x87, 0x80, 0x3F, 0x00, 0x6F, 0xF4, 0x39, 0x1B, 0x00, 0x00, 0xE0,
    0x00, 0x38, 0x00, 0x2C, 0x0F, 0xF8, 0x01, 0x6B, 0x80, 0x00, 0x38, 0x00, 0x0B, 0x00, 0x03, 0xC0,
    0x06, 0xD2, 0xFF, 0xD1, 0xD0, 0x00, 0x74, 0x00, 0x0F, 0xFF, 0xD0, 0x00, 0x00, 0x00, 0x00, 0x28,
    0x3C, 0x0B, 0xD0, 0x3F, 0xF0, 0x24, 0x2C, 0x00, 0x1C, 0x01, 0x78, 0x0B, 0xF0, 0x00, 0x1C, 0x00,
    0x0D, 0x00, 0x2C, 0x2F, 0xF4, 0xB0, 0x00, 0xB5, 0x54, 0x3F, 0xFD, 0x00, 0x00, 0x70, 0x38, 0x1C,
    0xB0, 0x38, 0x1C, 0xB0, 0x38, 0x1C, 0xB0, 0x38, 0x1C, 0x70, 0x38, 0x1C, 0x70, 0x38, 0x2C, 0x38,
    0x38, 0x38, 0x1F, 0x7A, 0xF0, 0x02, 0xFF, 0x80, 0x00, 0x38, 0x00, 0x00, 0x38, 0x00, 0x00, 0x38,
    0x00, 0x00, 0x60, 0x00, 0x02, 0xC0, 0x00, 0x0B, 0x00, 0x00, 0x2C, 0x00, 0xA0, 0xB0, 0x72, 0xC2,
    0xC1, 0xCB, 0x0B, 0x03, 0x2C, 0x2C, 0x0D, 0xB0, 0xB0, 0x36, 0xC2, 0xC0, 0xC7, 0x0B, 0x0B, 0x0F,
    0x6C, 0xB4, 0x0B, 0xFF, 0x40, 0x02, 0xC0, 0x00, 0x0B, 0x00, 0x00, 0x2C, 0x00, 0x00, 0xB0, 0x00,
    0x00, 0x00, 0x00, 0x1F, 0xFD, 0x02, 0xE4, 0x6D, 0x0E, 0x00, 0x2C, 0xB0, 0x00, 0x3B, 0x80, 0x00,
    0xBF, 0xAA, 0xAB, 0xFE, 0xAA, 0xAF, 0xE0, 0x00, 0x2E, 0xC0, 0x00, 0xE7, 0x80, 0x07, 0x0B, 0x90,
    0xB8, 0x07, 0xFF, 0x40, 0x00, 0x00, 0x00, 0x00, 0x00, 0x00, 0x7F, 0xD0, 0x1E, 0x0B, 0x43, 0xC0,
    0x2C, 0x38, 0x02, 0xC3, 0xFF, 0xFC, 0x38, 0x01, 0xC3, 0xC0, 0x2C, 0x1E, 0x07, 0x40, 0x7F, 0xD0,
    0x00, 0x00, 0x00, 0xE0, 0x00, 0x7C, 0x70, 0x00, 0xE4, 0x34, 0x01, 0xC0, 0x3C, 0x03, 0x80, 0x1C,
    0x03, 0x40, 0x0D, 0x07, 0x00, 0x0B, 0x0E, 0x00, 0x07, 0x0D, 0x00, 0x03, 0x9C, 0x00, 0x02, 0xEC,
    0x00, 0x01, 0xF4, 0x00, 0x00, 0xF0, 0x00, 0x00, 0x00, 0x38, 0x00, 0xF7, 0x00, 0xB0, 0xD0, 0x34,
    0x2C, 0x1C, 0x07, 0x0A, 0x00, 0xD3, 0x40, 0x2D, 0xC0, 0x07, 0xA0, 0x00, 0xF4, 0x00, 0x1C, 0x70,
    0x00, 0x0B, 0x28, 0x00, 0x02, 0x48, 0x00, 0x00, 0x00, 0x00, 0xE0, 0x00, 0x7C, 0x70, 0x00, 0xE4,
    0x34, 0x01, 0xC0, 0x3C, 0x03, 0x80, 0x1C, 0x03, 0x40, 0x0D, 0x07, 0x00, 0x0B, 0x0E, 0x00, 0x07,
    0x0D, 0x00, 0x03, 0x9C, 0x00, 0x02, 0xEC, 0x00, 0x01, 0xF4, 0x00, 0x00, 0xF0, 0x00, 0x34, 0xD0,
    0x0B, 0x2C, 0x00, 0x92, 0x40, 0x00, 0x00, 0xE0, 0x03, 0xDC, 0x02, 0xC3, 0x40, 0xD0, 0xB0, 0x70,
    0x1C, 0x28, 0x03, 0x4D, 0x00, 0xB7, 0x00, 0x1E, 0x80, 0x03, 0xD0, 0x00, 0x00, 0x00, 0x00, 0x00,
    0x00, 0x07, 0xFE, 0x00, 0x00, 0x00, 0x2E, 0x5B, 0x80, 0x00, 0x00, 0x74, 0x01, 0xD0, 0x00, 0x00,
    0xB0, 0x00, 0xF3, 0x80, 0x1C, 0xE0, 0x00, 0xB2, 0xC0, 0x38, 0xE0, 0x00, 0x70, 0xD0, 0x34, 0xE0,
    0x00, 0x70, 0xE0, 0x70, 0xE0, 0x00, 0xB0, 0x70, 0xE0, 0xB0, 0x00, 0xF0, 0x34, 0xC0, 0x74, 0x00,
    0xD0, 0x2E, 0xC0, 0x2E, 0x07, 0xC0, 0x0F, 0x40, 0x0B, 0xFE, 0x00, 0x0F, 0x00, 0x00, 0x00, 0x00,
    0x0E, 0x00, 0x00, 0x00, 0x00, 0x0D, 0x00, 0x00, 0x00, 0x00, 0x7C, 0x00, 0x00, 0x00, 0x03, 0xE0,
    0x00, 0x00, 0x00, 0x00, 0x00, 0x00, 0x1F, 0xF4, 0x34, 0x01, 0xC1, 0xE0, 0xB4, 0xB0, 0x0E, 0x0F,
    0x00, 0xB1, 0xD0, 0x34, 0x38, 0x01, 0xC3, 0x82, 0xC0, 0xD0, 0x07, 0x07, 0x0E, 0x03, 0x80, 0x1C,
    0x0D, 0x70, 0x0F, 0x00, 0xB0, 0x2A, 0xC0, 0x1E, 0x07, 0x40, 0x3D, 0x00, 0x1F, 0xF4, 0x00, 0xF0,
    0x00, 0x00, 0x00, 0x03, 0x80, 0x00, 0x00, 0x00, 0x0D, 0x00, 0x00, 0x00, 0x01, 0xF0, 0x00, 0x00,
    0x00, 0x3E, 0x00, 0x00, 0x00, 0x38, 0x00, 0x02, 0xFF, 0x80, 0x1F, 0xBE, 0xF0, 0x38, 0x00, 0x3C,
    0xB0, 0x00, 0x1C, 0xE0, 0x00, 0x0E, 0xE0, 0x00, 0x0E, 0xE0, 0x00, 0x0E, 0xE0, 0x00, 0x0E, 0xB0,
    0x00, 0x1D, 0x38, 0x00, 0x3C, 0x1E, 0x79, 0xF0, 0x07, 0xFF, 0x80, 0x00, 0x3C, 0x00, 0x00, 0x74,
    0x00, 0x0B, 0xF8, 0x00, 0xE7, 0x6C, 0x0B, 0x00, 0x38, 0x38, 0x00, 0xB0, 0xD0, 0x01, 0xC3, 0x80,
    0x0B, 0x0B, 0x00, 0x38, 0x0E, 0x66, 0xC0, 0x0F, 0xFD, 0x00, 0x07, 0x40, 0x00, 0x00, 0x00, 0x00,
    0x00, 0x00, 0x3F, 0x90, 0x00, 0x00, 0x61, 0x68, 0x00, 0x00, 0x07, 0x40, 0x00, 0x00, 0x03, 0x00,
    0x00, 0x00, 0x00, 0x00, 0x00, 0x0B, 0xF4, 0x7F, 0x80, 0x3D, 0x14, 0x21, 0xF0, 0x74, 0x00, 0x00,
    0x34, 0xB0, 0x00, 0x00, 0x3C, 0xE0, 0x00, 0x00, 0x2C, 0xE0, 0x00, 0x00, 0x1C, 0xE0, 0x01, 0x00,
    0x1C, 0xE0, 0x03, 0x40, 0x2C, 0xB0, 0x03, 0x40, 0x3C, 0x74, 0x03, 0x40, 0x74, 0x2E, 0x1B, 0xD1,
    0xF0, 0x0B, 0xFD, 0xBF, 0x80, 0x00, 0x00, 0x00, 0x00, 0x00, 0x1A, 0x00, 0x00, 0x01, 0xDB, 0xE0,
    0x00, 0x00, 0x70, 0x00, 0x00, 0x00, 0xD0, 0x00, 0x00, 0x05, 0x00, 0x00, 0x00, 0x00, 0x00, 0x00,
    0x7F, 0x43, 0xF4, 0x07, 0x44, 0x04, 0x74, 0x3C, 0x00, 0x00, 0xB0, 0xE0, 0x00, 0x01, 0xC3, 0x40,
    0x20, 0x07, 0x0E, 0x00, 0xD0, 0x1C, 0x3C, 0x03, 0x40, 0xF0, 0x78, 0x2E, 0x0B, 0x40, 0x7F, 0xCB,
    0xF4, 0x00, 0x00, 0x00, 0x00, 0x00, 0x6A, 0xA8, 0x00, 0x00, 0x88, 0x20, 0x00, 0x00, 0x00, 0x00,
    0x1C, 0x01, 0xC0, 0x0B, 0x70, 0x03, 0x40, 0x2D, 0xC0, 0x0D, 0x00, 0xF3, 0x40, 0x38, 0x03, 0x8E,
    0x01, 0xF0, 0x0D, 0x2C, 0x0B, 0xC0, 0x34, 0x70, 0x37, 0x41, 0xC0, 0xD1, 0xCF, 0x0B, 0x02, 0xCE,
    0x1C, 0x34, 0x07, 0x74, 0x39, 0xC0, 0x0F, 0xC0, 0x7E, 0x00, 0x1E, 0x00, 0xF0, 0x00, 0x00, 0x00,
    0x00, 0x02, 0xFF, 0xE0, 0x00, 0x42, 0x14, 0x00, 0x00, 0x00, 0x02, 0xC0, 0x70, 0x0A, 0xB0, 0x1C,
    0x03, 0x9C, 0x03, 0x40, 0xD3, 0x40, 0xE0, 0x30, 0xE0, 0xBC, 0x1C, 0x2C, 0x3B, 0x0E, 0x03, 0x6C,
    0xD7, 0x00, 0xBD, 0x1F, 0x80, 0x0F, 0x03, 0xC0, 0x00, 0x00, 0x00, 0x2F, 0xF8, 0x1F, 0x56, 0x83,
    0xC0, 0x00, 0xB0, 0x00, 0x0F, 0x00, 0x00, 0xE0, 0x00, 0x0E, 0x00, 0x00, 0xE0, 0x00, 0x0B, 0x00,
    0x00, 0x78, 0x00, 0x02, 0xE4, 0x00, 0x07, 0xFD, 0x00, 0x01, 0xD0, 0x00, 0x0D, 0x00, 0x00, 0xD0,
    0x00, 0x0D, 0x00, 0x00, 0x00, 0x07, 0xFD, 0x1E, 0x44, 0x3C, 0x00, 0x38, 0x00, 0x34, 0x00, 0x38,
    0x00, 0x3C, 0x00, 0x1E, 0x00, 0x07, 0xF8, 0x00, 0x38, 0x00, 0x28, 0x00, 0x28, 0x00, 0x28, 0x00,
    0x00, 0x00, 0x00, 0x30, 0x02, 0x8A, 0x00, 0x0B, 0xC0, 0x00, 0x3F, 0x40, 0x07, 0x1C, 0x3D, 0xD0,
    0x00, 0x7C, 0x00, 0x03, 0xB4, 0x00, 0xA0, 0x80, 0x0C, 0x00, 0x00, 0x00, 0x00, 0x00, 0x32, 0xEA,
    0x81, 0x00, 0x00, 0x00, 0x00, 0x6F, 0xC6, 0x42, 0x40, 0xB2, 0x42, 0x00, 0x70, 0xC5, 0x00, 0x1A,
    0x40, 0xE7, 0xF1, 0x00, 0x40, 0x00, 0x00, 0x00, 0x00, 0x00, 0x00, 0x00, 0xBD, 0x00, 0x00, 0x00,
    0x00, 0x82, 0x00, 0x00, 0x00, 0x00, 0x00, 0x00, 0x00, 0x07, 0xF0, 0x00, 0x0F, 0xC0, 0x04, 0x10,
    0x00, 0x10, 0x10, 0x00, 0x00, 0x00, 0x00, 0x00, 0x00, 0x00, 0x00, 0x00, 0x00, 0x05, 0x00, 0x00,
    0x00, 0x50, 0x3B, 0x40, 0x00, 0x01, 0xEC, 0x00, 0x40, 0x00, 0x01, 0x00, 0x00, 0x00, 0x00, 0x00,
    0x00, 0x00, 0x00, 0x00, 0x00, 0x00, 0x01, 0x80, 0x00, 0x06, 0x40, 0x0A, 0x70, 0x00, 0x19, 0x90,
    0x00, 0x00, 0x00, 0x00, 0x00, 0x00, 0x00, 0x7C, 0x00, 0x00, 0x00, 0x00, 0xC7, 0x00, 0x00, 0x00,
    0x00, 0x00, 0x00, 0x00, 0x00, 0x00, 0x08, 0x00, 0x00, 0x00, 0x00, 0x1C, 0x00, 0x00, 0x00, 0x00,
    0x28, 0x00, 0x00, 0x00, 0xC0, 0x24, 0x00, 0x80, 0x00, 0xE0, 0x00, 0x0F, 0x40, 0x00, 0x70, 0x00,
    0x08, 0x00, 0x00, 0x00, 0x00, 0x00, 0x00, 0x00, 0x00, 0x00, 0x00, 0x00, 0x10, 0x00, 0x00, 0x00,
    0x40, 0x2F, 0x00, 0x00, 0x00, 0xF8, 0x01, 0x00, 0x00, 0x00, 0x04, 0x00, 0x00, 0x00, 0x00, 0x00,
    0x00, 0x00, 0x00, 0x00, 0x00, 0x00, 0x10, 0x00, 0x08, 0x00, 0x00, 0xB4, 0x00, 0x0E, 0x00, 0x03,
    0x80, 0x1C, 0x03, 0x00, 0x00, 0x00, 0x28, 0x02, 0x00, 0x00, 0x00, 0x34, 0x00, 0x00, 0x00, 0x00,
    0x20, 0x00, 0x00, 0x05, 0x01, 0x00, 0x07, 0x03, 0x40, 0x03, 0xFE, 0x00, 0x00, 0x00, 0x00, 0x70,
    0x00, 0xB0, 0x70, 0x01, 0xF0, 0x70, 0x03, 0xB0, 0x70, 0x0B, 0x30, 0x70, 0x1D, 0x30, 0x70, 0x38,
    0x30, 0x70, 0xB0, 0x30, 0x71, 0xD0, 0x30, 0x73, 0x80, 0x30, 0x7B, 0x00, 0x30, 0x7D, 0x00, 0x34,
    0x78, 0x00, 0x3E, 0x00, 0x00, 0x0D, 0x00, 0x00, 0x1C, 0x00, 0x00, 0x3C, 0x00, 0x00, 0x00, 0x18,
    0x09, 0x01, 0xD1, 0xD0, 0x07, 0xF4, 0x00, 0x00, 0x00, 0xA0, 0x0F, 0x4B, 0x01, 0xF4, 0xB0, 0x37,
    0x4B, 0x0A, 0x34, 0xB1, 0xC3, 0x4B, 0x34, 0x34, 0xBB, 0x03, 0x4B, 0xC0, 0x34, 0xB8, 0x03, 0xE0,
    0x00, 0x0D, 0x00, 0x00, 0xC0, 0x00, 0x2C, 0x00, 0x00, 0x00, 0x1C, 0x00, 0x02, 0xD5, 0x00, 0xBF,
    0xF0, 0x01, 0xC0, 0x00, 0x1C, 0x00, 0x01, 0xFF, 0x90, 0x1E, 0x5B, 0x81, 0xC0, 0x1C, 0x1C, 0x00,
    0xD1, 0xC0, 0x1D, 0x1D, 0x5B, 0xC1, 0xFF, 0xE0, 0x18, 0x00, 0x02, 0xC0, 0x00, 0xBE, 0x80, 0x07,
    0xD4, 0x00, 0x2C, 0x00, 0x02, 0xC0, 0x00, 0x2C, 0x00, 0x02, 0xD5, 0x00, 0x2F, 0xFF, 0x42, 0xC0,
    0x3C, 0x2C, 0x01, 0xC2, 0xC0, 0x78, 0x2F, 0xFE, 0x00, 0x7F, 0xF4, 0x1D, 0x5B, 0x87, 0x00, 0xB1,
    0xC0, 0x0D, 0x70, 0x87, 0x1C, 0x2F, 0xC7, 0xFF, 0xC1, 0xD5, 0x70, 0x70, 0x04, 0x1C, 0x00, 0x07,
    0x00, 0x01, 0xC0, 0x00, 0x00, 0x00, 0x29, 0xFE, 0x0B, 0xD1, 0xE2, 0xC0, 0x2C, 0xB0, 0x07, 0x6C,
    0x00, 0xDB, 0x00, 0x76, 0xC2, 0x6C, 0xBC, 0x7E, 0x2D, 0xFF, 0x0B, 0x00, 0xA2, 0xC0, 0x00, 0xB0,
    0x00, 0x2C, 0x00, 0x00, 0x00, 0x04, 0x00, 0x0D, 0x00, 0x0D, 0x7F, 0xFD, 0x79, 0x54, 0x70, 0x00,
    0x70, 0x00, 0x70, 0x00, 0x70, 0x00, 0x70, 0x00, 0x70, 0x00, 0x70, 0x00, 0x70, 0x00, 0x70, 0x00,
    0x70, 0x00, 0x00, 0x50, 0x0B, 0x00, 0xBB, 0xFF, 0xB0, 0x0B, 0x00, 0xB0, 0x0B, 0x00, 0xB0, 0x0B,
    0x00, 0xB0, 0x0B, 0x00, 0x1F, 0xFF, 0x47, 0x95, 0x41, 0xC0, 0x00, 0x70, 0x00, 0x1C, 0x00, 0x1B,
    0xA9, 0x07, 0xFF, 0x40, 0x70, 0x00, 0x1C, 0x00, 0x07, 0x00, 0x01, 0xC0, 0x00, 0x70, 0x00, 0x2F,
    0xFC, 0xB5, 0x52, 0xC0, 0x0B, 0x00, 0xFF, 0xE0, 0xB0, 0x02, 0xC0, 0x0B, 0x00, 0x2C, 0x00, 0x7F,
    0xFD, 0x07, 0x95, 0x40, 0x70, 0x00, 0x07, 0x00, 0x00, 0x70, 0x00, 0x07, 0xA9, 0x00, 0x7F, 0xFD,
    0x07, 0x00, 0xB4, 0x70, 0x03, 0xC7, 0x00, 0x1C, 0x70, 0x01, 0xC7, 0x00, 0x1C, 0x00, 0x02, 0xC0,
    0x00, 0x3C, 0x01, 0x1F, 0x40, 0x7F, 0xD0, 0x00, 0x00, 0x00, 0xBF, 0xF0, 0xB5, 0x50, 0xB0, 0x00,
    0xB0, 0x00, 0xBF, 0xE0, 0xB0, 0x78, 0xB0, 0x1C, 0xB0, 0x0D, 0xB0, 0x0D, 0x00, 0x0D, 0x00, 0x1C,
    0x04, 0x78, 0x0F, 0xE0, 0x00, 0x00, 0x70, 0x0B, 0x00, 0xE0, 0xB0, 0x2C, 0x0B, 0x00, 0xE0, 0xB0,
    0xB0, 0x00, 0xE2, 0xC7, 0x40, 0x01, 0xDB, 0x38, 0x00, 0x02, 0xFF, 0x80, 0x00, 0x0B, 0xBF, 0x00,
    0x00, 0x72, 0xCE, 0x00, 0x07, 0x4B, 0x0D, 0x00, 0x38, 0x2C, 0x1D, 0x03, 0xC0, 0xB0, 0x2D, 0x2C,
    0x02, 0xC0, 0x3F, 0x00, 0x00, 0x00, 0x2C, 0x00, 0x00, 0x00, 0xB0, 0x00, 0x00, 0x02, 0xC0, 0x00,
    0x00, 0x00, 0x74, 0x1C, 0x0E, 0x07, 0x07, 0x0B, 0x00, 0xB1, 0xC7, 0x00, 0x0B, 0x77, 0x00, 0x00,
    0xFF, 0x80, 0x00, 0xE7, 0x34, 0x00, 0xF1, 0xC7, 0x40, 0xB0, 0x70, 0x74, 0xB0, 0x1C, 0x0B, 0xC0,
    0x00, 0x00, 0x70, 0x00, 0x00, 0x1C, 0x00, 0x00, 0x07, 0x00, 0x00, 0x00, 0x00, 0x00, 0x00, 0x0B,
    0xFE, 0x02, 0x41, 0xF0, 0x00, 0x1C, 0x00, 0x07, 0x00, 0x03, 0xC0, 0xBF, 0x80, 0x15, 0xB8, 0x00,
    0x07, 0x40, 0x00, 0xE0, 0x00, 0x38, 0x50, 0x7C, 0x3F, 0xF8, 0x00, 0x30, 0x00, 0x07, 0x00, 0x06,
    0xC0, 0x01, 0x80, 0x00, 0x00, 0x00, 0x3F, 0xF0, 0x20, 0x3C, 0x00, 0x1C, 0x05, 0x78, 0x0F, 0xF0,
    0x00, 0x2C, 0x00, 0x0D, 0x10, 0x2C, 0x7F, 0xF4, 0x02, 0x80, 0x00, 0xC0, 0x01, 0xC0, 0x06, 0x40,
    0x70, 0x03, 0x87, 0x00, 0xF0, 0x70, 0x3C, 0x07, 0x0B, 0x00, 0x72, 0xC0, 0x07, 0xB4, 0x00, 0x7B,
    0x40, 0x07, 0x2D, 0x00, 0x70, 0xB0, 0x07, 0x02, 0xC0, 0x70, 0x0F, 0x57, 0x00, 0x3F, 0x00, 0x00,
    0xB0, 0x00, 0x0B, 0x00, 0x00, 0xB0, 0x00, 0x00, 0xB0, 0x2C, 0x2C, 0x2C, 0x0B, 0x1C, 0x02, 0xDD,
    0x00, 0xBE, 0x00, 0x2C, 0xE0, 0x0B, 0x1D, 0x02, 0xC1, 0xD0, 0xB0, 0x2F, 0x00, 0x01, 0xC0, 0x00,
    0x70, 0x00, 0x1C, 0x00, 0x00, 0x00, 0x70, 0x03, 0x87, 0x00, 0xF0, 0x73, 0x3C, 0x07, 0x3F, 0x00,
    0x73, 0xC0, 0x07, 0xB4, 0x00, 0x7B, 0x40, 0x07, 0x3D, 0x00, 0x73, 0xB0, 0x07, 0x22, 0xC0, 0x70,
    0x0F, 0x07, 0x00, 0x3C, 0xB0, 0x2C, 0xB3, 0xB0, 0xB3, 0xC0, 0xB7, 0x40, 0xBF, 0x00, 0xB7, 0x80,
    0xB3, 0xD0, 0xB3, 0x74, 0xB0, 0x2C, 0x1C, 0x00, 0xE1, 0xB9, 0x0B, 0x0B, 0xF8, 0x74, 0x07, 0x03,
    0x80, 0x1C, 0x2C, 0x00, 0x7F, 0xD0, 0x01, 0xE7, 0x80, 0x07, 0x07, 0x40, 0x1C, 0x0F, 0x00, 0x70,
    0x0E, 0x01, 0xC0, 0x1D, 0x07, 0x00, 0x3C, 0x18, 0x00, 0x0B, 0x00, 0x0F, 0xFF, 0x00, 0xB0, 0x00,
    0x2C, 0x0B, 0x0B, 0x0B, 0x02, 0xC7, 0x00, 0xB7, 0x40, 0x2F, 0x80, 0x0B, 0x38, 0x02, 0xC7, 0x40,
    0xB0, 0x74, 0x2C, 0x0B, 0x00, 0xFF, 0x40, 0x2C, 0x5B, 0x40, 0xB0, 0x03, 0x42, 0xC0, 0x03, 0x4B,
    0x40, 0x03, 0x5D, 0x00, 0x03, 0xB4, 0x00, 0x03, 0xB8, 0x00, 0x03, 0x5E, 0x00, 0x03, 0x47, 0x40,
    0x03, 0x42, 0xD0, 0x03, 0x40, 0xB0, 0x03, 0x40, 0x2C, 0xBF, 0x80, 0xE0, 0x5E, 0x0E, 0x00, 0x38,
    0xB0, 0x00, 0xEB, 0x00, 0x03, 0xF4, 0x00, 0x0E, 0x70, 0x00, 0x38, 0xB0, 0x00, 0xE0, 0xB0, 0x03,
    0x80, 0xF0, 0x70, 0x00, 0xA0, 0x70, 0x00, 0xE0, 0x70, 0x00, 0xE0, 0x70, 0x00, 0xE0, 0x70, 0x00,
    0xE0, 0x7F, 0xFF, 0xE0, 0x79, 0x55, 0xE0, 0x70, 0x00, 0xE0, 0x70, 0x00, 0xE0, 0x70, 0x00, 0xE0,
    0x70, 0x00, 0xF4, 0x70, 0x00, 0xFC, 0x00, 0x00, 0x1C, 0x00, 0x00, 0x1C, 0x00, 0x00, 0x1C, 0x00,
    0x00, 0x00, 0xB0, 0x07, 0x0B, 0x00, 0x70, 0xB0, 0x07, 0x0B, 0x00, 0x70, 0xBF, 0xFF, 0x0B, 0x00,
    0x70, 0xB0, 0x07, 0x0B, 0x00, 0x74, 0xB0, 0x07, 0xE0, 0x00, 0x0E, 0x00, 0x00, 0xE0, 0x00, 0x0E,
    0x00, 0x00, 0x00, 0x70, 0x00, 0xBF, 0x5C, 0x00, 0x3D, 0x47, 0x00, 0x0E, 0x01, 0xC0, 0x03, 0x80,
    0x70, 0x00, 0xE0, 0x1F, 0xFF, 0xF8, 0x07, 0x95, 0x5E, 0x01, 0xC0, 0x03, 0x80, 0x70, 0x00, 0xE0,
    0x1C, 0x00, 0x38, 0x07, 0x00, 0x0E, 0x01, 0xC0, 0x03, 0x80, 0xB0, 0x07, 0xFC, 0xB0, 0x07, 0x54,
    0xB0, 0x07, 0x00, 0xB0, 0x07, 0x00, 0xBF, 0xFF, 0x00, 0xB0, 0x07, 0x00, 0xB0, 0x07, 0x00, 0xB0,
    0x07, 0x00, 0xB0, 0x07, 0x00, 0x7F, 0xFF, 0xC0, 0x00, 0x79, 0x56, 0xC0, 0x00, 0x70, 0x01, 0xC0,
    0x00, 0x70, 0x01, 0xC0, 0x00, 0x70, 0x01, 0xC0, 0x00, 0x70, 0x01, 0xE9, 0x40, 0x70, 0x01, 0xFF,
    0xF4, 0x70, 0x01, 0xC0, 0x3C, 0x70, 0x01, 0xC0, 0x0E, 0x70, 0x01, 0xC0, 0x0B, 0x70, 0x01, 0xC0,
    0x0B, 0x70, 0x01, 0xC0, 0x0B, 0x00, 0x00, 0x00, 0x0F, 0x00, 0x00, 0x00, 0x0E, 0x00, 0x00, 0x14,
    0x7C, 0x00, 0x00, 0x2F, 0xF0, 0x00, 0x00, 0x00, 0x00, 0xBF, 0xFE, 0x00, 0x2D, 0x57, 0x80, 0x0B,
    0x00, 0xE0, 0x02, 0xC0, 0x38, 0x00, 0xB0, 0x0F, 0xFD, 0x2C, 0x03, 0x82, 0xCB, 0x00, 0xE0, 0x3A,
    0xC0, 0x38, 0x0B, 0xB0, 0x0E, 0x02, 0xC0, 0x00, 0x00, 0xB0, 0x00, 0x00, 0x38, 0x00, 0x01, 0x2D,
    0x00, 0x00, 0xFD, 0x00, 0x00, 0x00, 0x00, 0x00, 0x00, 0x00, 0x07, 0xFC, 0x00, 0x2E, 0x54, 0x00,
    0x74, 0x06, 0x80, 0xB0, 0x1E, 0xF0, 0xE0, 0x38, 0x38, 0xE0, 0x34, 0x2C, 0xE0, 0x34, 0x2C, 0xE0,
    0x34, 0x2C, 0xB0, 0x38, 0x38, 0x78, 0x2C, 0xB0, 0x2E, 0x4F, 0xE0, 0x07, 0xFF, 0xE8, 0x00, 0x00,
    0x68, 0x00, 0x00, 0x00, 0x1F, 0xC0, 0x01, 0xE0, 0x00, 0x0F, 0x07, 0xF0, 0x38, 0x38, 0xE0, 0xD1,
    0xC2, 0xC3, 0x47, 0x0B, 0x0F, 0x0E, 0x34, 0x1E, 0x2F, 0xC0, 0x1F, 0xFF, 0x80, 0x00, 0x05, 0x00,
    0x00, 0x00, 0x00, 0x2F, 0xF8, 0x1F, 0x56, 0x83, 0x80, 0x00, 0xB0, 0x00, 0x0F, 0x00, 0x00, 0xE0,
    0x00, 0x0E, 0x00, 0x00, 0xE0, 0x00, 0x0B, 0x00, 0x00, 0x78, 0x00, 0x02, 0xE4, 0x14, 0x07, 0xFF,
    0x40, 0x07, 0x00, 0x00, 0x34, 0x00, 0x07, 0x40, 0x00, 0xA0, 0x00, 0x00, 0x00, 0x07, 0xFD, 0x1E,
    0x44, 0x3C, 0x00, 0x38, 0x00, 0x34, 0x00, 0x38, 0x00, 0x3C, 0x00, 0x1E, 0x04, 0x07, 0xFC, 0x00,
    0xA0, 0x00, 0x30, 0x00, 0x70, 0x01, 0x90, 0xFF, 0xFF, 0xC5, 0x6E, 0x54, 0x00, 0xD0, 0x00, 0x0D,
    0x00, 0x00, 0xD0, 0x00, 0x0D, 0x00, 0x00, 0xD0, 0x00, 0x0D, 0x00, 0x00, 0xD0, 0x00, 0x0D, 0x00,
    0x00, 0xE4, 0x00, 0x0F, 0xC0, 0x00, 0x2C, 0x00, 0x02, 0xC0, 0x00, 0x2C, 0x00, 0x00, 0x00, 0xBF,
    0xFE, 0x17, 0xD4, 0x03, 0x80, 0x03, 0x80, 0x03, 0x80, 0x03, 0x80, 0x03, 0x80, 0x03, 0x80, 0x03,
    0xF0, 0x00, 0x70, 0x00, 0x70, 0x00, 0x70, 0x00, 0x00, 0xB0, 0x01, 0xC3, 0x40, 0x38, 0x2C, 0x07,
    0x00, 0xD0, 0xE0, 0x0B, 0x2C, 0x00, 0x3B, 0x40, 0x02, 0xF0, 0x00, 0x0E, 0x00, 0x00, 0xD0, 0x00,
    0x0D, 0x00, 0x00, 0xD0, 0x00, 0x0D, 0x00, 0xE0, 0x03, 0x5C, 0x02, 0xC3, 0x40, 0xE0, 0xB0, 0x70,
    0x1C, 0x38, 0x03, 0x8D, 0x00, 0x77, 0x00, 0x0F, 0x80, 0x02, 0xC0, 0x00, 0xB0, 0x00, 0x2C, 0x00,
    0x0B, 0x00, 0x02, 0xC0, 0x00, 0xB0, 0x01, 0xC3, 0x40, 0x38, 0x2C, 0x07, 0x00, 0xD0, 0xE0, 0x0B,
    0x2C, 0x00, 0x3B, 0x40, 0x02, 0xF0, 0x00, 0x0E, 0x00, 0x2F, 0xFF, 0x00, 0x0E, 0x00, 0x00, 0xD0,
    0x00, 0x0D, 0x00, 0xE0, 0x03, 0x5C, 0x02, 0xC3, 0x40, 0xE0, 0xB0, 0x70, 0x1C, 0x28, 0x03, 0x8D,
    0x00, 0x77, 0x00, 0x0F, 0x80, 0x02, 0xC0, 0x0F, 0xFF, 0x00, 0x2C, 0x00, 0x0B, 0x00, 0x02, 0xC0,
    0x00, 0x70, 0x01, 0xC0, 0xF0, 0x0E, 0x00, 0xD0, 0xB0, 0x01, 0xC7, 0x00, 0x03, 0xF8, 0x00, 0x03,
    0xC0, 0x00, 0x1F, 0x00, 0x00, 0xDB, 0x00, 0x0B, 0x0D, 0x00, 0x70, 0x2C, 0x03, 0x80, 0x3D, 0x2C,
    0x00, 0x7D, 0x00, 0x00, 0x34, 0x00, 0x00, 0xD0, 0x00, 0x03, 0x40, 0x00, 0x00, 0x34, 0x0B, 0x0B,
    0x07, 0x40, 0xF3, 0x80, 0x0F, 0xC0, 0x02, 0xD0, 0x00, 0xFC, 0x00, 0xE3, 0x80, 0xB0, 0x38, 0x74,
    0x07, 0xC0, 0x00, 0x70, 0x00, 0x1C, 0x00, 0x07, 0x00, 0x00, 0x00, 0xFF, 0xFF, 0xC3, 0x45, 0x6D,
    0x54, 0x38, 0x01, 0xC0, 0x03, 0x80, 0x1C, 0x00, 0x38, 0x01, 0xC0, 0x03, 0x80, 0x1C, 0x00, 0x38,
    0x01, 0xC0, 0x03, 0x80, 0x1C, 0x00, 0x38, 0x01, 0xC0, 0x03, 0x80, 0x1C, 0x00, 0x38, 0x01, 0xD5,
    0x57, 0x90, 0x1F, 0xFF, 0xFF, 0x00, 0x00, 0x00, 0x70, 0x00, 0x00, 0x07, 0x00, 0x00, 0x00, 0x70,
    0x00, 0x00, 0x00, 0xBF, 0xFC, 0x34, 0x17, 0x94, 0x34, 0x03, 0x40, 0x34, 0x03, 0x40, 0x34, 0x03,
    0x40, 0x34, 0x03, 0x40, 0x34, 0x03, 0x40, 0x34, 0x03, 0x40, 0x78, 0x03, 0xFF, 0xFF, 0x00, 0x00,
    0x0B, 0x00, 0x00, 0x0B, 0x00, 0x00, 0x0B, 0x00, 0x00, 0x00, 0xB0, 0x01, 0xC2, 0xC0, 0x07, 0x0B,
    0x00, 0x1C, 0x2C, 0x00, 0x70, 0xB0, 0x01, 0xC2, 0xC0, 0x0B, 0x03, 0xD6, 0xFC, 0x06, 0xF9, 0xB0,
    0x00, 0x01, 0xC0, 0x00, 0x07, 0x00, 0x00, 0x1D, 0x00, 0x00, 0x7D, 0x00, 0x00, 0x34, 0x00, 0x00,
    0xD0, 0x00, 0x03, 0x40, 0x00, 0x00, 0xA0, 0x0A, 0x0E, 0x00, 0xB0, 0xE0, 0x0B, 0x0E, 0x00, 0xB0,
    0xB4, 0x6F, 0x02, 0xFD, 0xB0, 0x00, 0x0B, 0x00, 0x00, 0xB0, 0x00, 0x0B, 0xC0, 0x00, 0x1C, 0x00,
    0x01, 0xC0, 0x00, 0x1C, 0x00, 0x00, 0x00, 0xB0, 0x01, 0xCB, 0x00, 0x2C, 0xB0, 0x02, 0xCB, 0x00,
    0x2C, 0xB0, 0xC2, 0xCB, 0x0C, 0x2C, 0x3E, 0xEF, 0xC0, 0xBF, 0x6C, 0x00, 0xC2, 0xC0, 0x0C, 0x2C,
    0x00, 0x42, 0xC0, 0x00, 0x2C, 0xA0, 0x0A, 0xE0, 0x0E, 0xE1, 0x0E, 0xE2, 0x4E, 0xB7, 0xAE, 0x2F,
    0xDE, 0x02, 0x4E, 0x02, 0x4E, 0x00, 0x0E, 0x70, 0x00, 0x07, 0x00, 0x00, 0x70, 0x00, 0x07, 0x00,
    0x00, 0x75, 0xA9, 0x07, 0xFA, 0xBC, 0x70, 0x01, 0xC7, 0x00, 0x0D, 0x70, 0x00, 0xD7, 0x00, 0x0D,
    0x70, 0x00, 0xD7, 0x00, 0x0D, 0x60, 0x00, 0xB0, 0x00, 0xB0, 0x00, 0xB0, 0x00, 0xB7, 0xF8, 0xBD,
    0x1E, 0xB0, 0x0B, 0xB0, 0x0B, 0xB0, 0x0B, 0xB0, 0x0B, 0xB0, 0x0B, 0xB0, 0x0B, 0xB0, 0x0B, 0x00,
    0x00, 0x00, 0x00, 0x01, 0xFF, 0x80, 0x00, 0xB9, 0x5F, 0x00, 0x0D, 0x00, 0x38, 0x12, 0xC0, 0x02,
    0xCB, 0x38, 0x00, 0x2C, 0x7F, 0xEA, 0xAB, 0xC1, 0xBE, 0xAA, 0xA8, 0x03, 0x80, 0x00, 0x00, 0x2C,
    0x00, 0x00, 0x01, 0xD0, 0x00, 0x00, 0x0B, 0x90, 0x64, 0x00, 0x1F, 0xFF, 0x40, 0x00, 0x00, 0x00,
    0x00, 0x00, 0x00, 0x02, 0xFE, 0x00, 0x2D, 0x1E, 0x28, 0xD0, 0x1C, 0xBB, 0x55, 0xB0, 0xBF, 0xFF,
    0xC0, 0x70, 0x00, 0x00, 0xD0, 0x00, 0x02, 0xD0, 0x50, 0x02, 0xFF, 0x80, 0x00, 0x00, 0x00, 0x00,
    0x00, 0x00, 0x00, 0x01, 0xFF, 0x80, 0x00, 0xB9, 0x5F, 0x00, 0x1D, 0x00, 0x38, 0x12, 0xC0, 0x02,
    0xCB, 0x38, 0x00, 0x1C, 0x7F, 0xEA, 0xAB, 0xC1, 0xBE, 0xAA, 0xA8, 0x03, 0x80, 0x00, 0x00, 0x2C,
    0x00, 0x00, 0x01, 0xD0, 0x00, 0x00, 0x0B, 0x90, 0x64, 0x00, 0x1F, 0xFF, 0x40, 0x00, 0x1C, 0x00,
    0x00, 0x01, 0xC0, 0x00, 0x00, 0x1C, 0x00, 0x00, 0x00, 0x00, 0x00, 0x00, 0x00, 0x00, 0x02, 0xFE,
    0x00, 0x2D, 0x1E, 0x28, 0xD0, 0x1C, 0xBB, 0x55, 0xB0, 0xBF, 0xFF, 0xC0, 0x70, 0x00, 0x00, 0xD0,
    0x00, 0x02, 0xD0, 0x50, 0x02, 0xFF, 0x80, 0x00, 0xD0, 0x00, 0x03, 0x40, 0x00, 0x0D, 0x00, 0x00,
    0x00, 0x00, 0x7F, 0xC3, 0x80, 0xE0, 0x38, 0x0E, 0x03, 0x80, 0xE0, 0x38, 0x0E, 0x03, 0x80, 0xE1,
    0xFF, 0x00, 0x00, 0x00, 0x00, 0x00, 0x34, 0x70, 0x00, 0x00, 0x1F, 0xD0, 0x00, 0x00, 0x00, 0x00,
    0x00, 0x70, 0x03, 0x00, 0x34, 0x2C, 0x03, 0x40, 0xF0, 0x0E, 0x03, 0x41, 0xC0, 0x07, 0x03, 0x43,
    0x40, 0x02, 0xC3, 0x4F, 0x00, 0x00, 0xFF, 0xFC, 0x00, 0x01, 0xEB, 0x9E, 0x00, 0x03, 0x83, 0x4B,
    0x00, 0x0B, 0x03, 0x43, 0xC0, 0x1D, 0x03, 0x41, 0xD0, 0x38, 0x03, 0x40, 0xB0, 0xB0, 0x03, 0x40,
    0x38, 0x00, 0x40, 0x40, 0x00, 0x34, 0xA0, 0x00, 0x07, 0xE0, 0x00, 0x00, 0x00, 0x00, 0x70, 0x1C,
    0x0B, 0x0B, 0x07, 0x03, 0x40, 0xE1, 0xC3, 0x80, 0x1D, 0x72, 0xC0, 0x03, 0xFF, 0xE0, 0x02, 0xC7,
    0x1C, 0x00, 0xD1, 0xC3, 0xC0, 0xF0, 0x70, 0x38, 0xB0, 0x1C, 0x07, 0x00, 0x70, 0x03, 0x87, 0x00,
    0xF0, 0x70, 0x3C, 0x07, 0x0B, 0x00, 0x72, 0xC0, 0x07, 0xB8, 0x00, 0x7F, 0xFE, 0x07, 0x00, 0xB8,
    0x70, 0x01, 0xD7, 0x00, 0x0E, 0x70, 0x00, 0xE7, 0x00, 0x0E, 0x00, 0x00, 0xE0, 0x00, 0x1D, 0x01,
    0x0B, 0x80, 0x3F, 0xE0, 0x00, 0x00, 0x00, 0xB0, 0x2C, 0xB0, 0xB0, 0xB1, 0xC0, 0xB7, 0x00, 0xBF,
    0xE0, 0xB4, 0x7C, 0xB0, 0x0D, 0xB0, 0x0E, 0xB0, 0x0B, 0x00, 0x0E, 0x00, 0x0D, 0x04, 0x3C, 0x0B,
    0xF0, 0x00, 0x00, 0x01, 0xFF, 0xF0, 0x02, 0xD5, 0xB0, 0x02, 0xC0, 0x70, 0x03, 0x80, 0x70, 0x03,
    0x80, 0x70, 0x03, 0x40, 0x70, 0x03, 0x00, 0x70, 0x07, 0x00, 0x70, 0x0B, 0x00, 0x70, 0x0E, 0x00,
    0x70, 0x1D, 0x00, 0x74, 0xF8, 0x00, 0x7E, 0x00, 0x00, 0x0D, 0x00, 0x00, 0x1C, 0x00, 0x00, 0x3C,
    0x00, 0x00, 0x00, 0x03, 0xFF, 0x00, 0x75, 0x70, 0x07, 0x07, 0x00, 0xB0, 0x70, 0x0A, 0x07, 0x00,
    0xE0, 0x70, 0x0D, 0x07, 0x02, 0xC0, 0x74, 0xF4, 0x07, 0xE0, 0x00, 0x0D, 0x00, 0x01, 0xC0, 0x00,
    0x2C, 0x00, 0x00, 0x00, 0x70, 0x00, 0xA7, 0x00, 0x0E, 0x70, 0x00, 0xE7, 0x00, 0x0E, 0x70, 0x00,
    0xE7, 0xFF, 0xFE, 0x79, 0x55, 0xE7, 0x00, 0x0E, 0x70, 0x00, 0xE7, 0x00, 0x0E, 0x70, 0x00, 0xE7,
    0x00, 0x0E, 0x00, 0x00, 0xE0, 0x00, 0x1D, 0x01, 0x07, 0xC0, 0x3F, 0xE0, 0x00, 0x00, 0x00, 0xB0,
    0x07, 0x2C, 0x01, 0xCB, 0x00, 0x72, 0xC0, 0x1C, 0xBF, 0xFF, 0x2C, 0x01, 0xCB, 0x00, 0x72, 0xC0,
    0x1C, 0xB0, 0x07, 0x00, 0x01, 0xC0, 0x00, 0xB0, 0x04, 0x78, 0x03, 0xF8, 0x00, 0x00, 0x00, 0x70,
    0x00, 0xA0, 0x70, 0x00, 0xE0, 0x70, 0x00, 0xE0, 0x70, 0x00, 0xE0, 0x70, 0x00, 0xE0, 0x7F, 0xFF,
    0xE0, 0x79, 0x55, 0xE0, 0x70, 0x00, 0xE0, 0x70, 0x00, 0xE0, 0x70, 0x00, 0xE0, 0x70, 0x00, 0xF4,
    0x70, 0x00, 0xFC, 0x00, 0x00, 0x1C, 0x00, 0x00, 0x38, 0x00, 0x00, 0x74, 0x00, 0x00, 0x00, 0xB0,
    0x07, 0x0B, 0x00, 0x70, 0xB0, 0x07, 0x0B, 0x00, 0x70, 0xBF, 0xFF, 0x0B, 0x00, 0x70, 0xB0, 0x07,
    0x0B, 0x00, 0x74, 0xB0, 0x07, 0xE0, 0x00, 0x0D, 0x00, 0x01, 0xC0, 0x00, 0x2C, 0x00, 0x00, 0x00,
    0xB0, 0x01, 0xCB, 0x00, 0x1C, 0xB0, 0x01, 0xCB, 0x00, 0x1C, 0xB0, 0x01, 0xCB, 0x00, 0x2C, 0x3D,
    0x6F, 0xC1, 0xBE, 0x6C, 0x00, 0x01, 0xC0, 0x00, 0x1C, 0x00, 0x06, 0xC0, 0x00, 0xFC, 0x00, 0x0E,
    0x00, 0x00, 0xE0, 0x00, 0x0E, 0x00, 0x00, 0x00, 0xA0, 0x0A, 0xE0, 0x0B, 0xE0, 0x0B, 0xE0, 0x0B,
    0xB4, 0x6F, 0x2F, 0xDB, 0x00, 0x0B, 0x00, 0x0F, 0x00, 0x3F, 0x00, 0x34, 0x00, 0x34, 0x00, 0x34,
    0x00, 0x00, 0x7C, 0x00, 0x0F, 0x41, 0xF4, 0x00, 0x3E, 0x07, 0xA0, 0x02, 0xB8, 0x1D, 0xC0, 0x0D,
    0xE0, 0x73, 0x80, 0x73, 0x81, 0xCB, 0x03, 0x8E, 0x07, 0x0D, 0x0C, 0x38, 0x1C, 0x38, 0xB0, 0xE0,
    0x70, 0x73, 0x43, 0x81, 0xC0, 0xEC, 0x0E, 0x07, 0x02, 0xE0, 0x39, 0x1C, 0x07, 0x40, 0xFC, 0x00,
    0x00, 0x00, 0xA0, 0x00, 0x00, 0x03, 0x40, 0x00, 0x00, 0x2C, 0x00, 0x00, 0x00, 0x00, 0xB8, 0x00,
    0xF0, 0xBC, 0x02, 0xF0, 0xBD, 0x03, 0xB0, 0xAA, 0x07, 0x70, 0xA3, 0x0A, 0x70, 0xA3, 0x8C, 0x70,
    0xA1, 0xEC, 0x70, 0xA0, 0xF4, 0x70, 0xA0, 0xB0, 0x7D, 0x00, 0x00, 0x0C, 0x00, 0x00, 0x2C, 0x00,
    0x00, 0x38, 0x00, 0x00, 0x00, 0x7F, 0xC3, 0x80, 0xE0, 0x38, 0x0E, 0x03, 0x80, 0xE0, 0x38, 0x0E,
    0x03, 0x80, 0xE1, 0xFF, 0x00, 0x00, 0x00, 0x0C, 0x2C, 0x00, 0x2F, 0xC0, 0x00, 0x00, 0x00, 0x00,
    0xB0, 0x00, 0x03, 0xE0, 0x00, 0x1D, 0xC0, 0x00, 0xA3, 0x40, 0x03, 0x4A, 0x00, 0x1C, 0x1C, 0x00,
    0xE0, 0x38, 0x07, 0xFF, 0xF0, 0x2D, 0x55, 0xD0, 0xD0, 0x03, 0x87, 0x00, 0x07, 0x38, 0x00, 0x0D,
    0x04, 0x04, 0x0B, 0x1C, 0x02, 0xF4, 0x00, 0x00, 0x0B, 0xFC, 0x09, 0x0F, 0x00, 0x0B, 0x00, 0x5B,
    0x1F, 0xEF, 0x38, 0x07, 0x34, 0x0B, 0x38, 0x1F, 0x1F, 0xE3, 0x00, 0x00, 0x00, 0x00, 0x00, 0x0D,
    0x38, 0x00, 0x10, 0x40, 0x00, 0x00, 0x00, 0x00, 0xB0, 0x00, 0x03, 0xE0, 0x00, 0x1D, 0xC0, 0x00,
    0xA3, 0x40, 0x03, 0x4A, 0x00, 0x1C, 0x1C, 0x00, 0xE0, 0x38, 0x07, 0xFF, 0xF0, 0x2D, 0x55, 0xD0,
    0xD0, 0x03, 0x87, 0x00, 0x07, 0x38, 0x00, 0x0D, 0x00, 0x00, 0x0B, 0x1C, 0x01, 0x04, 0x00, 0x00,
    0x0B, 0xFC, 0x09, 0x0F, 0x00, 0x0B, 0x00, 0x5B, 0x1F, 0xEF, 0x38, 0x07, 0x34, 0x0B, 0x38, 0x1F,
    0x1F, 0xE3, 0x00, 0x00, 0x00, 0x0B, 0xFF, 0xF8, 0x00, 0x3A, 0xD5, 0x50, 0x02, 0xCB, 0x00, 0x00,
    0x0E, 0x2C, 0x00, 0x00, 0x70, 0xB0, 0x00, 0x03, 0x82, 0xFF, 0xD0, 0x1C, 0x0B, 0x55, 0x00, 0xFF,
    0xFC, 0x00, 0x07, 0x55, 0xB0, 0x00, 0x38, 0x02, 0xC0, 0x01, 0xD0, 0x0B, 0x55, 0x0F, 0x00, 0x2F,
    0xFE, 0x00, 0x00, 0x00, 0x00, 0xBF, 0x8B, 0xF0, 0x08, 0x1F, 0xC2, 0xC0, 0x00, 0xB0, 0x0D, 0x00,
    0x5F, 0x55, 0xE1, 0xFA, 0xFF, 0xFD, 0x38, 0x0B, 0x00, 0x03, 0x40, 0xF0, 0x00, 0x38, 0x2F, 0xC0,
    0x41, 0xFE, 0x0B, 0xFC, 0x00, 0x00, 0x00, 0x00, 0x00, 0x00, 0x1C, 0x38, 0x0B, 0xF0, 0x00, 0x00,
    0x7F, 0xFC, 0x75, 0x54, 0x70, 0x00, 0x70, 0x00, 0x70, 0x00, 0x7F, 0xFC, 0x79, 0x54, 0x70, 0x00,
    0x70, 0x00, 0x70, 0x00, 0x75, 0x54, 0x7F, 0xFD, 0x00, 0x04, 0x01, 0xC7, 0x00, 0x2F, 0x40, 0x00,
    0x00, 0x07, 0xFC, 0x03, 0x83, 0xC2, 0xC0, 0x34, 0xE5, 0x5E, 0x3F, 0xFF, 0x4E, 0x00, 0x03, 0xC0,
    0x00, 0x78, 0x04, 0x07, 0xFF, 0x00, 0x00, 0x00, 0x00, 0x00, 0x00, 0x0B, 0xFF, 0x40, 0x09, 0x46,
    0xE0, 0x00, 0x00, 0x74, 0x00, 0x00, 0x2C, 0x00, 0x00, 0x1C, 0x2A, 0xAA, 0xAD, 0x3F, 0xFF, 0xFD,
    0x38, 0x00, 0x1C, 0x2C, 0x00, 0x2C, 0x1C, 0x00, 0x38, 0x0F, 0x41, 0xF0, 0x02, 0xFF, 0x80, 0x00,
    0x00, 0x00, 0x00, 0x00, 0x07, 0xFE, 0x01, 0x41, 0xE0, 0x00, 0x1C, 0x00, 0x03, 0x4F, 0xFF, 0xD3,
    0x95, 0x74, 0xE0, 0x1C, 0x2D, 0x0E, 0x02, 0xFE, 0x00, 0x00, 0x00, 0x00, 0x00, 0x00, 0x01, 0xC7,
    0x00, 0x00, 0x41, 0x00, 0x00, 0x00, 0x00, 0x0B, 0xFF, 0x40, 0x09, 0x46, 0xE0, 0x00, 0x00, 0x74,
    0x00, 0x00, 0x2C, 0x00, 0x00, 0x1C, 0x2A, 0xAA, 0xAD, 0x3F, 0xFF, 0xFD, 0x38, 0x00, 0x1C, 0x2C,
    0x00, 0x2C, 0x1C, 0x00, 0x38, 0x0F, 0x41, 0xF0, 0x02, 0xFF, 0x80, 0x00, 0x00, 0x00, 0x00, 0x00,
    0x02, 0x8B, 0x00, 0x50, 0x40, 0x00, 0x00, 0x1F, 0xF8, 0x05, 0x07, 0x80, 0x00, 0x70, 0x00, 0x0D,
    0x3F, 0xFF, 0x4E, 0x55, 0xD3, 0x80, 0x70, 0xB4, 0x38, 0x0B, 0xF8, 0x00, 0x00, 0x00, 0x00, 0x00,
    0x00, 0x00, 0x00, 0x28, 0xB0, 0x00, 0x00, 0x10, 0x10, 0x00, 0x00, 0x00, 0x00, 0x00, 0x70, 0x03,
    0x00, 0x34, 0x2C, 0x03, 0x40, 0xF0, 0x0E, 0x03, 0x41, 0xC0, 0x07, 0x03, 0x43, 0x40, 0x02, 0xC3,
    0x4F, 0x00, 0x00, 0xFF, 0xFC, 0x00, 0x01, 0xEB, 0x9E, 0x00, 0x03, 0x83, 0x4B, 0x00, 0x0B, 0x03,
    0x43, 0xC0, 0x1D, 0x03, 0x41, 0xD0, 0x38, 0x03, 0x40, 0xB0, 0xB0, 0x03, 0x40, 0x38, 0x00, 0x00,
    0x00, 0x00, 0x34, 0xE0, 0x00, 0x04, 0x10, 0x00, 0x00, 0x00, 0x00, 0x70, 0x1C, 0x0B, 0x0B, 0x07,
    0x03, 0x40, 0xE1, 0xC3, 0x80, 0x1D, 0x72, 0xC0, 0x03, 0xFF, 0xE0, 0x02, 0xC7, 0x1C, 0x00, 0xD1,
    0xC3, 0xC0, 0xF0, 0x70, 0x38, 0xB0, 0x1C, 0x07, 0x00, 0x00, 0x00, 0x03, 0x4E, 0x00, 0x41, 0x00,
    0x00, 0x00, 0x2F, 0xF8, 0x09, 0x07, 0xC0, 0x00, 0x70, 0x00, 0x1C, 0x00, 0x0F, 0x02, 0xFE, 0x00,
    0x56, 0xE0, 0x00, 0x1D, 0x00, 0x03, 0x80, 0x00, 0xE1, 0x41, 0xF0, 0xFF, 0xE0, 0x00, 0x00, 0x00,
    0x00, 0x00, 0x1C, 0x70, 0x04, 0x10, 0x00, 0x00, 0x3F, 0xF0, 0x20, 0x3C, 0x00, 0x1C, 0x05, 0x78,
    0x0F, 0xF0, 0x00, 0x2C, 0x00, 0x0D, 0x10, 0x2C, 0x7F, 0xF4, 0x00, 0x00, 0x3F, 0xFF, 0x45, 0x57,
    0xC0, 0x02, 0xC0, 0x02, 0xC0, 0x02, 0xC0, 0x01, 0xF9, 0x00, 0x16, 0xF0, 0x00, 0x0E, 0x00, 0x03,
    0xC0, 0x00, 0xE6, 0x00, 0xB1, 0xFF, 0xF4, 0x00, 0x00, 0x00, 0xBF, 0xFD, 0x15, 0x7C, 0x00, 0xB0,
    0x01, 0xC0, 0x07, 0x40, 0x0F, 0x90, 0x05, 0xB8, 0x00, 0x0D, 0x00, 0x0E, 0x00, 0x0E, 0x00, 0x0D,
    0x94, 0x7C, 0x7F, 0xE0, 0x01, 0x54, 0x00, 0x3F, 0xE0, 0x00, 0x00, 0x07, 0x00, 0x0F, 0x70, 0x02,
    0xF7, 0x00, 0x3B, 0x70, 0x0E, 0x77, 0x01, 0xCB, 0x70, 0x34, 0xB7, 0x0A, 0x0B, 0x71, 0xC0, 0xB7,
    0x34, 0x0B, 0x7B, 0x00, 0xB7, 0xC0, 0x0B, 0x78, 0x00, 0xB0, 0x05, 0x50, 0x1F, 0xF8, 0x00, 0x00,
    0xB0, 0x0F, 0xB0, 0x2F, 0xB0, 0x7B, 0xB0, 0xDB, 0xB1, 0xCB, 0xB3, 0x4B, 0xBA, 0x0B, 0xBC, 0x0B,
    0xB8, 0x0B, 0x00, 0x00, 0x00, 0x34, 0xE0, 0x01, 0x04, 0x00, 0x00, 0x00, 0x70, 0x00, 0xF7, 0x00,
    0x2F, 0x70, 0x03, 0xB7, 0x00, 0xE7, 0x70, 0x1C, 0xB7, 0x03, 0x4B, 0x70, 0xA0, 0xB7, 0x1C, 0x0B,
    0x73, 0x40, 0xB7, 0xB0, 0x0B, 0x7C, 0x00, 0xB7, 0x80, 0x0B, 0x00, 0x00, 0x0D, 0x34, 0x04, 0x10,
    0x00, 0x00, 0xB0, 0x0F, 0xB0, 0x2F, 0xB0, 0x7B, 0xB0, 0xDB, 0xB1, 0xCB, 0xB3, 0x4B, 0xBA, 0x0B,
    0xBC, 0x0B, 0xB8, 0x0B, 0x00, 0x00, 0x00, 0x0E, 0x2C, 0x00, 0x10, 0x10, 0x00, 0x00, 0x00, 0x07,
    0xFF, 0x40, 0xB9, 0x5B, 0x43, 0x80, 0x0B, 0x2C, 0x00, 0x0E, 0xE0, 0x00, 0x2F, 0x80, 0x00, 0xBE,
    0x00, 0x02, 0xF8, 0x00, 0x0B, 0xB0, 0x00, 0x39, 0xE0, 0x01, 0xC2, 0xE4, 0x2E, 0x01, 0xFF, 0xD0,
    0x00, 0x00, 0x00, 0x00, 0x00, 0x00, 0x30, 0xD0, 0x01, 0x04, 0x00, 0x00, 0x00, 0x07, 0xFD, 0x01,
    0xE0, 0xB4, 0x3C, 0x02, 0xC3, 0x80, 0x1C, 0x34, 0x01, 0xC3, 0x80, 0x1C, 0x3C, 0x02, 0xC1, 0xE0,
    0x74, 0x07, 0xFD, 0x00, 0x00, 0x00, 0x00, 0x00, 0x00, 0x1F, 0xFD, 0x02, 0xE4, 0x6D, 0x0E, 0x00,
    0x2C, 0xB0, 0x00, 0x3B, 0x80, 0x00, 0xBF, 0xAA, 0xAB, 0xFE, 0xAA, 0xAF, 0xE0, 0x00, 0x2E, 0xC0,
    0x00, 0xE7, 0x80, 0x07, 0x0B, 0x90, 0xB8, 0x07, 0xFF, 0x40, 0x00, 0x00, 0x00, 0x00, 0x00, 0x00,
    0x7F, 0xD0, 0x1E, 0x0B, 0x43, 0xC0, 0x2C, 0x38, 0x02, 0xC3, 0xFF, 0xFC, 0x38, 0x01, 0xC3, 0xC0,
    0x2C, 0x1E, 0x07, 0x40, 0x7F, 0xD0, 0x00, 0x00, 0x00, 0x00, 0x00, 0x00, 0x0E, 0x2C, 0x00, 0x10,
    0x10, 0x00, 0x00, 0x00, 0x07, 0xFF, 0x40, 0xB9, 0x1B, 0x43, 0x80, 0x0B, 0x2C, 0x00, 0x0E, 0xE0,
    0x00, 0x2F, 0xEA, 0xAA, 0xFF, 0xAA, 0xAB, 0xF8, 0x00, 0x0B, 0xB0, 0x00, 0x39, 0xE0, 0x01, 0xC2,
    0xE4, 0x2E, 0x01, 0xFF, 0xD0, 0x00, 0x00, 0x00, 0x00, 0x00, 0x00, 0x30, 0xD0, 0x01, 0x04, 0x00,
    0x00, 0x00, 0x07, 0xFD, 0x01, 0xE0, 0xB4, 0x3C, 0x02, 0xC3, 0x80, 0x2C, 0x3F, 0xFF, 0xC3, 0x80,
    0x1C, 0x3C, 0x02, 0xC1, 0xE0, 0x74, 0x07, 0xFD, 0x00, 0x00, 0x00, 0x00, 0x00, 0x00, 0xD3, 0x80,
    0x04, 0x10, 0x00, 0x00, 0x00, 0x2F, 0xF8, 0x02, 0x55, 0xF4, 0x00, 0x03, 0xC0, 0x00, 0x1D, 0x00,
    0x00, 0xE0, 0x7F, 0xFF, 0x06, 0xAA, 0xF0, 0x00, 0x0E, 0x00, 0x00, 0xD0, 0x00, 0x3C, 0x24, 0x1F,
    0x43, 0xFF, 0x80, 0x00, 0x00, 0x00, 0x00, 0x00, 0x28, 0xB0, 0x14, 0x10, 0x00, 0x00, 0x3F, 0xE0,
    0x10, 0x78, 0x00, 0x1C, 0x00, 0x1D, 0x1F, 0xFD, 0x00, 0x0D, 0x00, 0x1C, 0x10, 0x78, 0x3F, 0xE0,
    0x00, 0x00, 0x01, 0x54, 0x00, 0x1F, 0xF8, 0x00, 0x00, 0x00, 0x2C, 0x00, 0x1C, 0x34, 0x00, 0xE0,
    0xB0, 0x07, 0x00, 0xD0, 0x38, 0x02, 0xC0, 0xD0, 0x03, 0x4B, 0x00, 0x0B, 0x34, 0x00, 0x0F, 0xC0,
    0x00, 0x2E, 0x00, 0x00, 0xB0, 0x00, 0x1B, 0x40, 0x02, 0xF8, 0x00, 0x00, 0x00, 0x00, 0x05, 0x50,
    0x03, 0xFE, 0x00, 0x00, 0x03, 0x80, 0x0D, 0x70, 0x0B, 0x0D, 0x03, 0x82, 0xC1, 0xC0, 0x34, 0xB0,
    0x0E, 0x34, 0x01, 0xDC, 0x00, 0x3E, 0x00, 0x0B, 0x40, 0x02, 0xC0, 0x00, 0xE0, 0x05, 0xF0, 0x02,
    0xF0, 0x00, 0x00, 0x00, 0x00, 0x0D, 0x34, 0x00, 0x10, 0x40, 0x00, 0x00, 0x00, 0xB0, 0x00, 0x70,
    0xD0, 0x03, 0x82, 0xC0, 0x1C, 0x03, 0x40, 0xE0, 0x0B, 0x03, 0x40, 0x0D, 0x2C, 0x00, 0x2C, 0xD0,
    0x00, 0x3F, 0x00, 0x00, 0xB8, 0x00, 0x02, 0xC0, 0x00, 0x6D, 0x00, 0x0B, 0xE0, 0x00, 0x00, 0x00,
    0x00, 0x00, 0x00, 0x03, 0x4E, 0x00, 0x41, 0x00, 0x00, 0x00, 0xE0, 0x03, 0x5C, 0x02, 0xC3, 0x40,
    0xE0, 0xB0, 0x70, 0x0D, 0x2C, 0x03, 0x8D, 0x00, 0x77, 0x00, 0x0F, 0x80, 0x02, 0xD0, 0x00, 0xB0,
    0x00, 0x38, 0x01, 0x7C, 0x00, 0xBC, 0x00, 0x00, 0x00, 0x71, 0xC0, 0x03, 0x8E, 0x00, 0x18, 0x60,
    0x00, 0x00, 0x00, 0xB0, 0x00, 0x70, 0xD0, 0x03, 0x82, 0xC0, 0x1C, 0x03, 0x40, 0xE0, 0x0B, 0x03,
    0x40, 0x0D, 0x2C, 0x00, 0x2C, 0xD0, 0x00, 0x3F, 0x00, 0x00, 0xB8, 0x00, 0x02, 0xC0, 0x00, 0x6D,
    0x00, 0x0B, 0xE0, 0x00, 0x00, 0x00, 0x00, 0x01, 0x86, 0x00, 0xD3, 0x40, 0x92, 0x40, 0x00, 0x00,
    0xA0, 0x03, 0x5C, 0x02, 0xC3, 0x80, 0xE0, 0xB0, 0x70, 0x0D, 0x2C, 0x03, 0x8D, 0x00, 0x77, 0x00,
    0x0F, 0x80, 0x02, 0xD0, 0x00, 0xB0, 0x00, 0x38, 0x00, 0x6C, 0x00, 0xFC, 0x00, 0x00, 0x00, 0x00,
    0x03, 0x8A, 0x00, 0x41, 0x00, 0x00, 0x00, 0xA0, 0x03, 0xB8, 0x00, 0xEE, 0x00, 0x3B, 0x80, 0x0E,
    0xB0, 0x03, 0xAD, 0x00, 0xE3, 0xFF, 0xF8, 0x15, 0x4E, 0x00, 0x03, 0x80, 0x00, 0xE0, 0x00, 0x38,
    0x00, 0x0E, 0x00, 0x00, 0x2C, 0x70, 0x04, 0x10, 0x00, 0x00, 0xD0, 0x0D, 0xD0, 0x0D, 0xD0, 0x0D,
    0xE0, 0x0D, 0xB5, 0x6D, 0x2F, 0xED, 0x00, 0x0D, 0x00, 0x0D, 0x00, 0x0D, 0x7F, 0xFD, 0x79, 0x54,
    0x70, 0x00, 0x70, 0x00, 0x70, 0x00, 0x70, 0x00, 0x70, 0x00, 0x70, 0x00, 0x70, 0x00, 0x70, 0x00,
    0x74, 0x00, 0x7E, 0x00, 0x0E, 0x00, 0x0E, 0x00, 0x0E, 0x00, 0x00, 0x00, 0xBF, 0xFB, 0x54, 0xB0,
    0x0B, 0x00, 0xB0, 0x0B, 0x00, 0xB0, 0x0B, 0x00, 0xBC, 0x01, 0xC0, 0x1C, 0x01, 0xC0, 0x00, 0x00,
    0x00, 0x00, 0x00, 0x00, 0xC3, 0x40, 0x00, 0x41, 0x00, 0x00, 0x00, 0x00, 0x70, 0x00, 0x0D, 0x70,
    0x00, 0x0E, 0x70, 0x00, 0x0E, 0x70, 0x00, 0x0E, 0x75, 0x00, 0x0E, 0x7F, 0xF8, 0x0E, 0x70, 0x1F,
    0x0E, 0x70, 0x07, 0x0E, 0x70, 0x07, 0x0E, 0x70, 0x0B, 0x0E, 0x75, 0x6E, 0x0E, 0x7F, 0xF4, 0x0E,
    0x00, 0x00, 0x00, 0x0D, 0x38, 0x00, 0x10, 0x40, 0x00, 0x00, 0x00, 0xB0, 0x00, 0x32, 0xC0, 0x00,
    0xCB, 0x00, 0x03, 0x2E, 0xA4, 0x0C, 0xBA, 0xBC, 0x32, 0xC0, 0x70, 0xCB, 0x01, 0xC3, 0x2C, 0x1F,
    0x0C, 0xBF, 0xE0, 0x30, 0x1F, 0xFF, 0x47, 0x95, 0x41, 0xC0, 0x00, 0x70, 0x00, 0x1C, 0x00, 0x1B,
    0xA9, 0x07, 0xFF, 0x40, 0x70, 0x00, 0x1C, 0x00, 0x07, 0x00, 0x01, 0xD0, 0x00, 0x7D, 0x00, 0x03,
    0x40, 0x00, 0xD0, 0x02, 0xF0, 0x00, 0x10, 0x00, 0x2F, 0xFC, 0xB5, 0x52, 0xC0, 0x0B, 0x00, 0xFF,
    0xE0, 0xB0, 0x02, 0xC0, 0x0B, 0x00, 0x2F, 0x00, 0x0C, 0x00, 0x70, 0x0F, 0xC0, 0x04, 0x00, 0x70,
    0x01, 0xC0, 0xF0, 0x0E, 0x00, 0xD0, 0xB0, 0x01, 0xC7, 0x00, 0x03, 0xF8, 0x00, 0x03, 0xC0, 0x00,
    0x1F, 0x00, 0x00, 0xDB, 0x00, 0x0B, 0x0D, 0x00, 0x70, 0x2C, 0x03, 0x80, 0x3D, 0x2C, 0x00, 0x7C,
    0x00, 0x00, 0x30, 0x00, 0x01, 0xC0, 0x00, 0x3F, 0x00, 0x00, 0x10, 0x34, 0x0B, 0x0B, 0x07, 0x40,
    0xF3, 0x80, 0x0F, 0xC0, 0x02, 0xD0, 0x00, 0xFC, 0x00, 0xE3, 0x80, 0xB0, 0x34, 0x74, 0x07, 0xC0,
    0x00, 0x70, 0x00, 0x1C, 0x00, 0x3E, 0x00, 0x00, 0x00, 0x70, 0x01, 0xC3, 0xC0, 0x38, 0x0D, 0x0B,
    0x00, 0x71, 0xC0, 0x03, 0xB8, 0x03, 0xFF, 0xF8, 0x16, 0xF9, 0x40, 0x36, 0xC0, 0x0B, 0x0D, 0x01,
    0xC0, 0xB0, 0x38, 0x03, 0x8B, 0x00, 0x1D, 0x34, 0x0B, 0x0B, 0x07, 0x40, 0xF3, 0x80, 0x1F, 0xC0,
    0x3F, 0xFF, 0x00, 0xFC, 0x00, 0xE3, 0x80, 0xB0, 0x34, 0x74, 0x07, 0x00, 0x00, 0x01, 0x86, 0xB1,
    0x54, 0x50, 0x14, 0x05, 0x01, 0x40, 0x50, 0x14, 0x05, 0x01, 0x40, 0x50, 0x14, 0x00, 0x00, 0x00,
    0x08, 0x07, 0xA4, 0x55, 0x01, 0x40, 0x50, 0x14, 0x05, 0x01, 0x40, 0x50, 0x14, 0x05, 0x01, 0x40,
    0x50, 0x00, 0x00, 0x1F, 0xE0, 0x00, 0x00, 0x1F, 0xE0, 0x00, 0x2A, 0xAA, 0x4A, 0xAA, 0xA0, 0x00,
    0x00, 0x7F, 0xFE, 0x00, 0x00, 0x00, 0x00, 0x00, 0x00, 0x7F, 0xFF, 0xFF, 0xFF, 0x00, 0x00, 0x00,
    0x00, 0x00, 0x00, 0x00, 0x00, 0x7F, 0xFF, 0xFF, 0xFF, 0x00, 0x00, 0x00, 0x00, 0x90, 0x8D, 0x0C,
    0xD0, 0xCD, 0x0C, 0xD0, 0xCD, 0x0C, 0xD0, 0xCD, 0x0C, 0xD0, 0xCD, 0x0C, 0xD0, 0xCD, 0x0C, 0xD0,
    0xCD, 0x0C, 0xD0, 0xCD, 0x0C, 0xD0, 0xC0, 0x00, 0x2A, 0xAA, 0x2A, 0xA9, 0x15, 0x55, 0x2A, 0xAA,
    0x28, 0xD7, 0x2C, 0x00, 0x38, 0xD7, 0x28, 0x00, 0x2C, 0x38, 0x34, 0x70, 0x00, 0xB1, 0xC3, 0x4A,
    0x00, 0x28, 0x63, 0x4D, 0x71, 0xDB, 0x2C, 0x00, 0x00, 0x38, 0xE3, 0x4D, 0x71, 0xCA, 0x28, 0x00,
    0x00, 0x2C, 0xB0, 0xE3, 0x83, 0x4D, 0x1C, 0x70, 0x00, 0x00, 0xB2, 0xC7, 0x1C, 0x34, 0xD2, 0x8A,
    0x00, 0x00, 0x06, 0x00, 0x1C, 0x00, 0x70, 0x16, 0xD4, 0xFF, 0xF4, 0x18, 0x00, 0x60, 0x01, 0xC0,
    0x07, 0x00, 0x1C, 0x00, 0xB0, 0x02, 0xC0, 0x0B, 0x00, 0x06, 0x00, 0x1C, 0x00, 0x70, 0x3A, 0xE9,
    0x9B, 0x64, 0x1C, 0x00, 0xB0, 0x01, 0xC0, 0x07, 0x03, 0xFF, 0xE0, 0x70, 0x01, 0xC0, 0x0B, 0x00,
    0x00, 0x7E, 0xBF, 0xBF, 0x3D, 0x40, 0x3D, 0x0F, 0xF3, 0xF4, 0xD0, 0x00, 0x00, 0x02, 0xCF, 0x00,
    0x00, 0x02, 0xC0, 0xEB, 0x07, 0x80, 0x00, 0x00, 0x00, 0x02, 0xC1, 0xD0, 0xFB, 0x07, 0x83, 0xC0,
    0x00, 0x00, 0x02, 0xCB, 0x00, 0x00, 0x1A, 0x95, 0x01, 0x40, 0x50, 0x14, 0x05, 0x01, 0x40, 0x50,
    0x14, 0x05, 0x01, 0x40, 0x50, 0x00, 0x00, 0x00, 0x1A, 0x90, 0x14, 0x05, 0x01, 0x40, 0x50, 0x14,
    0x05, 0x01, 0x40, 0x50, 0x14, 0x05, 0x01, 0x40, 0x00, 0x55, 0xFF, 0xFF, 0xFF, 0x14, 0x14, 0x14,
    0x14, 0x14, 0x14, 0x14, 0x14, 0x14, 0x14, 0x00, 0x55, 0x80, 0x80, 0xEA, 0x14, 0x14, 0x14, 0x14,
    0x14, 0x14, 0x14, 0x14, 0x14, 0x14, 0x00, 0x55, 0x02, 0x02, 0xAB, 0x14, 0x14, 0x14, 0x14, 0x14,
    0x14, 0x14, 0x14, 0x14, 0x14, 0x00, 0x00, 0x00, 0x00, 0x00, 0x00, 0x7E, 0x00, 0xA0, 0x00, 0x03,
    0x4D, 0x03, 0x00, 0x00, 0x0C, 0x28, 0x28, 0x00, 0x00, 0x30, 0x61, 0xC0, 0x00, 0x00, 0xC2, 0x8D,
    0x10, 0x01, 0x03, 0x4A, 0x73, 0xF0, 0x7F, 0x07, 0xB3, 0x68, 0x73, 0x4A, 0x01, 0x2C, 0xD0, 0xCC,
    0x18, 0x00, 0xC3, 0x43, 0x30, 0x70, 0x0A, 0x0D, 0x1C, 0xC1, 0x80, 0x30, 0x28, 0xA3, 0x4E, 0x02,
    0x80, 0x3F, 0x03, 0xF0, 0x00, 0x00, 0x00, 0x00, 0x00, 0x00, 0x00, 0x00, 0x00, 0x00, 0x00, 0x07,
    0xE0, 0x0A, 0x00, 0x00, 0x00, 0x03, 0x8D, 0x03, 0x00, 0x00, 0x00, 0x00, 0xC2, 0x82, 0x80, 0x00,
    0x00, 0x00, 0x30, 0x70, 0xC0, 0x00, 0x00, 0x00, 0x0C, 0x2C, 0xA1, 0x00, 0x10, 0x01, 0x03, 0x4E,
    0x73, 0xF4, 0x3F, 0x47, 0xF0, 0xBF, 0x35, 0xC7, 0x28, 0x73, 0x8A, 0x05, 0x1C, 0xA0, 0xDD, 0x0C,
    0xD1, 0xC0, 0x0D, 0x28, 0x37, 0x43, 0x30, 0x70, 0x0A, 0x0A, 0x0C, 0xD0, 0xCD, 0x1C, 0x03, 0x01,
    0xC7, 0x28, 0xB3, 0x8A, 0x02, 0x80, 0x3F, 0x43, 0xF4, 0x3F, 0x00, 0x00, 0x00, 0x00, 0x00, 0x00,
    0x00, 0x07, 0x03, 0x41, 0xC0, 0xC0, 0x10, 0x00, 0x07, 0x1C, 0x0D, 0x34, 0x1C, 0x60, 0x30, 0xC0,
    0x10, 0x40, 0x07, 0x1C, 0xB0, 0x34, 0xD3, 0x41, 0xC6, 0x28, 0x0C, 0x30, 0xC0, 0x10, 0x40, 0x00,
    0x34, 0x0B, 0x00, 0xD0, 0x1C, 0x01, 0x00, 0x35, 0xC0, 0xB3, 0x40, 0xD3, 0x01, 0xC9, 0x01, 0x04,
    0x35, 0xCA, 0x02, 0xCD, 0x30, 0x0D, 0x32, 0x80, 0x72, 0x4C, 0x01, 0x04, 0x00, 0x01, 0x00, 0x1C,
    0x00, 0xD8, 0x06, 0x30, 0x30, 0x61, 0x80, 0xC0, 0x02, 0x02, 0xC1, 0xC0, 0xD0, 0x2C, 0x03, 0x80,
    0x30, 0x00, 0x20, 0x0B, 0x00, 0xE0, 0x0D, 0x0B, 0x0B, 0x03, 0x00, 0x00, 0x00, 0x00, 0x00, 0x02,
    0x00, 0xE0, 0x14, 0x1C, 0x0A, 0x07, 0x40, 0x70, 0x01, 0xD0, 0x01, 0xC0, 0x74, 0x00, 0x07, 0x1D,
    0x00, 0x34, 0x1F, 0x41, 0xC3, 0x81, 0xF0, 0x2C, 0x00, 0x75, 0xC0, 0x00, 0x1D, 0x07, 0x00, 0x07,
    0x40, 0x1C, 0x00, 0xD0, 0x90, 0x70, 0x24, 0x0F, 0x01, 0x80, 0x00, 0x00, 0x00, 0xB0, 0xB2, 0xC3,
    0xCB, 0x0B, 0x1C, 0x2C, 0x70, 0xB1, 0xC2, 0x87, 0x0A, 0x1C, 0x18, 0x10, 0x50, 0x00, 0x0B, 0x0F,
    0x2C, 0x3C, 0x00, 0x00, 0x00, 0x01, 0xBF, 0x81, 0xE3, 0x83, 0x87, 0x0E, 0x1C, 0x28, 0xD0, 0xAE,
    0x02, 0xD0, 0x0B, 0x00, 0x14, 0x00, 0x00, 0x02, 0x80, 0x0F, 0x00, 0x00, 0x00, 0x3F, 0xFF, 0xD1,
    0x55, 0x54, 0x00, 0x00, 0x12, 0x00, 0x09, 0x18, 0x02, 0x80, 0x7F, 0xD0, 0x00, 0x00, 0x00, 0xBA,
    0xE0, 0x28, 0x01, 0xC6, 0x00, 0x06, 0x00, 0x00, 0x00, 0x00, 0x20, 0x09, 0x00, 0xC0, 0x18, 0x03,
    0x00, 0x60, 0x0E, 0x00, 0xF0, 0x25, 0x83, 0x0C, 0xA0, 0x90, 0x00, 0x00, 0x60, 0x00, 0x00, 0x00,
    0x01, 0xC0, 0x00, 0x00, 0x00, 0x07, 0x00, 0x00, 0x00, 0x07, 0xEE, 0xF0, 0x00, 0x00, 0x01, 0xF9,
    0x00, 0x00, 0x00, 0x07, 0xB0, 0x00, 0x00, 0x00, 0x38, 0xE0, 0x00, 0x00, 0x00, 0x81, 0x40, 0x00,
    0x02, 0xC0, 0x00, 0x1C, 0x00, 0x0B, 0x00, 0x00, 0x30, 0x06, 0x58, 0x60, 0x24, 0xC6, 0x2F, 0xFF,
    0x81, 0xFF, 0xFC, 0x03, 0xD0, 0x00, 0x3E, 0x00, 0x39, 0xC0, 0x02, 0xCD, 0x01, 0xC3, 0x80, 0x0E,
    0x2C, 0x00, 0x00, 0x00, 0x00, 0x00, 0x00, 0x1F, 0xE0, 0x00, 0x00, 0x00, 0xC0, 0x00, 0x34, 0x00,
    0x07, 0x00, 0x00, 0xD0, 0x00, 0x28, 0x00, 0x03, 0x00, 0x00, 0xD0, 0x00, 0x1C, 0x00, 0x03, 0x00,
    0x00, 0xA0, 0x00, 0x1C, 0x00, 0x03, 0x40, 0x00, 0xBF, 0xA4, 0xA0, 0xA0, 0xA0, 0xA0, 0xA0, 0xBF,
    0xA0, 0xA0, 0xA0, 0xA0, 0xA0, 0xBA, 0x6A, 0xBF, 0x05, 0xC0, 0x70, 0x1C, 0x07, 0x01, 0xC0, 0x72,
    0xFC, 0x07, 0x01, 0xC0, 0x70, 0x1C, 0x07, 0x1A, 0xC6, 0xA0, 0x00, 0x00, 0x00, 0x07, 0xFE, 0x1F,
    0xF8, 0x64, 0x75, 0x91, 0xE0, 0x02, 0xC0, 0x0B, 0x00, 0x28, 0x00, 0xA0, 0x07, 0x40, 0x1D, 0x01,
    0xD0, 0x07, 0x40, 0x74, 0x01, 0xD0, 0x0A, 0x00, 0x28, 0x00, 0x50, 0x01, 0x40, 0x00, 0x00, 0x00,
    0x00, 0xF0, 0x03, 0xC0, 0x0F, 0x00, 0x3C, 0x00, 0x00, 0x00, 0x00, 0x00, 0x00, 0x01, 0xFF, 0x82,
    0xC6, 0x47, 0x4F, 0x00, 0x0B, 0x2C, 0x00, 0x28, 0xB0, 0x01, 0xD2, 0xC0, 0x1D, 0x0A, 0x01, 0xD0,
    0x28, 0x0A, 0x00, 0x60, 0x14, 0x01, 0x40, 0x00, 0x00, 0x03, 0xC0, 0x3C, 0x0F, 0x00, 0xF0, 0x00,
    0x00, 0x00, 0x00, 0x00, 0x0B, 0x0B, 0xF8, 0xB1, 0x91, 0xEB, 0x00, 0x0B, 0x70, 0x00, 0xB7, 0x00,
    0x0D, 0x70, 0x07, 0x87, 0x00, 0xD0, 0x70, 0x1C, 0x01, 0x01, 0x40, 0x00, 0x00, 0x0B, 0x02, 0xC0,
    0xB0, 0x3C, 0x00, 0x00, 0x00, 0x7F, 0xFF, 0x80, 0x01, 0xD0, 0x00, 0xE0, 0x00, 0x70, 0x00, 0x34,
    0x00, 0x2C, 0x00, 0x1D, 0x00, 0x0E, 0x00, 0x0B, 0x00, 0x00, 0x6A, 0xA4, 0x19, 0xFF, 0xC6, 0x3F,
    0xF9, 0x8F, 0xFE, 0x63, 0xFF, 0xD8, 0xFF, 0xE6, 0x3F, 0xF9, 0x8F, 0xFC, 0x63, 0xA4, 0x18, 0xC0,
    0x06, 0x30, 0x01, 0x8C, 0x00, 0x63, 0x00, 0x18, 0xC0, 0x06, 0x30, 0x00, 0x00, 0x00, 0x07, 0xFF,
    0xC1, 0xFF, 0x8C, 0x3F, 0xF8, 0xC3, 0xFF, 0x8C, 0x3F, 0xF8, 0xC3, 0xFF, 0x8C, 0x2F, 0xF8, 0xC0,
    0xFF, 0xFC, 0x01, 0x55, 0x40, 0xBF, 0xF8, 0x28, 0xFF, 0xC9, 0x3F, 0xFA, 0x4F, 0xFE, 0x93, 0xFF,
    0xA4, 0xFF, 0xE9, 0x3F, 0xF6, 0xFF, 0xF8, 0x15, 0x50, 0x00, 0x00, 0x80, 0x00, 0x34, 0x00, 0x0C,
    0x00, 0xFB, 0xBD, 0x06, 0xF4, 0x00, 0xDC, 0x00, 0xF2, 0xC0, 0x14, 0x20, 0x00, 0x38, 0x38, 0x00,
    0x00, 0x00, 0x00, 0x00, 0x38, 0x2C, 0x1C, 0x0D, 0x00, 0x00, 0x00, 0x00, 0xBA, 0xE0, 0x28, 0x01,
    0xC6, 0x00, 0x06, 0x00, 0x00, 0x00, 0x00, 0x00, 0x00, 0x00, 0x00, 0x00, 0x00, 0x00, 0x00, 0x00,
    0x00, 0x00, 0x00, 0x00, 0x00, 0x00, 0x00, 0x00, 0x00, 0x00, 0x00, 0x00, 0x00, 0x00, 0x12, 0x00,
    0x09, 0x18, 0x02, 0x80, 0x7F, 0xD0, 0x00, 0x80, 0x00, 0x34, 0x00, 0x0C, 0x00, 0xFB, 0xBD, 0x06,
    0xF4, 0x00, 0xDC, 0x00, 0xF2, 0xC0, 0x14, 0x20, 0x00, 0x80, 0x00, 0x34, 0x00, 0x0C, 0x00, 0xFB,
    0xBD, 0x06, 0xF4, 0x00, 0xDC, 0x00, 0xF2, 0xC0, 0x14, 0x20, 0x00, 0x02, 0xC1, 0xCB, 0x0E, 0x00,
    0x30, 0x02, 0x80, 0x0D, 0x00, 0x70, 0x02, 0x80, 0x0C, 0x00, 0xB0, 0x03, 0x40, 0x1C, 0x2C, 0xA0,
    0xF0, 0x00, 0x00, 0x00, 0x00, 0x00, 0x00, 0xBF, 0xF4, 0x00, 0xC6, 0x00, 0x7F, 0xEE, 0x00, 0x00,
    0x05, 0x40, 0x01, 0xA4, 0x00, 0xE4, 0x74, 0x30, 0x00, 0xC4, 0x00, 0x01, 0x00, 0x40, 0x00, 0x34,
    0x41, 0xCD, 0xB0, 0x1F, 0xF0, 0x6B, 0xFA, 0x85, 0xFE, 0x50, 0xAE, 0xC0, 0x73, 0x5C, 0x00, 0xD0,
    0x00, 0x00, 0x00, 0x00, 0x00, 0x00, 0x0E, 0x00, 0x0D, 0x00, 0x00, 0x00, 0x00, 0x00, 0x00, 0x38,
    0x00, 0x38, 0x00, 0x00, 0x00, 0x00, 0x00, 0x00, 0x00, 0x00, 0x09, 0x00, 0x0E, 0x00, 0x00, 0x07,
    0x2C, 0xA3, 0x43, 0x4D, 0x31, 0xC1, 0xCA, 0x24, 0xD0, 0xC3, 0x0C, 0x60, 0x10, 0x00, 0x10, 0x00,
    0x00, 0x00, 0x00, 0x00, 0x03, 0x80, 0x00, 0x00, 0xD0, 0x00, 0x00, 0x00, 0x00, 0x00, 0x00, 0x00,
    0x00, 0x00, 0x00, 0x03, 0x80, 0x00, 0x38, 0xE0, 0x00, 0x0E, 0x00, 0x00, 0x00, 0x00, 0x00, 0x00,
    0x00, 0x00, 0x00, 0x00, 0x00, 0x24, 0x00, 0x00, 0x0E, 0x00, 0x00, 0x00, 0x00, 0x00, 0x00, 0x00,
    0x00, 0x0E, 0x00, 0x00, 0xF2, 0x80, 0x00, 0x28, 0x00, 0x00, 0x00, 0x00, 0x00, 0x00, 0x00, 0x00,
    0x00, 0x00, 0x00, 0xE0, 0x00, 0x00, 0x38, 0x00, 0x00, 0x00, 0x00, 0x00, 0x00, 0x00, 0x00, 0x00,
    0x00, 0x00, 0x90, 0x00, 0x09, 0x38, 0x00, 0x03, 0x80, 0x00, 0x00, 0x00, 0x00, 0xE3, 0x80, 0x00,
    0x00, 0x00, 0x00, 0x00, 0x0E, 0x38, 0x00, 0x00, 0x10, 0x00, 0x02, 0xD0, 0x00, 0x02, 0x00, 0x00,
    0x00, 0x00, 0x00, 0x00, 0x00, 0x00, 0x00, 0x03, 0x80, 0x0F, 0x0E, 0x00, 0x2C, 0x00, 0x00, 0x00,
    0x00, 0x00, 0x00, 0x00, 0x00, 0x00, 0x1C, 0x00, 0x00, 0xB4, 0x00, 0x00, 0x00, 0x00, 0x00, 0x00,
    0x00, 0x00, 0x03, 0x40, 0x00, 0xA0, 0xD1, 0xC0, 0x3C, 0x34, 0xB4, 0x00, 0x0D, 0x00, 0x00, 0x03,
    0x40, 0x02, 0xAA, 0xEA, 0xA4, 0xAA, 0xBE, 0xA9, 0x00, 0x0D, 0x00, 0x00, 0x03, 0x40, 0x00, 0xF0,
    0xD2, 0xC0, 0x38, 0x34, 0xB0, 0x00, 0x0D, 0x00, 0x00, 0x01, 0x00, 0x00, 0x63, 0xC6, 0x00, 0x01,
    0x8F, 0x04, 0x00, 0x0B, 0x2C, 0x00, 0x02, 0xCB, 0x00, 0x63, 0xC1, 0x04, 0xF1, 0xC0, 0x2C, 0xB0,
    0x00, 0x55, 0x14, 0x14, 0xAA, 0x14, 0x14, 0x14, 0x14, 0x14, 0x14, 0x14, 0x14, 0x14, 0x14, 0x00,
    0x55, 0x82, 0x82, 0xEB, 0x14, 0x14, 0x14, 0x14, 0x14, 0x14, 0x14, 0x14, 0x14, 0x14, 0x00, 0x55,
    0x7D, 0x3C, 0x14, 0x14, 0x14, 0x14, 0x14, 0x14, 0x14, 0x14, 0x14, 0x14, 0x14, 0x00, 0x00, 0x28,
    0x3C, 0xBE, 0x14, 0x14, 0x14, 0x14, 0x14, 0x14, 0x14, 0x14, 0x14, 0x14, 0x00, 0x00, 0x28, 0x96,
    0x28, 0x14, 0x14, 0x14, 0x14, 0x14, 0x14, 0x14, 0x14, 0x14, 0x14, 0x00, 0x50, 0x14, 0x14, 0xAA,
    0x14, 0x14, 0x14, 0x14, 0x14, 0x14, 0x14, 0x14, 0x14, 0x14, 0x00, 0x00, 0x03, 0xF8, 0x70, 0xCA,
    0x0D, 0xA0, 0x9A, 0x0D, 0x70, 0xC2, 0xF8, 0x00, 0x00, 0x03, 0x03, 0x33, 0x33, 0x00, 0x00, 0x00,
    0x38, 0x0B, 0x81, 0xA8, 0x32, 0x8B, 0xBD, 0x57, 0xD0, 0x28, 0x00, 0x00, 0x00, 0x03, 0xFC, 0x30,
    0x07, 0x50, 0x2B, 0xC0, 0x0D, 0x00, 0xC7, 0xF8, 0x00, 0x00, 0x00, 0x01, 0xFC, 0x30, 0x0A, 0x60,
    0xB5, 0xCA, 0x0A, 0x70, 0xD2, 0xFC, 0x00, 0x00, 0x00, 0x07, 0xFD, 0x00, 0xC0, 0x28, 0x03, 0x00,
    0xA0, 0x0D, 0x01, 0xC0, 0x00, 0x00, 0x00, 0x03, 0xF8, 0x70, 0xC3, 0x5C, 0x2F, 0x47, 0x0D, 0xA0,
    0xD3, 0xFC, 0x00, 0x00, 0x00, 0x03, 0xF8, 0xA0, 0xD9, 0x09, 0x76, 0xD1, 0x59, 0x00, 0xC3, 0xF4,
    0x00, 0x00, 0x00, 0x00, 0x90, 0x1E, 0x42, 0xE8, 0x09, 0x00, 0x00, 0x15, 0x42, 0xA8, 0x15, 0x42,
    0xA8, 0x15, 0x41, 0x54, 0x00, 0xC6, 0x34, 0xC3, 0x0C, 0x24, 0x70, 0x90, 0x01, 0x83, 0x0A, 0x18,
    0x61, 0x89, 0x31, 0x40, 0x00, 0x03, 0xAD, 0x30, 0x33, 0x03, 0x30, 0x33, 0x03, 0x00, 0x00, 0x00,
    0x03, 0xF8, 0x70, 0xCA, 0x0D, 0xA0, 0x9A, 0x0D, 0x70, 0xC2, 0xF8, 0x00, 0x00, 0x00, 0x0F, 0x37,
    0x03, 0x03, 0x03, 0x03, 0x03, 0x00, 0x00, 0x03, 0xF8, 0x00, 0xC0, 0x0C, 0x03, 0x40, 0xD0, 0x34,
    0x0B, 0xFC, 0x00, 0x00, 0x00, 0x07, 0xF8, 0x00, 0xC0, 0x1C, 0x2F, 0x40, 0x0D, 0x00, 0xDB, 0xF8,
    0x00, 0x00, 0x00, 0x00, 0x38, 0x0B, 0x81, 0xA8, 0x32, 0x8B, 0xBD, 0x57, 0xD0, 0x28, 0x00, 0x00,
    0x00, 0x03, 0xFC, 0x30, 0x07, 0x50, 0x2B, 0xC0, 0x0D, 0x00, 0xC7, 0xF8, 0x00, 0x00, 0x00, 0x01,
    0xFC, 0x30, 0x0A, 0x60, 0xB5, 0xCA, 0x0A, 0x70, 0xD2, 0xFC, 0x00, 0x00, 0x00, 0x07, 0xFD, 0x00,
    0xC0, 0x28, 0x03, 0x00, 0xA0, 0x0D, 0x01, 0xC0, 0x00, 0x00, 0x00, 0x03, 0xF8, 0x70, 0xC3, 0x5C,
    0x2F, 0x47, 0x0D, 0xA0, 0xD3, 0xFC, 0x00, 0x00, 0x00, 0x03, 0xF8, 0xA0, 0xD9, 0x09, 0x76, 0xD1,
    0x59, 0x00, 0xC3, 0xF4, 0x00, 0x00, 0x00, 0x00, 0x90, 0x1E, 0x42, 0xE8, 0x09, 0x00, 0x00, 0x15,
    0x42, 0xA8, 0x15, 0x42, 0xA8, 0x15, 0x41, 0x54, 0x00, 0xC6, 0x34, 0xC3, 0x0C, 0x24, 0x70, 0x90,
    0x01, 0x83, 0x0A, 0x18, 0x61, 0x89, 0x31, 0x40, 0x1A, 0x40, 0x0C, 0x1A, 0xC7, 0x0C, 0x61, 0xC2,
    0x94, 0x1B, 0x83, 0x09, 0x7A, 0xE6, 0x00, 0x34, 0x00, 0xA8, 0x1B, 0x83, 0x06, 0x60, 0x36, 0x03,
    0x30, 0xA0, 0xA4, 0x60, 0x82, 0x64, 0x0E, 0x00, 0xF0, 0x31, 0x85, 0x04, 0x2E, 0x40, 0x0C, 0x15,
    0x97, 0x5D, 0x30, 0xC1, 0xA0, 0x30, 0x03, 0x00, 0x3A, 0x83, 0x06, 0x30, 0x33, 0x03, 0x30, 0x32,
    0x01, 0x30, 0x03, 0x00, 0x30, 0x83, 0x34, 0x3D, 0x03, 0x70, 0x31, 0xC2, 0x05, 0x33, 0x33, 0x33,
    0x32, 0x2B, 0x8B, 0x83, 0x0B, 0x0C, 0x30, 0x60, 0x93, 0x06, 0x09, 0x30, 0x60, 0x92, 0x01, 0x04,
    0x2A, 0xC3, 0x06, 0x30, 0x33, 0x03, 0x30, 0x32, 0x01, 0x2B, 0x80, 0xC1, 0xC3, 0x03, 0x0C, 0x0C,
    0x34, 0x60, 0xDA, 0x03, 0x00, 0x0C, 0x00, 0x2B, 0x58, 0x03, 0x90, 0x09, 0x01, 0x8A, 0x80, 0x20,
    0x79, 0x30, 0x30, 0x30, 0x30, 0x19, 0x00, 0x00, 0x02, 0xFC, 0x02, 0xC1, 0x00, 0xD0, 0x00, 0x70,
    0x15, 0x5C, 0x1F, 0xE7, 0x07, 0x00, 0xE1, 0xC0, 0x0F, 0xFF, 0x80, 0x2C, 0x00, 0x07, 0x00, 0x01,
    0xC0, 0x00, 0x7F, 0xC0, 0x00, 0x21, 0x40, 0x07, 0x30, 0x02, 0xFF, 0xC0, 0xFD, 0x34, 0x2C, 0xC6,
    0x03, 0x8C, 0x90, 0x35, 0xCC, 0x03, 0x58, 0xC0, 0x36, 0x5C, 0x03, 0xF1, 0x80, 0x1F, 0x24, 0x00,
    0xBF, 0xFC, 0x06, 0x75, 0x00, 0x97, 0x00, 0x00, 0x00, 0x00, 0x7F, 0xE0, 0xB8, 0x14, 0x74, 0x00,
    0x2C, 0x00, 0x0E, 0x00, 0x53, 0x47, 0xF8, 0xD1, 0xD0, 0x38, 0x70, 0x0F, 0x1C, 0x01, 0xC7, 0x00,
    0x3E, 0xC4, 0x02, 0xFF, 0x40, 0x00, 0x00, 0x0F, 0xFF, 0x83, 0xD5, 0x50, 0xE0, 0x00, 0x38, 0x00,
    0x0E, 0x00, 0x03, 0xD5, 0x40, 0xFF, 0xF4, 0x38, 0x00, 0x1E, 0x50, 0x0F, 0xFC, 0x00, 0xE0, 0x00,
    0x38, 0x00, 0x00, 0x00, 0x00, 0x7F, 0xC0, 0x78, 0x60, 0x2C, 0x00, 0x0E, 0x00, 0x07, 0xD5, 0x07,
    0xFF, 0xC0, 0x38, 0x00, 0x7F, 0xFC, 0x03, 0x80, 0x00, 0xD0, 0x00, 0xB5, 0x55, 0x7F, 0xFF, 0xC0,
    0x00, 0x00, 0x00, 0x00, 0x00, 0x0A, 0x00, 0x00, 0x00, 0xC0, 0x0A, 0x7F, 0xAF, 0xF4, 0xBC, 0x2F,
    0x83, 0xCB, 0x00, 0xF0, 0x1C, 0xB0, 0x0E, 0x00, 0xCB, 0x01, 0xE0, 0x0C, 0xB0, 0x3E, 0x00, 0xCB,
    0x07, 0xE0, 0x0C, 0xB0, 0xDE, 0x00, 0xCB, 0x0C, 0xE0, 0x0C, 0x02, 0x40, 0x00, 0x00, 0x30, 0x00,
    0x00, 0x1D, 0x03, 0x02, 0xE0, 0x70, 0x2F, 0x07, 0x02, 0xB8, 0x70, 0xBF, 0xFF, 0xD2, 0xDE, 0x74,
    0x6D, 0xEB, 0x4B, 0xEF, 0xF9, 0x2C, 0x3B, 0x02, 0xC2, 0xF0, 0x2C, 0x0F, 0x02, 0xC0, 0xF0, 0xBF,
    0x80, 0x00, 0xB6, 0xF0, 0x00, 0xA0, 0x38, 0x00, 0xA0, 0x38, 0x40, 0xA0, 0x38, 0xD0, 0xA0, 0xB7,
    0xFC, 0xBF, 0xD1, 0xD0, 0xB5, 0x00, 0xD0, 0xA0, 0x00, 0xD0, 0xA0, 0x00, 0xD0, 0xA0, 0x00, 0xE0,
    0xA0, 0x00, 0xBD, 0x00, 0x00, 0x00, 0xBF, 0x80, 0x00, 0x2D, 0x7C, 0x00, 0x0B, 0x03, 0x40, 0x02,
    0xC0, 0xD3, 0xFC, 0xB0, 0x36, 0xC1, 0x2C, 0x7C, 0xB0, 0x0B, 0xFC, 0x1E, 0x02, 0xCB, 0x01, 0xF4,
    0xB0, 0xD0, 0x0F, 0x2C, 0x2C, 0x00, 0xCB, 0x03, 0x50, 0xB2, 0xC0, 0xFB, 0xF4, 0x00, 0x00, 0x00,
    0x00, 0xA0, 0x34, 0x19, 0xC1, 0xE0, 0xA7, 0x0A, 0xC3, 0x4C, 0x37, 0x0D, 0x34, 0xCC, 0x31, 0xFB,
    0xBA, 0xE7, 0xED, 0xFB, 0x47, 0x61, 0xA8, 0x0E, 0x43, 0x90, 0x3D, 0x0F, 0x40, 0xF0, 0x3C, 0x02,
    0xC0, 0xB0, 0xBF, 0xE4, 0x1E, 0xD5, 0xB0, 0x7B, 0x00, 0xE1, 0xEC, 0x62, 0xC7, 0xB2, 0xCB, 0x1E,
    0xCB, 0x2C, 0x7B, 0x2C, 0xB1, 0xEC, 0xB2, 0xC7, 0xB2, 0xCB, 0x1E, 0xCB, 0x00, 0xBB, 0x2C, 0x0B,
    0x6C, 0xBF, 0xF4, 0x00, 0x01, 0x80, 0x00, 0x0B, 0x00, 0x0F, 0xFF, 0x00, 0x00, 0xB0, 0x07, 0xFA,
    0xC0, 0x78, 0x6F, 0x03, 0xC0, 0x3C, 0x0E, 0x00, 0xB0, 0x34, 0x02, 0xC0, 0xE0, 0x0B, 0x03, 0xC0,
    0x3C, 0x07, 0x42, 0xF0, 0x0B, 0xF9, 0xC0, 0x00, 0x00, 0x00, 0xAA, 0xA8, 0x02, 0xAA, 0xA0, 0x00,
    0x00, 0x00, 0x0B, 0xF8, 0x03, 0xD5, 0x80, 0xB0, 0x00, 0x0D, 0x00, 0x06, 0xEA, 0x80, 0x6E, 0xA8,
    0x02, 0xC0, 0x00, 0xBF, 0xF8, 0x00, 0xD0, 0x00, 0x0F, 0x00, 0x00, 0x3D, 0x14, 0x01, 0xFF, 0xC0,
    0x00, 0x00, 0x1C, 0x02, 0xC1, 0xC0, 0x70, 0x1C, 0x0D, 0x01, 0xC3, 0x80, 0x1C, 0xF0, 0x0B, 0xFF,
    0xA4, 0x6F, 0xF5, 0x01, 0xC3, 0x40, 0x1C, 0x2C, 0x01, 0xC0, 0xE0, 0x1C, 0x03, 0x41, 0xC0, 0x1C,
    0xBF, 0xFF, 0xC5, 0x5E, 0x54, 0x00, 0xE0, 0x00, 0x0E, 0xB0, 0x00, 0xFC, 0x00, 0x2E, 0x00, 0x0E,
    0xEB, 0x00, 0x4F, 0x80, 0x02, 0xE0, 0x00, 0xEE, 0x00, 0x04, 0xE0, 0x00, 0x0E, 0x00, 0x00, 0x00,
    0x00, 0x00, 0x7F, 0xF8, 0x00, 0x00, 0x24, 0x5F, 0x00, 0x00, 0x02, 0x03, 0x80, 0x00, 0x07, 0x01,
    0xC0, 0x00, 0x0B, 0x00, 0xD0, 0x00, 0x0E, 0x00, 0xD0, 0x00, 0x0D, 0x01, 0xC0, 0x50, 0x1C, 0x02,
    0xC7, 0xBC, 0x1C, 0x03, 0x8E, 0x0E, 0x28, 0x0F, 0x0C, 0x0E, 0x39, 0xBC, 0x1D, 0x2C, 0x3F, 0xD0,
    0x2F, 0xF4, 0x00, 0x00, 0x38, 0x00, 0x00, 0x00, 0x34, 0x00, 0x00, 0x00, 0x70, 0x00, 0x00, 0x00,
    0x70, 0x00, 0x00, 0x00, 0x00, 0x1F, 0xC0, 0x0E, 0x34, 0x03, 0x4E, 0x00, 0xD3, 0x40, 0x28, 0xC0,
    0x07, 0x70, 0x00, 0xF4, 0x00, 0x3C, 0x03, 0x0F, 0x01, 0xEE, 0xE0, 0xDF, 0x1C, 0xB1, 0x43, 0x40,
    0x00, 0xE0, 0x00, 0x38, 0x00, 0x1D, 0x00, 0x3E, 0x00, 0x1F, 0xF4, 0x01, 0xD6, 0xE0, 0x6E, 0xAF,
    0x86, 0xD5, 0x78, 0x1C, 0x07, 0x4B, 0xFF, 0xFD, 0x1C, 0x1E, 0x01, 0xFF, 0x80, 0x1C, 0x00, 0x01,
    0xC0, 0x00, 0x1C, 0x00, 0x01, 0xC0, 0x00, 0x00, 0x20, 0x00, 0x2F, 0xFD, 0x1F, 0x75, 0x93, 0xC3,
    0x40, 0xB0, 0x34, 0x0F, 0x03, 0x40, 0xE0, 0x35, 0x5E, 0x03, 0xFF, 0xE0, 0x34, 0xBB, 0x03, 0x4B,
    0x38, 0x34, 0xB2, 0xF7, 0x5B, 0x07, 0xFF, 0xE0, 0x03, 0x40, 0x00, 0x10, 0x00, 0x00, 0xF0, 0x00,
    0x03, 0xD0, 0x00, 0x2F, 0x80, 0x00, 0xE7, 0x00, 0x5B, 0xAE, 0x52, 0xBE, 0xBE, 0x80, 0xE0, 0x70,
    0x3F, 0xFF, 0xFC, 0x3C, 0x02, 0xC0, 0xD0, 0x07, 0x07, 0x00, 0x0E, 0x3C, 0x00, 0x2C, 0x00, 0x00,
    0x07, 0xFF, 0x01, 0x95, 0xF0, 0x00, 0x1D, 0x00, 0x07, 0x3F, 0xFF, 0xF0, 0x1B, 0x80, 0x7E, 0x40,
    0xBF, 0xFF, 0xCD, 0x00, 0x03, 0x40, 0x00, 0xF4, 0x18, 0x0B, 0xFF, 0x00, 0x00, 0x00, 0x00, 0x20,
    0x00, 0x2F, 0xF8, 0x1F, 0x76, 0x83, 0x83, 0x00, 0xB0, 0x30, 0x0F, 0x03, 0x00, 0xE0, 0x30, 0x0E,
    0x03, 0x00, 0xE0, 0x30, 0x0B, 0x03, 0x00, 0x78, 0x30, 0x02, 0xE7, 0x14, 0x07, 0xFF, 0x40, 0x03,
    0x00, 0x00, 0x10, 0x00, 0x0C, 0x0C, 0x00, 0xC0, 0xC0, 0x7F, 0xFF, 0xE2, 0xD6, 0xD0, 0x1C, 0x1C,
    0x01, 0xC1, 0xC0, 0x1C, 0x1C, 0x01, 0xC1, 0xC0, 0x1C, 0x1C, 0x01, 0xC1, 0xD0, 0x1C, 0x0B, 0xF0,
    0x00, 0x00, 0x00, 0x00, 0x00, 0x00, 0x1F, 0xF8, 0x00, 0xB4, 0x58, 0x00, 0xE0, 0x00, 0x00, 0xE0,
    0x00, 0x00, 0xB4, 0x00, 0x00, 0x3F, 0x40, 0x00, 0x06, 0xF4, 0x00, 0x00, 0x3C, 0x76, 0xDB, 0x0D,
    0x9C, 0x71, 0x8C, 0x3C, 0x21, 0xAC, 0x0F, 0xFF, 0xE0, 0x0C, 0x31, 0x80, 0x00, 0x00, 0x00, 0xBF,
    0xFF, 0x95, 0x55, 0x51, 0x55, 0x52, 0xFF, 0xFF, 0x00, 0xD0, 0x00, 0x34, 0x00, 0x0D, 0x00, 0x03,
    0x40, 0x00, 0xD0, 0x00, 0x34, 0x00, 0x0D, 0x00, 0x03, 0x40, 0xBF, 0xFC, 0x0B, 0x80, 0x02, 0xC0,
    0xBF, 0xFC, 0x02, 0xC0, 0x1B, 0x40, 0xB9, 0x00, 0x34, 0x00, 0x2C, 0x00, 0x0E, 0x00, 0x07, 0x40,
    0x03, 0xC0, 0x0D, 0x00, 0x00, 0xE0, 0x40, 0x0F, 0xB8, 0x06, 0xF4, 0x00, 0x5E, 0x6C, 0x01, 0xF9,
    0x00, 0xBE, 0x01, 0xC0, 0xE0, 0x2C, 0x0E, 0x03, 0x80, 0xE0, 0x74, 0x0E, 0x6E, 0x00, 0xFF, 0x40,
    0x00, 0x00, 0x00, 0x00, 0x00, 0x00, 0x0F, 0x80, 0x00, 0x09, 0x34, 0x00, 0x02, 0x8A, 0x00, 0x00,
    0x7F, 0xFF, 0xF8, 0x01, 0xB5, 0x56, 0xC0, 0x28, 0x00, 0x28, 0x0A, 0x32, 0x46, 0x01, 0xFB, 0xFA,
    0x40, 0xB0, 0x42, 0x80, 0xBD, 0x00, 0x00, 0x02, 0xD0, 0x40, 0x00, 0x1F, 0xF0, 0x00, 0x00, 0x00,
    0x00, 0x00, 0x0D, 0x00, 0x00, 0x03, 0x40, 0x00, 0x00, 0xD0, 0x00, 0x00, 0x78, 0x00, 0x03, 0xFF,
    0xF4, 0x03, 0xC3, 0x4B, 0x42, 0xC0, 0xD0, 0xB0, 0xE0, 0x34, 0x1C, 0x38, 0x0D, 0x03, 0x4D, 0x01,
    0x00, 0xD3, 0x40, 0x00, 0x34, 0xD0, 0x00, 0x0D, 0x1F, 0xF9, 0x01, 0xD5, 0xF4, 0x1C, 0x03, 0xC1,
    0xC0, 0x2C, 0x1C, 0x02, 0xC1, 0xD0, 0xB4, 0xFF, 0xFD, 0x02, 0xD0, 0x00, 0x6D, 0x50, 0x0B, 0xFA,
    0x00, 0x1C, 0x00, 0x01, 0xC0, 0x00, 0x00, 0x88, 0x00, 0x0B, 0xB8, 0x00, 0xFD, 0xFC, 0x0E, 0x73,
    0x7C, 0xB1, 0xCC, 0x37, 0xC7, 0x30, 0xEE, 0x1C, 0xC2, 0xF8, 0x00, 0x00, 0xB0, 0x00, 0x01, 0xC0,
    0x00, 0x03, 0xC0, 0x00, 0x03, 0xD5, 0x54, 0x3F, 0xFF, 0xF0, 0x08, 0x50, 0x0C, 0x90, 0x7F, 0xF0,
    0x75, 0x7C, 0x70, 0x0E, 0x70, 0x0E, 0x70, 0x1C, 0x7F, 0xF4, 0x75, 0x7C, 0x70, 0x0F, 0x70, 0x0B,
    0x70, 0x0F, 0x75, 0x6D, 0x7F, 0xF4, 0x0C, 0x90, 0x08, 0x50, 0x00, 0x00, 0x07, 0xFC, 0x1E, 0x14,
    0x38, 0x00, 0x34, 0x00, 0x34, 0x00, 0x34, 0x00, 0x38, 0x00, 0x1E, 0x04, 0x07, 0xFC, 0x00, 0x00,
    0x2A, 0xA8, 0x15, 0x54, 0x15, 0x55, 0x4A, 0xAA, 0x90, 0x00, 0x00, 0x40, 0x00, 0x00, 0x03, 0xD0,
    0x00, 0x00, 0x0F, 0xF4, 0x00, 0x00, 0x3E, 0xAD, 0x00, 0x00, 0xF0, 0x07, 0x40, 0x03, 0xF6, 0xC3,
    0xE0, 0x0F, 0xFF, 0xC3, 0xF8, 0x3F, 0xFF, 0x47, 0xFE, 0x2F, 0xFD, 0x2F, 0xFD, 0x0B, 0xFC, 0x3F,
    0xF4, 0x02, 0xFF, 0xFF, 0xD0, 0x00, 0xBD, 0x3F, 0x40, 0x00, 0x2C, 0x3D, 0x00, 0x00, 0x0B, 0xF4,
    0x00, 0x00, 0x02, 0xD0, 0x00, 0x00, 0x00, 0x40, 0x00,
};

static const EpdGlyph notosans_8_regularGlyphs[] = {
    { 0, 0, 0, 0, 0, 0, 0 }, //  
    { 0, 0, 4, 0, 0, 0, 0 }, // 
    { 0, 0, 4, 0, 0, 0, 0 }, //  
    { 3, 13, 4, 1, 12, 10, 0 }, // !
    { 5, 5, 7, 1, 12, 7, 10 }, // "
    { 11, 12, 11, 0, 12, 33, 17 }, // #
    { 8, 14, 10, 1, 13, 28, 50 }, // $
    { 14, 14, 14, 0, 13, 49, 78 }, // %
    { 13, 14, 12, 0, 13, 46, 127 }, // &
    { 2, 5, 4, 1, 12, 3, 173 }, // '
    { 5, 15, 5, 0, 12, 19, 176 }, // (
    { 5, 15, 5, 0, 12, 19, 195 }, // )
    { 9, 8, 9, 0, 13, 18, 214 }, // *
    { 9, 9, 10, 0, 10, 21, 232 }, // +
    { 4, 5, 4, 0, 2, 5, 253 }, // ,
    { 5, 3, 5, 0, 6, 4, 258 }, // -
    { 3, 4, 4, 1, 3, 3, 262 }, // .
    { 7, 12, 6, 0, 12, 21, 265 }, // /
    { 9, 14, 10, 0, 13, 32, 286 }, // 0
    { 5, 12, 10, 1, 12, 15, 318 }, // 1
    { 9, 13, 10, 0, 13, 30, 333 }, // 2
    { 9, 14, 10, 0, 13, 32, 363 }, // 3
    { 10, 12, 10, 0, 12, 30, 395 }, // 4
    { 8, 13, 10, 1, 12, 26, 425 }, // 5
    { 9, 14, 10, 0, 13, 32, 451 }, // 6
    { 9, 12, 10, 0, 12, 27, 483 }, // 7
    { 9, 14, 10, 0, 13, 32, 510 }, // 8
    { 9, 14, 10, 0, 13, 32, 542 }, // 9
    { 3, 11, 4, 1, 10, 9, 574 }, // :
    { 4, 13, 4, 0, 10, 13, 583 }, // ;
    { 9, 10, 10, 0, 11, 23, 596 }, // <
    { 9, 6, 10, 0, 9, 14, 619 }, // =
    { 9, 10, 10, 0, 11, 23, 633 }, // >
    { 7, 14, 7, 0, 13, 25, 656 }, // ?
    { 15, 14, 15, 0, 12, 53, 681 }, // @
    { 11, 12, 11, 0, 12, 33, 734 }, // A
    { 9, 12, 11, 1, 12, 27, 767 }, // B
    { 10, 14, 11, 1, 13, 35, 794 }, // C
    { 11, 12, 12, 1, 12, 33, 829 }, // D
    { 8, 12, 9, 1, 12, 24, 862 }, // E
    { 8, 12, 9, 1, 12, 24, 886 }, // F
    { 10, 14, 12, 1, 13, 35, 910 }, // G
    { 10, 12, 12, 1, 12, 30, 945 }, // H
    { 5, 12, 6, 0, 12, 15, 975 }, // I
    { 6, 16, 5, -2, 12, 24, 990 }, // J
    { 10, 12, 10, 1, 12, 30, 1014 }, // K
    { 8, 12, 9, 1, 12, 24, 1044 }, // L
    { 13, 12, 15, 1, 12, 39, 1068 }, // M
    { 11, 12, 13, 1, 12, 33, 1107 }, // N
    { 11, 14, 13, 1, 13, 39, 1140 }, // O
    { 9, 12, 10, 1, 12, 27, 1179 }, // P
    { 11, 16, 13, 1, 13, 44, 1206 }, // Q
    { 10, 12, 10, 1, 12, 30, 1250 }, // R
    { 9, 14, 9, 0, 13, 32, 1280 }, // S
    { 10, 12, 9, 0, 12, 30, 1312 }, // T
    { 10, 13, 12, 1, 12, 33, 1342 }, // U
    { 10, 12, 10, 0, 12, 30, 1375 }, // V
    { 16, 12, 16, 0, 12, 48, 1405 }, // W
    { 10, 12, 10, 0, 12, 30, 1453 }, // X
    { 10, 12, 9, 0, 12, 30, 1483 }, // Y
    { 9, 12, 10, 0, 12, 27, 1513 }, // Z
    { 5, 15, 5, 1, 12, 19, 1540 }, // [
    { 7, 12, 6, 0, 12, 21, 1559 }, // <backslash>
    { 5, 15, 5, 0, 12, 19, 1580 }, // ]
    { 9, 8, 10, 0, 12, 18, 1599 }, // ^
    { 9, 2, 7, -1, -1, 5, 1617 }, // _
    { 5, 3, 5, 0, 13, 4, 1622 }, // `
    { 8, 11, 9, 0, 10, 22, 1626 }, // a
    { 9, 14, 10, 1, 13, 32, 1648 }, // b
    { 8, 11, 8, 0, 10, 22, 1680 }, // c
    { 9, 14, 10, 0, 13, 32, 1702 }, // d
    { 9, 11, 9, 0, 10, 25, 1734 }, // e
    { 7, 13, 6, 0, 13, 23, 1759 }, // f
    { 9, 14, 10, 0, 10, 32, 1782 }, // g
    { 8, 13, 10, 1, 13, 26, 1814 }, // h
    { 3, 13, 4, 1, 13, 10, 1840 }, // i
    { 5, 17, 4, -1, 13, 22, 1850 }, // j
    { 8, 13, 9, 1, 13, 26, 1872 }, // k
    { 2, 13, 4, 1, 13, 7, 1898 }, // l
    { 14, 10, 16, 1, 10, 35, 1905 }, // m
    { 8, 10, 10, 1, 10, 20, 1940 }, // n
    { 10, 11, 10, 0, 10, 28, 1960 }, // o
    { 9, 14, 10, 1, 10, 32, 1988 }, // p
    { 9, 14, 10, 0, 10, 32, 2020 }, // q
    { 6, 10, 7, 1, 10, 15, 2052 }, // r
    { 8, 11, 8, 0, 10, 22, 2067 }, // s
    { 6, 12, 6, 0, 11, 18, 2089 }, // t
    { 8, 10, 10, 1, 9, 20, 2107 }, // u
    { 9, 9, 8, 0, 9, 21, 2127 }, // v
    { 13, 9, 13, 0, 9, 30, 2148 }, // w
    { 9, 9, 9, 0, 9, 21, 2178 }, // x
    { 9, 13, 9, 0, 9, 30, 2199 }, // y
    { 8, 9, 8, 0, 9, 18, 2229 }, // z
    { 6, 15, 6, 0, 12, 23, 2247 }, // {
    { 3, 18, 9, 3, 13, 14, 2270 }, // |
    { 6, 15, 6, 0, 12, 23, 2284 }, // }
    { 9, 3, 10, 0, 7, 7, 2307 }, // ~
    { 0, 0, 4, 0, 0, 0, 2314 }, //  
    { 3, 14, 4, 1, 10, 11, 2314 }, // ¡
    { 8, 14, 10, 1, 13, 28, 2325 }, // ¢
    { 9, 13, 10, 0, 13, 30, 2353 }, // £
    { 9, 8, 10, 0, 10, 18, 2383 }, // ¤
    { 10, 12, 10, 0, 12, 30, 2401 }, // ¥
    { 3, 18, 9, 3, 13, 14, 2431 }, // ¦
    { 8, 14, 9, 0, 13, 28, 2445 }, // §
    { 6, 3, 10, 2, 13, 5, 2473 }, // ¨
    { 14, 14, 14, 0, 13, 49, 2478 }, // ©
    { 6, 7, 6, 0, 13, 11, 2527 }, // ª
    { 8, 8, 8, 0, 8, 16, 2538 }, // «
    { 9, 5, 10, 0, 7, 12, 2554 }, // ¬
    { 5, 3, 5, 0, 6, 4, 2566 }, // ­
    { 14, 14, 14, 0, 13, 49, 2570 }, // ®
    { 10, 2, 8, -1, 14, 5, 2619 }, // ¯
    { 7, 7, 7, 0, 13, 13, 2624 }, // °
    { 9, 10, 10, 0, 10, 23, 2637 }, // ±
    { 6, 9, 6, 0, 15, 14, 2660 }, // ²
    { 6, 9, 6, 0, 15, 14, 2674 }, // ³
    { 5, 3, 5, 0, 13, 4, 2688 }, // ´
    { 8, 13, 10, 1, 9, 26, 2692 }, // µ
    { 10, 16, 11, 0, 13, 40, 2718 }, // ¶
    { 3, 4, 4, 1, 8, 3, 2758 }, // ·
    { 4, 4, 4, 0, 0, 4, 2761 }, // ¸
    { 4, 9, 6, 0, 15, 9, 2765 }, // ¹
    { 6, 7, 6, 0, 13, 11, 2774 }, // º
    { 8, 8, 8, 0, 8, 16, 2785 }, // »
    { 13, 12, 12, 0, 12, 39, 2801 }, // ¼
    { 13, 12, 13, 0, 12, 39, 2840 }, // ½
    { 13, 13, 13, 0, 13, 43, 2879 }, // ¾
    { 7, 14, 7, 0, 10, 25, 2922 }, // ¿
    { 11, 16, 11, 0, 16, 44, 2947 }, // À
    { 11, 16, 11, 0, 16, 44, 2991 }, // Á
    { 11, 16, 11, 0, 16, 44, 3035 }, // Â
    { 11, 16, 11, 0, 16, 44, 3079 }, // Ã
    { 11, 16, 11, 0, 16, 44, 3123 }, // Ä
    { 11, 15, 11, 0, 15, 42, 3167 }, // Å
    { 15, 12, 15, -1, 12, 45, 3209 }, // Æ
    { 10, 17, 11, 1, 13, 43, 3254 }, // Ç
    { 8, 16, 9, 1, 16, 32, 3297 }, // È
    { 8, 16, 9, 1, 16, 32, 3329 }, // É
    { 8, 16, 9, 1, 16, 32, 3361 }, // Ê
    { 8, 16, 9, 1, 16, 32, 3393 }, // Ë
    { 5, 16, 6, 0, 16, 20, 3425 }, // Ì
    { 6, 16, 6, 0, 16, 24, 3445 }, // Í
    { 6, 16, 6, 0, 16, 24, 3469 }, // Î
    { 6, 16, 6, 0, 16, 24, 3493 }, // Ï
    { 12, 12, 12, 0, 12, 36, 3517 }, // Ð
    { 11, 16, 13, 1, 16, 44, 3553 }, // Ñ
    { 11, 17, 13, 1, 16, 47, 3597 }, // Ò
    { 11, 17, 13, 1, 16, 47, 3644 }, // Ó
    { 11, 17, 13, 1, 16, 47, 3691 }, // Ô
    { 11, 17, 13, 1, 16, 47, 3738 }, // Õ
    { 11, 17, 13, 1, 16, 47, 3785 }, // Ö
    { 8, 8, 10, 1, 10, 16, 3832 }, // ×
    { 11, 14, 13, 1, 13, 39, 3848 }, // Ø
    { 10, 17, 12, 1, 16, 43, 3887 }, // Ù
    { 10, 17, 12, 1, 16, 43, 3930 }, // Ú
    { 10, 17, 12, 1, 16, 43, 3973 }, // Û
    { 10, 17, 12, 1, 16, 43, 4016 }, // Ü
    { 10, 16, 9, 0, 16, 40, 4059 }, // Ý
    { 9, 12, 10, 1, 12, 27, 4099 }, // Þ
    { 9, 14, 11, 1, 13, 32, 4126 }, // ß
    { 8, 14, 9, 0, 13, 28, 4158 }, // à
    { 8, 14, 9, 0, 13, 28, 4186 }, // á
    { 8, 14, 9, 0, 13, 28, 4214 }, // â
    { 8, 14, 9, 0, 13, 28, 4242 }, // ã
    { 8, 14, 9, 0, 13, 28, 4270 }, // ä
    { 8, 15, 9, 0, 14, 30, 4298 }, // å
    { 14, 11, 14, 0, 10, 39, 4328 }, // æ
    { 8, 14, 8, 0, 10, 28, 4367 }, // ç
    { 9, 14, 9, 0, 13, 32, 4395 }, // è
    { 9, 14, 9, 0, 13, 32, 4427 }, // é
    { 9, 14, 9, 0, 13, 32, 4459 }, // ê
    { 9, 14, 9, 0, 13, 32, 4491 }, // ë
    { 5, 13, 4, -1, 13, 17, 4523 }, // ì
    { 4, 13, 4, 1, 13, 13, 4540 }, // í
    { 6, 13, 4, -1, 13, 20, 4553 }, // î
    { 6, 13, 4, -1, 13, 20, 4573 }, // ï
    { 10, 14, 10, 0, 13, 35, 4593 }, // ð
    { 8, 13, 10, 1, 13, 26, 4628 }, // ñ
    { 10, 14, 10, 0, 13, 35, 4654 }, // ò
    { 10, 14, 10, 0, 13, 35, 4689 }, // ó
    { 10, 14, 10, 0, 13, 35, 4724 }, // ô
    { 10, 14, 10, 0, 13, 35, 4759 }, // õ
    { 10, 14, 10, 0, 13, 35, 4794 }, // ö
    { 9, 8, 10, 0, 10, 18, 4829 }, // ÷
    { 10, 11, 10, 0, 10, 28, 4847 }, // ø
    { 8, 14, 10, 1, 13, 28, 4875 }, // ù
    { 8, 14, 10, 1, 13, 28, 4903 }, // ú
    { 8, 14, 10, 1, 13, 28, 4931 }, // û
    { 8, 14, 10, 1, 13, 28, 4959 }, // ü
    { 9, 17, 9, 0, 13, 39, 4987 }, // ý
    { 9, 17, 10, 1, 13, 39, 5026 }, // þ
    { 9, 17, 9, 0, 13, 39, 5065 }, // ÿ
    { 11, 15, 11, 0, 15, 42, 5104 }, // Ā
    { 8, 13, 9, 0, 12, 26, 5146 }, // ā
    { 11, 16, 11, 0, 16, 44, 5172 }, // Ă
    { 8, 14, 9, 0, 13, 28, 5216 }, // ă
    { 11, 16, 11, 0, 12, 44, 5244 }, // Ą
    { 9, 14, 9, 0, 10, 32, 5288 }, // ą
    { 10, 17, 11, 1, 16, 43, 5320 }, // Ć
    { 8, 14, 8, 0, 13, 28, 5363 }, // ć
    { 10, 17, 11, 1, 16, 43, 5391 }, // Ĉ
    { 8, 14, 8, 0, 13, 28, 5434 }, // ĉ
    { 10, 17, 11, 1, 16, 43, 5462 }, // Ċ
    { 8, 14, 8, 0, 13, 28, 5505 }, // ċ
    { 10, 17, 11, 1, 16, 43, 5533 }, // Č
    { 8, 14, 8, 0, 13, 28, 5576 }, // č
    { 11, 16, 12, 1, 16, 44, 5604 }, // Ď
    { 12, 14, 10, 0, 13, 42, 5648 }, // ď
    { 12, 12, 12, 0, 12, 36, 5690 }, // Đ
    { 11, 14, 10, 0, 13, 39, 5726 }, // đ
    { 8, 15, 9, 1, 15, 30, 5765 }, // Ē
    { 9, 13, 9, 0, 12, 30, 5795 }, // ē
    { 8, 16, 9, 1, 16, 32, 5825 }, // Ĕ
    { 9, 14, 9, 0, 13, 32, 5857 }, // ĕ
    { 8, 16, 9, 1, 16, 32, 5889 }, // Ė
    { 9, 14, 9, 0, 13, 32, 5921 }, // ė
    { 8, 16, 9, 1, 12, 32, 5953 }, // Ę
    { 9, 14, 9, 0, 10, 32, 5985 }, // ę
    { 8, 16, 9, 1, 16, 32, 6017 }, // Ě
    { 9, 14, 9, 0, 13, 32, 6049 }, // ě
    { 10, 17, 12, 1, 16, 43, 6081 }, // Ĝ
    { 9, 17, 10, 0, 13, 39, 6124 }, // ĝ
    { 10, 17, 12, 1, 16, 43, 6163 }, // Ğ
    { 9, 17, 10, 0, 13, 39, 6206 }, // ğ
    { 10, 17, 12, 1, 16, 43, 6245 }, // Ġ
    { 9, 17, 10, 0, 13, 39, 6288 }, // ġ
    { 10, 17, 12, 1, 13, 43, 6327 }, // Ģ
    { 9, 17, 10, 0, 13, 39, 6370 }, // ģ
    { 10, 16, 12, 1, 16, 40, 6409 }, // Ĥ
    { 10, 17, 10, -1, 17, 43, 6449 }, // ĥ
    { 13, 12, 12, 0, 12, 39, 6492 }, // Ħ
    { 9, 13, 10, 0, 13, 30, 6531 }, // ħ
    { 7, 16, 6, -1, 16, 28, 6561 }, // Ĩ
    { 7, 13, 4, -1, 13, 23, 6589 }, // ĩ
    { 6, 15, 6, 0, 15, 23, 6612 }, // Ī
    { 6, 12, 4, -1, 12, 18, 6635 }, // ī
    { 6, 16, 6, 0, 16, 24, 6653 }, // Ĭ
    { 6, 13, 4, -1, 13, 20, 6677 }, // ĭ
    { 5, 16, 6, 0, 12, 20, 6697 }, // Į
    { 4, 17, 4, 0, 13, 17, 6717 }, // į
    { 5, 16, 6, 0, 16, 20, 6734 }, // İ
    { 2, 9, 4, 1, 9, 5, 6754 }, // ı
    { 9, 16, 10, 0, 12, 36, 6759 }, // Ĳ
    { 7, 17, 9, 1, 13, 30, 6795 }, // ĳ
    { 8, 20, 5, -2, 16, 40, 6825 }, // Ĵ
    { 6, 17, 4, -1, 13, 26, 6865 }, // ĵ
    { 10, 16, 10, 1, 12, 40, 6891 }, // Ķ
    { 8, 17, 9, 1, 13, 34, 6931 }, // ķ
    { 8, 9, 9, 1, 9, 18, 6965 }, // ĸ
    { 8, 16, 9, 1, 16, 32, 6983 }, // Ĺ
    { 4, 17, 4, 1, 17, 17, 7015 }, // ĺ
    { 8, 16, 9, 1, 12, 32, 7032 }, // Ļ
    { 3, 17, 4, 1, 13, 13, 7064 }, // ļ
    { 8, 12, 9, 1, 12, 24, 7077 }, // Ľ
    { 5, 13, 4, 1, 13, 17, 7101 }, // ľ
    { 8, 12, 9, 1, 12, 24, 7118 }, // Ŀ
    { 5, 13, 4, 1, 13, 17, 7142 }, // ŀ
    { 9, 12, 9, 0, 12, 27, 7159 }, // Ł
    { 6, 13, 4, -1, 13, 20, 7186 }, // ł
    { 11, 16, 13, 1, 16, 44, 7206 }, // Ń
    { 8, 13, 10, 1, 13, 26, 7250 }, // ń
    { 11, 16, 13, 1, 12, 44, 7276 }, // Ņ
    { 8, 14, 10, 1, 10, 28, 7320 }, // ņ
    { 11, 16, 13, 1, 16, 44, 7348 }, // Ň
    { 8, 13, 10, 1, 13, 26, 7392 }, // ň
    { 11, 12, 11, 0, 12, 33, 7418 }, // ŉ
    { 11, 16, 13, 1, 12, 44, 7451 }, // Ŋ
    { 8, 14, 10, 1, 10, 28, 7495 }, // ŋ
    { 11, 16, 13, 1, 15, 44, 7523 }, // Ō
    { 10, 13, 10, 0, 12, 33, 7567 }, // ō
    { 11, 17, 13, 1, 16, 47, 7600 }, // Ŏ
    { 10, 14, 10, 0, 13, 35, 7647 }, // ŏ
    { 11, 17, 13, 1, 16, 47, 7682 }, // Ő
    { 10, 14, 10, 0, 13, 35, 7729 }, // ő
    { 14, 14, 15, 1, 13, 49, 7764 }, // Œ
    { 15, 11, 16, 0, 10, 42, 7813 }, // œ
    { 10, 16, 10, 1, 16, 40, 7855 }, // Ŕ
    { 6, 13, 7, 1, 13, 20, 7895 }, // ŕ
    { 10, 16, 10, 1, 12, 40, 7915 }, // Ŗ
    { 6, 14, 7, 1, 10, 21, 7955 }, // ŗ
    { 10, 16, 10, 1, 16, 40, 7976 }, // Ř
    { 6, 13, 7, 1, 13, 20, 8016 }, // ř
    { 9, 17, 9, 0, 16, 39, 8036 }, // Ś
    { 8, 14, 8, 0, 13, 28, 8075 }, // ś
    { 9, 17, 9, 0, 16, 39, 8103 }, // Ŝ
    { 8, 14, 8, 0, 13, 28, 8142 }, // ŝ
    { 9, 17, 9, 0, 13, 39, 8170 }, // Ş
    { 8, 14, 8, 0, 10, 28, 8209 }, // ş
    { 9, 17, 9, 0, 16, 39, 8237 }, // Š
    { 8, 14, 8, 0, 13, 28, 8276 }, // š
    { 10, 16, 9, 0, 12, 40, 8304 }, // Ţ
    { 6, 15, 6, 0, 11, 23, 8344 }, // ţ
    { 10, 16, 9, 0, 16, 40, 8367 }, // Ť
    { 8, 14, 6, 0, 13, 28, 8407 }, // ť
    { 10, 12, 9, 0, 12, 30, 8435 }, // Ŧ
    { 6, 12, 6, 0, 11, 18, 8465 }, // ŧ
    { 10, 17, 12, 1, 16, 43, 8483 }, // Ũ
    { 8, 14, 10, 1, 13, 28, 8526 }, // ũ
    { 10, 16, 12, 1, 15, 40, 8554 }, // Ū
    { 8, 13, 10, 1, 12, 26, 8594 }, // ū
    { 10, 17, 12, 1, 16, 43, 8620 }, // Ŭ
    { 8, 14, 10, 1, 13, 28, 8663 }, // ŭ
    { 10, 18, 12, 1, 17, 45, 8691 }, // Ů
    { 8, 15, 10, 1, 14, 30, 8736 }, // ů
    { 10, 17, 12, 1, 16, 43, 8766 }, // Ű
    { 8, 14, 10, 1, 13, 28, 8809 }, // ű
    { 10, 16, 12, 1, 12, 40, 8837 }, // Ų
    { 9, 13, 10, 1, 9, 30, 8877 }, // ų
    { 16, 16, 16, 0, 16, 64, 8907 }, // Ŵ
    { 13, 13, 13, 0, 13, 43, 8971 }, // ŵ
    { 10, 16, 9, 0, 16, 40, 9014 }, // Ŷ
    { 9, 17, 9, 0, 13, 39, 9054 }, // ŷ
    { 10, 16, 9, 0, 16, 40, 9093 }, // Ÿ
    { 9, 16, 10, 0, 16, 36, 9133 }, // Ź
    { 8, 13, 8, 0, 13, 26, 9169 }, // ź
    { 9, 16, 10, 0, 16, 36, 9195 }, // Ż
    { 8, 13, 8, 0, 13, 26, 9231 }, // ż
    { 9, 16, 10, 0, 16, 36, 9257 }, // Ž
    { 8, 13, 8, 0, 13, 26, 9293 }, // ž
    { 6, 13, 5, 1, 13, 20, 9319 }, // ſ
    { 5, 3, 0, -9, 13, 4, 9339 }, // ̀
    { 4, 3, 0, -6, 13, 3, 9343 }, // ́
    { 6, 3, 0, -3, 13, 5, 9346 }, // ̂
    { 7, 3, 0, -9, 13, 6, 9351 }, // ̃
    { 6, 2, 0, -3, 12, 3, 9357 }, // ̄
    { 8, 3, 0, -4, 15, 6, 9360 }, // ̅
    { 6, 3, 0, -3, 13, 5, 9366 }, // ̆
    { 2, 3, 0, -1, 13, 2, 9371 }, // ̇
    { 6, 3, 0, -3, 13, 5, 9373 }, // ̈
    { 4, 5, 0, -7, 14, 5, 9378 }, // ̉
    { 4, 4, 0, -2, 14, 4, 9383 }, // ̊
    { 7, 3, 0, -3, 13, 6, 9387 }, // ̋
    { 6, 3, 0, -3, 13, 5, 9393 }, // ̌
    { 2, 4, 0, -1, 13, 2, 9398 }, // ̍
    { 4, 4, 0, -2, 13, 4, 9400 }, // ̎
    { 7, 3, 0, -9, 13, 6, 9404 }, // ̏
    { 6, 5, 0, -3, 15, 8, 9410 }, // ̐
    { 6, 3, 0, -3, 13, 5, 9418 }, // ̑
    { 4, 5, 0, -2, 12, 5, 9423 }, // ̒
    { 4, 5, 0, -2, 12, 5, 9428 }, // ̓
    { 4, 5, 0, -2, 12, 5, 9433 }, // ̔
    { 4, 5, 0, -2, 12, 5, 9438 }, // ̕
    { 4, 3, 0, -2, 0, 3, 9443 }, // ̖
    { 4, 3, 0, -2, 0, 3, 9446 }, // ̗
    { 4, 4, 0, -2, 0, 4, 9449 }, // ̘
    { 4, 4, 0, -2, 0, 4, 9453 }, // ̙
    { 5, 5, 5, 0, 13, 7, 9457 }, // ̚
    { 4, 4, 0, -2, 13, 4, 9464 }, // ̛
    { 2, 4, 0, -1, 0, 2, 9468 }, // ̜
    { 4, 4, 0, -2, 0, 4, 9470 }, // ̝
    { 4, 4, 0, -2, 0, 4, 9474 }, // ̞
    { 4, 4, 0, -2, 0, 4, 9478 }, // ̟
    { 4, 2, 0, -2, -1, 2, 9482 }, // ̠
    { 3, 5, 0, -3, 1, 4, 9484 }, // ̡
    { 3, 5, 0, 0, 1, 4, 9488 }, // ̢
    { 2, 2, 0, -6, -1, 1, 9492 }, // ̣
    { 6, 3, 0, -3, 0, 5, 9493 }, // ̤
    { 4, 4, 0, -2, 0, 4, 9498 }, // ̥
    { 4, 3, 0, -2, -1, 3, 9502 }, // ̦
    { 4, 4, 0, -2, 0, 4, 9505 }, // ̧
    { 4, 5, 0, -2, 1, 5, 9509 }, // ̨
    { 2, 4, 0, -1, 0, 2, 9514 }, // ̩
    { 6, 4, 0, -3, 0, 6, 9516 }, // ̪
    { 8, 2, 0, -4, -1, 4, 9522 }, // ̫
    { 6, 3, 0, -3, 0, 5, 9526 }, // ̬
    { 6, 3, 0, -3, 0, 5, 9531 }, // ̭
    { 6, 3, 0, -3, 0, 5, 9536 }, // ̮
    { 6, 3, 0, -3, 0, 5, 9541 }, // ̯
    { 8, 3, 0, -4, 0, 6, 9546 }, // ̰
    { 6, 2, 0, -3, -1, 3, 9552 }, // ̱
    { 8, 2, 0, -4, -1, 4, 9555 }, // ̲
    { 8, 4, 0, -4, 0, 8, 9559 }, // ̳
    { 7, 3, 0, -3, 6, 6, 9567 }, // ̴
    { 8, 3, 0, -4, 6, 6, 9573 }, // ̵
    { 12, 2, 0, -6, 6, 6, 9579 }, // ̶
    { 6, 4, 0, -3, 7, 6, 9585 }, // ̷
    { 8, 14, 0, -4, 13, 28, 9591 }, // ̸
    { 2, 4, 0, -1, 0, 2, 9619 }, // ̹
    { 6, 4, 0, -3, 0, 6, 9621 }, // ̺
    { 8, 4, 0, -4, 0, 8, 9627 }, // ̻
    { 8, 2, 0, -4, -1, 4, 9635 }, // ̼
    { 4, 4, 0, -2, 13, 4, 9639 }, // ̽
    { 4, 6, 0, -2, 15, 6, 9643 }, // ̾
    { 8, 4, 0, -4, 16, 8, 9649 }, // ̿
    { 4, 3, 0, -3, 13, 3, 9657 }, // ̀
    { 4, 3, 0, -1, 13, 3, 9660 }, // ́
    { 8, 3, 0, -4, 13, 6, 9663 }, // ͂
    { 4, 3, 0, -2, 13, 3, 9669 }, // ̓
    { 7, 3, 0, -3, 13, 6, 9672 }, // ̈́
    { 3, 3, 0, -1, -1, 3, 9678 }, // ͅ
    { 8, 4, 0, -4, 13, 8, 9681 }, // ͆
    { 8, 4, 0, -4, 0, 8, 9689 }, // ͇
    { 4, 4, 0, -2, 0, 4, 9697 }, // ͈
    { 4, 3, 0, -2, -1, 3, 9701 }, // ͉
    { 8, 4, 0, -4, 13, 8, 9704 }, // ͊
    { 8, 7, 0, -4, 16, 14, 9712 }, // ͋
    { 6, 5, 0, -3, 15, 8, 9726 }, // ͌
    { 6, 4, 0, -3, 0, 6, 9734 }, // ͍
    { 4, 4, 0, -2, 0, 4, 9740 }, // ͎
    { 12, 12, 0, -6, 12, 36, 9744 }, // ͏
    { 4, 5, 0, -2, 14, 5, 9780 }, // ͐
    { 3, 5, 0, -1, 14, 4, 9785 }, // ͑
    { 6, 4, 0, -3, 14, 6, 9789 }, // ͒
    { 4, 4, 0, -2, 0, 4, 9795 }, // ͓
    { 4, 4, 0, -2, 0, 4, 9799 }, // ͔
    { 4, 4, 0, -2, 0, 4, 9803 }, // ͕
    { 8, 4, 0, -4, 0, 8, 9807 }, // ͖
    { 3, 5, 0, -1, 14, 4, 9815 }, // ͗
    { 2, 3, 0, 2, 13, 2, 9819 }, // ͘
    { 4, 4, 0, -2, 0, 4, 9821 }, // ͙
    { 8, 4, 0, -4, 0, 8, 9825 }, // ͚
    { 4, 5, 0, -2, 14, 5, 9833 }, // ͛
    { 14, 4, 0, -7, 0, 14, 9838 }, // ͜
    { 14, 4, 0, -7, 14, 14, 9852 }, // ͝
    { 10, 2, 0, -5, 12, 5, 9866 }, // ͞
    { 10, 2, 0, -5, 0, 5, 9871 }, // ͟
    { 14, 3, 0, -7, 13, 11, 9876 }, // ͠
    { 14, 5, 0, -7, 15, 18, 9887 }, // ͡
    { 14, 4, 0, -7, 0, 14, 9905 }, // ͢
    { 4, 4, 0, -2, 14, 4, 9919 }, // ͣ
    { 4, 4, 0, -2, 14, 4, 9923 }, // ͤ
    { 2, 6, 0, -1, 16, 3, 9927 }, // ͥ
    { 5, 4, 0, -2, 14, 5, 9930 }, // ͦ
    { 4, 4, 0, -2, 14, 4, 9935 }, // ͧ
    { 4, 4, 0, -2, 14, 4, 9939 }, // ͨ
    { 4, 6, 0, -2, 16, 6, 9943 }, // ͩ
    { 4, 6, 0, -2, 16, 6, 9949 }, // ͪ
    { 7, 4, 0, -3, 14, 7, 9955 }, // ͫ
    { 3, 4, 0, -1, 14, 3, 9962 }, // ͬ
    { 4, 5, 0, -2, 15, 5, 9965 }, // ͭ
    { 5, 4, 0, -2, 14, 5, 9970 }, // ͮ
    { 5, 4, 0, -2, 14, 5, 9975 }, // ͯ
    { 8, 16, 9, 1, 16, 32, 9980 }, // Ѐ
    { 8, 16, 9, 1, 16, 32, 10012 }, // Ё
    { 12, 13, 12, 0, 12, 39, 10044 }, // Ђ
    { 8, 16, 8, 1, 16, 32, 10083 }, // Ѓ
    { 9, 14, 11, 1, 13, 32, 10115 }, // Є
    { 9, 14, 9, 0, 13, 32, 10147 }, // Ѕ
    { 3, 12, 5, 1, 12, 9, 10179 }, // І
    { 5, 16, 5, 0, 16, 20, 10188 }, // Ї
    { 6, 16, 5, -2, 12, 24, 10208 }, // Ј
    { 16, 13, 17, 0, 12, 52, 10232 }, // Љ
    { 16, 12, 17, 1, 12, 48, 10284 }, // Њ
    { 11, 12, 12, 0, 12, 33, 10332 }, // Ћ
    { 10, 16, 10, 1, 16, 40, 10365 }, // Ќ
    { 10, 16, 13, 1, 16, 40, 10405 }, // Ѝ
    { 11, 17, 10, 0, 16, 47, 10445 }, // Ў
    { 10, 15, 12, 1, 12, 38, 10492 }, // Џ
    { 11, 12, 11, 0, 12, 33, 10530 }, // А
    { 9, 12, 10, 1, 12, 27, 10563 }, // Б
    { 9, 12, 11, 1, 12, 27, 10590 }, // В
    { 8, 12, 8, 1, 12, 24, 10617 }, // Г
    { 12, 15, 12, 0, 12, 45, 10641 }, // Д
    { 8, 12, 9, 1, 12, 24, 10686 }, // Е
    { 16, 12, 15, 0, 12, 48, 10710 }, // Ж
    { 9, 14, 10, 0, 13, 32, 10758 }, // З
    { 10, 12, 13, 1, 12, 30, 10790 }, // И
    { 10, 16, 13, 1, 16, 40, 10820 }, // Й
    { 10, 12, 10, 1, 12, 30, 10860 }, // К
    { 11, 13, 12, 0, 12, 36, 10890 }, // Л
    { 13, 12, 15, 1, 12, 39, 10926 }, // М
    { 10, 12, 12, 1, 12, 30, 10965 }, // Н
    { 11, 14, 13, 1, 13, 39, 10995 }, // О
    { 10, 12, 12, 1, 12, 30, 11034 }, // П
    { 9, 12, 10, 1, 12, 27, 11064 }, // Р
    { 9, 14, 11, 1, 13, 32, 11091 }, // С
    { 10, 12, 9, 0, 12, 30, 11123 }, // Т
    { 11, 13, 10, 0, 12, 36, 11153 }, // У
    { 13, 14, 14, 0, 13, 46, 11189 }, // Ф
    { 10, 12, 10, 0, 12, 30, 11235 }, // Х
    { 12, 15, 12, 1, 12, 45, 11265 }, // Ц
    { 9, 12, 11, 1, 12, 27, 11310 }, // Ч
    { 15, 12, 17, 1, 12, 45, 11337 }, // Ш
    { 16, 15, 17, 1, 12, 60, 11382 }, // Щ
    { 11, 12, 11, 0, 12, 33, 11442 }, // Ъ
    { 12, 12, 14, 1, 12, 36, 11475 }, // Ы
    { 9, 12, 10, 1, 12, 27, 11511 }, // Ь
    { 10, 14, 11, 0, 13, 35, 11538 }, // Э
    { 15, 14, 17, 1, 13, 53, 11573 }, // Ю
    { 10, 12, 11, 0, 12, 30, 11626 }, // Я
    { 8, 11, 9, 0, 10, 22, 11656 }, // а
    { 10, 14, 10, 0, 13, 35, 11678 }, // б
    { 8, 9, 9, 1, 9, 18, 11713 }, // в
    { 6, 9, 7, 1, 9, 14, 11731 }, // г
    { 10, 12, 10, 0, 9, 30, 11745 }, // д
    { 9, 11, 9, 0, 10, 25, 11775 }, // е
    { 13, 9, 13, 0, 9, 30, 11800 }, // ж
    { 8, 11, 8, 0, 10, 22, 11830 }, // з
    { 8, 9, 10, 1, 9, 18, 11852 }, // и
    { 8, 13, 10, 1, 13, 26, 11870 }, // й
    { 8, 9, 9, 1, 9, 18, 11896 }, // к
    { 9, 10, 10, 0, 9, 23, 11914 }, // л
    { 11, 9, 13, 1, 9, 25, 11937 }, // м
    { 8, 9, 10, 1, 9, 18, 11962 }, // н
    { 10, 11, 10, 0, 10, 28, 11980 }, // о
    { 8, 9, 10, 1, 9, 18, 12008 }, // п
    { 9, 14, 10, 1, 10, 32, 12026 }, // р
    { 8, 11, 8, 0, 10, 22, 12058 }, // с
    { 8, 9, 8, 0, 9, 18, 12080 }, // т
    { 9, 13, 8, 0, 9, 30, 12098 }, // у
    { 12, 17, 12, 0, 13, 51, 12128 }, // ф
    { 9, 9, 9, 0, 9, 21, 12179 }, // х
    { 10, 12, 10, 1, 9, 30, 12200 }, // ц
    { 8, 9, 10, 1, 9, 18, 12230 }, // ч
    { 13, 9, 15, 1, 9, 30, 12248 }, // ш
    { 14, 12, 15, 1, 9, 42, 12278 }, // щ
    { 10, 9, 10, 0, 9, 23, 12320 }, // ъ
    { 11, 9, 13, 1, 9, 25, 12343 }, // ы
    { 8, 9, 9, 1, 9, 18, 12368 }, // ь
    { 8, 11, 8, 0, 10, 22, 12386 }, // э
    { 12, 11, 13, 1, 10, 33, 12408 }, // ю
    { 9, 9, 10, 0, 9, 21, 12441 }, // я
    { 9, 14, 9, 0, 13, 32, 12462 }, // ѐ
    { 9, 14, 9, 0, 13, 32, 12494 }, // ё
    { 9, 17, 10, 0, 13, 39, 12526 }, // ђ
    { 6, 13, 7, 1, 13, 20, 12565 }, // ѓ
    { 8, 11, 8, 0, 10, 22, 12585 }, // є
    { 8, 11, 8, 0, 10, 22, 12607 }, // ѕ
    { 3, 13, 4, 1, 13, 10, 12629 }, // і
    { 4, 13, 4, 0, 13, 13, 12639 }, // ї
    { 5, 17, 4, -1, 13, 22, 12652 }, // ј
    { 14, 10, 14, 0, 9, 35, 12674 }, // љ
    { 14, 9, 15, 1, 9, 32, 12709 }, // њ
    { 9, 13, 10, 0, 13, 30, 12741 }, // ћ
    { 8, 13, 9, 1, 13, 26, 12771 }, // ќ
    { 8, 13, 10, 1, 13, 26, 12797 }, // ѝ
    { 9, 17, 8, 0, 13, 39, 12823 }, // ў
    { 8, 12, 10, 1, 9, 24, 12862 }, // џ
    { 15, 13, 15, 0, 12, 49, 12886 }, // Ѡ
    { 13, 9, 13, 0, 9, 30, 12935 }, // ѡ
    { 11, 12, 11, 0, 12, 33, 12965 }, // Ѣ
    { 10, 11, 11, 0, 11, 28, 12998 }, // ѣ
    { 14, 14, 15, 1, 13, 49, 13026 }, // Ѥ
    { 11, 11, 12, 1, 10, 31, 13075 }, // ѥ
    { 12, 12, 11, 0, 12, 36, 13106 }, // Ѧ
    { 10, 9, 10, 0, 9, 23, 13142 }, // ѧ
    { 15, 12, 15, 1, 12, 45, 13165 }, // Ѩ
    { 12, 9, 13, 1, 9, 27, 13210 }, // ѩ
    { 12, 12, 12, 0, 12, 36, 13237 }, // Ѫ
    { 11, 9, 11, 0, 9, 25, 13273 }, // ѫ
    { 16, 12, 16, 1, 12, 48, 13298 }, // Ѭ
    { 14, 9, 14, 1, 9, 32, 13346 }, // ѭ
    { 9, 19, 10, 0, 15, 43, 13378 }, // Ѯ
    { 8, 16, 8, 0, 12, 32, 13421 }, // ѯ
    { 12, 12, 13, 1, 12, 36, 13453 }, // Ѱ
    { 11, 17, 13, 1, 13, 47, 13489 }, // ѱ
    { 11, 14, 13, 1, 13, 39, 13536 }, // Ѳ
    { 10, 11, 10, 0, 10, 28, 13575 }, // ѳ
    { 12, 12, 11, 0, 12, 36, 13603 }, // Ѵ
    { 9, 10, 9, 0, 10, 23, 13639 }, // ѵ
    { 12, 16, 11, 0, 16, 48, 13662 }, // Ѷ
    { 9, 13, 9, 0, 13, 30, 13710 }, // ѷ
    { 20, 17, 20, 1, 13, 85, 13740 }, // Ѹ
    { 19, 14, 18, 0, 10, 67, 13825 }, // ѹ
    { 12, 14, 14, 1, 13, 42, 13892 }, // Ѻ
    { 11, 11, 11, 0, 10, 31, 13934 }, // ѻ
    { 16, 19, 17, 1, 18, 76, 13965 }, // Ѽ
    { 15, 16, 15, 0, 15, 60, 14041 }, // ѽ
    { 15, 16, 15, 0, 15, 60, 14101 }, // Ѿ
    { 13, 12, 13, 0, 12, 39, 14161 }, // ѿ
    { 10, 17, 11, 1, 13, 43, 14200 }, // Ҁ
    { 8, 14, 8, 0, 10, 28, 14243 }, // ҁ
    { 10, 12, 10, 0, 11, 30, 14271 }, // ҂
    { 7, 3, 0, -8, 12, 6, 14301 }, // ҃
    { 7, 3, 0, -8, 13, 6, 14307 }, // ҄
    { 3, 3, 0, -6, 13, 3, 14313 }, // ҅
    { 3, 3, 0, -6, 13, 3, 14316 }, // ҆
    { 7, 3, 0, -4, 15, 6, 14319 }, // ҇
    { 20, 19, 0, -10, 14, 95, 14325 }, // ҈
    { 20, 19, 0, -10, 14, 95, 14420 }, // ҉
    { 12, 20, 13, 1, 16, 60, 14515 }, // Ҋ
    { 10, 17, 11, 1, 13, 43, 14575 }, // ҋ
    { 10, 12, 10, 0, 12, 30, 14618 }, // Ҍ
    { 10, 13, 10, 0, 13, 33, 14648 }, // ҍ
    { 9, 12, 10, 1, 12, 27, 14681 }, // Ҏ
    { 9, 14, 10, 1, 10, 32, 14708 }, // ҏ
    { 8, 15, 9, 1, 15, 30, 14740 }, // Ґ
    { 6, 12, 7, 1, 12, 18, 14770 }, // ґ
    { 9, 12, 9, 0, 12, 27, 14788 }, // Ғ
    { 7, 9, 7, 0, 9, 16, 14815 }, // ғ
    { 10, 17, 11, 1, 12, 43, 14831 }, // Ҕ
    { 8, 14, 9, 1, 9, 28, 14874 }, // ҕ
    { 15, 16, 15, 0, 12, 60, 14902 }, // Җ
    { 13, 13, 13, 0, 9, 43, 14962 }, // җ
    { 9, 17, 10, 0, 13, 39, 15005 }, // Ҙ
    { 8, 14, 8, 0, 10, 28, 15044 }, // ҙ
    { 10, 16, 11, 1, 12, 40, 15072 }, // Қ
    { 9, 13, 9, 1, 9, 30, 15112 }, // қ
    { 10, 12, 10, 1, 12, 30, 15142 }, // Ҝ
    { 8, 9, 9, 1, 9, 18, 15172 }, // ҝ
    { 11, 12, 10, 0, 12, 33, 15190 }, // Ҟ
    { 9, 13, 9, 0, 13, 30, 15223 }, // ҟ
    { 12, 12, 12, 0, 12, 36, 15253 }, // Ҡ
    { 11, 9, 10, 0, 9, 25, 15289 }, // ҡ
    { 12, 16, 13, 1, 12, 48, 15314 }, // Ң
    { 10, 13, 11, 1, 9, 33, 15362 }, // ң
    { 13, 12, 14, 1, 12, 39, 15395 }, // Ҥ
    { 12, 9, 12, 1, 9, 27, 15434 }, // ҥ
    { 16, 17, 18, 1, 12, 68, 15461 }, // Ҧ
    { 13, 14, 14, 1, 9, 46, 15529 }, // ҧ
    { 12, 14, 13, 1, 13, 42, 15575 }, // Ҩ
    { 11, 11, 11, 0, 10, 31, 15617 }, // ҩ
    { 10, 17, 11, 1, 13, 43, 15648 }, // Ҫ
    { 8, 14, 8, 0, 10, 28, 15691 }, // ҫ
    { 10, 16, 9, 0, 12, 40, 15719 }, // Ҭ
    { 8, 13, 8, 0, 9, 26, 15759 }, // ҭ
    { 10, 12, 9, 0, 12, 30, 15785 }, // Ү
    { 9, 13, 8, 0, 9, 30, 15815 }, // ү
    { 10, 12, 9, 0, 12, 30, 15845 }, // Ұ
    { 9, 13, 8, 0, 9, 30, 15875 }, // ұ
    { 11, 16, 11, 0, 12, 44, 15905 }, // Ҳ
    { 9, 13, 9, 0, 9, 30, 15949 }, // ҳ
    { 14, 16, 14, 0, 12, 56, 15979 }, // Ҵ
    { 12, 13, 12, 0, 9, 39, 16035 }, // ҵ
    { 11, 16, 12, 1, 12, 44, 16074 }, // Ҷ
    { 10, 13, 10, 1, 9, 33, 16118 }, // ҷ
    { 10, 12, 12, 1, 12, 30, 16151 }, // Ҹ
    { 8, 9, 10, 1, 9, 18, 16181 }, // ҹ
    { 10, 12, 12, 1, 12, 30, 16199 }, // Һ
    { 8, 13, 10, 1, 13, 26, 16229 }, // һ
    { 14, 14, 14, 0, 13, 49, 16255 }, // Ҽ
    { 11, 11, 11, 0, 10, 31, 16304 }, // ҽ
    { 14, 17, 14, 0, 13, 60, 16335 }, // Ҿ
    { 11, 14, 11, 0, 10, 39, 16395 }, // ҿ
    { 5, 12, 6, 0, 12, 15, 16434 }, // Ӏ
    { 16, 16, 15, 0, 16, 64, 16449 }, // Ӂ
    { 13, 13, 13, 0, 13, 43, 16513 }, // ӂ
    { 10, 17, 12, 1, 12, 43, 16556 }, // Ӄ
    { 8, 14, 9, 1, 9, 28, 16599 }, // ӄ
    { 12, 16, 12, 0, 12, 48, 16627 }, // Ӆ
    { 10, 13, 10, 0, 9, 33, 16675 }, // ӆ
    { 10, 17, 12, 1, 12, 43, 16708 }, // Ӈ
    { 9, 14, 10, 1, 9, 32, 16751 }, // ӈ
    { 12, 16, 13, 1, 12, 48, 16783 }, // Ӊ
    { 10, 13, 11, 1, 9, 33, 16831 }, // ӊ
    { 10, 16, 12, 1, 12, 40, 16864 }, // Ӌ
    { 8, 13, 10, 1, 9, 26, 16904 }, // ӌ
    { 15, 16, 15, 1, 12, 60, 16930 }, // Ӎ
    { 12, 13, 13, 1, 9, 39, 16990 }, // ӎ
    { 5, 12, 6, 0, 12, 15, 17029 }, // ӏ
    { 11, 16, 11, 0, 16, 44, 17044 }, // Ӑ
    { 8, 14, 9, 0, 13, 28, 17088 }, // ӑ
    { 11, 16, 11, 0, 16, 44, 17116 }, // Ӓ
    { 8, 14, 9, 0, 13, 28, 17160 }, // ӓ
    { 15, 12, 15, -1, 12, 45, 17188 }, // Ӕ
    { 14, 11, 14, 0, 10, 39, 17233 }, // ӕ
    { 8, 16, 9, 1, 16, 32, 17272 }, // Ӗ
    { 9, 14, 9, 0, 13, 32, 17304 }, // ӗ
    { 12, 14, 12, 0, 13, 42, 17336 }, // Ә
    { 9, 11, 9, 0, 10, 25, 17378 }, // ә
    { 12, 17, 12, 0, 16, 51, 17403 }, // Ӛ
    { 9, 14, 9, 0, 13, 32, 17454 }, // ӛ
    { 16, 16, 15, 0, 16, 64, 17486 }, // Ӝ
    { 13, 13, 13, 0, 13, 43, 17550 }, // ӝ
    { 9, 17, 10, 0, 16, 39, 17593 }, // Ӟ
    { 8, 14, 8, 0, 13, 28, 17632 }, // ӟ
    { 9, 13, 10, 0, 12, 30, 17660 }, // Ӡ
    { 8, 13, 8, 0, 9, 26, 17690 }, // ӡ
    { 10, 15, 13, 1, 15, 38, 17716 }, // Ӣ
    { 8, 12, 10, 1, 12, 24, 17754 }, // ӣ
    { 10, 16, 13, 1, 16, 40, 17778 }, // Ӥ
    { 8, 13, 10, 1, 13, 26, 17818 }, // ӥ
    { 11, 17, 13, 1, 16, 47, 17844 }, // Ӧ
    { 10, 14, 10, 0, 13, 35, 17891 }, // ӧ
    { 11, 14, 13, 1, 13, 39, 17926 }, // Ө
    { 10, 11, 10, 0, 10, 28, 17965 }, // ө
    { 11, 17, 13, 1, 16, 47, 17993 }, // Ӫ
    { 10, 14, 10, 0, 13, 35, 18040 }, // ӫ
    { 10, 17, 11, 0, 16, 43, 18075 }, // Ӭ
    { 8, 14, 8, 0, 13, 28, 18118 }, // ӭ
    { 11, 16, 10, 0, 15, 44, 18146 }, // Ӯ
    { 9, 16, 8, 0, 12, 36, 18190 }, // ӯ
    { 11, 17, 10, 0, 16, 47, 18226 }, // Ӱ
    { 9, 17, 8, 0, 13, 39, 18273 }, // ӱ
    { 11, 17, 10, 0, 16, 47, 18312 }, // Ӳ
    { 9, 17, 9, 0, 13, 39, 18359 }, // ӳ
    { 9, 16, 11, 1, 16, 36, 18398 }, // Ӵ
    { 8, 13, 10, 1, 13, 26, 18434 }, // ӵ
    { 8, 16, 9, 1, 12, 32, 18460 }, // Ӷ
    { 6, 13, 7, 1, 9, 20, 18492 }, // ӷ
    { 12, 16, 14, 1, 16, 48, 18512 }, // Ӹ
    { 11, 13, 13, 1, 13, 36, 18560 }, // ӹ
    { 9, 16, 9, 0, 12, 36, 18596 }, // Ӻ
    { 7, 13, 7, 0, 9, 23, 18632 }, // ӻ
    { 11, 16, 11, 0, 12, 44, 18655 }, // Ӽ
    { 9, 13, 9, 0, 9, 30, 18699 }, // ӽ
    { 10, 12, 10, 0, 12, 30, 18729 }, // Ӿ
    { 9, 9, 9, 0, 9, 21, 18759 }, // ӿ
    { 0, 0, 8, 0, 0, 0, 18780 }, //  
    { 0, 0, 17, 0, 0, 0, 18780 }, //  
    { 0, 0, 8, 0, 0, 0, 18780 }, //  
    { 0, 0, 17, 0, 0, 0, 18780 }, //  
    { 0, 0, 6, 0, 0, 0, 18780 }, //  
    { 0, 0, 4, 0, 0, 0, 18780 }, //  
    { 0, 0, 3, 0, 0, 0, 18780 }, //  
    { 0, 0, 10, 0, 0, 0, 18780 }, //  
    { 0, 0, 4, 0, 0, 0, 18780 }, //  
    { 0, 0, 3, 0, 0, 0, 18780 }, //  
    { 0, 0, 2, 0, 0, 0, 18780 }, //  
    { 0, 0, 0, 0, 0, 0, 18780 }, // ​
    { 0, 0, 0, 0, 0, 0, 18780 }, // ‌
    { 0, 0, 0, 0, 0, 0, 18780 }, // ‍
    { 5, 15, 0, -1, 12, 19, 18780 }, // ‎
    { 5, 15, 0, -4, 12, 19, 18799 }, // ‏
    { 5, 3, 5, 0, 6, 4, 18818 }, // ‐
    { 5, 3, 5, 0, 6, 4, 18822 }, // ‑
    { 9, 2, 10, 0, 7, 5, 18826 }, // ‒
    { 8, 3, 8, 0, 6, 6, 18831 }, // –
    { 16, 3, 17, 0, 6, 12, 18837 }, // —
    { 16, 3, 17, 0, 6, 12, 18849 }, // ―
    { 6, 18, 9, 2, 13, 27, 18861 }, // ‖
    { 8, 4, 7, -1, 0, 8, 18888 }, // ‗
    { 3, 5, 3, 0, 12, 4, 18896 }, // ‘
    { 3, 5, 3, 0, 12, 4, 18900 }, // ’
    { 4, 5, 4, 0, 2, 5, 18904 }, // ‚
    { 3, 5, 3, 0, 12, 4, 18909 }, // ‛
    { 6, 5, 6, 0, 12, 8, 18913 }, // “
    { 6, 5, 6, 0, 12, 8, 18921 }, // ”
    { 7, 5, 7, 0, 2, 9, 18929 }, // „
    { 6, 5, 6, 0, 12, 8, 18938 }, // ‟
    { 7, 13, 9, 1, 13, 23, 18946 }, // †
    { 7, 13, 9, 1, 13, 23, 18969 }, // ‡
    { 4, 5, 6, 1, 9, 5, 18992 }, // •
    { 5, 6, 6, 1, 9, 8, 18997 }, // ‣
    { 3, 4, 8, 3, 3, 3, 19005 }, // ․
    { 7, 4, 9, 1, 3, 7, 19008 }, // ‥
    { 11, 4, 13, 1, 3, 11, 19015 }, // …
    { 3, 4, 4, 1, 6, 3, 19026 }, // ‧
    { 0, 0, 10, 0, 0, 0, 19029 }, //  
    { 0, 0, 10, 0, 0, 0, 19029 }, //  
    { 5, 14, 0, -1, 11, 18, 19029 }, // ‪
    { 5, 14, 0, -4, 11, 18, 19047 }, // ‫
    { 4, 15, 0, -2, 12, 15, 19065 }, // ‬
    { 4, 15, 0, -2, 12, 15, 19080 }, // ‭
    { 4, 15, 0, -2, 12, 15, 19095 }, // ‮
    { 0, 0, 3, 0, 0, 0, 19110 }, //  
    { 19, 14, 20, 0, 13, 67, 19110 }, // ‰
    { 25, 14, 26, 0, 13, 88, 19177 }, // ‱
    { 5, 5, 4, 0, 12, 7, 19265 }, // ′
    { 8, 5, 7, 0, 12, 10, 19272 }, // ″
    { 11, 5, 10, 0, 12, 14, 19282 }, // ‴
    { 5, 5, 4, -1, 12, 7, 19296 }, // ‵
    { 7, 5, 7, -1, 12, 9, 19303 }, // ‶
    { 10, 5, 10, -1, 12, 13, 19312 }, // ‷
    { 7, 6, 7, 0, 2, 11, 19325 }, // ‸
    { 5, 8, 5, 0, 8, 10, 19336 }, // ‹
    { 5, 8, 5, 0, 8, 10, 19346 }, // ›
    { 14, 14, 14, 0, 13, 49, 19356 }, // ※
    { 7, 13, 8, 1, 12, 23, 19405 }, // ‼
    { 7, 14, 7, 0, 13, 25, 19428 }, // ‽
    { 10, 2, 8, -1, 14, 5, 19453 }, // ‾
    { 10, 4, 10, 0, 0, 10, 19458 }, // ‿
    { 10, 5, 10, 0, 14, 13, 19468 }, // ⁀
    { 6, 11, 6, 0, 7, 17, 19481 }, // ⁁
    { 19, 16, 19, 0, 13, 76, 19498 }, // ⁂
    { 5, 3, 5, 0, 6, 4, 19574 }, // ⁃
    { 10, 12, 2, -4, 12, 30, 19578 }, // ⁄
    { 4, 15, 5, 1, 12, 15, 19608 }, // ⁅
    { 5, 15, 5, 0, 12, 19, 19623 }, // ⁆
    { 14, 14, 14, 0, 13, 49, 19642 }, // ⁇
    { 11, 14, 11, 0, 13, 39, 19691 }, // ⁈
    { 10, 14, 11, 1, 13, 35, 19730 }, // ⁉
    { 9, 9, 10, 0, 9, 21, 19765 }, // ⁊
    { 9, 16, 11, 1, 13, 36, 19786 }, // ⁋
    { 10, 9, 11, 0, 9, 23, 19822 }, // ⁌
    { 9, 9, 11, 1, 9, 21, 19845 }, // ⁍
    { 9, 8, 9, 0, 5, 18, 19866 }, // ⁎
    { 4, 13, 4, 0, 10, 13, 19884 }, // ⁏
    { 10, 18, 10, 0, 14, 45, 19897 }, // ⁐
    { 9, 16, 9, 0, 13, 36, 19942 }, // ⁑
    { 7, 14, 6, 0, 13, 25, 19978 }, // ⁒
    { 15, 4, 17, 1, 7, 15, 20003 }, // ⁓
    { 10, 4, 10, 0, 0, 10, 20018 }, // ⁔
    { 9, 10, 10, 0, 9, 23, 20028 }, // ⁕
    { 8, 14, 9, 0, 13, 28, 20051 }, // ⁖
    { 13, 5, 12, 0, 12, 17, 20079 }, // ⁗
    { 13, 14, 14, 0, 13, 46, 20096 }, // ⁘
    { 13, 14, 14, 0, 13, 46, 20142 }, // ⁙
    { 3, 14, 4, 0, 13, 11, 20188 }, // ⁚
    { 11, 14, 11, 0, 13, 39, 20199 }, // ⁛
    { 13, 14, 13, 0, 13, 46, 20238 }, // ⁜
    { 3, 13, 4, 1, 12, 10, 20284 }, // ⁝
    { 3, 14, 4, 1, 13, 11, 20294 }, // ⁞
    { 0, 0, 4, 0, 0, 0, 20305 }, //  
    { 0, 0, 10, 0, 0, 0, 20305 }, // ⁠
    { 0, 0, 10, 0, 0, 0, 20305 }, // ⁡
    { 0, 0, 10, 0, 0, 0, 20305 }, // ⁢
    { 0, 0, 10, 0, 0, 0, 20305 }, // ⁣
    { 0, 0, 10, 0, 0, 0, 20305 }, // ⁤
    { 0, 0, 0, 0, 0, 0, 20305 }, // ⁦
    { 0, 0, 0, 0, 0, 0, 20305 }, // ⁧
    { 0, 0, 0, 0, 0, 0, 20305 }, // ⁨
    { 0, 0, 0, 0, 0, 0, 20305 }, // ⁩
    { 4, 15, 0, -2, 12, 15, 20305 }, // ⁪
    { 4, 15, 0, -2, 12, 15, 20320 }, // ⁫
    { 4, 15, 0, -2, 12, 15, 20335 }, // ⁬
    { 4, 15, 0, -2, 12, 15, 20350 }, // ⁭
    { 4, 15, 0, -2, 12, 15, 20365 }, // ⁮
    { 4, 15, 0, -2, 12, 15, 20380 }, // ⁯
    { 6, 9, 6, 0, 15, 14, 20395 }, // ⁰
    { 2, 9, 3, 0, 13, 5, 20409 }, // ⁱ
    { 6, 9, 6, 0, 15, 14, 20414 }, // ⁴
    { 6, 9, 6, 0, 15, 14, 20428 }, // ⁵
    { 6, 9, 6, 0, 15, 14, 20442 }, // ⁶
    { 6, 9, 6, 0, 15, 14, 20456 }, // ⁷
    { 6, 9, 6, 0, 15, 14, 20470 }, // ⁸
    { 6, 9, 6, 0, 15, 14, 20484 }, // ⁹
    { 6, 6, 6, 0, 13, 9, 20498 }, // ⁺
    { 6, 2, 6, 0, 11, 3, 20507 }, // ⁻
    { 6, 4, 6, 0, 12, 6, 20510 }, // ⁼
    { 3, 10, 4, 1, 16, 8, 20516 }, // ⁽
    { 3, 10, 4, 0, 16, 8, 20524 }, // ⁾
    { 6, 7, 7, 0, 11, 11, 20532 }, // ⁿ
    { 6, 9, 6, 0, 6, 14, 20543 }, // ₀
    { 4, 9, 6, 0, 6, 9, 20557 }, // ₁
    { 6, 9, 6, 0, 6, 14, 20566 }, // ₂
    { 6, 9, 6, 0, 6, 14, 20580 }, // ₃
    { 6, 9, 6, 0, 6, 14, 20594 }, // ₄
    { 6, 9, 6, 0, 6, 14, 20608 }, // ₅
    { 6, 9, 6, 0, 6, 14, 20622 }, // ₆
    { 6, 9, 6, 0, 6, 14, 20636 }, // ₇
    { 6, 9, 6, 0, 6, 14, 20650 }, // ₈
    { 6, 9, 6, 0, 6, 14, 20664 }, // ₉
    { 6, 6, 6, 0, 4, 9, 20678 }, // ₊
    { 6, 2, 6, 0, 2, 3, 20687 }, // ₋
    { 6, 4, 6, 0, 3, 6, 20690 }, // ₌
    { 3, 10, 4, 1, 7, 8, 20696 }, // ₍
    { 3, 10, 4, 0, 7, 8, 20704 }, // ₎
    { 6, 6, 6, 0, 4, 9, 20712 }, // ₐ
    { 6, 6, 6, 0, 4, 9, 20721 }, // ₑ
    { 6, 6, 7, 0, 4, 9, 20730 }, // ₒ
    { 6, 6, 6, 0, 4, 9, 20739 }, // ₓ
    { 6, 6, 6, 0, 4, 9, 20748 }, // ₔ
    { 6, 8, 7, 0, 6, 12, 20757 }, // ₕ
    { 6, 8, 6, 0, 6, 12, 20769 }, // ₖ
    { 2, 8, 3, 0, 6, 4, 20781 }, // ₗ
    { 10, 6, 10, 0, 4, 15, 20785 }, // ₘ
    { 6, 6, 7, 0, 4, 9, 20800 }, // ₙ
    { 7, 8, 7, 0, 4, 14, 20809 }, // ₚ
    { 5, 6, 5, 0, 4, 8, 20823 }, // ₛ
    { 4, 7, 4, 0, 5, 7, 20831 }, // ₜ
    { 9, 13, 10, 0, 13, 30, 20838 }, // ₠
    { 10, 14, 10, 0, 13, 35, 20868 }, // ₡
    { 9, 14, 10, 0, 13, 32, 20903 }, // ₢
    { 9, 12, 10, 0, 12, 27, 20935 }, // ₣
    { 9, 13, 10, 0, 13, 30, 20962 }, // ₤
    { 14, 14, 16, 1, 12, 49, 20992 }, // ₥
    { 10, 12, 10, 0, 12, 30, 21041 }, // ₦
    { 12, 13, 13, 1, 12, 39, 21071 }, // ₧
    { 13, 13, 14, 1, 12, 43, 21110 }, // ₨
    { 11, 12, 11, 0, 12, 33, 21153 }, // ₩
    { 11, 12, 13, 1, 12, 33, 21186 }, // ₪
    { 11, 16, 10, 0, 13, 44, 21219 }, // ₫
    { 10, 14, 10, 0, 13, 35, 21263 }, // €
    { 10, 12, 10, 0, 12, 30, 21298 }, // ₭
    { 10, 12, 10, 0, 12, 30, 21328 }, // ₮
    { 16, 17, 16, 0, 13, 68, 21358 }, // ₯
    { 9, 17, 10, 0, 13, 39, 21426 }, // ₰
    { 10, 12, 10, 0, 12, 30, 21465 }, // ₱
    { 10, 15, 12, 1, 13, 38, 21495 }, // ₲
    { 11, 12, 10, 0, 12, 33, 21533 }, // ₳
    { 9, 14, 9, 0, 13, 32, 21566 }, // ₴
    { 10, 15, 11, 1, 13, 38, 21598 }, // ₵
    { 10, 12, 10, 0, 11, 30, 21636 }, // ₶
    { 12, 15, 12, 0, 13, 45, 21666 }, // ₷
    { 9, 12, 9, 0, 12, 27, 21711 }, // ₸
    { 8, 12, 10, 1, 12, 24, 21738 }, // ₹
    { 10, 13, 10, 0, 12, 33, 21762 }, // ₺
    { 13, 14, 13, 0, 13, 46, 21795 }, // ₻
    { 13, 12, 14, 0, 12, 39, 21841 }, // ₼
    { 10, 12, 10, 0, 12, 30, 21880 }, // ₽
    { 11, 13, 13, 1, 13, 36, 21910 }, // ₾
    { 8, 16, 10, 1, 14, 32, 21946 }, // ₿
    { 8, 13, 8, 0, 10, 26, 21978 }, // ⃀
    { 9, 2, 10, 0, 7, 5, 22004 }, // −
    { 16, 16, 17, 0, 13, 64, 22009 }, // �
};

static const EpdUnicodeInterval notosans_8_regularIntervals[] = {
    { 0x0, 0x0, 0x0 },
    { 0xD, 0xD, 0x1 },
    { 0x20, 0x7E, 0x2 },
    { 0xA0, 0xFF, 0x61 },
    { 0x100, 0x17F, 0xC1 },
    { 0x300, 0x36F, 0x141 },
    { 0x400, 0x4FF, 0x1B1 },
    { 0x2000, 0x2064, 0x2B1 },
    { 0x2066, 0x206F, 0x316 },
    { 0x2070, 0x2071, 0x320 },
    { 0x2074, 0x208E, 0x322 },
    { 0x2090, 0x209C, 0x33D },
    { 0x20A0, 0x20C0, 0x34A },
    { 0x2212, 0x2212, 0x36B },
    { 0xFFFD, 0xFFFD, 0x36C },
};

static const EpdFontData notosans_8_regular = {
    notosans_8_regularBitmaps,
    notosans_8_regularGlyphs,
    notosans_8_regularIntervals,
    15,
    23,
    18,
    -5,
    true,
};
