/**
 * generated by fontconvert.py
 * name: notosans_8_bold
 * size: 8
 * mode: 2-bit
 * Command used: /Users/jesse/Documents/GitHub/crosspoint/crosspoint-reader/lib/EpdFont/scripts/fontconvert.py notosans_8_bold 8 /Users/jesse/Documents/GitHub/crosspoint/crosspoint-reader/lib/EpdFont/builtinFonts/source/NotoSans/NotoSans-Bold.ttf --2bit
 */
#pragma once
#include "EpdFontData.h"

static const uint8_t notosans_8_boldBitmaps[24224] = {
    0x3E, 0x3E, 0x3E, 0x3E, 0x3E, 0x3D, 0x2D, 0x2D, 0x00, 0x18, 0x3E, 0x3E, 0x00, 0xF5, 0xFF, 0x5F,
    0xF0, 0xFB, 0x0E, 0x50, 0x50, 0x00, 0xE2, 0xC0, 0x07, 0x4F, 0x00, 0x2D, 0x38, 0x0A, 0xFA, 0xF8,
    0x3F, 0xFF, 0xF4, 0x0E, 0x3C, 0x00, 0x74, 0xF0, 0x2F, 0xFF, 0xFC, 0x6F, 0xBF, 0xA0, 0x3C, 0x74,
    0x00, 0xE2, 0xC0, 0x03, 0x8F, 0x00, 0x00, 0x80, 0x00, 0x79, 0x01, 0xFF, 0xF4, 0xFF, 0xBC, 0x7C,
    0xD0, 0x0F, 0xF4, 0x01, 0xFF, 0x80, 0x0B, 0xFC, 0x00, 0xEF, 0xC0, 0x36, 0xF7, 0xEF, 0xF8, 0xFF,
    0xF8, 0x01, 0xD0, 0x00, 0x34, 0x00, 0x00, 0x00, 0x00, 0x00, 0x7F, 0x00, 0x74, 0x03, 0xEE, 0x03,
    0xC0, 0x1E, 0x3C, 0x2D, 0x00, 0x74, 0xF0, 0xF0, 0x01, 0xE3, 0xCB, 0x44, 0x03, 0xDF, 0x3D, 0xFE,
    0x0B, 0xF7, 0xCF, 0x7C, 0x05, 0x1E, 0x3C, 0x74, 0x00, 0xF0, 0xF1, 0xE0, 0x07, 0x83, 0xCB, 0x40,
    0x3C, 0x0B, 0xBC, 0x02, 0xD0, 0x0F, 0xD0, 0x00, 0x00, 0x00, 0x00, 0x00, 0x00, 0x00, 0x00, 0xFF,
    0x40, 0x00, 0xFF, 0xF4, 0x00, 0x7C, 0x3D, 0x00, 0x0F, 0x0F, 0x40, 0x03, 0xFF, 0x80, 0x00, 0x7F,
    0x80, 0x50, 0xBF, 0xF0, 0xF8, 0x3E, 0x3F, 0x7D, 0x1F, 0x43, 0xFF, 0x03, 0xE0, 0x7F, 0x40, 0xFF,
    0xFF, 0xF0, 0x0B, 0xFE, 0x7F, 0x00, 0x00, 0x00, 0x00, 0xF7, 0xDF, 0x2C, 0x50, 0x03, 0xC0, 0xF4,
    0x1F, 0x02, 0xD0, 0x3C, 0x03, 0xC0, 0x7C, 0x07, 0xC0, 0x7C, 0x03, 0xC0, 0x3C, 0x02, 0xE0, 0x1F,
    0x00, 0xB4, 0x02, 0x80, 0x3C, 0x0B, 0x80, 0xF0, 0x3D, 0x0B, 0x81, 0xF0, 0x3C, 0x0F, 0x03, 0xC1,
    0xF0, 0xB8, 0x3D, 0x1F, 0x0F, 0x42, 0x80, 0x01, 0x90, 0x00, 0x74, 0x01, 0x1D, 0x11, 0xFF, 0xFD,
    0x6B, 0xFA, 0x41, 0xFD, 0x00, 0xF3, 0xC0, 0x28, 0xA0, 0x00, 0x00, 0x00, 0x00, 0xE0, 0x00, 0x38,
    0x00, 0x0E, 0x00, 0xFF, 0xFE, 0x7F, 0xFF, 0xC0, 0x38, 0x00, 0x0E, 0x00, 0x03, 0x80, 0x00, 0x00,
    0x00, 0x2E, 0x3D, 0x3C, 0x78, 0x00, 0x6A, 0x6F, 0xF6, 0xA4, 0x18, 0x3E, 0x3E, 0x00, 0x00, 0xB8,
    0x03, 0xD0, 0x1F, 0x00, 0xB8, 0x03, 0xC0, 0x1F, 0x00, 0xF4, 0x03, 0xC0, 0x2E, 0x00, 0xF4, 0x07,
    0xC0, 0x2E, 0x00, 0x00, 0x00, 0x00, 0x00, 0x01, 0xFE, 0x01, 0xFF, 0xF0, 0xF8, 0x7D, 0x3D, 0x0F,
    0x9F, 0x02, 0xF7, 0xC0, 0xBD, 0xF0, 0x2F, 0x7C, 0x0B, 0xCF, 0x43, 0xE3, 0xE0, 0xF4, 0x7F, 0xFC,
    0x07, 0xFC, 0x00, 0x00, 0x00, 0x00, 0xBC, 0x0F, 0xF1, 0xFF, 0xCB, 0xAF, 0x04, 0xBC, 0x02, 0xF0,
    0x0B, 0xC0, 0x2F, 0x00, 0xBC, 0x02, 0xF0, 0x0B, 0xC0, 0x2F, 0x00, 0x00, 0x02, 0xFF, 0x43, 0xFF,
    0xF0, 0xB4, 0x7E, 0x00, 0x0F, 0x80, 0x03, 0xD0, 0x02, 0xF0, 0x02, 0xF0, 0x02, 0xF4, 0x02, 0xF0,
    0x02, 0xF4, 0x01, 0xFF, 0xFF, 0x7F, 0xFF, 0xC0, 0x00, 0x00, 0x07, 0xFF, 0x43, 0xFF, 0xF0, 0x50,
    0x7D, 0x00, 0x0F, 0x40, 0x0B, 0xC0, 0xBF, 0x80, 0x1F, 0xFC, 0x00, 0x0F, 0x80, 0x03, 0xF1, 0x00,
    0xF9, 0xFF, 0xFD, 0x3F, 0xFD, 0x00, 0x00, 0x00, 0x00, 0x2E, 0x00, 0x07, 0xF0, 0x00, 0xFF, 0x00,
    0x3E, 0xF0, 0x07, 0xAF, 0x00, 0xF2, 0xF0, 0x3C, 0x2F, 0x0B, 0xD7, 0xF4, 0xBF, 0xFF, 0xD6, 0xAB,
    0xF8, 0x00, 0x2F, 0x00, 0x02, 0xF0, 0x1F, 0xFF, 0x0B, 0xFF, 0xC2, 0xE0, 0x00, 0xF8, 0x00, 0x3F,
    0xA4, 0x0F, 0xFF, 0xC1, 0x97, 0xF4, 0x00, 0x3E, 0x00, 0x0F, 0x84, 0x07, 0xE3, 0xFF, 0xF0, 0xFF,
    0xE0, 0x00, 0x00, 0x00, 0x00, 0x00, 0x00, 0x7F, 0xC0, 0xBF, 0xF0, 0x7D, 0x00, 0x3D, 0x00, 0x0F,
    0x2A, 0x07, 0xFF, 0xF5, 0xFD, 0x7F, 0x7C, 0x0B, 0xDF, 0x01, 0xF3, 0xE0, 0xFC, 0x7F, 0xFD, 0x07,
    0xFD, 0x00, 0x00, 0x00, 0x7F, 0xFF, 0xEF, 0xFF, 0xF0, 0x00, 0xF8, 0x00, 0x7C, 0x00, 0x2F, 0x00,
    0x0F, 0x40, 0x0B, 0xC0, 0x03, 0xD0, 0x02, 0xF0, 0x00, 0xF8, 0x00, 0x7C, 0x00, 0x3E, 0x00, 0x00,
    0x00, 0x02, 0xFF, 0x42, 0xFF, 0xF0, 0xF4, 0x3E, 0x3D, 0x0F, 0x4B, 0xEF, 0xC0, 0xBF, 0xC0, 0x7F,
    0xF8, 0x3E, 0x1F, 0x9F, 0x01, 0xF7, 0xC0, 0xBC, 0xFE, 0xFD, 0x0F, 0xFD, 0x00, 0x00, 0x00, 0x00,
    0x00, 0x02, 0xFE, 0x02, 0xFF, 0xF0, 0xF8, 0x7D, 0x7C, 0x0B, 0xDF, 0x02, 0xF7, 0xE1, 0xFC, 0xFF,
    0xFF, 0x0B, 0xDB, 0x80, 0x03, 0xD0, 0x02, 0xF0, 0xBF, 0xF4, 0x2F, 0xF4, 0x00, 0x00, 0x00, 0x00,
    0x3E, 0x3E, 0x14, 0x00, 0x00, 0x00, 0x18, 0x3E, 0x3E, 0x00, 0x00, 0x3E, 0x3E, 0x04, 0x00, 0x00,
    0x00, 0x00, 0x2E, 0x3D, 0x3C, 0x78, 0x00, 0x00, 0x00, 0x00, 0x01, 0xF0, 0x07, 0xF8, 0x1F, 0xE0,
    0x3F, 0x80, 0x0F, 0xD0, 0x00, 0xBF, 0x80, 0x01, 0xFE, 0x00, 0x07, 0xC0, 0x00, 0x00, 0x15, 0x55,
    0x5F, 0xFF, 0xF1, 0x55, 0x54, 0x00, 0x00, 0x7F, 0xFF, 0xCA, 0xAA, 0x90, 0x00, 0x00, 0x1E, 0x00,
    0x03, 0xF8, 0x00, 0x1F, 0xE0, 0x00, 0x7F, 0x40, 0x0B, 0xE0, 0x6F, 0xD0, 0xFE, 0x00, 0x78, 0x00,
    0x00, 0x00, 0x00, 0x00, 0x00, 0x6F, 0xF4, 0xBF, 0xFD, 0x20, 0x3E, 0x00, 0x3E, 0x00, 0xBC, 0x03,
    0xF4, 0x07, 0xC0, 0x0B, 0x40, 0x00, 0x00, 0x06, 0x00, 0x0F, 0xC0, 0x0F, 0x80, 0x00, 0x00, 0x00,
    0x2F, 0xF8, 0x00, 0x0B, 0xEA, 0xFD, 0x00, 0xB8, 0x00, 0x3C, 0x07, 0x82, 0xFD, 0x38, 0x3C, 0x3E,
    0xB8, 0xF0, 0xF2, 0xD0, 0xE2, 0xC3, 0x8F, 0x07, 0x8B, 0x0E, 0x3C, 0x1E, 0x3C, 0x38, 0xB9, 0xFD,
    0xE0, 0xF0, 0xFE, 0x7E, 0x01, 0xE0, 0x00, 0x00, 0x02, 0xF5, 0x16, 0x00, 0x01, 0xFF, 0xFC, 0x00,
    0x00, 0x15, 0x00, 0x00, 0x00, 0xFD, 0x00, 0x01, 0xFF, 0x00, 0x02, 0xEF, 0x00, 0x03, 0xDF, 0x80,
    0x07, 0xCB, 0xC0, 0x0B, 0xC3, 0xC0, 0x0F, 0x43, 0xE0, 0x1F, 0xFF, 0xF0, 0x3F, 0xFF, 0xF4, 0x3E,
    0x00, 0xF8, 0x7C, 0x00, 0xBC, 0xFC, 0x00, 0x7D, 0xBF, 0xF9, 0x0B, 0xFF, 0xF4, 0xBC, 0x1F, 0xCB,
    0xC0, 0xBC, 0xBC, 0x1F, 0x8B, 0xFF, 0xE0, 0xBF, 0xFF, 0x4B, 0xC0, 0xBC, 0xBC, 0x07, 0xCB, 0xC0,
    0xFC, 0xBF, 0xFF, 0x8B, 0xFF, 0xD0, 0x00, 0x00, 0x00, 0x06, 0xFF, 0x80, 0x7F, 0xFF, 0x03, 0xF4,
    0x14, 0x2F, 0x00, 0x00, 0xF8, 0x00, 0x03, 0xE0, 0x00, 0x0F, 0x80, 0x00, 0x3E, 0x00, 0x00, 0xBC,
    0x00, 0x01, 0xFC, 0x01, 0x02, 0xFF, 0xF8, 0x01, 0xFF, 0xD0, 0x00, 0x00, 0x00, 0xBF, 0xF9, 0x02,
    0xFF, 0xFE, 0x0B, 0xC1, 0xFD, 0x2F, 0x00, 0xFC, 0xBC, 0x02, 0xF2, 0xF0, 0x07, 0xDB, 0xC0, 0x1F,
    0x6F, 0x00, 0xBC, 0xBC, 0x03, 0xF2, 0xF0, 0x7F, 0x4B, 0xFF, 0xF8, 0x2F, 0xFE, 0x00, 0x7F, 0xFD,
    0xBF, 0xFD, 0xBC, 0x00, 0xBC, 0x00, 0xBC, 0x00, 0xBF, 0xFC, 0xBF, 0xFC, 0xBC, 0x00, 0xBC, 0x00,
    0xBC, 0x00, 0xBF, 0xFD, 0xBF, 0xFD, 0x7F, 0xFD, 0xBF, 0xFD, 0xBC, 0x00, 0xBC, 0x00, 0xBC, 0x00,
    0xBF, 0xFC, 0xBF, 0xFC, 0xBD, 0x54, 0xBC, 0x00, 0xBC, 0x00, 0xBC, 0x00, 0xBC, 0x00, 0x00, 0x00,
    0x00, 0x02, 0xFF, 0xD0, 0x7F, 0xFF, 0x43, 0xF4, 0x04, 0x2F, 0x40, 0x00, 0xFC, 0x00, 0x03, 0xE0,
    0xAA, 0x8F, 0x83, 0xFE, 0x3E, 0x05, 0xF8, 0xBC, 0x02, 0xE1, 0xFC, 0x0F, 0x82, 0xFF, 0xFE, 0x01,
    0xFF, 0xF4, 0x00, 0x00, 0x00, 0x7C, 0x00, 0xF2, 0xF0, 0x07, 0xDB, 0xC0, 0x1F, 0x6F, 0x00, 0x7D,
    0xBC, 0x01, 0xF6, 0xFF, 0xFF, 0xDB, 0xFF, 0xFF, 0x6F, 0x00, 0x7D, 0xBC, 0x01, 0xF6, 0xF0, 0x07,
    0xDB, 0xC0, 0x1F, 0x6F, 0x00, 0x7D, 0x7F, 0xF7, 0xFE, 0x0F, 0x80, 0xF8, 0x0F, 0x80, 0xF8, 0x0F,
    0x80, 0xF8, 0x0F, 0x80, 0xF8, 0x7F, 0xE7, 0xFF, 0x01, 0xF0, 0x0B, 0xC0, 0x2F, 0x00, 0xBC, 0x02,
    0xF0, 0x0B, 0xC0, 0x2F, 0x00, 0xBC, 0x02, 0xF0, 0x0B, 0xC0, 0x2F, 0x00, 0xBC, 0x02, 0xF0, 0xAF,
    0x83, 0xFC, 0x05, 0x40, 0x7C, 0x03, 0xE2, 0xF0, 0x3F, 0x0B, 0xC2, 0xF0, 0x2F, 0x1F, 0x40, 0xBD,
    0xF8, 0x02, 0xFF, 0xC0, 0x0B, 0xFF, 0x80, 0x2F, 0x6F, 0x00, 0xBC, 0x3F, 0x02, 0xF0, 0x7D, 0x0B,
    0xC0, 0xBC, 0x2F, 0x00, 0xF8, 0xBC, 0x00, 0xBC, 0x00, 0xBC, 0x00, 0xBC, 0x00, 0xBC, 0x00, 0xBC,
    0x00, 0xBC, 0x00, 0xBC, 0x00, 0xBC, 0x00, 0xBC, 0x00, 0xBF, 0xFF, 0xBF, 0xFF, 0x7F, 0x00, 0x1F,
    0xCB, 0xF4, 0x02, 0xFC, 0xBF, 0x80, 0x3F, 0xCB, 0xBC, 0x07, 0xBC, 0xBB, 0xD0, 0xB7, 0xCB, 0x9E,
    0x0F, 0x3C, 0xBC, 0xF1, 0xE3, 0xCB, 0xCF, 0x2D, 0x3C, 0xBC, 0xBB, 0xC3, 0xCB, 0xC3, 0xF8, 0x3C,
    0xBC, 0x3F, 0x43, 0xCB, 0xC2, 0xF0, 0x3C, 0x7F, 0x00, 0x3C, 0xBF, 0x80, 0x3C, 0xBF, 0xC0, 0x3C,
    0xBB, 0xE0, 0x3C, 0xB9, 0xF0, 0x3C, 0xB8, 0xFC, 0x3C, 0xB8, 0x7D, 0x3C, 0xBC, 0x2F, 0x3C, 0xBC,
    0x0F, 0xBC, 0xBC, 0x0B, 0xFC, 0xBC, 0x03, 0xFC, 0xBC, 0x01, 0xFC, 0x00, 0x00, 0x00, 0x00, 0x7F,
    0xF4, 0x00, 0xBF, 0xFF, 0x80, 0x7F, 0x02, 0xF4, 0x2F, 0x00, 0x3F, 0x0F, 0xC0, 0x0B, 0xC3, 0xE0,
    0x01, 0xF0, 0xF8, 0x00, 0x7C, 0x3E, 0x00, 0x2F, 0x0B, 0xC0, 0x0F, 0xC1, 0xFC, 0x0B, 0xE0, 0x2F,
    0xFF, 0xF0, 0x01, 0xFF, 0xE0, 0x00, 0x00, 0x00, 0x00, 0xBF, 0xF8, 0x2F, 0xFF, 0xCB, 0xC2, 0xF6,
    0xF0, 0x3E, 0xBC, 0x0F, 0xAF, 0x5F, 0xDB, 0xFF, 0xE2, 0xFF, 0x90, 0xBC, 0x00, 0x2F, 0x00, 0x0B,
    0xC0, 0x02, 0xF0, 0x00, 0x00, 0x00, 0x00, 0x00, 0x7F, 0xF4, 0x00, 0xBF, 0xFF, 0x80, 0x7F, 0x02,
    0xF4, 0x2F, 0x00, 0x3F, 0x0F, 0xC0, 0x0B, 0xC3, 0xE0, 0x01, 0xF0, 0xF8, 0x00, 0x7C, 0x3E, 0x00,
    0x2F, 0x0B, 0xC0, 0x0F, 0xC1, 0xFC, 0x0B, 0xE0, 0x2F, 0xFF, 0xF0, 0x01, 0xFF, 0xE0, 0x00, 0x00,
    0xFC, 0x00, 0x00, 0x0F, 0xC0, 0x00, 0x01, 0xF8, 0xBF, 0xF8, 0x0B, 0xFF, 0xF0, 0xBC, 0x1F, 0x8B,
    0xC0, 0xF8, 0xBC, 0x0F, 0x8B, 0xEB, 0xF0, 0xBF, 0xFC, 0x0B, 0xDB, 0xC0, 0xBC, 0x3E, 0x0B, 0xC1,
    0xF4, 0xBC, 0x0F, 0xCB, 0xC0, 0x7E, 0x00, 0x00, 0x01, 0xFF, 0x82, 0xFF, 0xF0, 0xF8, 0x18, 0x3D,
    0x00, 0x0F, 0xD0, 0x01, 0xFF, 0x40, 0x0F, 0xF8, 0x00, 0x3F, 0x40, 0x03, 0xD2, 0x01, 0xF4, 0xFF,
    0xFC, 0x2F, 0xF8, 0x00, 0x00, 0x00, 0xBF, 0xFF, 0xDB, 0xFF, 0xFD, 0x02, 0xF4, 0x00, 0x1F, 0x00,
    0x01, 0xF0, 0x00, 0x1F, 0x00, 0x01, 0xF0, 0x00, 0x1F, 0x00, 0x01, 0xF0, 0x00, 0x1F, 0x00, 0x01,
    0xF0, 0x00, 0x1F, 0x00, 0xBC, 0x01, 0xF2, 0xF0, 0x07, 0xCB, 0xC0, 0x1F, 0x2F, 0x00, 0x7C, 0xBC,
    0x01, 0xF2, 0xF0, 0x07, 0xCB, 0xC0, 0x1F, 0x2F, 0x00, 0x7C, 0xBC, 0x01, 0xF1, 0xF8, 0x0F, 0xC2,
    0xFF, 0xFD, 0x02, 0xFF, 0xD0, 0x00, 0x00, 0x00, 0xF8, 0x00, 0xFA, 0xF0, 0x03, 0xD3, 0xD0, 0x1F,
    0x0F, 0x80, 0xF8, 0x2F, 0x03, 0xD0, 0x3C, 0x1F, 0x00, 0xF8, 0xF8, 0x01, 0xF3, 0xD0, 0x03, 0xDF,
    0x00, 0x0F, 0xF8, 0x00, 0x1F, 0xD0, 0x00, 0x3F, 0x00, 0xF8, 0x03, 0xD0, 0x1F, 0x2F, 0x01, 0xF8,
    0x0B, 0xC7, 0xC0, 0xFF, 0x03, 0xE0, 0xF4, 0x3F, 0xC0, 0xF4, 0x3E, 0x1F, 0xB4, 0x7C, 0x0B, 0x8B,
    0x9E, 0x2F, 0x01, 0xF3, 0xD3, 0xCF, 0x40, 0x3C, 0xF0, 0xF3, 0xC0, 0x0F, 0xBC, 0x2E, 0xF0, 0x02,
    0xFE, 0x07, 0xF8, 0x00, 0x7F, 0x40, 0xFD, 0x00, 0x0F, 0xC0, 0x3F, 0x00, 0x7D, 0x01, 0xF4, 0x3F,
    0x03, 0xF0, 0x0F, 0x87, 0xD0, 0x0B, 0xDF, 0x80, 0x03, 0xFF, 0x00, 0x01, 0xFD, 0x00, 0x01, 0xFD,
    0x00, 0x03, 0xFF, 0x00, 0x0B, 0xCF, 0x80, 0x1F, 0x47, 0xD0, 0x3F, 0x02, 0xF0, 0xBC, 0x00, 0xFC,
    0xBC, 0x02, 0xF1, 0xF4, 0x0F, 0x82, 0xF0, 0xBC, 0x03, 0xD3, 0xE0, 0x0B, 0xEF, 0x00, 0x0F, 0xF8,
    0x00, 0x2F, 0xC0, 0x00, 0x3E, 0x00, 0x00, 0xF8, 0x00, 0x03, 0xE0, 0x00, 0x0F, 0x80, 0x00, 0x3E,
    0x00, 0x7F, 0xFF, 0xC7, 0xFF, 0xFC, 0x00, 0x1F, 0x80, 0x03, 0xF0, 0x00, 0xBC, 0x00, 0x0F, 0x40,
    0x03, 0xF0, 0x00, 0xBC, 0x00, 0x1F, 0x40, 0x03, 0xE0, 0x00, 0xBF, 0xFF, 0xDB, 0xFF, 0xFD, 0xFF,
    0x3F, 0xCF, 0x43, 0xD0, 0xF4, 0x3D, 0x0F, 0x43, 0xD0, 0xF4, 0x3D, 0x0F, 0x43, 0xD0, 0xF4, 0x3F,
    0xCA, 0xA0, 0xB8, 0x01, 0xF0, 0x03, 0xD0, 0x0B, 0x80, 0x1F, 0x00, 0x3D, 0x00, 0xBC, 0x00, 0xF0,
    0x03, 0xD0, 0x07, 0xC0, 0x0F, 0x00, 0x2E, 0x00, 0x00, 0xBF, 0x5F, 0xD0, 0xF4, 0x3D, 0x0F, 0x43,
    0xD0, 0xF4, 0x3D, 0x0F, 0x43, 0xD0, 0xF4, 0x3D, 0x0F, 0x6F, 0xD6, 0xA0, 0x01, 0xD0, 0x00, 0x2F,
    0x00, 0x03, 0xF4, 0x00, 0xB3, 0xC0, 0x0E, 0x1D, 0x02, 0xD0, 0xF0, 0x3C, 0x07, 0x47, 0x40, 0x28,
    0x2A, 0xA9, 0x2A, 0xAA, 0x2E, 0x00, 0xF4, 0x02, 0xC0, 0x00, 0x10, 0x03, 0xFF, 0x80, 0xFA, 0xF8,
    0x00, 0x3F, 0x01, 0xAF, 0xCB, 0xFF, 0xF3, 0xE0, 0xBD, 0xF4, 0x3F, 0x3F, 0xBF, 0xC7, 0xF8, 0xF0,
    0x00, 0x00, 0xA4, 0x00, 0x3E, 0x00, 0x0F, 0x80, 0x03, 0xE0, 0x00, 0xFA, 0xFD, 0x3F, 0xFF, 0xCF,
    0xC0, 0xFB, 0xF0, 0x3E, 0xF8, 0x0F, 0xBF, 0x03, 0xEF, 0xC1, 0xF7, 0xFF, 0xFC, 0xF6, 0xFD, 0x00,
    0x00, 0x00, 0x00, 0x10, 0x01, 0xFF, 0xC1, 0xFF, 0xE0, 0xFC, 0x00, 0x3D, 0x00, 0x0F, 0x40, 0x03,
    0xD0, 0x00, 0xFC, 0x04, 0x1F, 0xFF, 0x01, 0xFF, 0x80, 0x00, 0x00, 0x00, 0x02, 0x80, 0x00, 0x3D,
    0x00, 0x03, 0xD0, 0x00, 0x3D, 0x0B, 0xF7, 0xD2, 0xFF, 0xFD, 0x3F, 0x07, 0xD3, 0xD0, 0x3D, 0x3D,
    0x03, 0xD3, 0xD0, 0x3D, 0x3F, 0x07, 0xD2, 0xFF, 0xFD, 0x0B, 0xF3, 0xD0, 0x00, 0x00, 0x00, 0x00,
    0x00, 0x7F, 0xE0, 0x1F, 0xAF, 0x83, 0xE0, 0x7C, 0x3F, 0xAB, 0xC3, 0xFF, 0xFC, 0x3D, 0x00, 0x03,
    0xF0, 0x00, 0x1F, 0xEF, 0x80, 0x7F, 0xF4, 0x00, 0x00, 0x00, 0x02, 0xA8, 0x0F, 0xFC, 0x0F, 0x80,
    0x1F, 0x40, 0x7F, 0xF4, 0xBF, 0xF4, 0x1F, 0x00, 0x1F, 0x00, 0x1F, 0x00, 0x1F, 0x00, 0x1F, 0x00,
    0x1F, 0x00, 0x1F, 0x00, 0x00, 0x40, 0x00, 0xBF, 0x7D, 0x2F, 0xFF, 0xD3, 0xF0, 0x7D, 0x3D, 0x03,
    0xD3, 0xD0, 0x3D, 0x3D, 0x03, 0xD3, 0xF0, 0x7D, 0x2F, 0xFF, 0xD0, 0xBF, 0x7D, 0x00, 0x03, 0xD1,
    0x40, 0xBC, 0x2F, 0xFF, 0x81, 0xFF, 0xD0, 0xA4, 0x00, 0x3E, 0x00, 0x0F, 0x80, 0x03, 0xE0, 0x40,
    0xFA, 0xFE, 0x3F, 0xFF, 0xDF, 0xC0, 0xFB, 0xF0, 0x3E, 0xF8, 0x0F, 0xBE, 0x03, 0xEF, 0x80, 0xFB,
    0xE0, 0x3E, 0xF8, 0x0F, 0x80, 0x67, 0xF6, 0x40, 0xFF, 0xFF, 0xFF, 0xFF, 0xFF, 0xFF, 0xFC, 0x06,
    0x43, 0xF0, 0x64, 0x00, 0x0F, 0x83, 0xE0, 0xF8, 0x3E, 0x0F, 0x83, 0xE0, 0xF8, 0x3E, 0x0F, 0x83,
    0xE0, 0xFB, 0xFD, 0xFE, 0x00, 0x68, 0x00, 0x0B, 0xC0, 0x00, 0xBC, 0x00, 0x0B, 0xC0, 0x00, 0xBC,
    0x1F, 0x8B, 0xC3, 0xE0, 0xBC, 0xF8, 0x0B, 0xFF, 0x00, 0xBF, 0xF0, 0x0B, 0xEF, 0x80, 0xBC, 0x7D,
    0x0B, 0xC2, 0xF0, 0xBC, 0x0F, 0xC0, 0xA7, 0xEF, 0xBE, 0xFB, 0xEF, 0xBE, 0xFB, 0xEF, 0xBE, 0xF8,
    0x00, 0x10, 0x00, 0x03, 0xDF, 0xF9, 0xFF, 0x4F, 0xFF, 0xFF, 0xFF, 0x3F, 0x07, 0xF0, 0xBC, 0xFC,
    0x0F, 0x41, 0xF3, 0xE0, 0x3D, 0x07, 0xCF, 0x80, 0xF4, 0x1F, 0x3E, 0x03, 0xD0, 0x7C, 0xF8, 0x0F,
    0x41, 0xF3, 0xE0, 0x3D, 0x07, 0xC0, 0x00, 0x10, 0x3D, 0xBF, 0x8F, 0xFF, 0xF7, 0xF0, 0x3E, 0xFC,
    0x0F, 0xBE, 0x03, 0xEF, 0x80, 0xFB, 0xE0, 0x3E, 0xF8, 0x0F, 0xBE, 0x03, 0xE0, 0x00, 0x10, 0x00,
    0x7F, 0xE0, 0x1F, 0xEF, 0xC3, 0xE0, 0x7D, 0x3D, 0x03, 0xE3, 0xD0, 0x3E, 0x3D, 0x03, 0xE3, 0xF0,
    0x7D, 0x1F, 0xFF, 0xC0, 0x7F, 0xE0, 0x00, 0x00, 0x00, 0x00, 0x00, 0x3D, 0xBF, 0x4F, 0xFF, 0xF3,
    0xF0, 0x3E, 0xFC, 0x0F, 0xBE, 0x03, 0xEF, 0xC0, 0xFB, 0xF0, 0x7D, 0xFF, 0xFF, 0x3E, 0xBF, 0x4F,
    0x80, 0x03, 0xE0, 0x00, 0xF8, 0x00, 0x3E, 0x00, 0x00, 0x00, 0x00, 0x00, 0xBF, 0x7D, 0x2F, 0xFF,
    0xD3, 0xF0, 0x7D, 0x3D, 0x03, 0xD3, 0xD0, 0x3D, 0x3D, 0x03, 0xD3, 0xF0, 0x7D, 0x2F, 0xFF, 0xD0,
    0xBF, 0x7D, 0x00, 0x03, 0xD0, 0x00, 0x3D, 0x00, 0x03, 0xD0, 0x00, 0x3D, 0x00, 0x13, 0xDB, 0xCF,
    0xFF, 0x3F, 0x80, 0xFC, 0x03, 0xE0, 0x0F, 0x80, 0x3E, 0x00, 0xF8, 0x03, 0xE0, 0x00, 0x00, 0x40,
    0x1F, 0xFD, 0x3E, 0xAC, 0x3D, 0x00, 0x3F, 0xD0, 0x0F, 0xFC, 0x00, 0xBE, 0x00, 0x3E, 0x3E, 0xFD,
    0x3F, 0xF8, 0x00, 0x00, 0x00, 0x00, 0x2C, 0x00, 0xF0, 0x1F, 0xFE, 0x7F, 0xF4, 0x7C, 0x01, 0xF0,
    0x07, 0xC0, 0x1F, 0x00, 0x7C, 0x00, 0xFF, 0x82, 0xFE, 0x00, 0x00, 0x00, 0x00, 0x3E, 0x03, 0xEF,
    0x80, 0xFB, 0xE0, 0x3E, 0xF8, 0x0F, 0xBE, 0x03, 0xEF, 0x80, 0xFB, 0xF0, 0x7E, 0xBF, 0xFF, 0x8B,
    0xF9, 0xE0, 0x00, 0x00, 0x00, 0x00, 0x0F, 0xC0, 0x7D, 0x7C, 0x0B, 0xC3, 0xD0, 0xF8, 0x2F, 0x1F,
    0x01, 0xF2, 0xF0, 0x0F, 0x7D, 0x00, 0x7F, 0xC0, 0x03, 0xF8, 0x00, 0x2F, 0x00, 0x00, 0x00, 0x00,
    0x02, 0xF0, 0x7E, 0x07, 0xC7, 0xC2, 0xFC, 0x3E, 0x0F, 0x4F, 0xB0, 0xF4, 0x3E, 0x39, 0xD7, 0xC0,
    0xBD, 0xD3, 0xAF, 0x00, 0xFB, 0x0F, 0xB4, 0x03, 0xFC, 0x3F, 0xC0, 0x0B, 0xF0, 0xBF, 0x00, 0x1F,
    0x81, 0xF8, 0x00, 0x00, 0x00, 0x07, 0xD0, 0xFC, 0x2F, 0x1F, 0x40, 0xFB, 0xE0, 0x07, 0xFC, 0x00,
    0x3F, 0x80, 0x0B, 0xFC, 0x01, 0xF7, 0xF0, 0x3F, 0x0F, 0x8B, 0xC0, 0xBC, 0x00, 0x00, 0x0F, 0xC0,
    0x7D, 0x7C, 0x0B, 0xC3, 0xE0, 0xF8, 0x2F, 0x1F, 0x00, 0xF2, 0xF0, 0x0F, 0x7D, 0x00, 0x7F, 0xC0,
    0x03, 0xF8, 0x00, 0x2F, 0x40, 0x02, 0xF0, 0x00, 0x7E, 0x00, 0x7F, 0xC0, 0x07, 0xE0, 0x00, 0x00,
    0x00, 0x7F, 0xFE, 0x3F, 0xFD, 0x00, 0xFC, 0x02, 0xF0, 0x07, 0xD0, 0x0F, 0x80, 0x2F, 0x00, 0x7F,
    0xFE, 0xBF, 0xFE, 0x02, 0xF0, 0xBF, 0x0B, 0x80, 0xB4, 0x0B, 0x40, 0xF4, 0x7F, 0x0F, 0xD0, 0x6F,
    0x40, 0xB4, 0x0B, 0x40, 0xB4, 0x0B, 0xC0, 0x7F, 0x01, 0xA0, 0x25, 0xD7, 0x5D, 0x75, 0xD7, 0x5D,
    0x75, 0xD7, 0x5D, 0x75, 0xD7, 0x5D, 0x34, 0x7D, 0x01, 0xFC, 0x00, 0xF0, 0x03, 0xC0, 0x0F, 0x00,
    0x3D, 0x00, 0xBE, 0x00, 0xBD, 0x0B, 0xD0, 0x3D, 0x00, 0xF0, 0x03, 0xC0, 0x1F, 0x01, 0xFC, 0x02,
    0x40, 0x00, 0x00, 0x00, 0x0F, 0xF9, 0x67, 0xAF, 0xF8, 0x00, 0x54, 0x00, 0x3E, 0x3F, 0x18, 0x00,
    0x2D, 0x2D, 0x3D, 0x3E, 0x3E, 0x3E, 0x3E, 0x3E, 0x00, 0x00, 0x01, 0xC0, 0x07, 0xE8, 0x3F, 0xFC,
    0x7E, 0x18, 0xBC, 0x00, 0xF8, 0x00, 0xF8, 0x00, 0xBC, 0x00, 0x7F, 0x58, 0x2F, 0xFC, 0x06, 0xE4,
    0x01, 0xC0, 0x00, 0x00, 0x00, 0x00, 0x00, 0x1F, 0xF4, 0x07, 0xFF, 0x80, 0xFC, 0x10, 0x0F, 0x80,
    0x00, 0xF8, 0x00, 0x7F, 0xFE, 0x02, 0xFE, 0x90, 0x0F, 0x80, 0x00, 0xF4, 0x00, 0x2F, 0x00, 0x07,
    0xFF, 0xFC, 0x7F, 0xFF, 0xC0, 0x04, 0x01, 0x0F, 0xFF, 0xD1, 0xFB, 0xE0, 0x74, 0x3C, 0x1D, 0x0F,
    0x03, 0xDB, 0x83, 0xFF, 0xF0, 0x61, 0x08, 0xB8, 0x07, 0xC3, 0xC0, 0xB8, 0x2E, 0x0F, 0x00, 0xF2,
    0xE0, 0x0B, 0xBC, 0x00, 0x3F, 0x80, 0x1F, 0xFF, 0x01, 0xBF, 0xA0, 0x06, 0xF4, 0x01, 0xFF, 0xF0,
    0x02, 0xF0, 0x00, 0x1F, 0x00, 0x25, 0xD7, 0x5D, 0x75, 0xD7, 0x40, 0x00, 0x07, 0x5D, 0x75, 0xD7,
    0x5D, 0x34, 0x06, 0xA4, 0x2F, 0xFC, 0x3C, 0x04, 0x3E, 0x00, 0x0F, 0xE0, 0x3D, 0xBC, 0x3C, 0x2D,
    0x3E, 0x3C, 0x0F, 0xF8, 0x00, 0xBC, 0x00, 0x3D, 0x39, 0x7C, 0x3F, 0xF4, 0x00, 0x00, 0x50, 0x5F,
    0x5F, 0x60, 0x90, 0x00, 0x00, 0x00, 0x00, 0x0B, 0xFE, 0x00, 0x03, 0x80, 0x2C, 0x00, 0xD1, 0xA8,
    0xB0, 0x28, 0x79, 0x83, 0x83, 0x0E, 0x00, 0x1C, 0x30, 0xD0, 0x00, 0xC3, 0x0C, 0x00, 0x0C, 0x30,
    0xD0, 0x01, 0xC2, 0x8B, 0x58, 0x28, 0x0C, 0x1F, 0x87, 0x00, 0x74, 0x02, 0xD0, 0x00, 0xBF, 0xE0,
    0x00, 0x00, 0x00, 0x00, 0x00, 0x02, 0xFC, 0x15, 0xE1, 0xBE, 0x74, 0xE7, 0xAE, 0x2E, 0x60, 0x00,
    0x00, 0x00, 0x3C, 0x3D, 0x0F, 0x8B, 0xC2, 0xF2, 0xF0, 0x3D, 0x3E, 0x02, 0xF1, 0xF0, 0x0B, 0xCB,
    0xC0, 0x3C, 0x3C, 0x00, 0x00, 0x00, 0x3F, 0xFF, 0x9F, 0xFF, 0xF0, 0x00, 0x3C, 0x00, 0x0F, 0x00,
    0x03, 0xC0, 0x6A, 0x6F, 0xF6, 0xA4, 0x00, 0x00, 0x00, 0x00, 0x0B, 0xFE, 0x00, 0x03, 0x80, 0x2C,
    0x00, 0xD6, 0xA4, 0xB0, 0x28, 0x76, 0xC3, 0x83, 0x07, 0x0D, 0x1C, 0x30, 0x71, 0xC0, 0xC3, 0x07,
    0xF4, 0x0C, 0x30, 0x72, 0x81, 0xC2, 0x87, 0x0D, 0x28, 0x0C, 0x60, 0x67, 0x00, 0x74, 0x02, 0xD0,
    0x00, 0xBF, 0xE0, 0x00, 0x00, 0x00, 0x00, 0x15, 0x55, 0x43, 0xFF, 0xFD, 0x15, 0x55, 0x40, 0x00,
    0x00, 0x7F, 0x43, 0xEF, 0x1D, 0x1D, 0x38, 0x74, 0xBF, 0xC0, 0x64, 0x00, 0x00, 0x50, 0x00, 0x38,
    0x00, 0x0E, 0x00, 0x57, 0x94, 0x7F, 0xFF, 0xCA, 0xBE, 0x90, 0x0E, 0x00, 0x03, 0x80, 0x00, 0x90,
    0x0F, 0xFF, 0xE7, 0xFF, 0xFC, 0x00, 0x03, 0xFC, 0x36, 0xD0, 0x2D, 0x07, 0xC1, 0xF0, 0x7E, 0x9B,
    0xFE, 0x00, 0x00, 0x00, 0x07, 0xFC, 0x25, 0xE0, 0x2D, 0x1F, 0xC0, 0x1E, 0x55, 0xF7, 0xFC, 0x00,
    0x00, 0x0B, 0x81, 0xF0, 0x38, 0x00, 0x00, 0x00, 0x3E, 0x03, 0xEF, 0x80, 0xFB, 0xE0, 0x3E, 0xF8,
    0x0F, 0xBE, 0x03, 0xEF, 0xC0, 0xFB, 0xF0, 0x7E, 0xFF, 0xFF, 0xBF, 0xF9, 0xEF, 0x80, 0x03, 0xE0,
    0x00, 0xF8, 0x00, 0x3E, 0x00, 0x00, 0x02, 0xAA, 0x91, 0xFF, 0xFD, 0x3F, 0xF8, 0xD3, 0xFF, 0x8D,
    0x3F, 0xF8, 0xD3, 0xFF, 0x8D, 0x3F, 0xF8, 0xD1, 0xFF, 0x8D, 0x02, 0xB8, 0xD0, 0x02, 0x8D, 0x00,
    0x28, 0xD0, 0x02, 0x8D, 0x00, 0x28, 0xD0, 0x02, 0x8D, 0x00, 0x28, 0xD0, 0x00, 0x00, 0x18, 0x3E,
    0x3E, 0x00, 0x3C, 0x07, 0xC5, 0xF2, 0xF4, 0x00, 0x02, 0xE3, 0xF8, 0xDE, 0x03, 0x81, 0xE0, 0x78,
    0x1E, 0x00, 0x00, 0x00, 0x01, 0xF8, 0x79, 0xEB, 0x0B, 0x70, 0xF3, 0xEE, 0x1F, 0x80, 0x00, 0x00,
    0x03, 0xC3, 0xD0, 0x2F, 0x2F, 0x00, 0xFC, 0xBC, 0x07, 0xD3, 0xD0, 0xF8, 0xFC, 0x2F, 0x2F, 0x02,
    0xC2, 0xC0, 0x00, 0x00, 0x00, 0x0B, 0x40, 0x3C, 0x03, 0xF4, 0x0B, 0x40, 0x3B, 0x40, 0xF0, 0x00,
    0xB4, 0x2D, 0x00, 0x0B, 0x43, 0x80, 0x00, 0xB4, 0xF0, 0xB8, 0x0B, 0x5E, 0x1F, 0x80, 0x03, 0xC3,
    0xB8, 0x00, 0x74, 0xA7, 0x80, 0x0F, 0x1E, 0xBD, 0x02, 0xD1, 0xFF, 0xE0, 0x3C, 0x00, 0x78, 0x0B,
    0x40, 0x3C, 0x03, 0xF4, 0x0B, 0x40, 0x3B, 0x40, 0xF0, 0x00, 0xB4, 0x2D, 0x00, 0x0B, 0x43, 0x81,
    0x00, 0xB4, 0xF7, 0xFD, 0x0B, 0x5E, 0x25, 0xE0, 0x03, 0xC0, 0x1E, 0x00, 0x74, 0x03, 0xC0, 0x0F,
    0x00, 0xF0, 0x02, 0xD0, 0x3F, 0xA0, 0x3C, 0x07, 0xFF, 0x00, 0x00, 0x00, 0x02, 0xFC, 0x01, 0xD0,
    0x26, 0xE0, 0x3C, 0x00, 0x1D, 0x0B, 0x40, 0x0F, 0x80, 0xF0, 0x00, 0x5E, 0x2D, 0x00, 0x10, 0xF3,
    0x87, 0xC3, 0xFD, 0xF0, 0xFC, 0x05, 0x1E, 0x3B, 0xC0, 0x03, 0xC7, 0x3C, 0x00, 0x78, 0xFB, 0xE0,
    0x0F, 0x0F, 0xFE, 0x02, 0xD0, 0x03, 0xC0, 0x00, 0x00, 0x03, 0xF0, 0x03, 0xF0, 0x00, 0x40, 0x00,
    0x00, 0x01, 0xE0, 0x03, 0xD0, 0x1F, 0x80, 0x7D, 0x00, 0xBC, 0x00, 0xBC, 0x08, 0x7F, 0xFE, 0x1F,
    0xF8, 0x01, 0xF0, 0x00, 0x00, 0xBC, 0x00, 0x00, 0x1E, 0x00, 0x00, 0x00, 0x00, 0x00, 0xFD, 0x00,
    0x01, 0xFF, 0x00, 0x02, 0xEF, 0x00, 0x03, 0xDF, 0x80, 0x07, 0xCB, 0xC0, 0x0B, 0xC3, 0xC0, 0x0F,
    0x43, 0xE0, 0x1F, 0xFF, 0xF0, 0x3F, 0xFF, 0xF4, 0x3E, 0x00, 0xF8, 0x7C, 0x00, 0xBC, 0xFC, 0x00,
    0x7D, 0x00, 0x0B, 0x80, 0x00, 0x2F, 0x00, 0x00, 0x78, 0x00, 0x00, 0x00, 0x00, 0x00, 0xFD, 0x00,
    0x01, 0xFF, 0x00, 0x02, 0xEF, 0x00, 0x03, 0xDF, 0x80, 0x07, 0xCB, 0xC0, 0x0B, 0xC3, 0xC0, 0x0F,
    0x43, 0xE0, 0x1F, 0xFF, 0xF0, 0x3F, 0xFF, 0xF4, 0x3E, 0x00, 0xF8, 0x7C, 0x00, 0xBC, 0xFC, 0x00,
    0x7D, 0x00, 0xBC, 0x00, 0x01, 0xFF, 0x00, 0x07, 0x83, 0x80, 0x00, 0x00, 0x00, 0x00, 0xFD, 0x00,
    0x01, 0xFF, 0x00, 0x02, 0xEF, 0x00, 0x03, 0xDF, 0x80, 0x07, 0xCB, 0xC0, 0x0B, 0xC3, 0xC0, 0x0F,
    0x43, 0xE0, 0x1F, 0xFF, 0xF0, 0x3F, 0xFF, 0xF4, 0x3E, 0x00, 0xF8, 0x7C, 0x00, 0xBC, 0xFC, 0x00,
    0x7D, 0x00, 0x90, 0x80, 0x03, 0xFF, 0xC0, 0x07, 0x1F, 0x40, 0x00, 0x00, 0x00, 0x00, 0xFD, 0x00,
    0x01, 0xFF, 0x00, 0x02, 0xEF, 0x00, 0x03, 0xDF, 0x80, 0x07, 0xCB, 0xC0, 0x0B, 0xC3, 0xC0, 0x0F,
    0x43, 0xE0, 0x1F, 0xFF, 0xF0, 0x3F, 0xFF, 0xF4, 0x3E, 0x00, 0xF8, 0x7C, 0x00, 0xBC, 0xFC, 0x00,
    0x7D, 0x01, 0x42, 0x00, 0x03, 0xCB, 0x80, 0x02, 0x42, 0x00, 0x00, 0x00, 0x00, 0x00, 0xFD, 0x00,
    0x01, 0xFF, 0x00, 0x02, 0xEF, 0x00, 0x03, 0xDF, 0x80, 0x07, 0xCB, 0xC0, 0x0B, 0xC3, 0xC0, 0x0F,
    0x43, 0xE0, 0x1F, 0xFF, 0xF0, 0x3F, 0xFF, 0xF4, 0x3E, 0x00, 0xF8, 0x7C, 0x00, 0xBC, 0xFC, 0x00,
    0x7D, 0x00, 0xBC, 0x00, 0x00, 0xDA, 0x00, 0x00, 0xDA, 0x00, 0x00, 0xFE, 0x00, 0x01, 0xFF, 0x00,
    0x02, 0xEF, 0x00, 0x03, 0xDF, 0x80, 0x07, 0xCB, 0xC0, 0x0B, 0xC3, 0xC0, 0x0F, 0x43, 0xE0, 0x1F,
    0xFF, 0xF0, 0x3F, 0xFF, 0xF4, 0x3E, 0x00, 0xF8, 0x7C, 0x00, 0xBC, 0xFC, 0x00, 0x7D, 0x00, 0x3F,
    0xFF, 0xFC, 0x01, 0xFF, 0xFF, 0xF0, 0x0F, 0x9F, 0x40, 0x00, 0x3C, 0x3D, 0x00, 0x02, 0xF0, 0xF4,
    0x00, 0x0F, 0x43, 0xFF, 0xE0, 0xBC, 0x0F, 0xFF, 0x83, 0xFF, 0xFD, 0x00, 0x1F, 0xFF, 0xF4, 0x00,
    0xF8, 0x07, 0xD0, 0x07, 0xC0, 0x0F, 0xFF, 0xFF, 0x00, 0x3F, 0xFF, 0x00, 0x00, 0x00, 0x06, 0xFF,
    0x80, 0x7F, 0xFF, 0x03, 0xF4, 0x14, 0x2F, 0x00, 0x00, 0xF8, 0x00, 0x03, 0xE0, 0x00, 0x0F, 0x80,
    0x00, 0x3E, 0x00, 0x00, 0xBC, 0x00, 0x01, 0xFC, 0x01, 0x02, 0xFF, 0xF8, 0x01, 0xFF, 0xD0, 0x00,
    0xF0, 0x00, 0x01, 0xF0, 0x00, 0x17, 0xC0, 0x00, 0xBD, 0x00, 0x2E, 0x00, 0x0B, 0x80, 0x02, 0xD0,
    0x00, 0x00, 0x7F, 0xFD, 0xBF, 0xFD, 0xBC, 0x00, 0xBC, 0x00, 0xBC, 0x00, 0xBF, 0xFC, 0xBF, 0xFC,
    0xBC, 0x00, 0xBC, 0x00, 0xBC, 0x00, 0xBF, 0xFD, 0xBF, 0xFD, 0x00, 0xB8, 0x03, 0xE0, 0x07, 0x40,
    0x00, 0x00, 0x7F, 0xFD, 0xBF, 0xFD, 0xBC, 0x00, 0xBC, 0x00, 0xBC, 0x00, 0xBF, 0xFC, 0xBF, 0xFC,
    0xBC, 0x00, 0xBC, 0x00, 0xBC, 0x00, 0xBF, 0xFD, 0xBF, 0xFD, 0x07, 0xD0, 0x1F, 0xF0, 0x38, 0x3C,
    0x00, 0x00, 0x7F, 0xFD, 0xBF, 0xFD, 0xBC, 0x00, 0xBC, 0x00, 0xBC, 0x00, 0xBF, 0xFC, 0xBF, 0xFC,
    0xBC, 0x00, 0xBC, 0x00, 0xBC, 0x00, 0xBF, 0xFD, 0xBF, 0xFD, 0x14, 0x14, 0x3D, 0x7C, 0x18, 0x24,
    0x00, 0x00, 0x7F, 0xFD, 0xBF, 0xFD, 0xBC, 0x00, 0xBC, 0x00, 0xBC, 0x00, 0xBF, 0xFC, 0xBF, 0xFC,
    0xBC, 0x00, 0xBC, 0x00, 0xBC, 0x00, 0xBF, 0xFD, 0xBF, 0xFD, 0x7C, 0x02, 0xF0, 0x07, 0x80, 0x00,
    0x7F, 0xF7, 0xFE, 0x0F, 0x80, 0xF8, 0x0F, 0x80, 0xF8, 0x0F, 0x80, 0xF8, 0x0F, 0x80, 0xF8, 0x7F,
    0xE7, 0xFF, 0x02, 0xE0, 0x2F, 0x01, 0xE0, 0x00, 0x00, 0x7F, 0xF1, 0xFF, 0x80, 0xF8, 0x03, 0xE0,
    0x0F, 0x80, 0x3E, 0x00, 0xF8, 0x03, 0xE0, 0x0F, 0x80, 0x3E, 0x07, 0xFE, 0x1F, 0xFC, 0x07, 0xE0,
    0x0F, 0xF4, 0x3C, 0x2D, 0x00, 0x00, 0x1F, 0xFC, 0x1F, 0xF8, 0x03, 0xE0, 0x03, 0xE0, 0x03, 0xE0,
    0x03, 0xE0, 0x03, 0xE0, 0x03, 0xE0, 0x03, 0xE0, 0x03, 0xE0, 0x1F, 0xF8, 0x1F, 0xFC, 0x20, 0x52,
    0xE3, 0xC6, 0x0A, 0x00, 0x00, 0x7F, 0xF1, 0xFF, 0x80, 0xF8, 0x03, 0xE0, 0x0F, 0x80, 0x3E, 0x00,
    0xF8, 0x03, 0xE0, 0x0F, 0x80, 0x3E, 0x07, 0xFE, 0x1F, 0xFC, 0x1F, 0xFE, 0x40, 0x2F, 0xFF, 0xE0,
    0x2F, 0x07, 0xF4, 0x2F, 0x00, 0xFC, 0x2F, 0x00, 0xBC, 0xBF, 0xF0, 0x7D, 0xBF, 0xF0, 0x7D, 0x2F,
    0x00, 0xBC, 0x2F, 0x00, 0xFC, 0x2F, 0x07, 0xF4, 0x2F, 0xFF, 0xE0, 0x2F, 0xFE, 0x00, 0x00, 0x90,
    0x80, 0x03, 0xFF, 0xC0, 0x07, 0x1F, 0x00, 0x00, 0x00, 0x00, 0x7F, 0x00, 0x3C, 0xBF, 0x80, 0x3C,
    0xBF, 0xC0, 0x3C, 0xBB, 0xE0, 0x3C, 0xB9, 0xF0, 0x3C, 0xB8, 0xFC, 0x3C, 0xB8, 0x7D, 0x3C, 0xBC,
    0x2F, 0x3C, 0xBC, 0x0F, 0xBC, 0xBC, 0x0B, 0xFC, 0xBC, 0x03, 0xFC, 0xBC, 0x01, 0xFC, 0x00, 0xBC,
    0x00, 0x00, 0x0B, 0xC0, 0x00, 0x00, 0x78, 0x00, 0x00, 0x00, 0x00, 0x01, 0xFF, 0xD0, 0x02, 0xFF,
    0xFE, 0x01, 0xFC, 0x0B, 0xD0, 0xBC, 0x00, 0xFC, 0x3F, 0x00, 0x2F, 0x0F, 0x80, 0x07, 0xC3, 0xE0,
    0x01, 0xF0, 0xF8, 0x00, 0xBC, 0x2F, 0x00, 0x3F, 0x07, 0xF0, 0x2F, 0x80, 0xBF, 0xFF, 0xC0, 0x07,
    0xFF, 0x80, 0x00, 0x00, 0x00, 0x00, 0x00, 0x02, 0xE0, 0x00, 0x03, 0xE0, 0x00, 0x01, 0xD0, 0x00,
    0x00, 0x00, 0x00, 0x01, 0xFF, 0xD0, 0x02, 0xFF, 0xFE, 0x01, 0xFC, 0x0B, 0xD0, 0xBC, 0x00, 0xFC,
    0x3F, 0x00, 0x2F, 0x0F, 0x80, 0x07, 0xC3, 0xE0, 0x01, 0xF0, 0xF8, 0x00, 0xBC, 0x2F, 0x00, 0x3F,
    0x07, 0xF0, 0x2F, 0x80, 0xBF, 0xFF, 0xC0, 0x07, 0xFF, 0x80, 0x00, 0x00, 0x00, 0x00, 0x00, 0x2F,
    0x00, 0x00, 0x2F, 0xF0, 0x00, 0x1D, 0x1E, 0x00, 0x00, 0x00, 0x00, 0x01, 0xFF, 0xD0, 0x02, 0xFF,
    0xFE, 0x01, 0xFC, 0x0B, 0xD0, 0xBC, 0x00, 0xFC, 0x3F, 0x00, 0x2F, 0x0F, 0x80, 0x07, 0xC3, 0xE0,
    0x01, 0xF0, 0xF8, 0x00, 0xBC, 0x2F, 0x00, 0x3F, 0x07, 0xF0, 0x2F, 0x80, 0xBF, 0xFF, 0xC0, 0x07,
    0xFF, 0x80, 0x00, 0x00, 0x00, 0x00, 0x00, 0x64, 0x20, 0x00, 0x7F, 0xFC, 0x00, 0x28, 0x7C, 0x00,
    0x00, 0x00, 0x00, 0x01, 0xFF, 0xD0, 0x02, 0xFF, 0xFE, 0x01, 0xFC, 0x0B, 0xD0, 0xBC, 0x00, 0xFC,
    0x3F, 0x00, 0x2F, 0x0F, 0x80, 0x07, 0xC3, 0xE0, 0x01, 0xF0, 0xF8, 0x00, 0xBC, 0x2F, 0x00, 0x3F,
    0x07, 0xF0, 0x2F, 0x80, 0xBF, 0xFF, 0xC0, 0x07, 0xFF, 0x80, 0x00, 0x00, 0x00, 0x00, 0x00, 0x50,
    0x80, 0x00, 0x7C, 0xB8, 0x00, 0x09, 0x18, 0x00, 0x00, 0x00, 0x00, 0x01, 0xFF, 0xD0, 0x02, 0xFF,
    0xFE, 0x01, 0xFC, 0x0B, 0xD0, 0xBC, 0x00, 0xFC, 0x3F, 0x00, 0x2F, 0x0F, 0x80, 0x07, 0xC3, 0xE0,
    0x01, 0xF0, 0xF8, 0x00, 0xBC, 0x2F, 0x00, 0x3F, 0x07, 0xF0, 0x2F, 0x80, 0xBF, 0xFF, 0xC0, 0x07,
    0xFF, 0x80, 0x00, 0x00, 0x00, 0x00, 0x10, 0x04, 0xB4, 0x3C, 0x3D, 0xF8, 0x0F, 0xE0, 0x0F, 0xD0,
    0x3E, 0xF4, 0xB8, 0x3C, 0x20, 0x04, 0x00, 0x00, 0x04, 0x00, 0x7F, 0xFF, 0x00, 0xBF, 0xFF, 0xC0,
    0x7F, 0x03, 0xF4, 0x2F, 0x02, 0xFF, 0x0F, 0xC1, 0xEB, 0xC3, 0xE0, 0xF1, 0xF0, 0xF8, 0xB4, 0x7C,
    0x3E, 0x78, 0x2F, 0x0B, 0xFC, 0x0F, 0xC1, 0xFD, 0x0B, 0xE0, 0x2F, 0xFF, 0xF0, 0x0F, 0xFF, 0xE0,
    0x01, 0x40, 0x00, 0x00, 0x07, 0xC0, 0x00, 0x0B, 0xC0, 0x00, 0x07, 0x80, 0x00, 0x00, 0x00, 0xBC,
    0x01, 0xF2, 0xF0, 0x07, 0xCB, 0xC0, 0x1F, 0x2F, 0x00, 0x7C, 0xBC, 0x01, 0xF2, 0xF0, 0x07, 0xCB,
    0xC0, 0x1F, 0x2F, 0x00, 0x7C, 0xBC, 0x01, 0xF1, 0xF8, 0x0F, 0xC2, 0xFF, 0xFD, 0x02, 0xFF, 0xD0,
    0x00, 0x00, 0x00, 0x00, 0x2E, 0x00, 0x01, 0xF0, 0x00, 0x0E, 0x00, 0x00, 0x00, 0x00, 0xBC, 0x01,
    0xF2, 0xF0, 0x07, 0xCB, 0xC0, 0x1F, 0x2F, 0x00, 0x7C, 0xBC, 0x01, 0xF2, 0xF0, 0x07, 0xCB, 0xC0,
    0x1F, 0x2F, 0x00, 0x7C, 0xBC, 0x01, 0xF1, 0xF8, 0x0F, 0xC2, 0xFF, 0xFD, 0x02, 0xFF, 0xD0, 0x00,
    0x00, 0x00, 0x00, 0xF8, 0x00, 0x0F, 0xF4, 0x00, 0xB0, 0xB4, 0x00, 0x00, 0x00, 0xBC, 0x01, 0xF2,
    0xF0, 0x07, 0xCB, 0xC0, 0x1F, 0x2F, 0x00, 0x7C, 0xBC, 0x01, 0xF2, 0xF0, 0x07, 0xCB, 0xC0, 0x1F,
    0x2F, 0x00, 0x7C, 0xBC, 0x01, 0xF1, 0xF8, 0x0F, 0xC2, 0xFF, 0xFD, 0x02, 0xFF, 0xD0, 0x00, 0x00,
    0x00, 0x02, 0x05, 0x00, 0x2E, 0x3C, 0x00, 0x20, 0x60, 0x00, 0x00, 0x00, 0xBC, 0x01, 0xF2, 0xF0,
    0x07, 0xCB, 0xC0, 0x1F, 0x2F, 0x00, 0x7C, 0xBC, 0x01, 0xF2, 0xF0, 0x07, 0xCB, 0xC0, 0x1F, 0x2F,
    0x00, 0x7C, 0xBC, 0x01, 0xF1, 0xF8, 0x0F, 0xC2, 0xFF, 0xFD, 0x02, 0xFF, 0xD0, 0x00, 0x00, 0x00,
    0x00, 0x1F, 0x40, 0x00, 0xF4, 0x00, 0x0F, 0x00, 0x00, 0x00, 0x00, 0xBC, 0x02, 0xF1, 0xF4, 0x0F,
    0x82, 0xF0, 0xBC, 0x03, 0xD3, 0xE0, 0x0B, 0xEF, 0x00, 0x0F, 0xF8, 0x00, 0x2F, 0xC0, 0x00, 0x3E,
    0x00, 0x00, 0xF8, 0x00, 0x03, 0xE0, 0x00, 0x0F, 0x80, 0x00, 0x3E, 0x00, 0x7C, 0x00, 0x2F, 0x00,
    0x0B, 0xFF, 0x82, 0xFF, 0xFC, 0xBC, 0x1F, 0xAF, 0x03, 0xEB, 0xC0, 0xFA, 0xF5, 0xFD, 0xBF, 0xFE,
    0x2F, 0xA8, 0x0B, 0xC0, 0x02, 0xF0, 0x00, 0x06, 0xA8, 0x00, 0xFF, 0xFD, 0x0B, 0xE1, 0xFC, 0x3F,
    0x02, 0xF0, 0xF8, 0x1F, 0x83, 0xE1, 0xF4, 0x0F, 0x8F, 0xC0, 0x3E, 0x2F, 0xD0, 0xF8, 0x1F, 0xD3,
    0xE0, 0x0F, 0xCF, 0x80, 0x2F, 0x3E, 0x3A, 0xFC, 0xF8, 0xFF, 0xC0, 0x00, 0x00, 0x00, 0x03, 0xD0,
    0x00, 0x7C, 0x00, 0x03, 0xC0, 0x00, 0x40, 0x0F, 0xFE, 0x03, 0xEB, 0xE0, 0x00, 0xFC, 0x06, 0xBF,
    0x2F, 0xFF, 0xCF, 0x82, 0xF7, 0xD0, 0xFC, 0xFE, 0xFF, 0x1F, 0xE3, 0xC0, 0x00, 0x00, 0x00, 0x2E,
    0x00, 0x1F, 0x00, 0x0E, 0x00, 0x00, 0x40, 0x0F, 0xFE, 0x03, 0xEB, 0xE0, 0x00, 0xFC, 0x06, 0xBF,
    0x2F, 0xFF, 0xCF, 0x82, 0xF7, 0xD0, 0xFC, 0xFE, 0xFF, 0x1F, 0xE3, 0xC0, 0x00, 0x00, 0x01, 0xF4,
    0x01, 0xFF, 0x40, 0xE0, 0xB0, 0x00, 0x40, 0x0F, 0xFE, 0x03, 0xEB, 0xE0, 0x00, 0xFC, 0x06, 0xBF,
    0x2F, 0xFF, 0xCF, 0x82, 0xF7, 0xD0, 0xFC, 0xFE, 0xFF, 0x1F, 0xE3, 0xC0, 0x00, 0x00, 0x02, 0x42,
    0x43, 0xFF, 0xC0, 0xC6, 0xD0, 0x00, 0x40, 0x0F, 0xFE, 0x03, 0xEB, 0xE0, 0x00, 0xFC, 0x06, 0xBF,
    0x2F, 0xFF, 0xCF, 0x82, 0xF7, 0xD0, 0xFC, 0xFE, 0xFF, 0x1F, 0xE3, 0xC0, 0x00, 0x00, 0x05, 0x05,
    0x03, 0xD7, 0xC0, 0x60, 0x90, 0x00, 0x40, 0x0F, 0xFE, 0x03, 0xEB, 0xE0, 0x00, 0xFC, 0x06, 0xBF,
    0x2F, 0xFF, 0xCF, 0x82, 0xF7, 0xD0, 0xFC, 0xFE, 0xFF, 0x1F, 0xE3, 0xC0, 0x00, 0x00, 0x01, 0xF4,
    0x00, 0xDB, 0x00, 0x3A, 0xC0, 0x07, 0xD0, 0x00, 0x10, 0x03, 0xFF, 0x80, 0xFA, 0xF8, 0x00, 0x3F,
    0x01, 0xAF, 0xCB, 0xFF, 0xF3, 0xE0, 0xBD, 0xF4, 0x3F, 0x3F, 0xBF, 0xC7, 0xF8, 0xF0, 0x00, 0x00,
    0x00, 0x40, 0x04, 0x00, 0x3F, 0xFB, 0xFF, 0x00, 0xFA, 0xFF, 0xBF, 0x00, 0x03, 0xF0, 0x3D, 0x06,
    0xAF, 0xEA, 0xF8, 0xBF, 0xFF, 0xFF, 0xE3, 0xE0, 0xFC, 0x00, 0x1F, 0x43, 0xF0, 0x00, 0x3F, 0xBF,
    0xFA, 0xF0, 0x7F, 0xD2, 0xFF, 0x80, 0x00, 0x00, 0x00, 0x00, 0x00, 0x10, 0x01, 0xFF, 0xC1, 0xFF,
    0xE0, 0xFC, 0x00, 0x3D, 0x00, 0x0F, 0x40, 0x03, 0xD0, 0x00, 0xFC, 0x04, 0x1F, 0xFF, 0x01, 0xFF,
    0x80, 0x0E, 0x00, 0x01, 0xE0, 0x01, 0x7C, 0x00, 0xFD, 0x00, 0x03, 0xD0, 0x00, 0x1F, 0x00, 0x00,
    0x3C, 0x00, 0x00, 0x00, 0x07, 0xFE, 0x01, 0xFA, 0xF8, 0x3E, 0x07, 0xC3, 0xFA, 0xBC, 0x3F, 0xFF,
    0xC3, 0xD0, 0x00, 0x3F, 0x00, 0x01, 0xFE, 0xF8, 0x07, 0xFF, 0x40, 0x00, 0x00, 0x00, 0x2E, 0x00,
    0x07, 0xC0, 0x00, 0xE0, 0x00, 0x00, 0x00, 0x07, 0xFE, 0x01, 0xFA, 0xF8, 0x3E, 0x07, 0xC3, 0xFA,
    0xBC, 0x3F, 0xFF, 0xC3, 0xD0, 0x00, 0x3F, 0x00, 0x01, 0xFE, 0xF8, 0x07, 0xFF, 0x40, 0x00, 0x00,
    0x01, 0xF4, 0x00, 0x7F, 0xD0, 0x0E, 0x0B, 0x00, 0x00, 0x00, 0x07, 0xFE, 0x01, 0xFA, 0xF8, 0x3E,
    0x07, 0xC3, 0xFA, 0xBC, 0x3F, 0xFF, 0xC3, 0xD0, 0x00, 0x3F, 0x00, 0x01, 0xFE, 0xF8, 0x07, 0xFF,
    0x40, 0x00, 0x00, 0x05, 0x05, 0x00, 0xF5, 0xF0, 0x06, 0x09, 0x00, 0x00, 0x00, 0x07, 0xFE, 0x01,
    0xFA, 0xF8, 0x3E, 0x07, 0xC3, 0xFA, 0xBC, 0x3F, 0xFF, 0xC3, 0xD0, 0x00, 0x3F, 0x00, 0x01, 0xFE,
    0xF8, 0x07, 0xFF, 0x40, 0x00, 0x00, 0x2E, 0x00, 0xB8, 0x02, 0xD0, 0x00, 0x0F, 0xC0, 0xFC, 0x0F,
    0xC0, 0xFC, 0x0F, 0xC0, 0xFC, 0x0F, 0xC0, 0xFC, 0x0F, 0xC0, 0x0F, 0x4F, 0x8B, 0x40, 0x00, 0xFC,
    0x3F, 0x0F, 0xC3, 0xF0, 0xFC, 0x3F, 0x0F, 0xC3, 0xF0, 0xFC, 0x00, 0x0B, 0x80, 0xBF, 0x8B, 0x47,
    0x80, 0x00, 0x0F, 0xC0, 0x3F, 0x00, 0xFC, 0x03, 0xF0, 0x0F, 0xC0, 0x3F, 0x00, 0xFC, 0x03, 0xF0,
    0x0F, 0xC0, 0x24, 0x61, 0xF3, 0xD2, 0x46, 0x00, 0x00, 0x0F, 0xC0, 0x3F, 0x00, 0xFC, 0x03, 0xF0,
    0x0F, 0xC0, 0x3F, 0x00, 0xFC, 0x03, 0xF0, 0x0F, 0xC0, 0x01, 0x42, 0x00, 0x2F, 0xF4, 0x00, 0xFD,
    0x00, 0x3E, 0xF0, 0x00, 0x0B, 0xC0, 0xBF, 0xFC, 0x2F, 0xFF, 0xD3, 0xE0, 0x7E, 0x3D, 0x03, 0xE3,
    0xD0, 0x3E, 0x3E, 0x07, 0xD1, 0xFE, 0xF8, 0x07, 0xFE, 0x00, 0x00, 0x00, 0x06, 0x46, 0x07, 0xFF,
    0x82, 0x8B, 0x80, 0x00, 0x40, 0xF6, 0xFE, 0x3F, 0xFF, 0xDF, 0xC0, 0xFB, 0xF0, 0x3E, 0xF8, 0x0F,
    0xBE, 0x03, 0xEF, 0x80, 0xFB, 0xE0, 0x3E, 0xF8, 0x0F, 0x80, 0x02, 0xE0, 0x00, 0x0F, 0x40, 0x00,
    0x2C, 0x00, 0x01, 0x00, 0x07, 0xFE, 0x01, 0xFE, 0xFC, 0x3E, 0x07, 0xD3, 0xD0, 0x3E, 0x3D, 0x03,
    0xE3, 0xD0, 0x3E, 0x3F, 0x07, 0xD1, 0xFF, 0xFC, 0x07, 0xFE, 0x00, 0x00, 0x00, 0x00, 0x1F, 0x40,
    0x03, 0xD0, 0x00, 0xF0, 0x00, 0x01, 0x00, 0x07, 0xFE, 0x01, 0xFE, 0xFC, 0x3E, 0x07, 0xD3, 0xD0,
    0x3E, 0x3D, 0x03, 0xE3, 0xD0, 0x3E, 0x3F, 0x07, 0xD1, 0xFF, 0xFC, 0x07, 0xFE, 0x00, 0x00, 0x00,
    0x00, 0xF8, 0x00, 0x3F, 0xD0, 0x0B, 0x0B, 0x40, 0x01, 0x00, 0x07, 0xFE, 0x01, 0xFE, 0xFC, 0x3E,
    0x07, 0xD3, 0xD0, 0x3E, 0x3D, 0x03, 0xE3, 0xD0, 0x3E, 0x3F, 0x07, 0xD1, 0xFF, 0xFC, 0x07, 0xFE,
    0x00, 0x00, 0x00, 0x01, 0x81, 0x40, 0xBF, 0xF4, 0x0D, 0x2E, 0x00, 0x01, 0x00, 0x07, 0xFE, 0x01,
    0xFE, 0xFC, 0x3E, 0x07, 0xD3, 0xD0, 0x3E, 0x3D, 0x03, 0xE3, 0xD0, 0x3E, 0x3F, 0x07, 0xD1, 0xFF,
    0xFC, 0x07, 0xFE, 0x00, 0x00, 0x00, 0x02, 0x05, 0x00, 0xB8, 0xF0, 0x06, 0x0A, 0x00, 0x01, 0x00,
    0x07, 0xFE, 0x01, 0xFE, 0xFC, 0x3E, 0x07, 0xD3, 0xD0, 0x3E, 0x3D, 0x03, 0xE3, 0xD0, 0x3E, 0x3F,
    0x07, 0xD1, 0xFF, 0xFC, 0x07, 0xFE, 0x00, 0x00, 0x00, 0x00, 0xE0, 0x00, 0x7C, 0x00, 0x04, 0x00,
    0xFF, 0xFE, 0x7F, 0xFF, 0xC0, 0x00, 0x00, 0x1F, 0x00, 0x07, 0xC0, 0x00, 0x00, 0x00, 0x00, 0x00,
    0x00, 0x7F, 0xF8, 0x1F, 0xFF, 0xC3, 0xE1, 0xFD, 0x3D, 0x3F, 0xD3, 0xDB, 0x3E, 0x3E, 0xD3, 0xD3,
    0xFC, 0x7C, 0x1F, 0xFF, 0x81, 0xFF, 0xE0, 0x04, 0x00, 0x00, 0x0B, 0x80, 0x00, 0xF8, 0x00, 0x0B,
    0x40, 0x00, 0x00, 0xF8, 0x0F, 0xBE, 0x03, 0xEF, 0x80, 0xFB, 0xE0, 0x3E, 0xF8, 0x0F, 0xBE, 0x03,
    0xEF, 0xC1, 0xFA, 0xFF, 0xFE, 0x2F, 0xE7, 0x80, 0x00, 0x00, 0x00, 0x3D, 0x00, 0x3E, 0x00, 0x2D,
    0x00, 0x00, 0x00, 0xF8, 0x0F, 0xBE, 0x03, 0xEF, 0x80, 0xFB, 0xE0, 0x3E, 0xF8, 0x0F, 0xBE, 0x03,
    0xEF, 0xC1, 0xFA, 0xFF, 0xFE, 0x2F, 0xE7, 0x80, 0x00, 0x00, 0x02, 0xE0, 0x03, 0xFE, 0x02, 0xD1,
    0xD0, 0x00, 0x00, 0xF8, 0x0F, 0xBE, 0x03, 0xEF, 0x80, 0xFB, 0xE0, 0x3E, 0xF8, 0x0F, 0xBE, 0x03,
    0xEF, 0xC1, 0xFA, 0xFF, 0xFE, 0x2F, 0xE7, 0x80, 0x00, 0x00, 0x08, 0x14, 0x0B, 0x8F, 0x40, 0x91,
    0x80, 0x00, 0x00, 0xF8, 0x0F, 0xBE, 0x03, 0xEF, 0x80, 0xFB, 0xE0, 0x3E, 0xF8, 0x0F, 0xBE, 0x03,
    0xEF, 0xC1, 0xFA, 0xFF, 0xFE, 0x2F, 0xE7, 0x80, 0x00, 0x00, 0x00, 0x2E, 0x00, 0x0B, 0xC0, 0x01,
    0xE0, 0x00, 0x00, 0x00, 0xFC, 0x07, 0xD7, 0xC0, 0xBC, 0x3E, 0x0F, 0x82, 0xF1, 0xF0, 0x0F, 0x2F,
    0x00, 0xF7, 0xD0, 0x07, 0xFC, 0x00, 0x3F, 0x80, 0x02, 0xF4, 0x00, 0x2F, 0x00, 0x07, 0xE0, 0x07,
    0xFC, 0x00, 0x7E, 0x00, 0x00, 0xA4, 0x00, 0x3E, 0x00, 0x0F, 0x80, 0x03, 0xE0, 0x00, 0xFA, 0xFD,
    0x3F, 0xFF, 0xCF, 0xC0, 0xFB, 0xF0, 0x3E, 0xF8, 0x0F, 0xBF, 0x03, 0xEF, 0xC1, 0xF7, 0xFF, 0xFC,
    0xFA, 0xFD, 0x3E, 0x00, 0x0F, 0x80, 0x03, 0xE0, 0x00, 0xF8, 0x00, 0x00, 0x05, 0x08, 0x00, 0xF2,
    0xE0, 0x09, 0x08, 0x00, 0x00, 0x00, 0xFC, 0x07, 0xD7, 0xC0, 0xBC, 0x3E, 0x0F, 0x82, 0xF1, 0xF0,
    0x0F, 0x2F, 0x00, 0xF7, 0xD0, 0x07, 0xFC, 0x00, 0x3F, 0x80, 0x02, 0xF4, 0x00, 0x2F, 0x00, 0x07,
    0xE0, 0x07, 0xFC, 0x00, 0x7E, 0x00, 0x00, 0x02, 0xAA, 0x40, 0x03, 0xFF, 0x40, 0x00, 0x00, 0x00,
    0x00, 0xFD, 0x00, 0x01, 0xFF, 0x00, 0x02, 0xEF, 0x00, 0x03, 0xDF, 0x80, 0x07, 0xCB, 0xC0, 0x0B,
    0xC3, 0xC0, 0x0F, 0x43, 0xE0, 0x1F, 0xFF, 0xF0, 0x3F, 0xFF, 0xF4, 0x3E, 0x00, 0xF8, 0x7C, 0x00,
    0xBC, 0xFC, 0x00, 0x7D, 0x0A, 0xAA, 0x02, 0xFF, 0x80, 0x01, 0x00, 0x3F, 0xF8, 0x0F, 0xAF, 0x80,
    0x03, 0xF0, 0x1A, 0xFC, 0xBF, 0xFF, 0x3E, 0x0B, 0xDF, 0x43, 0xF3, 0xFB, 0xFC, 0x7F, 0x8F, 0x00,
    0x00, 0x00, 0x03, 0x01, 0xC0, 0x03, 0xFF, 0x80, 0x00, 0xBE, 0x00, 0x00, 0x00, 0x00, 0x00, 0xFD,
    0x00, 0x01, 0xFF, 0x00, 0x02, 0xEF, 0x00, 0x03, 0xDF, 0x80, 0x07, 0xCB, 0xC0, 0x0B, 0xC3, 0xC0,
    0x0F, 0x43, 0xE0, 0x1F, 0xFF, 0xF0, 0x3F, 0xFF, 0xF4, 0x3E, 0x00, 0xF8, 0x7C, 0x00, 0xBC, 0xFC,
    0x00, 0x7D, 0x0D, 0x03, 0x42, 0xFF, 0xC0, 0x2F, 0x80, 0x00, 0x40, 0x0F, 0xFE, 0x03, 0xEB, 0xE0,
    0x00, 0xFC, 0x06, 0xBF, 0x2F, 0xFF, 0xCF, 0x82, 0xF7, 0xD0, 0xFC, 0xFE, 0xFF, 0x1F, 0xE3, 0xC0,
    0x00, 0x00, 0x00, 0xFD, 0x00, 0x01, 0xFF, 0x00, 0x02, 0xEF, 0x00, 0x03, 0xDF, 0x80, 0x07, 0xCB,
    0xC0, 0x0B, 0xC3, 0xC0, 0x0F, 0x43, 0xE0, 0x1F, 0xFF, 0xF0, 0x3F, 0xFF, 0xF4, 0x3E, 0x00, 0xF8,
    0x7C, 0x00, 0xBC, 0xFC, 0x00, 0x7D, 0x00, 0x00, 0x34, 0x00, 0x00, 0xF0, 0x00, 0x00, 0xF9, 0x00,
    0x00, 0x7D, 0x00, 0x10, 0x03, 0xFF, 0x80, 0xFA, 0xF8, 0x00, 0x3F, 0x01, 0xAF, 0xCB, 0xFF, 0xF3,
    0xE0, 0xBD, 0xF4, 0x3F, 0x3F, 0xBF, 0xC7, 0xF8, 0xF0, 0x00, 0xB0, 0x00, 0x34, 0x00, 0x1F, 0x80,
    0x02, 0xF0, 0x00, 0x07, 0xD0, 0x00, 0x3D, 0x00, 0x03, 0xC0, 0x00, 0x00, 0x00, 0x01, 0xBF, 0xE0,
    0x1F, 0xFF, 0xC0, 0xFD, 0x05, 0x0B, 0xC0, 0x00, 0x3E, 0x00, 0x00, 0xF8, 0x00, 0x03, 0xE0, 0x00,
    0x0F, 0x80, 0x00, 0x2F, 0x00, 0x00, 0x7F, 0x00, 0x40, 0xBF, 0xFE, 0x00, 0x7F, 0xF4, 0x00, 0x00,
    0x00, 0x00, 0x2E, 0x00, 0x2F, 0x00, 0x1E, 0x00, 0x00, 0x40, 0x07, 0xFF, 0x07, 0xFF, 0x83, 0xF0,
    0x00, 0xF4, 0x00, 0x3D, 0x00, 0x0F, 0x40, 0x03, 0xF0, 0x10, 0x7F, 0xFC, 0x07, 0xFE, 0x00, 0x00,
    0x00, 0x00, 0x7E, 0x00, 0x03, 0xFD, 0x00, 0x3C, 0x2D, 0x00, 0x00, 0x00, 0x01, 0xBF, 0xE0, 0x1F,
    0xFF, 0xC0, 0xFD, 0x05, 0x0B, 0xC0, 0x00, 0x3E, 0x00, 0x00, 0xF8, 0x00, 0x03, 0xE0, 0x00, 0x0F,
    0x80, 0x00, 0x2F, 0x00, 0x00, 0x7F, 0x00, 0x40, 0xBF, 0xFE, 0x00, 0x7F, 0xF4, 0x00, 0x00, 0x00,
    0x02, 0xF4, 0x01, 0xFF, 0x00, 0xE0, 0xF0, 0x00, 0x40, 0x07, 0xFF, 0x07, 0xFF, 0x83, 0xF0, 0x00,
    0xF4, 0x00, 0x3D, 0x00, 0x0F, 0x40, 0x03, 0xF0, 0x10, 0x7F, 0xFC, 0x07, 0xFE, 0x00, 0x00, 0x00,
    0x00, 0x28, 0x00, 0x00, 0xF8, 0x00, 0x02, 0x80, 0x00, 0x00, 0x00, 0x01, 0xBF, 0xE0, 0x1F, 0xFF,
    0xC0, 0xFD, 0x05, 0x0B, 0xC0, 0x00, 0x3E, 0x00, 0x00, 0xF8, 0x00, 0x03, 0xE0, 0x00, 0x0F, 0x80,
    0x00, 0x2F, 0x00, 0x00, 0x7F, 0x00, 0x40, 0xBF, 0xFE, 0x00, 0x7F, 0xF4, 0x00, 0x00, 0x00, 0x00,
    0xA0, 0x00, 0xBC, 0x00, 0x0A, 0x00, 0x00, 0x40, 0x07, 0xFF, 0x07, 0xFF, 0x83, 0xF0, 0x00, 0xF4,
    0x00, 0x3D, 0x00, 0x0F, 0x40, 0x03, 0xF0, 0x10, 0x7F, 0xFC, 0x07, 0xFE, 0x00, 0x00, 0x00, 0x02,
    0x81, 0xA0, 0x03, 0xEF, 0x00, 0x07, 0xF0, 0x00, 0x00, 0x00, 0x01, 0xBF, 0xE0, 0x1F, 0xFF, 0xC0,
    0xFD, 0x05, 0x0B, 0xC0, 0x00, 0x3E, 0x00, 0x00, 0xF8, 0x00, 0x03, 0xE0, 0x00, 0x0F, 0x80, 0x00,
    0x2F, 0x00, 0x00, 0x7F, 0x00, 0x40, 0xBF, 0xFE, 0x00, 0x7F, 0xF4, 0x00, 0x00, 0x00, 0x0E, 0x0B,
    0x42, 0xFF, 0x80, 0x2F, 0x80, 0x00, 0x40, 0x07, 0xFF, 0x07, 0xFF, 0x83, 0xF0, 0x00, 0xF4, 0x00,
    0x3D, 0x00, 0x0F, 0x40, 0x03, 0xF0, 0x10, 0x7F, 0xFC, 0x07, 0xFE, 0x00, 0x00, 0x00, 0x0A, 0x07,
    0x40, 0x1F, 0xBC, 0x00, 0x1F, 0xC0, 0x00, 0x00, 0x00, 0xBF, 0xF9, 0x02, 0xFF, 0xFE, 0x0B, 0xC1,
    0xFD, 0x2F, 0x00, 0xFC, 0xBC, 0x02, 0xF2, 0xF0, 0x07, 0xDB, 0xC0, 0x1F, 0x6F, 0x00, 0xBC, 0xBC,
    0x03, 0xF2, 0xF0, 0x7F, 0x4B, 0xFF, 0xF8, 0x2F, 0xFE, 0x00, 0x00, 0x02, 0x86, 0x80, 0x00, 0xF6,
    0xD0, 0x00, 0x3D, 0xF0, 0x00, 0x0F, 0x40, 0x0B, 0xF7, 0xD0, 0x0B, 0xFF, 0xF4, 0x03, 0xF0, 0x7D,
    0x00, 0xF4, 0x0F, 0x40, 0x3D, 0x03, 0xD0, 0x0F, 0x40, 0xF4, 0x03, 0xF0, 0xBD, 0x00, 0xBF, 0xFF,
    0x40, 0x0B, 0xF3, 0xD0, 0x00, 0x00, 0x00, 0x00, 0x1F, 0xFE, 0x40, 0x2F, 0xFF, 0xE0, 0x2F, 0x07,
    0xF4, 0x2F, 0x00, 0xFC, 0x2F, 0x00, 0xBC, 0xBF, 0xF0, 0x7D, 0xBF, 0xF0, 0x7D, 0x2F, 0x00, 0xBC,
    0x2F, 0x00, 0xFC, 0x2F, 0x07, 0xF4, 0x2F, 0xFF, 0xE0, 0x2F, 0xFE, 0x00, 0x00, 0x02, 0x80, 0x01,
    0x6F, 0x80, 0x0F, 0xFF, 0x80, 0x05, 0xF4, 0x06, 0xA3, 0xD0, 0x7F, 0xFF, 0x43, 0xF5, 0xFD, 0x0F,
    0x80, 0xF4, 0x3E, 0x03, 0xD0, 0xF8, 0x0F, 0x43, 0xF0, 0x7D, 0x0B, 0xFF, 0xF4, 0x0B, 0xF3, 0xD0,
    0x00, 0x00, 0x00, 0x2A, 0xA8, 0x2F, 0xF8, 0x00, 0x00, 0x7F, 0xFD, 0xBF, 0xFD, 0xBC, 0x00, 0xBC,
    0x00, 0xBC, 0x00, 0xBF, 0xFC, 0xBF, 0xFC, 0xBC, 0x00, 0xBC, 0x00, 0xBC, 0x00, 0xBF, 0xFD, 0xBF,
    0xFD, 0x0A, 0xAA, 0x00, 0xBF, 0xE0, 0x00, 0x00, 0x00, 0x7F, 0xE0, 0x1F, 0xAF, 0x83, 0xE0, 0x7C,
    0x3F, 0xAB, 0xC3, 0xFF, 0xFC, 0x3D, 0x00, 0x03, 0xF0, 0x00, 0x1F, 0xEF, 0x80, 0x7F, 0xF4, 0x00,
    0x00, 0x00, 0x34, 0x0C, 0x2F, 0xFC, 0x0B, 0xE0, 0x00, 0x00, 0x7F, 0xFD, 0xBF, 0xFD, 0xBC, 0x00,
    0xBC, 0x00, 0xBC, 0x00, 0xBF, 0xFC, 0xBF, 0xFC, 0xBC, 0x00, 0xBC, 0x00, 0xBC, 0x00, 0xBF, 0xFD,
    0xBF, 0xFD, 0x0D, 0x03, 0x40, 0xBF, 0xF0, 0x02, 0xF8, 0x00, 0x00, 0x00, 0x07, 0xFE, 0x01, 0xFA,
    0xF8, 0x3E, 0x07, 0xC3, 0xFA, 0xBC, 0x3F, 0xFF, 0xC3, 0xD0, 0x00, 0x3F, 0x00, 0x01, 0xFE, 0xF8,
    0x07, 0xFF, 0x40, 0x00, 0x00, 0x02, 0x80, 0x07, 0xD0, 0x02, 0x80, 0x00, 0x00, 0x7F, 0xFD, 0xBF,
    0xFD, 0xBC, 0x00, 0xBC, 0x00, 0xBC, 0x00, 0xBF, 0xFC, 0xBF, 0xFC, 0xBC, 0x00, 0xBC, 0x00, 0xBC,
    0x00, 0xBF, 0xFD, 0xBF, 0xFD, 0x00, 0xA0, 0x00, 0x1F, 0x40, 0x00, 0xA0, 0x00, 0x00, 0x00, 0x07,
    0xFE, 0x01, 0xFA, 0xF8, 0x3E, 0x07, 0xC3, 0xFA, 0xBC, 0x3F, 0xFF, 0xC3, 0xD0, 0x00, 0x3F, 0x00,
    0x01, 0xFE, 0xF8, 0x07, 0xFF, 0x40, 0x00, 0x00, 0x7F, 0xFD, 0xBF, 0xFD, 0xBC, 0x00, 0xBC, 0x00,
    0xBC, 0x00, 0xBF, 0xFC, 0xBF, 0xFC, 0xBC, 0x00, 0xBC, 0x00, 0xBC, 0x00, 0xBF, 0xFD, 0xBF, 0xFD,
    0x00, 0x34, 0x00, 0xF0, 0x00, 0xF9, 0x00, 0x7D, 0x00, 0x00, 0x00, 0x7F, 0xE0, 0x1F, 0xAF, 0x83,
    0xE0, 0x7C, 0x3F, 0xAB, 0xC3, 0xFF, 0xFC, 0x3D, 0x00, 0x03, 0xF0, 0x00, 0x1F, 0xEF, 0x80, 0x7F,
    0xF8, 0x00, 0x1E, 0x00, 0x02, 0xC0, 0x00, 0x3E, 0x40, 0x01, 0xF4, 0x38, 0x1D, 0x1F, 0xB8, 0x0B,
    0xF0, 0x00, 0x00, 0x7F, 0xFD, 0xBF, 0xFD, 0xBC, 0x00, 0xBC, 0x00, 0xBC, 0x00, 0xBF, 0xFC, 0xBF,
    0xFC, 0xBC, 0x00, 0xBC, 0x00, 0xBC, 0x00, 0xBF, 0xFD, 0xBF, 0xFD, 0x0A, 0x07, 0x40, 0x7E, 0xE0,
    0x02, 0xFC, 0x00, 0x00, 0x00, 0x07, 0xFE, 0x01, 0xFA, 0xF8, 0x3E, 0x07, 0xC3, 0xFA, 0xBC, 0x3F,
    0xFF, 0xC3, 0xD0, 0x00, 0x3F, 0x00, 0x01, 0xFE, 0xF8, 0x07, 0xFF, 0x40, 0x00, 0x00, 0x00, 0x2F,
    0x00, 0x02, 0xFF, 0x00, 0x1D, 0x1E, 0x00, 0x00, 0x00, 0x00, 0xBF, 0xF4, 0x1F, 0xFF, 0xD0, 0xFD,
    0x01, 0x0B, 0xD0, 0x00, 0x3F, 0x00, 0x00, 0xF8, 0x2A, 0xA3, 0xE0, 0xFF, 0x8F, 0x81, 0x7E, 0x2F,
    0x00, 0xB8, 0x7F, 0x03, 0xE0, 0xBF, 0xFF, 0x80, 0x7F, 0xFD, 0x00, 0x00, 0x00, 0x01, 0xF8, 0x00,
    0x3F, 0xD0, 0x0F, 0x0B, 0x00, 0x04, 0x00, 0x0B, 0xF7, 0xD2, 0xFF, 0xFD, 0x3F, 0x07, 0xD3, 0xD0,
    0x3D, 0x3D, 0x03, 0xD3, 0xD0, 0x3D, 0x3F, 0x07, 0xD2, 0xFF, 0xFD, 0x0B, 0xF7, 0xD0, 0x00, 0x3D,
    0x14, 0x0B, 0xC2, 0xFF, 0xF8, 0x1F, 0xFD, 0x00, 0x01, 0xC0, 0xB0, 0x03, 0xFF, 0x80, 0x02, 0xF4,
    0x00, 0x00, 0x00, 0x00, 0xBF, 0xF4, 0x1F, 0xFF, 0xD0, 0xFD, 0x01, 0x0B, 0xD0, 0x00, 0x3F, 0x00,
    0x00, 0xF8, 0x2A, 0xA3, 0xE0, 0xFF, 0x8F, 0x81, 0x7E, 0x2F, 0x00, 0xB8, 0x7F, 0x03, 0xE0, 0xBF,
    0xFF, 0x80, 0x7F, 0xFD, 0x00, 0x00, 0x00, 0x0A, 0x03, 0x40, 0x7F, 0xF0, 0x01, 0xF8, 0x00, 0x04,
    0x00, 0x0B, 0xF7, 0xD2, 0xFF, 0xFD, 0x3F, 0x07, 0xD3, 0xD0, 0x3D, 0x3D, 0x03, 0xD3, 0xD0, 0x3D,
    0x3F, 0x07, 0xD2, 0xFF, 0xFD, 0x0B, 0xF7, 0xD0, 0x00, 0x3D, 0x14, 0x0B, 0xC2, 0xFF, 0xF8, 0x1F,
    0xFD, 0x00, 0x00, 0x09, 0x00, 0x00, 0xBC, 0x00, 0x01, 0xA0, 0x00, 0x00, 0x00, 0x00, 0xBF, 0xF4,
    0x1F, 0xFF, 0xD0, 0xFD, 0x01, 0x0B, 0xD0, 0x00, 0x3F, 0x00, 0x00, 0xF8, 0x2A, 0xA3, 0xE0, 0xFF,
    0x8F, 0x81, 0x7E, 0x2F, 0x00, 0xB8, 0x7F, 0x03, 0xE0, 0xBF, 0xFF, 0x80, 0x7F, 0xFD, 0x00, 0x00,
    0x00, 0x00, 0xA0, 0x00, 0x0F, 0x40, 0x00, 0xA0, 0x00, 0x04, 0x00, 0x0B, 0xF7, 0xD2, 0xFF, 0xFD,
    0x3F, 0x07, 0xD3, 0xD0, 0x3D, 0x3D, 0x03, 0xD3, 0xD0, 0x3D, 0x3F, 0x07, 0xD2, 0xFF, 0xFD, 0x0B,
    0xF7, 0xD0, 0x00, 0x3D, 0x14, 0x0B, 0xC2, 0xFF, 0xF8, 0x1F, 0xFD, 0x00, 0x00, 0x00, 0x00, 0x02,
    0xFF, 0xD0, 0x7F, 0xFF, 0x43, 0xF4, 0x04, 0x2F, 0x40, 0x00, 0xFC, 0x00, 0x03, 0xE0, 0xAA, 0x8F,
    0x83, 0xFE, 0x3E, 0x05, 0xF8, 0xBC, 0x02, 0xE1, 0xFC, 0x0F, 0x82, 0xFF, 0xFE, 0x01, 0xFF, 0xF4,
    0x00, 0x00, 0x00, 0x01, 0xF0, 0x00, 0x0B, 0x40, 0x00, 0x28, 0x00, 0x00, 0x28, 0x00, 0x07, 0x40,
    0x00, 0xF0, 0x00, 0x04, 0x00, 0x0B, 0xF7, 0xD2, 0xFF, 0xFD, 0x3F, 0x07, 0xD3, 0xD0, 0x3D, 0x3D,
    0x03, 0xD3, 0xD0, 0x3D, 0x3F, 0x07, 0xD2, 0xFF, 0xFD, 0x0B, 0xF7, 0xD0, 0x00, 0x3D, 0x14, 0x0B,
    0xC2, 0xFF, 0xF8, 0x1F, 0xFD, 0x00, 0x00, 0xF8, 0x00, 0x0F, 0xF8, 0x00, 0xB4, 0xB4, 0x00, 0x00,
    0x00, 0x7C, 0x00, 0xF2, 0xF0, 0x07, 0xDB, 0xC0, 0x1F, 0x6F, 0x00, 0x7D, 0xBC, 0x01, 0xF6, 0xFF,
    0xFF, 0xDB, 0xFF, 0xFF, 0x6F, 0x00, 0x7D, 0xBC, 0x01, 0xF6, 0xF0, 0x07, 0xDB, 0xC0, 0x1F, 0x6F,
    0x00, 0x7D, 0x0B, 0x80, 0x00, 0xBF, 0x80, 0x0B, 0x47, 0x80, 0x00, 0x00, 0x00, 0x0A, 0x40, 0x00,
    0x3E, 0x00, 0x00, 0xF8, 0x00, 0x03, 0xE0, 0x40, 0x0F, 0xAF, 0xE0, 0x3F, 0xFF, 0xD0, 0xFC, 0x0F,
    0x83, 0xF0, 0x3E, 0x0F, 0x80, 0xF8, 0x3E, 0x03, 0xE0, 0xF8, 0x0F, 0x83, 0xE0, 0x3E, 0x0F, 0x80,
    0xF8, 0x1F, 0x00, 0x7C, 0x1B, 0xD5, 0x6F, 0x4F, 0xFF, 0xFF, 0xFD, 0xBD, 0x56, 0xF4, 0x2F, 0x55,
    0x7D, 0x0B, 0xFF, 0xFF, 0x42, 0xFF, 0xFF, 0xD0, 0xBC, 0x01, 0xF4, 0x2F, 0x00, 0x7D, 0x0B, 0xC0,
    0x1F, 0x42, 0xF0, 0x07, 0xD0, 0xBC, 0x01, 0xF4, 0x1A, 0x00, 0x07, 0xF5, 0x00, 0xFF, 0xF4, 0x07,
    0xF5, 0x00, 0x2F, 0x2E, 0x02, 0xFF, 0xFC, 0x2F, 0x97, 0xE2, 0xF0, 0x3E, 0x2F, 0x03, 0xE2, 0xF0,
    0x3E, 0x2F, 0x03, 0xE2, 0xF0, 0x3E, 0x2F, 0x03, 0xE0, 0x09, 0x08, 0x3F, 0xFC, 0x71, 0xF0, 0x00,
    0x00, 0x1F, 0xFC, 0x1F, 0xF8, 0x03, 0xE0, 0x03, 0xE0, 0x03, 0xE0, 0x03, 0xE0, 0x03, 0xE0, 0x03,
    0xE0, 0x03, 0xE0, 0x03, 0xE0, 0x1F, 0xF8, 0x1F, 0xFC, 0x19, 0x09, 0xFF, 0xEA, 0x1E, 0x00, 0x00,
    0x0F, 0xC0, 0x3F, 0x00, 0xFC, 0x03, 0xF0, 0x0F, 0xC0, 0x3F, 0x00, 0xFC, 0x03, 0xF0, 0x0F, 0xC0,
    0x6A, 0xA7, 0xFF, 0x00, 0x07, 0xFF, 0x7F, 0xE0, 0xF8, 0x0F, 0x80, 0xF8, 0x0F, 0x80, 0xF8, 0x0F,
    0x80, 0xF8, 0x0F, 0x87, 0xFE, 0x7F, 0xF0, 0x2A, 0xA0, 0xFF, 0xC0, 0x00, 0x03, 0xF0, 0x0F, 0xC0,
    0x3F, 0x00, 0xFC, 0x03, 0xF0, 0x0F, 0xC0, 0x3F, 0x00, 0xFC, 0x03, 0xF0, 0xA0, 0x35, 0xFF, 0xC1,
    0xF8, 0x00, 0x00, 0x7F, 0xF1, 0xFF, 0x80, 0xF8, 0x03, 0xE0, 0x0F, 0x80, 0x3E, 0x00, 0xF8, 0x03,
    0xE0, 0x0F, 0x80, 0x3E, 0x07, 0xFE, 0x1F, 0xFC, 0x70, 0x28, 0xFF, 0xD0, 0xBD, 0x00, 0x00, 0x0F,
    0xC0, 0x3F, 0x00, 0xFC, 0x03, 0xF0, 0x0F, 0xC0, 0x3F, 0x00, 0xFC, 0x03, 0xF0, 0x0F, 0xC0, 0x7F,
    0xF7, 0xFE, 0x0F, 0x80, 0xF8, 0x0F, 0x80, 0xF8, 0x0F, 0x80, 0xF8, 0x0F, 0x80, 0xF8, 0x7F, 0xE7,
    0xFF, 0x02, 0xC0, 0x74, 0x07, 0xE0, 0x2E, 0x19, 0x3F, 0x19, 0x00, 0x3F, 0x3F, 0x3F, 0x3F, 0x3F,
    0x3F, 0x3F, 0x3F, 0x3F, 0x2C, 0x34, 0x7E, 0x2F, 0x06, 0x00, 0xF8, 0x0A, 0x00, 0x00, 0x7F, 0xF7,
    0xFE, 0x0F, 0x80, 0xF8, 0x0F, 0x80, 0xF8, 0x0F, 0x80, 0xF8, 0x0F, 0x80, 0xF8, 0x7F, 0xE7, 0xFF,
    0x03, 0xFF, 0xFF, 0xFF, 0xFF, 0xFF, 0xFF, 0xF0, 0x7F, 0xF0, 0xB9, 0xFF, 0x83, 0xE0, 0xF8, 0x0F,
    0x83, 0xE0, 0x3E, 0x0F, 0x80, 0xF8, 0x3E, 0x03, 0xE0, 0xF8, 0x0F, 0x83, 0xE0, 0x3E, 0x0F, 0x80,
    0xF8, 0x3E, 0x03, 0xE7, 0xFE, 0x0F, 0x9F, 0xFC, 0x3E, 0x00, 0x00, 0xF8, 0x00, 0x6F, 0xD0, 0x02,
    0xFE, 0x00, 0x01, 0x40, 0x64, 0x19, 0xFC, 0x3F, 0x64, 0x19, 0x00, 0x00, 0xFC, 0x2F, 0xFC, 0x2F,
    0xFC, 0x2F, 0xFC, 0x2F, 0xFC, 0x2F, 0xFC, 0x2F, 0xFC, 0x2F, 0xFC, 0x2F, 0xFC, 0x2F, 0x00, 0x2F,
    0x00, 0x3F, 0x03, 0xFD, 0x02, 0xF8, 0x02, 0xF0, 0x02, 0xFF, 0x01, 0xE1, 0xE0, 0x00, 0x00, 0x01,
    0xF0, 0x00, 0xBC, 0x00, 0x2F, 0x00, 0x0B, 0xC0, 0x02, 0xF0, 0x00, 0xBC, 0x00, 0x2F, 0x00, 0x0B,
    0xC0, 0x02, 0xF0, 0x00, 0xBC, 0x00, 0x2F, 0x00, 0x0B, 0xC0, 0x02, 0xF0, 0x0A, 0xF8, 0x03, 0xFC,
    0x00, 0x54, 0x00, 0x0B, 0x80, 0xBF, 0x8B, 0x47, 0x80, 0x00, 0x0F, 0x80, 0x3E, 0x00, 0xF8, 0x03,
    0xE0, 0x0F, 0x80, 0x3E, 0x00, 0xF8, 0x03, 0xE0, 0x0F, 0x80, 0x3E, 0x00, 0xF8, 0x3F, 0xD0, 0xFE,
    0x00, 0x7C, 0x03, 0xE2, 0xF0, 0x3F, 0x0B, 0xC2, 0xF0, 0x2F, 0x1F, 0x40, 0xBD, 0xF8, 0x02, 0xFF,
    0xC0, 0x0B, 0xFF, 0x80, 0x2F, 0x6F, 0x00, 0xBC, 0x3F, 0x02, 0xF0, 0x7D, 0x0B, 0xC0, 0xBC, 0x2F,
    0x00, 0xF8, 0x00, 0x00, 0x00, 0x03, 0xC0, 0x00, 0x1E, 0x00, 0x00, 0x60, 0x00, 0x68, 0x00, 0x0B,
    0xC0, 0x00, 0xBC, 0x00, 0x0B, 0xC0, 0x00, 0xBC, 0x1F, 0x8B, 0xC3, 0xE0, 0xBC, 0xF8, 0x0B, 0xFF,
    0x00, 0xBF, 0xF0, 0x0B, 0xEF, 0x80, 0xBC, 0x7D, 0x0B, 0xC2, 0xF0, 0xBC, 0x0F, 0xC0, 0x00, 0x00,
    0x02, 0xD0, 0x00, 0x3C, 0x00, 0x02, 0x40, 0x00, 0x00, 0x00, 0x0B, 0xC0, 0xF8, 0xBC, 0x3E, 0x0B,
    0xCB, 0xC0, 0xBE, 0xF0, 0x0B, 0xFF, 0x00, 0xBF, 0xF8, 0x0B, 0xC7, 0xD0, 0xBC, 0x2F, 0x0B, 0xC0,
    0xFC, 0x0B, 0x80, 0x2E, 0x00, 0x74, 0x00, 0x00, 0x00, 0xBC, 0x00, 0xBC, 0x00, 0xBC, 0x00, 0xBC,
    0x00, 0xBC, 0x00, 0xBC, 0x00, 0xBC, 0x00, 0xBC, 0x00, 0xBC, 0x00, 0xBC, 0x00, 0xBF, 0xFF, 0xBF,
    0xFF, 0x0F, 0x4F, 0x8B, 0x40, 0x00, 0xA4, 0x3E, 0x0F, 0x83, 0xE0, 0xF8, 0x3E, 0x0F, 0x83, 0xE0,
    0xF8, 0x3E, 0x0F, 0x83, 0xE0, 0xF8, 0x00, 0xBC, 0x00, 0xBC, 0x00, 0xBC, 0x00, 0xBC, 0x00, 0xBC,
    0x00, 0xBC, 0x00, 0xBC, 0x00, 0xBC, 0x00, 0xBC, 0x00, 0xBC, 0x00, 0xBF, 0xFF, 0xBF, 0xFF, 0x00,
    0x00, 0x03, 0xD0, 0x03, 0xC0, 0x02, 0x40, 0xA7, 0xEF, 0xBE, 0xFB, 0xEF, 0xBE, 0xFB, 0xEF, 0xBE,
    0xF8, 0x07, 0xED, 0xA0, 0xBC, 0x0F, 0x2F, 0x07, 0x8B, 0xC1, 0xC2, 0xF0, 0x00, 0xBC, 0x00, 0x2F,
    0x00, 0x0B, 0xC0, 0x02, 0xF0, 0x00, 0xBC, 0x00, 0x2F, 0x00, 0x0B, 0xFF, 0xF2, 0xFF, 0xFC, 0xA4,
    0xA3, 0xE3, 0xCF, 0x9D, 0x3E, 0x00, 0xF8, 0x03, 0xE0, 0x0F, 0x80, 0x3E, 0x00, 0xF8, 0x03, 0xE0,
    0x0F, 0x80, 0x3E, 0x00, 0xF8, 0x00, 0xBC, 0x00, 0xBC, 0x00, 0xBC, 0x00, 0xBC, 0x00, 0xBC, 0x28,
    0xBC, 0x7D, 0xBC, 0x28, 0xBC, 0x00, 0xBC, 0x00, 0xBC, 0x00, 0xBF, 0xFF, 0xBF, 0xFF, 0xA4, 0x0F,
    0x80, 0xF8, 0x0F, 0x80, 0xF8, 0x0F, 0x99, 0xFB, 0xFF, 0x99, 0xF8, 0x0F, 0x80, 0xF8, 0x0F, 0x80,
    0xF8, 0x00, 0x1F, 0x00, 0x0B, 0xC0, 0x02, 0xF0, 0x00, 0xBC, 0x00, 0x2F, 0xE0, 0x0B, 0xF8, 0x0B,
    0xF0, 0x02, 0xFC, 0x00, 0x2F, 0x00, 0x0B, 0xC0, 0x02, 0xFF, 0xFC, 0xBF, 0xFF, 0x06, 0x80, 0x2F,
    0x00, 0xBC, 0x02, 0xF0, 0x0B, 0xC0, 0x2F, 0x80, 0xBF, 0x0B, 0xF0, 0x3F, 0xC0, 0x3F, 0x00, 0xBC,
    0x02, 0xF0, 0x0B, 0xC0, 0x00, 0x0B, 0x80, 0x00, 0x2F, 0x00, 0x00, 0x78, 0x00, 0x00, 0x00, 0x00,
    0x7F, 0x00, 0x3C, 0xBF, 0x80, 0x3C, 0xBF, 0xC0, 0x3C, 0xBB, 0xE0, 0x3C, 0xB9, 0xF0, 0x3C, 0xB8,
    0xFC, 0x3C, 0xB8, 0x7D, 0x3C, 0xBC, 0x2F, 0x3C, 0xBC, 0x0F, 0xBC, 0xBC, 0x0B, 0xFC, 0xBC, 0x03,
    0xFC, 0xBC, 0x01, 0xFC, 0x00, 0x3D, 0x00, 0x3E, 0x00, 0x2D, 0x00, 0x00, 0x40, 0xF6, 0xFE, 0x3F,
    0xFF, 0xDF, 0xC0, 0xFB, 0xF0, 0x3E, 0xF8, 0x0F, 0xBE, 0x03, 0xEF, 0x80, 0xFB, 0xE0, 0x3E, 0xF8,
    0x0F, 0x80, 0x7F, 0x00, 0x3C, 0xBF, 0x80, 0x3C, 0xBF, 0xC0, 0x3C, 0xBB, 0xE0, 0x3C, 0xB9, 0xF0,
    0x3C, 0xB8, 0xFC, 0x3C, 0xB8, 0x7D, 0x3C, 0xBC, 0x2F, 0x3C, 0xBC, 0x0F, 0xBC, 0xBC, 0x0B, 0xFC,
    0xBC, 0x03, 0xFC, 0xBC, 0x01, 0xFC, 0x00, 0x00, 0x00, 0x00, 0x7C, 0x00, 0x00, 0x78, 0x00, 0x00,
    0x60, 0x00, 0x00, 0x10, 0x3D, 0xBF, 0x8F, 0xFF, 0xF7, 0xF0, 0x3E, 0xFC, 0x0F, 0xBE, 0x03, 0xEF,
    0x80, 0xFB, 0xE0, 0x3E, 0xF8, 0x0F, 0xBE, 0x03, 0xE0, 0x00, 0x00, 0x0B, 0x80, 0x02, 0xC0, 0x00,
    0x90, 0x00, 0x07, 0x42, 0xC0, 0x02, 0xEF, 0x40, 0x00, 0xBE, 0x00, 0x00, 0x00, 0x00, 0x7F, 0x00,
    0x3C, 0xBF, 0x80, 0x3C, 0xBF, 0xC0, 0x3C, 0xBB, 0xE0, 0x3C, 0xB9, 0xF0, 0x3C, 0xB8, 0xFC, 0x3C,
    0xB8, 0x7D, 0x3C, 0xBC, 0x2F, 0x3C, 0xBC, 0x0F, 0xBC, 0xBC, 0x0B, 0xFC, 0xBC, 0x03, 0xFC, 0xBC,
    0x01, 0xFC, 0x29, 0x0A, 0x03, 0xEF, 0x00, 0x3F, 0x40, 0x00, 0x40, 0xF6, 0xFE, 0x3F, 0xFF, 0xDF,
    0xC0, 0xFB, 0xF0, 0x3E, 0xF8, 0x0F, 0xBE, 0x03, 0xEF, 0x80, 0xFB, 0xE0, 0x3E, 0xF8, 0x0F, 0x80,
    0x1F, 0x00, 0x00, 0x07, 0xC0, 0x00, 0x02, 0xD0, 0x00, 0x00, 0xF2, 0xDB, 0xF8, 0x00, 0xBF, 0xFF,
    0x40, 0x2F, 0x43, 0xE0, 0x0B, 0xC0, 0xF8, 0x02, 0xF0, 0x3E, 0x00, 0xBC, 0x0F, 0x80, 0x2F, 0x03,
    0xE0, 0x0B, 0xC0, 0xF8, 0x02, 0xF0, 0x3E, 0x7F, 0x00, 0x3C, 0xBF, 0x80, 0x3C, 0xBF, 0xD0, 0x3C,
    0xBB, 0xF0, 0x3C, 0xB9, 0xFC, 0x3C, 0xB8, 0xBD, 0x3C, 0xBC, 0x3F, 0x7C, 0xBC, 0x0F, 0xFC, 0xBC,
    0x0B, 0xFC, 0xBC, 0x03, 0xFC, 0xBC, 0x00, 0xFC, 0xBC, 0x00, 0x7C, 0x00, 0x00, 0x7C, 0x00, 0x0A,
    0xFC, 0x00, 0x1F, 0xF0, 0x00, 0x05, 0x40, 0x00, 0x10, 0x3D, 0xBF, 0x8F, 0xFF, 0xF7, 0xF0, 0x3E,
    0xFC, 0x0F, 0xBE, 0x03, 0xEF, 0x80, 0xFB, 0xE0, 0x3E, 0xF8, 0x0F, 0xBE, 0x03, 0xE0, 0x00, 0xF8,
    0x00, 0x3E, 0x00, 0xFF, 0x40, 0x2F, 0x80, 0x00, 0xAA, 0x90, 0x00, 0x3F, 0xF4, 0x00, 0x00, 0x00,
    0x00, 0x07, 0xFF, 0x40, 0x0B, 0xFF, 0xF8, 0x07, 0xF0, 0x2F, 0x42, 0xF0, 0x03, 0xF0, 0xFC, 0x00,
    0xBC, 0x3E, 0x00, 0x1F, 0x0F, 0x80, 0x07, 0xC3, 0xE0, 0x02, 0xF0, 0xBC, 0x00, 0xFC, 0x1F, 0xC0,
    0xBE, 0x02, 0xFF, 0xFF, 0x00, 0x1F, 0xFE, 0x00, 0x00, 0x00, 0x00, 0x06, 0xAA, 0x00, 0x7F, 0xF0,
    0x00, 0x10, 0x00, 0x7F, 0xE0, 0x1F, 0xEF, 0xC3, 0xE0, 0x7D, 0x3D, 0x03, 0xE3, 0xD0, 0x3E, 0x3D,
    0x03, 0xE3, 0xF0, 0x7D, 0x1F, 0xFF, 0xC0, 0x7F, 0xE0, 0x00, 0x00, 0x00, 0x01, 0xC0, 0xB0, 0x00,
    0x3F, 0xF8, 0x00, 0x02, 0xF4, 0x00, 0x00, 0x00, 0x00, 0x01, 0xFF, 0xD0, 0x02, 0xFF, 0xFE, 0x01,
    0xFC, 0x0B, 0xD0, 0xBC, 0x00, 0xFC, 0x3F, 0x00, 0x2F, 0x0F, 0x80, 0x07, 0xC3, 0xE0, 0x01, 0xF0,
    0xF8, 0x00, 0xBC, 0x2F, 0x00, 0x3F, 0x07, 0xF0, 0x2F, 0x80, 0xBF, 0xFF, 0xC0, 0x07, 0xFF, 0x80,
    0x00, 0x00, 0x00, 0x00, 0x0A, 0x03, 0x40, 0x7F, 0xF0, 0x01, 0xF8, 0x00, 0x01, 0x00, 0x07, 0xFE,
    0x01, 0xFE, 0xFC, 0x3E, 0x07, 0xD3, 0xD0, 0x3E, 0x3D, 0x03, 0xE3, 0xD0, 0x3E, 0x3F, 0x07, 0xD1,
    0xFF, 0xFC, 0x07, 0xFE, 0x00, 0x00, 0x00, 0x00, 0xB9, 0xE0, 0x00, 0x7C, 0xF0, 0x00, 0x38, 0xA0,
    0x00, 0x00, 0x00, 0x00, 0x01, 0xFF, 0xD0, 0x02, 0xFF, 0xFE, 0x01, 0xFC, 0x0B, 0xD0, 0xBC, 0x00,
    0xFC, 0x3F, 0x00, 0x2F, 0x0F, 0x80, 0x07, 0xC3, 0xE0, 0x01, 0xF0, 0xF8, 0x00, 0xBC, 0x2F, 0x00,
    0x3F, 0x07, 0xF0, 0x2F, 0x80, 0xBF, 0xFF, 0xC0, 0x07, 0xFF, 0x80, 0x00, 0x00, 0x00, 0x00, 0x03,
    0xDB, 0x40, 0xB6, 0xE0, 0x1D, 0x34, 0x00, 0x01, 0x00, 0x07, 0xFE, 0x01, 0xFE, 0xFC, 0x3E, 0x07,
    0xD3, 0xD0, 0x3E, 0x3D, 0x03, 0xE3, 0xD0, 0x3E, 0x3F, 0x07, 0xD1, 0xFF, 0xFC, 0x07, 0xFE, 0x00,
    0x00, 0x00, 0x00, 0x00, 0x00, 0x00, 0x01, 0xFF, 0xFF, 0xFC, 0x0B, 0xFF, 0xFF, 0xFC, 0x1F, 0x80,
    0xF8, 0x00, 0x2F, 0x00, 0xF8, 0x00, 0x3E, 0x00, 0xF8, 0x00, 0x3E, 0x00, 0xFF, 0xFC, 0x3E, 0x00,
    0xFF, 0xFC, 0x3E, 0x00, 0xF8, 0x00, 0x2F, 0x00, 0xF8, 0x00, 0x1F, 0x80, 0xF8, 0x00, 0x0B, 0xFF,
    0xFF, 0xFC, 0x01, 0xFF, 0xFF, 0xFC, 0x00, 0x00, 0x00, 0x00, 0x00, 0x00, 0x01, 0x00, 0x0B, 0xFE,
    0x7F, 0xF0, 0x1F, 0xFF, 0xFE, 0xFC, 0x3E, 0x07, 0xF0, 0x3D, 0x3D, 0x03, 0xFA, 0xBE, 0x3D, 0x03,
    0xFF, 0xFE, 0x3D, 0x03, 0xE0, 0x00, 0x3F, 0x07, 0xF0, 0x00, 0x1F, 0xFF, 0xFE, 0xBC, 0x07, 0xFE,
    0x2F, 0xF8, 0x00, 0x00, 0x00, 0x00, 0x00, 0x3D, 0x00, 0x0F, 0x80, 0x02, 0xD0, 0x00, 0x00, 0x00,
    0xBF, 0xF8, 0x0B, 0xFF, 0xF0, 0xBC, 0x1F, 0x8B, 0xC0, 0xF8, 0xBC, 0x0F, 0x8B, 0xEB, 0xF0, 0xBF,
    0xFC, 0x0B, 0xDB, 0xC0, 0xBC, 0x3E, 0x0B, 0xC1, 0xF4, 0xBC, 0x0F, 0xCB, 0xC0, 0x7E, 0x01, 0xF0,
    0x1F, 0x40, 0xF0, 0x00, 0x04, 0xF6, 0xF3, 0xFF, 0xCF, 0xE0, 0x3F, 0x00, 0xF8, 0x03, 0xE0, 0x0F,
    0x80, 0x3E, 0x00, 0xF8, 0x00, 0xBF, 0xF8, 0x0B, 0xFF, 0xF0, 0xBC, 0x1F, 0x8B, 0xC0, 0xF8, 0xBC,
    0x0F, 0x8B, 0xEB, 0xF0, 0xBF, 0xFC, 0x0B, 0xDB, 0xC0, 0xBC, 0x3E, 0x0B, 0xC1, 0xF4, 0xBC, 0x0F,
    0xCB, 0xC0, 0x7E, 0x00, 0x00, 0x00, 0x0F, 0x00, 0x01, 0xE0, 0x00, 0x18, 0x00, 0x00, 0x13, 0xDB,
    0xCF, 0xFF, 0x3F, 0x80, 0xFC, 0x03, 0xE0, 0x0F, 0x80, 0x3E, 0x00, 0xF8, 0x03, 0xE0, 0x00, 0x00,
    0x1F, 0x00, 0xB4, 0x02, 0x80, 0x00, 0x29, 0x0A, 0x00, 0xFB, 0xC0, 0x03, 0xF4, 0x00, 0x00, 0x00,
    0xBF, 0xF8, 0x0B, 0xFF, 0xF0, 0xBC, 0x1F, 0x8B, 0xC0, 0xF8, 0xBC, 0x0F, 0x8B, 0xEB, 0xF0, 0xBF,
    0xFC, 0x0B, 0xDB, 0xC0, 0xBC, 0x3E, 0x0B, 0xC1, 0xF4, 0xBC, 0x0F, 0xCB, 0xC0, 0x7E, 0x28, 0x1D,
    0x1F, 0xBC, 0x07, 0xF0, 0x00, 0x04, 0x3D, 0xBC, 0x3F, 0xFC, 0x3F, 0x80, 0x3F, 0x00, 0x3E, 0x00,
    0x3E, 0x00, 0x3E, 0x00, 0x3E, 0x00, 0x3E, 0x00, 0x00, 0x7D, 0x00, 0x3D, 0x00, 0x2D, 0x00, 0x00,
    0x00, 0x07, 0xFE, 0x0B, 0xFF, 0xC3, 0xE0, 0x60, 0xF4, 0x00, 0x3F, 0x40, 0x07, 0xFD, 0x00, 0x3F,
    0xE0, 0x00, 0xFD, 0x00, 0x0F, 0x48, 0x07, 0xD3, 0xFF, 0xF0, 0xBF, 0xE0, 0x00, 0x00, 0x00, 0x00,
    0x7C, 0x01, 0xF4, 0x03, 0xC0, 0x00, 0x40, 0x1F, 0xFD, 0x3E, 0xAC, 0x3D, 0x00, 0x3F, 0xD0, 0x0F,
    0xFC, 0x00, 0xBE, 0x00, 0x3E, 0x3E, 0xFD, 0x3F, 0xF8, 0x00, 0x00, 0x02, 0xF0, 0x02, 0xFF, 0x01,
    0xE1, 0xE0, 0x00, 0x00, 0x07, 0xFE, 0x0B, 0xFF, 0xC3, 0xE0, 0x60, 0xF4, 0x00, 0x3F, 0x40, 0x07,
    0xFD, 0x00, 0x3F, 0xE0, 0x00, 0xFD, 0x00, 0x0F, 0x48, 0x07, 0xD3, 0xFF, 0xF0, 0xBF, 0xE0, 0x00,
    0x00, 0x00, 0x07, 0xD0, 0x0F, 0xF4, 0x3C, 0x2C, 0x00, 0x40, 0x1F, 0xFD, 0x3E, 0xAC, 0x3D, 0x00,
    0x3F, 0xD0, 0x0F, 0xFC, 0x00, 0xBE, 0x00, 0x3E, 0x3E, 0xFD, 0x3F, 0xF8, 0x00, 0x00, 0x00, 0x00,
    0x01, 0xFF, 0x82, 0xFF, 0xF0, 0xF8, 0x18, 0x3D, 0x00, 0x0F, 0xD0, 0x01, 0xFF, 0x40, 0x0F, 0xF8,
    0x00, 0x3F, 0x40, 0x03, 0xD2, 0x01, 0xF4, 0xFF, 0xFC, 0x2F, 0xF8, 0x00, 0xB0, 0x00, 0x1F, 0x00,
    0x07, 0xD0, 0x07, 0xE0, 0x00, 0x00, 0x40, 0x1F, 0xFD, 0x3E, 0xAC, 0x3D, 0x00, 0x3F, 0xD0, 0x0F,
    0xFC, 0x00, 0xBE, 0x00, 0x3E, 0x3E, 0xFD, 0x3F, 0xF8, 0x03, 0xC0, 0x01, 0xF0, 0x05, 0xF0, 0x0B,
    0xD0, 0x1D, 0x0B, 0x02, 0xEF, 0x40, 0x3F, 0x80, 0x00, 0x00, 0x07, 0xFE, 0x0B, 0xFF, 0xC3, 0xE0,
    0x60, 0xF4, 0x00, 0x3F, 0x40, 0x07, 0xFD, 0x00, 0x3F, 0xE0, 0x00, 0xFD, 0x00, 0x0F, 0x48, 0x07,
    0xD3, 0xFF, 0xF0, 0xBF, 0xE0, 0x00, 0x00, 0x00, 0x28, 0x1D, 0x1F, 0xBC, 0x07, 0xF0, 0x00, 0x40,
    0x1F, 0xFD, 0x3E, 0xAC, 0x3D, 0x00, 0x3F, 0xD0, 0x0F, 0xFC, 0x00, 0xBE, 0x00, 0x3E, 0x3E, 0xFD,
    0x3F, 0xF8, 0x00, 0x00, 0xBF, 0xFF, 0xDB, 0xFF, 0xFD, 0x02, 0xF4, 0x00, 0x1F, 0x00, 0x01, 0xF0,
    0x00, 0x1F, 0x00, 0x01, 0xF0, 0x00, 0x1F, 0x00, 0x01, 0xF0, 0x00, 0x1F, 0x00, 0x01, 0xF0, 0x00,
    0x1F, 0x00, 0x00, 0xD0, 0x00, 0x0B, 0x40, 0x01, 0xB8, 0x00, 0x3F, 0x00, 0x00, 0x00, 0x2C, 0x00,
    0xF0, 0x1F, 0xFE, 0x7F, 0xF4, 0x7C, 0x01, 0xF0, 0x07, 0xC0, 0x1F, 0x00, 0x7C, 0x00, 0xFF, 0x82,
    0xFE, 0x01, 0xD0, 0x02, 0xD0, 0x1B, 0x80, 0xFC, 0x1E, 0x0B, 0x40, 0xBF, 0xE0, 0x02, 0xF8, 0x00,
    0x00, 0x00, 0xBF, 0xFF, 0xDB, 0xFF, 0xFD, 0x02, 0xF4, 0x00, 0x1F, 0x00, 0x01, 0xF0, 0x00, 0x1F,
    0x00, 0x01, 0xF0, 0x00, 0x1F, 0x00, 0x01, 0xF0, 0x00, 0x1F, 0x00, 0x01, 0xF0, 0x00, 0x1F, 0x00,
    0x00, 0x02, 0x90, 0x00, 0x3C, 0x0B, 0x03, 0x40, 0xF0, 0x00, 0x7F, 0xF8, 0x07, 0xFF, 0x40, 0x1F,
    0x00, 0x01, 0xF0, 0x00, 0x1F, 0x00, 0x01, 0xF0, 0x00, 0x1F, 0x00, 0x00, 0xFF, 0x80, 0x0B, 0xF8,
    0x00, 0x00, 0x00, 0xBF, 0xFF, 0xDB, 0xFF, 0xFD, 0x02, 0xF4, 0x00, 0x1F, 0x00, 0x01, 0xF0, 0x01,
    0xFF, 0xF0, 0x1F, 0xFF, 0x00, 0x2F, 0x00, 0x01, 0xF0, 0x00, 0x1F, 0x00, 0x01, 0xF0, 0x00, 0x1F,
    0x00, 0x00, 0x00, 0x2C, 0x00, 0xF0, 0x1F, 0xFE, 0x7F, 0xF4, 0x7C, 0x07, 0xFA, 0x1F, 0xFC, 0x1F,
    0x00, 0x7C, 0x00, 0xFF, 0x82, 0xFE, 0x00, 0x00, 0x02, 0x42, 0x00, 0x3F, 0xFC, 0x01, 0xC7, 0xD0,
    0x00, 0x00, 0x00, 0xBC, 0x01, 0xF2, 0xF0, 0x07, 0xCB, 0xC0, 0x1F, 0x2F, 0x00, 0x7C, 0xBC, 0x01,
    0xF2, 0xF0, 0x07, 0xCB, 0xC0, 0x1F, 0x2F, 0x00, 0x7C, 0xBC, 0x01, 0xF1, 0xF8, 0x0F, 0xC2, 0xFF,
    0xFD, 0x02, 0xFF, 0xD0, 0x00, 0x00, 0x00, 0x06, 0x46, 0x07, 0xFF, 0x82, 0x8B, 0x80, 0x00, 0x00,
    0xF8, 0x0F, 0xBE, 0x03, 0xEF, 0x80, 0xFB, 0xE0, 0x3E, 0xF8, 0x0F, 0xBE, 0x03, 0xEF, 0xC1, 0xFA,
    0xFF, 0xFE, 0x2F, 0xE7, 0x80, 0x00, 0x00, 0x06, 0xAA, 0x00, 0x1F, 0xFC, 0x00, 0x00, 0x00, 0x2F,
    0x00, 0x7C, 0xBC, 0x01, 0xF2, 0xF0, 0x07, 0xCB, 0xC0, 0x1F, 0x2F, 0x00, 0x7C, 0xBC, 0x01, 0xF2,
    0xF0, 0x07, 0xCB, 0xC0, 0x1F, 0x2F, 0x00, 0x7C, 0x7E, 0x03, 0xF0, 0xBF, 0xFF, 0x40, 0xBF, 0xF4,
    0x00, 0x00, 0x00, 0x1A, 0xA8, 0x07, 0xFF, 0x00, 0x00, 0x03, 0xE0, 0x3E, 0xF8, 0x0F, 0xBE, 0x03,
    0xEF, 0x80, 0xFB, 0xE0, 0x3E, 0xF8, 0x0F, 0xBF, 0x07, 0xEB, 0xFF, 0xF8, 0xBF, 0x9E, 0x00, 0x00,
    0x00, 0x0A, 0x03, 0x40, 0x1F, 0xFC, 0x00, 0x1F, 0x90, 0x00, 0x00, 0x00, 0xBC, 0x01, 0xF2, 0xF0,
    0x07, 0xCB, 0xC0, 0x1F, 0x2F, 0x00, 0x7C, 0xBC, 0x01, 0xF2, 0xF0, 0x07, 0xCB, 0xC0, 0x1F, 0x2F,
    0x00, 0x7C, 0xBC, 0x01, 0xF1, 0xF8, 0x0F, 0xC2, 0xFF, 0xFD, 0x02, 0xFF, 0xD0, 0x00, 0x00, 0x00,
    0x1C, 0x0A, 0x03, 0xFF, 0x40, 0x7F, 0x40, 0x00, 0x00, 0xF8, 0x0F, 0xBE, 0x03, 0xEF, 0x80, 0xFB,
    0xE0, 0x3E, 0xF8, 0x0F, 0xBE, 0x03, 0xEF, 0xC1, 0xFA, 0xFF, 0xFE, 0x2F, 0xE7, 0x80, 0x00, 0x00,
    0x01, 0xF4, 0x00, 0x0E, 0x70, 0x00, 0x39, 0xC0, 0x00, 0x7D, 0x00, 0x00, 0x00, 0x02, 0xF0, 0x07,
    0xCB, 0xC0, 0x1F, 0x2F, 0x00, 0x7C, 0xBC, 0x01, 0xF2, 0xF0, 0x07, 0xCB, 0xC0, 0x1F, 0x2F, 0x00,
    0x7C, 0xBC, 0x01, 0xF2, 0xF0, 0x07, 0xC7, 0xE0, 0x3F, 0x0B, 0xFF, 0xF4, 0x0B, 0xFF, 0x40, 0x00,
    0x00, 0x00, 0x03, 0xE0, 0x02, 0xDD, 0x00, 0xB7, 0x40, 0x0B, 0x80, 0x00, 0x00, 0x3E, 0x03, 0xEF,
    0x80, 0xFB, 0xE0, 0x3E, 0xF8, 0x0F, 0xBE, 0x03, 0xEF, 0x80, 0xFB, 0xF0, 0x7E, 0xBF, 0xFF, 0x8B,
    0xF9, 0xE0, 0x00, 0x00, 0x03, 0xDB, 0x40, 0x2E, 0x78, 0x01, 0xD3, 0x80, 0x00, 0x00, 0x00, 0xBC,
    0x01, 0xF2, 0xF0, 0x07, 0xCB, 0xC0, 0x1F, 0x2F, 0x00, 0x7C, 0xBC, 0x01, 0xF2, 0xF0, 0x07, 0xCB,
    0xC0, 0x1F, 0x2F, 0x00, 0x7C, 0xBC, 0x01, 0xF1, 0xF8, 0x0F, 0xC2, 0xFF, 0xFD, 0x02, 0xFF, 0xD0,
    0x00, 0x00, 0x00, 0x0B, 0x6E, 0x0B, 0x9F, 0x03, 0x4E, 0x00, 0x00, 0x00, 0xF8, 0x0F, 0xBE, 0x03,
    0xEF, 0x80, 0xFB, 0xE0, 0x3E, 0xF8, 0x0F, 0xBE, 0x03, 0xEF, 0xC1, 0xFA, 0xFF, 0xFE, 0x2F, 0xE7,
    0x80, 0x00, 0x00, 0xBC, 0x01, 0xF2, 0xF0, 0x07, 0xCB, 0xC0, 0x1F, 0x2F, 0x00, 0x7C, 0xBC, 0x01,
    0xF2, 0xF0, 0x07, 0xCB, 0xC0, 0x1F, 0x2F, 0x00, 0x7C, 0xBC, 0x01, 0xF1, 0xF8, 0x0F, 0xC2, 0xFF,
    0xFD, 0x02, 0xFF, 0xD0, 0x00, 0x1E, 0x00, 0x00, 0xB0, 0x00, 0x02, 0xE4, 0x00, 0x03, 0xE0, 0x00,
    0x00, 0x3E, 0x03, 0xEF, 0x80, 0xFB, 0xE0, 0x3E, 0xF8, 0x0F, 0xBE, 0x03, 0xEF, 0x80, 0xFB, 0xF0,
    0x7E, 0xBF, 0xFF, 0x8B, 0xF9, 0xE0, 0x00, 0xE0, 0x00, 0xB0, 0x00, 0x2E, 0x40, 0x02, 0xD0, 0x00,
    0x07, 0xD0, 0x00, 0x00, 0x07, 0xFD, 0x00, 0x00, 0x03, 0x82, 0xC0, 0x00, 0x00, 0x00, 0x00, 0x00,
    0xF8, 0x03, 0xD0, 0x1F, 0x2F, 0x01, 0xF8, 0x0B, 0xC7, 0xC0, 0xFF, 0x03, 0xE0, 0xF4, 0x3F, 0xC0,
    0xF4, 0x3E, 0x1F, 0xB4, 0x7C, 0x0B, 0x8B, 0x9E, 0x2F, 0x01, 0xF3, 0xD3, 0xCF, 0x40, 0x3C, 0xF0,
    0xF3, 0xC0, 0x0F, 0xBC, 0x2E, 0xF0, 0x02, 0xFE, 0x07, 0xF8, 0x00, 0x7F, 0x40, 0xFD, 0x00, 0x0F,
    0xC0, 0x3F, 0x00, 0x00, 0x1F, 0x80, 0x00, 0x00, 0xFF, 0x40, 0x00, 0x0F, 0x0B, 0x40, 0x00, 0x00,
    0x00, 0x00, 0xBC, 0x1F, 0x81, 0xF1, 0xF0, 0xBF, 0x0F, 0x83, 0xD3, 0xEC, 0x3D, 0x0F, 0x8E, 0x75,
    0xF0, 0x2F, 0x74, 0xEB, 0xC0, 0x3E, 0xC3, 0xED, 0x00, 0xFF, 0x0F, 0xF0, 0x02, 0xFC, 0x2F, 0xC0,
    0x07, 0xE0, 0x7E, 0x00, 0x00, 0xF8, 0x00, 0x0F, 0xF4, 0x00, 0xB0, 0xB4, 0x00, 0x00, 0x00, 0xBC,
    0x02, 0xF1, 0xF4, 0x0F, 0x82, 0xF0, 0xBC, 0x03, 0xD3, 0xE0, 0x0B, 0xEF, 0x00, 0x0F, 0xF8, 0x00,
    0x2F, 0xC0, 0x00, 0x3E, 0x00, 0x00, 0xF8, 0x00, 0x03, 0xE0, 0x00, 0x0F, 0x80, 0x00, 0x3E, 0x00,
    0x02, 0xF0, 0x00, 0x7F, 0xC0, 0x1E, 0x0E, 0x00, 0x00, 0x00, 0xFC, 0x07, 0xD7, 0xC0, 0xBC, 0x3E,
    0x0F, 0x82, 0xF1, 0xF0, 0x0F, 0x2F, 0x00, 0xF7, 0xD0, 0x07, 0xFC, 0x00, 0x3F, 0x80, 0x02, 0xF4,
    0x00, 0x2F, 0x00, 0x07, 0xE0, 0x07, 0xFC, 0x00, 0x7E, 0x00, 0x00, 0x02, 0x05, 0x00, 0x2E, 0x3C,
    0x00, 0x60, 0xA0, 0x00, 0x00, 0x00, 0xBC, 0x02, 0xF1, 0xF4, 0x0F, 0x82, 0xF0, 0xBC, 0x03, 0xD3,
    0xE0, 0x0B, 0xEF, 0x00, 0x0F, 0xF8, 0x00, 0x2F, 0xC0, 0x00, 0x3E, 0x00, 0x00, 0xF8, 0x00, 0x03,
    0xE0, 0x00, 0x0F, 0x80, 0x00, 0x3E, 0x00, 0x00, 0x3D, 0x00, 0x0F, 0x80, 0x02, 0xD0, 0x00, 0x00,
    0x00, 0x7F, 0xFF, 0xC7, 0xFF, 0xFC, 0x00, 0x1F, 0x80, 0x03, 0xF0, 0x00, 0xBC, 0x00, 0x0F, 0x40,
    0x03, 0xF0, 0x00, 0xBC, 0x00, 0x1F, 0x40, 0x03, 0xE0, 0x00, 0xBF, 0xFF, 0xDB, 0xFF, 0xFD, 0x00,
    0x7C, 0x01, 0xF4, 0x03, 0xC0, 0x00, 0x00, 0x7F, 0xFE, 0x3F, 0xFD, 0x00, 0xFC, 0x02, 0xF0, 0x07,
    0xD0, 0x0F, 0x80, 0x2F, 0x00, 0x7F, 0xFE, 0xBF, 0xFE, 0x00, 0xA0, 0x00, 0x1F, 0x40, 0x00, 0xA0,
    0x00, 0x00, 0x00, 0x7F, 0xFF, 0xC7, 0xFF, 0xFC, 0x00, 0x1F, 0x80, 0x03, 0xF0, 0x00, 0xBC, 0x00,
    0x0F, 0x40, 0x03, 0xF0, 0x00, 0xBC, 0x00, 0x1F, 0x40, 0x03, 0xE0, 0x00, 0xBF, 0xFF, 0xDB, 0xFF,
    0xFD, 0x02, 0x80, 0x03, 0xD0, 0x02, 0x80, 0x00, 0x00, 0x7F, 0xFE, 0x3F, 0xFD, 0x00, 0xFC, 0x02,
    0xF0, 0x07, 0xD0, 0x0F, 0x80, 0x2F, 0x00, 0x7F, 0xFE, 0xBF, 0xFE, 0x0E, 0x0B, 0x40, 0xBF, 0xE0,
    0x02, 0xF8, 0x00, 0x00, 0x00, 0x7F, 0xFF, 0xC7, 0xFF, 0xFC, 0x00, 0x1F, 0x80, 0x03, 0xF0, 0x00,
    0xBC, 0x00, 0x0F, 0x40, 0x03, 0xF0, 0x00, 0xBC, 0x00, 0x1F, 0x40, 0x03, 0xE0, 0x00, 0xBF, 0xFF,
    0xDB, 0xFF, 0xFD, 0x28, 0x1D, 0x1F, 0xBC, 0x07, 0xF0, 0x00, 0x00, 0x7F, 0xFE, 0x3F, 0xFD, 0x00,
    0xFC, 0x02, 0xF0, 0x07, 0xD0, 0x0F, 0x80, 0x2F, 0x00, 0x7F, 0xFE, 0xBF, 0xFE, 0x1A, 0x97, 0xFD,
    0xBD, 0x4B, 0xC0, 0xBC, 0x0B, 0xC0, 0xBC, 0x0B, 0xC0, 0xBC, 0x0B, 0xC0, 0xBC, 0x0B, 0xC0, 0xBC,
    0x00, 0x7C, 0x0B, 0xC0, 0x78, 0x07, 0xD0, 0xF4, 0x2C, 0x00, 0x07, 0xD0, 0x1F, 0xF0, 0x38, 0x3C,
    0x06, 0x05, 0x2F, 0xFD, 0x34, 0xB8, 0xAA, 0xAB, 0xFE, 0x00, 0x00, 0x7F, 0xFD, 0x6A, 0xA9, 0x34,
    0x0D, 0x2F, 0xFC, 0x0B, 0xE0, 0x28, 0x7D, 0x28, 0x50, 0x5F, 0x5F, 0x60, 0x90, 0xB8, 0xAE, 0x1E,
    0x38, 0x00, 0x1F, 0x4D, 0xB3, 0x6C, 0x7C, 0x0F, 0x2D, 0x3D, 0xB8, 0x70, 0xD0, 0x38, 0x1D, 0x1F,
    0xB8, 0x0B, 0xF0, 0xAF, 0xF0, 0x35, 0xC7, 0x5D, 0x75, 0xD0, 0x00, 0x78, 0xB0, 0x2D, 0x78, 0x0B,
    0x1D, 0x00, 0x00, 0xF0, 0xDA, 0x7B, 0xAE, 0x2F, 0x80, 0x0B, 0xE0, 0x2F, 0xFC, 0x34, 0x1C, 0x1D,
    0x3D, 0x3C, 0x7C, 0x00, 0x3D, 0x3C, 0x3C, 0x74, 0x00, 0x7C, 0x3C, 0x3D, 0x1D, 0x00, 0x3D, 0x3C,
    0x3C, 0x74, 0x00, 0x7D, 0x01, 0xF0, 0x07, 0x80, 0x0B, 0x81, 0xF0, 0x38, 0x00, 0x05, 0x1D, 0x6D,
    0x05, 0x50, 0x74, 0x79, 0x50, 0xAA, 0x05, 0xD0, 0x34, 0x0D, 0x00, 0x00, 0x0A, 0x47, 0xC7, 0xE2,
    0xD0, 0x00, 0x00, 0x08, 0xE3, 0x47, 0x00, 0x28, 0x7D, 0x55, 0x00, 0xBE, 0x28, 0x14, 0x14, 0x69,
    0x7D, 0x14, 0x69, 0x55, 0x0F, 0x0F, 0x0F, 0xBF, 0xBC, 0xF0, 0xF0, 0xF0, 0xFE, 0x7E, 0x2D, 0x3E,
    0x14, 0x50, 0x5F, 0x5F, 0x60, 0x90, 0x1F, 0x4D, 0xB3, 0x6C, 0x7C, 0x3D, 0x3C, 0x20, 0x38, 0x1E,
    0x5F, 0xFD, 0x00, 0x38, 0xB0, 0xB9, 0x2E, 0xAF, 0xF0, 0x00, 0x0F, 0xFF, 0xC0, 0x38, 0x02, 0x32,
    0x8C, 0x2E, 0xB8, 0x28, 0x1D, 0x1F, 0xB8, 0x0B, 0xF0, 0x07, 0xD0, 0x1F, 0xF0, 0x38, 0x3C, 0x34,
    0x1C, 0x2F, 0xFC, 0x0B, 0xE0, 0x0B, 0xE0, 0x2F, 0xFC, 0x34, 0x1C, 0x09, 0x08, 0x3F, 0xFC, 0x71,
    0xB4, 0xAA, 0xAB, 0xFE, 0x6A, 0xA9, 0xAA, 0xAA, 0xAA, 0xA8, 0x6A, 0xA8, 0x55, 0x54, 0xBF, 0xFC,
    0x0A, 0x09, 0x3F, 0xFC, 0x30, 0xB4, 0x00, 0x00, 0x7F, 0xFD, 0x6A, 0xA9, 0x15, 0x55, 0x55, 0x43,
    0xFF, 0xFF, 0xFC, 0x15, 0x55, 0x55, 0x40, 0x00, 0x90, 0x7E, 0x3F, 0x4B, 0x80, 0x00, 0x00, 0x00,
    0x08, 0x00, 0x2C, 0x00, 0x38, 0x00, 0x70, 0x00, 0xF0, 0x00, 0xD0, 0x02, 0xC0, 0x03, 0x80, 0x07,
    0x40, 0x0B, 0x00, 0x0D, 0x00, 0x2C, 0x00, 0x38, 0x00, 0x74, 0x00, 0x82, 0xC7, 0x34, 0x00, 0x0C,
    0x03, 0xD5, 0x7A, 0xAA, 0x2A, 0xA8, 0x35, 0x5C, 0x30, 0x0C, 0x3F, 0xFC, 0x2F, 0xB8, 0x31, 0x8C,
    0x55, 0x3C, 0x7D, 0x00, 0x04, 0x38, 0x34, 0x1C, 0x2C, 0x10, 0xAA, 0xA9, 0xAA, 0xA5, 0x55, 0x6F,
    0xFF, 0x7D, 0x01, 0xF0, 0x03, 0xC0, 0x0F, 0x4F, 0x8B, 0x40, 0x09, 0x09, 0x3F, 0xFC, 0x31, 0xB4,
    0x7C, 0x2C, 0x28, 0x00, 0x10, 0xF9, 0x47, 0xDF, 0x3C, 0x26, 0xD1, 0x80, 0x00, 0xB4, 0xB8, 0x7C,
    0x6A, 0xA9, 0xA5, 0x5A, 0x90, 0x06, 0x00, 0x00, 0xAA, 0xA9, 0xAA, 0xA5, 0x55, 0x6F, 0xFF, 0x35,
    0xC7, 0x5D, 0x75, 0xD0, 0x00, 0xBE, 0x0A, 0x0A, 0x00, 0x84, 0x2F, 0xDC, 0x33, 0xB4, 0x01, 0x00,
    0x02, 0x80, 0x03, 0xC0, 0x0A, 0x08, 0x3F, 0xFC, 0x20, 0xA0, 0x03, 0xC0, 0x02, 0x80, 0x10, 0x1B,
    0xFE, 0x41, 0x87, 0xD7, 0x97, 0xD0, 0x00, 0x03, 0x5C, 0x7A, 0xD0, 0x00, 0x00, 0x3C, 0x28, 0x28,
    0xF8, 0x7D, 0x2F, 0xC0, 0x00, 0x03, 0x80, 0x96, 0x02, 0x02, 0x00, 0x80, 0x08, 0x00, 0x20, 0xC4,
    0x00, 0x13, 0xC4, 0x00, 0x13, 0x48, 0x00, 0x21, 0x02, 0x00, 0x80, 0x80, 0x96, 0x02, 0xC0, 0x00,
    0x03, 0xF8, 0x7D, 0x2F, 0x00, 0x74, 0x1D, 0x74, 0x00, 0x12, 0xCE, 0x2C, 0x10, 0x00, 0x03, 0xFC,
    0xB5, 0xE8, 0xF2, 0x0B, 0x00, 0x00, 0x7D, 0x3C, 0x14, 0x00, 0x2C, 0x74, 0x09, 0x00, 0x78, 0x1D,
    0x60, 0x00, 0x00, 0x38, 0x34, 0x0E, 0xA8, 0x34, 0xCC, 0x43, 0xC3, 0x3C, 0x40, 0x28, 0x7D, 0x28,
    0x00, 0x69, 0x7D, 0x28, 0x05, 0x50, 0x37, 0xDC, 0x32, 0x8C, 0x2E, 0xB8, 0x00, 0x20, 0x7D, 0x08,
    0x00, 0x10, 0x00, 0x00, 0x43, 0xD0, 0x00, 0x7C, 0x1F, 0xFA, 0xFF, 0x40, 0x1B, 0xFE, 0x40, 0x10,
    0x00, 0x00, 0x43, 0xD0, 0x00, 0x7C, 0x1F, 0xFA, 0xFF, 0x40, 0x1B, 0xFE, 0x40, 0x55, 0x55, 0x5F,
    0xFF, 0xFF, 0x55, 0x55, 0x5F, 0xFF, 0xFF, 0x0A, 0xA4, 0x00, 0x93, 0xFF, 0xFF, 0xFC, 0x70, 0x06,
    0xBF, 0x40, 0x00, 0x5A, 0x50, 0x00, 0xBF, 0xFF, 0xE0, 0x2E, 0x40, 0x1F, 0xC7, 0x40, 0x00, 0x1D,
    0x00, 0x00, 0x00, 0x01, 0x55, 0x55, 0x6C, 0x2A, 0xAA, 0xAB, 0xD0, 0x00, 0x00, 0x10, 0x00, 0x3E,
    0x2B, 0xA7, 0x66, 0x00, 0x0F, 0x8B, 0xB2, 0x80, 0x29, 0x00, 0x11, 0x66, 0x65, 0x00, 0x1F, 0x8D,
    0x32, 0x8C, 0x29, 0x00, 0x93, 0x34, 0xCA, 0x71, 0xA8, 0x00, 0x2E, 0x70, 0x70, 0x19, 0x01, 0x03,
    0x7B, 0xD3, 0xE7, 0x26, 0x40, 0x24, 0x0B, 0xF2, 0x4C, 0x93, 0x14, 0x80, 0x00, 0x03, 0xBB, 0xCD,
    0x73, 0x71, 0x8D, 0x85, 0x20, 0x03, 0xAD, 0x30, 0x80, 0x14, 0x3D, 0x24, 0x24, 0x19, 0x93, 0x19,
    0x83, 0xC0, 0x60, 0x29, 0xC0, 0xF0, 0x0F, 0x42, 0x48, 0x2F, 0x00, 0x0B, 0x80, 0x02, 0xD0, 0x00,
    0x00, 0xBF, 0xFD, 0xBF, 0xFD, 0xBC, 0x00, 0xBC, 0x00, 0xBC, 0x00, 0xBF, 0xFC, 0xBF, 0xFC, 0xBC,
    0x00, 0xBC, 0x00, 0xBC, 0x00, 0xBF, 0xFD, 0xBF, 0xFD, 0x14, 0x10, 0x3D, 0x7C, 0x2C, 0x38, 0x00,
    0x00, 0xBF, 0xFD, 0xBF, 0xFD, 0xBC, 0x00, 0xBC, 0x00, 0xBC, 0x00, 0xBF, 0xFC, 0xBF, 0xFC, 0xBC,
    0x00, 0xBC, 0x00, 0xBC, 0x00, 0xBF, 0xFD, 0xBF, 0xFD, 0xBF, 0xFF, 0xC0, 0x2F, 0xFF, 0xF0, 0x00,
    0x3E, 0x00, 0x00, 0x0F, 0x80, 0x00, 0x03, 0xE1, 0x40, 0x00, 0xFF, 0xFE, 0x00, 0x3F, 0xEF, 0xE0,
    0x0F, 0x80, 0xFC, 0x03, 0xE0, 0x2F, 0x00, 0xF8, 0x0F, 0xC0, 0x3E, 0x3F, 0xE0, 0x0F, 0x8F, 0xE0,
    0x00, 0x00, 0x00, 0x00, 0x00, 0x7D, 0x00, 0xF4, 0x02, 0xD0, 0x00, 0x00, 0x7F, 0xFF, 0xBF, 0xFF,
    0xBC, 0x00, 0xBC, 0x00, 0xBC, 0x00, 0xBC, 0x00, 0xBC, 0x00, 0xBC, 0x00, 0xBC, 0x00, 0xBC, 0x00,
    0xBC, 0x00, 0xBC, 0x00, 0x00, 0x00, 0x00, 0x06, 0xFF, 0x80, 0x7F, 0xFF, 0x07, 0xF4, 0x14, 0x2F,
    0x00, 0x00, 0xF8, 0x00, 0x03, 0xFF, 0xF8, 0x0F, 0xFF, 0xE0, 0x3E, 0x00, 0x00, 0xFC, 0x00, 0x01,
    0xFC, 0x01, 0x02, 0xFF, 0xFC, 0x01, 0xFF, 0xE0, 0x00, 0x00, 0x00, 0x00, 0x00, 0x02, 0xFF, 0x82,
    0xFF, 0xF0, 0xF8, 0x14, 0x3D, 0x00, 0x0F, 0xD0, 0x01, 0xFF, 0x40, 0x0F, 0xF8, 0x00, 0x7F, 0x00,
    0x03, 0xD6, 0x01, 0xF5, 0xFF, 0xFC, 0x3F, 0xF8, 0x00, 0x00, 0x00, 0xBE, 0xFB, 0xEF, 0xBE, 0xFB,
    0xEF, 0xBE, 0xFB, 0xEF, 0x21, 0x4B, 0x7C, 0x72, 0xC0, 0x00, 0x1F, 0x02, 0xF0, 0x2F, 0x02, 0xF0,
    0x2F, 0x02, 0xF0, 0x2F, 0x02, 0xF0, 0x2F, 0x02, 0xF0, 0x2F, 0x02, 0xF0, 0x01, 0xF0, 0x0B, 0xC0,
    0x2F, 0x00, 0xBC, 0x02, 0xF0, 0x0B, 0xC0, 0x2F, 0x00, 0xBC, 0x02, 0xF0, 0x0B, 0xC0, 0x2F, 0x00,
    0xBC, 0x02, 0xF0, 0xAF, 0x83, 0xFC, 0x05, 0x40, 0x03, 0xFF, 0xF8, 0x00, 0x01, 0xFF, 0xFE, 0x00,
    0x00, 0x7C, 0x0F, 0x80, 0x00, 0x1F, 0x03, 0xE0, 0x00, 0x07, 0xC0, 0xFF, 0xE4, 0x01, 0xF0, 0x3F,
    0xFF, 0x80, 0xB8, 0x0F, 0x97, 0xF0, 0x2E, 0x03, 0xE0, 0x3D, 0x0B, 0x80, 0xF8, 0x0F, 0x43, 0xD0,
    0x3E, 0x0B, 0xDF, 0xF0, 0x0F, 0xFF, 0xF3, 0xF4, 0x03, 0xFF, 0xE0, 0x00, 0x00, 0x00, 0x00, 0x00,
    0x7C, 0x01, 0xF0, 0x00, 0xBC, 0x02, 0xF0, 0x00, 0xBC, 0x02, 0xF0, 0x00, 0xBC, 0x02, 0xF0, 0x00,
    0xBD, 0x56, 0xF5, 0x40, 0xBF, 0xFF, 0xFF, 0xF8, 0xBE, 0xAB, 0xFA, 0xFE, 0xBC, 0x02, 0xF0, 0x3F,
    0xBC, 0x02, 0xF0, 0x2F, 0xBC, 0x02, 0xF0, 0x7F, 0xBC, 0x02, 0xFF, 0xFD, 0xBC, 0x02, 0xFF, 0xE4,
    0xBF, 0xFF, 0xC0, 0xBF, 0xFF, 0xC0, 0x03, 0xE0, 0x00, 0x03, 0xE0, 0x00, 0x03, 0xE1, 0x40, 0x03,
    0xFF, 0xF8, 0x03, 0xFF, 0xFE, 0x03, 0xE0, 0x3F, 0x03, 0xE0, 0x2F, 0x03, 0xE0, 0x2F, 0x03, 0xE0,
    0x2F, 0x03, 0xE0, 0x2F, 0x00, 0x2E, 0x00, 0x02, 0xE0, 0x00, 0x1E, 0x00, 0x00, 0x00, 0x00, 0x7C,
    0x03, 0xE2, 0xF0, 0x2F, 0x0B, 0xC0, 0xF4, 0x2F, 0x0F, 0x80, 0xBC, 0xBC, 0x02, 0xFF, 0xD0, 0x0B,
    0xFF, 0xC0, 0x2F, 0x1F, 0x40, 0xBC, 0x3F, 0x02, 0xF0, 0x3F, 0x0B, 0xC0, 0x7D, 0x2F, 0x00, 0xFC,
    0x02, 0xE0, 0x00, 0x02, 0xE0, 0x00, 0x02, 0xC0, 0x00, 0x00, 0x00, 0x7C, 0x02, 0xFA, 0xF0, 0x0F,
    0xEB, 0xC0, 0xBF, 0xAF, 0x07, 0xFE, 0xBC, 0x3D, 0xFA, 0xF1, 0xF3, 0xEB, 0xCF, 0x4F, 0xAF, 0x7C,
    0x3E, 0xBF, 0xD0, 0xFA, 0xFF, 0x03, 0xEB, 0xF4, 0x0F, 0xAF, 0xC0, 0x3E, 0x06, 0x42, 0x80, 0x1F,
    0x6E, 0x00, 0x2F, 0xE0, 0x00, 0x00, 0x00, 0xBC, 0x00, 0xF8, 0xF4, 0x07, 0xC2, 0xF0, 0x2E, 0x07,
    0xD0, 0xF4, 0x0F, 0x87, 0xC0, 0x1F, 0x3D, 0x00, 0x3E, 0xF0, 0x00, 0x7F, 0x80, 0x00, 0xFC, 0x00,
    0x07, 0xE0, 0x03, 0xFF, 0x00, 0x0F, 0xF0, 0x00, 0x00, 0x00, 0x00, 0x7C, 0x00, 0xF2, 0xF0, 0x07,
    0xDB, 0xC0, 0x1F, 0x6F, 0x00, 0x7D, 0xBC, 0x01, 0xF6, 0xF0, 0x07, 0xDB, 0xC0, 0x1F, 0x6F, 0x00,
    0x7D, 0xBC, 0x01, 0xF6, 0xF0, 0x07, 0xDB, 0xFF, 0xFF, 0x6F, 0xFF, 0xFD, 0x00, 0xF8, 0x00, 0x03,
    0xE0, 0x00, 0x05, 0x40, 0x00, 0x00, 0xFD, 0x00, 0x01, 0xFF, 0x00, 0x02, 0xEF, 0x00, 0x03, 0xDF,
    0x80, 0x07, 0xCB, 0xC0, 0x0B, 0xC3, 0xC0, 0x0F, 0x43, 0xE0, 0x1F, 0xFF, 0xF0, 0x3F, 0xFF, 0xF4,
    0x3E, 0x00, 0xF8, 0x7C, 0x00, 0xBC, 0xFC, 0x00, 0x7D, 0x7F, 0xFF, 0x0B, 0xFF, 0xF0, 0xBC, 0x00,
    0x0B, 0xC0, 0x00, 0xBD, 0x50, 0x0B, 0xFF, 0xE0, 0xBE, 0xBF, 0x8B, 0xC0, 0xFC, 0xBC, 0x0B, 0xCB,
    0xC1, 0xFC, 0xBF, 0xFF, 0x4B, 0xFF, 0x90, 0xBF, 0xF9, 0x0B, 0xFF, 0xF8, 0xBC, 0x1F, 0xCB, 0xC0,
    0xBC, 0xBC, 0x1F, 0x8B, 0xFF, 0xE0, 0xBF, 0xFF, 0x4B, 0xC0, 0xBC, 0xBC, 0x07, 0xDB, 0xC0, 0xFC,
    0xBF, 0xFF, 0x8B, 0xFF, 0xD0, 0x7F, 0xFF, 0xBF, 0xFF, 0xBC, 0x00, 0xBC, 0x00, 0xBC, 0x00, 0xBC,
    0x00, 0xBC, 0x00, 0xBC, 0x00, 0xBC, 0x00, 0xBC, 0x00, 0xBC, 0x00, 0xBC, 0x00, 0x03, 0xFF, 0xFC,
    0x00, 0xFF, 0xFF, 0x00, 0x3D, 0x07, 0xC0, 0x0F, 0x41, 0xF0, 0x03, 0xD0, 0x7C, 0x00, 0xF0, 0x1F,
    0x00, 0x3C, 0x07, 0xC0, 0x1F, 0x01, 0xF0, 0x0B, 0x80, 0x7C, 0x07, 0xD0, 0x1F, 0x4F, 0xFF, 0xFF,
    0xFF, 0xFF, 0xFF, 0xFF, 0xF8, 0x00, 0x0B, 0xFE, 0x00, 0x02, 0xF5, 0x40, 0x00, 0x54, 0xBF, 0xFD,
    0xBF, 0xFD, 0xBC, 0x00, 0xBC, 0x00, 0xBC, 0x00, 0xBF, 0xFC, 0xBF, 0xFC, 0xBC, 0x00, 0xBC, 0x00,
    0xBC, 0x00, 0xBF, 0xFD, 0xBF, 0xFD, 0x3D, 0x03, 0xD0, 0x2E, 0x0B, 0xC0, 0xF8, 0x1F, 0x00, 0xF8,
    0x3E, 0x0F, 0x80, 0x1F, 0x4F, 0x8B, 0xC0, 0x02, 0xF7, 0xE7, 0xC0, 0x00, 0x3F, 0xFF, 0xE0, 0x00,
    0x1F, 0xFF, 0xFC, 0x00, 0x0F, 0xCF, 0x8F, 0x80, 0x0B, 0xC3, 0xE2, 0xF0, 0x07, 0xE0, 0xF8, 0x3F,
    0x03, 0xF0, 0x3E, 0x07, 0xE2, 0xF4, 0x0F, 0x80, 0xBC, 0x00, 0x00, 0x0B, 0xFF, 0x43, 0xFF, 0xF4,
    0x50, 0x7E, 0x00, 0x0F, 0x80, 0x0B, 0xC0, 0xFF, 0xC0, 0x2F, 0xFC, 0x00, 0x0F, 0xC0, 0x02, 0xF1,
    0x00, 0xFC, 0xFF, 0xFD, 0x3F, 0xFD, 0x00, 0x00, 0x00, 0x7C, 0x02, 0xFA, 0xF0, 0x0F, 0xEB, 0xC0,
    0xBF, 0xAF, 0x07, 0xFE, 0xBC, 0x3D, 0xFA, 0xF1, 0xF3, 0xEB, 0xCF, 0x4F, 0xAF, 0x7C, 0x3E, 0xBF,
    0xD0, 0xFA, 0xFF, 0x03, 0xEB, 0xF4, 0x0F, 0xAF, 0xC0, 0x3E, 0x06, 0x42, 0x80, 0x1F, 0x7E, 0x00,
    0x2F, 0xE0, 0x00, 0x00, 0x00, 0x7C, 0x02, 0xFA, 0xF0, 0x0F, 0xEB, 0xC0, 0xBF, 0xAF, 0x07, 0xFE,
    0xBC, 0x3D, 0xFA, 0xF1, 0xF3, 0xEB, 0xCF, 0x4F, 0xAF, 0x7C, 0x3E, 0xBF, 0xD0, 0xFA, 0xFF, 0x03,
    0xEB, 0xF4, 0x0F, 0xAF, 0xC0, 0x3E, 0x7C, 0x03, 0xE2, 0xF0, 0x2F, 0x0B, 0xC0, 0xF4, 0x2F, 0x0F,
    0x80, 0xBC, 0xBC, 0x02, 0xFF, 0xD0, 0x0B, 0xFF, 0xC0, 0x2F, 0x1F, 0x40, 0xBC, 0x3F, 0x02, 0xF0,
    0x3F, 0x0B, 0xC0, 0x7D, 0x2F, 0x00, 0xFC, 0x07, 0xFF, 0xF8, 0x1F, 0xFF, 0xF0, 0x7C, 0x0F, 0xC1,
    0xF0, 0x3F, 0x07, 0xC0, 0xFC, 0x2F, 0x03, 0xF0, 0xB8, 0x0F, 0xC2, 0xE0, 0x3F, 0x0F, 0x80, 0xFC,
    0x7D, 0x03, 0xFF, 0xF0, 0x0F, 0xFF, 0x40, 0x3F, 0x00, 0x00, 0x00, 0x7F, 0x00, 0x1F, 0xCB, 0xF4,
    0x02, 0xFC, 0xBF, 0x80, 0x3F, 0xCB, 0xBC, 0x07, 0xBC, 0xBB, 0xD0, 0xB7, 0xCB, 0x9E, 0x0F, 0x3C,
    0xBC, 0xF1, 0xE3, 0xCB, 0xCF, 0x2D, 0x3C, 0xBC, 0xBB, 0xC3, 0xCB, 0xC3, 0xF8, 0x3C, 0xBC, 0x3F,
    0x43, 0xCB, 0xC2, 0xF0, 0x3C, 0x7C, 0x00, 0xF6, 0xF0, 0x03, 0xDB, 0xC0, 0x0F, 0x6F, 0x00, 0x3D,
    0xBC, 0x01, 0xF6, 0xFF, 0xFF, 0xDB, 0xFF, 0xFF, 0x6F, 0x00, 0x3D, 0xBC, 0x00, 0xF6, 0xF0, 0x03,
    0xDB, 0xC0, 0x0F, 0x6F, 0x00, 0x3D, 0x00, 0x00, 0x00, 0x00, 0x7F, 0xF4, 0x00, 0xBF, 0xFF, 0x80,
    0x7F, 0x03, 0xF4, 0x3F, 0x00, 0x3E, 0x0F, 0x80, 0x0B, 0xC3, 0xE0, 0x02, 0xF0, 0xF8, 0x00, 0xBC,
    0x3E, 0x00, 0x2F, 0x0F, 0xC0, 0x0F, 0x81, 0xF8, 0x0B, 0xD0, 0x2F, 0xFF, 0xE0, 0x01, 0xFF, 0xD0,
    0x00, 0x00, 0x00, 0x00, 0x7F, 0xFF, 0xF2, 0xFF, 0xFF, 0xCB, 0xC0, 0x1F, 0x2F, 0x00, 0x7C, 0xBC,
    0x01, 0xF2, 0xF0, 0x07, 0xCB, 0xC0, 0x1F, 0x2F, 0x00, 0x7C, 0xBC, 0x01, 0xF2, 0xF0, 0x07, 0xCB,
    0xC0, 0x1F, 0x2F, 0x00, 0x7C, 0xBF, 0xF8, 0x2F, 0xFF, 0xCB, 0xC2, 0xF6, 0xF0, 0x3E, 0xBC, 0x0F,
    0xAF, 0x5B, 0xDB, 0xFF, 0xE2, 0xFF, 0x90, 0xBC, 0x00, 0x2F, 0x00, 0x0B, 0xC0, 0x02, 0xF0, 0x00,
    0x00, 0x00, 0x00, 0x06, 0xFF, 0x80, 0xBF, 0xFF, 0x07, 0xF4, 0x14, 0x2F, 0x00, 0x00, 0xF8, 0x00,
    0x03, 0xE0, 0x00, 0x0F, 0x80, 0x00, 0x3E, 0x00, 0x00, 0xFC, 0x00, 0x01, 0xFC, 0x01, 0x02, 0xFF,
    0xF8, 0x01, 0xFF, 0xD0, 0x00, 0x00, 0x00, 0xBF, 0xFF, 0xDB, 0xFF, 0xFD, 0x02, 0xF4, 0x00, 0x1F,
    0x00, 0x01, 0xF0, 0x00, 0x1F, 0x00, 0x01, 0xF0, 0x00, 0x1F, 0x00, 0x01, 0xF0, 0x00, 0x1F, 0x00,
    0x01, 0xF0, 0x00, 0x1F, 0x00, 0xBC, 0x00, 0xF8, 0xF4, 0x07, 0xC2, 0xF0, 0x2E, 0x07, 0xD0, 0xF4,
    0x0F, 0x87, 0xC0, 0x1F, 0x3D, 0x00, 0x3E, 0xF0, 0x00, 0x7F, 0x80, 0x00, 0xFC, 0x00, 0x07, 0xE0,
    0x03, 0xFF, 0x00, 0x0F, 0xF0, 0x00, 0x00, 0x00, 0x00, 0x00, 0x00, 0x00, 0x00, 0x00, 0x2E, 0x00,
    0x00, 0x06, 0xFE, 0x40, 0x02, 0xFF, 0xFF, 0xE0, 0x1F, 0xDF, 0xDF, 0xD0, 0xFC, 0x2E, 0x0F, 0xC3,
    0xD0, 0xB8, 0x1F, 0x0F, 0x42, 0xE0, 0x7C, 0x3F, 0x0B, 0x83, 0xF0, 0x7F, 0x7F, 0x7F, 0x40, 0x7F,
    0xFF, 0xF8, 0x00, 0x1B, 0xF9, 0x00, 0x00, 0x0B, 0x80, 0x00, 0x00, 0x00, 0x00, 0x00, 0x7D, 0x00,
    0xF8, 0x3F, 0x02, 0xF0, 0x0F, 0x47, 0xD0, 0x0B, 0xCF, 0x80, 0x03, 0xFF, 0x00, 0x01, 0xFD, 0x00,
    0x01, 0xFD, 0x00, 0x03, 0xFF, 0x00, 0x0B, 0xCF, 0xC0, 0x1F, 0x07, 0xD0, 0x3E, 0x02, 0xF0, 0xBC,
    0x00, 0xFC, 0x7C, 0x01, 0xF0, 0xBC, 0x01, 0xF0, 0xBC, 0x01, 0xF0, 0xBC, 0x01, 0xF0, 0xBC, 0x01,
    0xF0, 0xBC, 0x01, 0xF0, 0xBC, 0x01, 0xF0, 0xBC, 0x01, 0xF0, 0xBC, 0x01, 0xF0, 0xBC, 0x01, 0xF4,
    0xBF, 0xFF, 0xFF, 0xBF, 0xFF, 0xFF, 0x00, 0x00, 0x2F, 0x00, 0x00, 0x2F, 0x00, 0x00, 0x15, 0xF8,
    0x03, 0xDF, 0x80, 0x3D, 0xF8, 0x03, 0xDF, 0x80, 0x3D, 0xFC, 0x03, 0xDB, 0xE1, 0xBD, 0x3F, 0xFF,
    0xD0, 0xBF, 0xBD, 0x00, 0x03, 0xD0, 0x00, 0x3D, 0x00, 0x03, 0xD0, 0x00, 0x3D, 0xBC, 0x07, 0xC0,
    0x3D, 0xBC, 0x07, 0xC0, 0x3D, 0xBC, 0x07, 0xC0, 0x3D, 0xBC, 0x07, 0xC0, 0x3D, 0xBC, 0x07, 0xC0,
    0x3D, 0xBC, 0x07, 0xC0, 0x3D, 0xBC, 0x07, 0xC0, 0x3D, 0xBC, 0x07, 0xC0, 0x3D, 0xBC, 0x07, 0xC0,
    0x3D, 0xBC, 0x07, 0xD0, 0x7D, 0xBF, 0xFF, 0xFF, 0xFD, 0xBF, 0xFF, 0xFF, 0xFD, 0xBC, 0x07, 0xC0,
    0x7C, 0x2F, 0x01, 0xF0, 0x1F, 0x0B, 0xC0, 0x7C, 0x07, 0xC2, 0xF0, 0x1F, 0x01, 0xF0, 0xBC, 0x07,
    0xC0, 0x7C, 0x2F, 0x01, 0xF0, 0x1F, 0x0B, 0xC0, 0x7C, 0x07, 0xC2, 0xF0, 0x1F, 0x01, 0xF0, 0xBC,
    0x07, 0xC0, 0x7C, 0x2F, 0x02, 0xF0, 0x1F, 0x4B, 0xFF, 0xFF, 0xFF, 0xFE, 0xFF, 0xFF, 0xFF, 0xFF,
    0x00, 0x00, 0x00, 0x0B, 0xC0, 0x00, 0x00, 0x02, 0xF0, 0x00, 0x00, 0x00, 0x64, 0xBF, 0xF0, 0x00,
    0xBF, 0xF0, 0x00, 0x03, 0xF0, 0x00, 0x02, 0xF0, 0x00, 0x02, 0xFA, 0x90, 0x02, 0xFF, 0xFC, 0x02,
    0xF5, 0xBE, 0x02, 0xF0, 0x3F, 0x02, 0xF0, 0x3F, 0x02, 0xF0, 0x7E, 0x02, 0xFF, 0xFC, 0x02, 0xFF,
    0xE0, 0x7C, 0x00, 0x0B, 0xEF, 0x00, 0x02, 0xFB, 0xC0, 0x00, 0xBE, 0xF0, 0x00, 0x2F, 0xBF, 0xE4,
    0x0B, 0xEF, 0xFF, 0xC2, 0xFB, 0xD6, 0xF8, 0xBE, 0xF0, 0x3F, 0x2F, 0xBC, 0x0B, 0xCB, 0xEF, 0x07,
    0xE2, 0xFB, 0xFF, 0xF0, 0xBE, 0xFF, 0xE0, 0x2F, 0x7C, 0x00, 0x2F, 0x00, 0x0B, 0xC0, 0x02, 0xF0,
    0x00, 0xBE, 0xA4, 0x2F, 0xFF, 0xCB, 0xD6, 0xFA, 0xF0, 0x2F, 0xBC, 0x0B, 0xEF, 0x07, 0xFB, 0xFF,
    0xF6, 0xFF, 0xE4, 0x00, 0x00, 0x02, 0xFF, 0xD0, 0x3F, 0xFF, 0x41, 0x40, 0xFC, 0x00, 0x03, 0xE0,
    0x00, 0x3F, 0x0F, 0xFF, 0xF0, 0xBF, 0xFF, 0x00, 0x02, 0xF0, 0x00, 0x3E, 0x10, 0x0F, 0xD3, 0xFF,
    0xF8, 0x2F, 0xFD, 0x00, 0x00, 0x00, 0x00, 0x00, 0x00, 0x00, 0x7C, 0x02, 0xFF, 0x40, 0xBC, 0x0F,
    0xFF, 0xE0, 0xBC, 0x2F, 0x42, 0xF4, 0xBC, 0x3E, 0x00, 0xF8, 0xBC, 0x7C, 0x00, 0xBC, 0xBF, 0xFC,
    0x00, 0xBC, 0xBF, 0xFC, 0x00, 0xBC, 0xBC, 0x7C, 0x00, 0xBC, 0xBC, 0x3D, 0x00, 0xF8, 0xBC, 0x2F,
    0x42, 0xF4, 0xBC, 0x0F, 0xFF, 0xE0, 0xBC, 0x02, 0xFF, 0x80, 0x00, 0x00, 0x00, 0x00, 0x02, 0xFF,
    0xF0, 0xFF, 0xFF, 0x1F, 0x82, 0xF2, 0xF0, 0x2F, 0x2F, 0x02, 0xF0, 0xFE, 0x7F, 0x07, 0xFF, 0xF0,
    0x2F, 0xBF, 0x07, 0xD2, 0xF0, 0xF8, 0x2F, 0x2F, 0x02, 0xF7, 0xD0, 0x2F, 0x00, 0x00, 0x07, 0xFF,
    0x81, 0xEB, 0xF4, 0x00, 0x3E, 0x02, 0xAF, 0xCB, 0xFF, 0xF3, 0xE0, 0xBD, 0xF4, 0x3F, 0x3F, 0xBF,
    0xC7, 0xF8, 0xF0, 0x00, 0x00, 0x00, 0x1A, 0x80, 0x3F, 0xFC, 0x0F, 0xF9, 0x42, 0xF0, 0x00, 0x3D,
    0x69, 0x03, 0xEF, 0xFC, 0x3F, 0x5B, 0xD3, 0xE0, 0x3E, 0x3D, 0x03, 0xE3, 0xD0, 0x3E, 0x3F, 0x07,
    0xD1, 0xFF, 0xFC, 0x07, 0xFE, 0x00, 0x00, 0x00, 0x00, 0x00, 0x3F, 0xFF, 0x0F, 0xEB, 0xF3, 0xE0,
    0xBC, 0xFE, 0xBE, 0x3F, 0xFF, 0x4F, 0xC2, 0xF3, 0xE0, 0x7D, 0xFE, 0xFF, 0x3F, 0xFE, 0x00, 0x00,
    0x02, 0xFF, 0xEB, 0xFF, 0xAF, 0x00, 0xBC, 0x02, 0xF0, 0x0B, 0xC0, 0x2F, 0x00, 0xBC, 0x02, 0xF0,
    0x00, 0x00, 0x00, 0x00, 0x3F, 0xFF, 0x00, 0xFF, 0xFC, 0x03, 0xD1, 0xF0, 0x0F, 0x47, 0xC0, 0x3D,
    0x1F, 0x00, 0xF0, 0x7C, 0x0B, 0xC1, 0xF0, 0xFF, 0xFF, 0xF7, 0xFF, 0xFF, 0xDF, 0x40, 0x0F, 0x7D,
    0x00, 0x3D, 0x50, 0x00, 0x50, 0x00, 0x00, 0x00, 0xBF, 0xE0, 0x1F, 0xAF, 0x83, 0xE0, 0x7C, 0x3E,
    0xAB, 0xC7, 0xFF, 0xFC, 0x3D, 0x00, 0x03, 0xF0, 0x00, 0x1F, 0xFF, 0x80, 0x7F, 0xF4, 0x00, 0x00,
    0x00, 0x00, 0x00, 0x00, 0x00, 0xF4, 0x3D, 0x0F, 0x81, 0xF0, 0xF4, 0xBC, 0x03, 0xE3, 0xD3, 0xD0,
    0x03, 0xEF, 0xFE, 0x00, 0x0F, 0xFF, 0xF4, 0x00, 0xBD, 0xFB, 0xF0, 0x03, 0xE3, 0xD3, 0xE0, 0x3F,
    0x0F, 0x47, 0xD2, 0xF0, 0x3D, 0x0F, 0xC0, 0x01, 0x40, 0x3F, 0xF8, 0x3A, 0xBE, 0x00, 0x3E, 0x0A,
    0xBC, 0x0F, 0xF8, 0x00, 0x7E, 0x00, 0x2F, 0x7F, 0xFE, 0x3F, 0xF8, 0x00, 0x00, 0x00, 0x00, 0x2F,
    0x07, 0xFB, 0xC3, 0xFE, 0xF1, 0xFF, 0xBC, 0xFB, 0xEE, 0x79, 0xFB, 0xBC, 0xBE, 0xFE, 0x2F, 0xBF,
    0x0B, 0xEF, 0x42, 0xF0, 0x1E, 0x1E, 0x03, 0xEF, 0x40, 0x7F, 0x40, 0x00, 0x00, 0xBC, 0x1F, 0xEF,
    0x0F, 0xFB, 0xC7, 0xFE, 0xF3, 0xEF, 0xB9, 0xE7, 0xEE, 0xF2, 0xFB, 0xF8, 0xBE, 0xFC, 0x2F, 0xBD,
    0x0B, 0xC0, 0x00, 0x00, 0x0B, 0xC0, 0xF4, 0xBC, 0x3F, 0x0B, 0xCB, 0xC0, 0xBE, 0xF4, 0x0B, 0xFF,
    0x00, 0xBD, 0xF8, 0x0B, 0xC7, 0xD0, 0xBC, 0x2F, 0x0B, 0xC0, 0xFC, 0x00, 0x00, 0x00, 0xFF, 0xFC,
    0x0F, 0xFF, 0xC0, 0xF0, 0x7C, 0x0F, 0x07, 0xC0, 0xF0, 0x7C, 0x1F, 0x07, 0xC2, 0xF0, 0x7C, 0xFE,
    0x07, 0xCF, 0xC0, 0x7C, 0x00, 0x00, 0x00, 0x00, 0x00, 0x00, 0xBF, 0x00, 0xFE, 0xBF, 0x41, 0xFE,
    0xBF, 0xC2, 0xFE, 0xBB, 0xC3, 0xEE, 0xBA, 0xD7, 0xAE, 0xB8, 0xFF, 0x2E, 0xB8, 0xFF, 0x2E, 0xB8,
    0x7D, 0x2E, 0xB8, 0x3C, 0x2E, 0x00, 0x00, 0x2F, 0x03, 0xEB, 0xC0, 0xFA, 0xF0, 0x3E, 0xBE, 0xAF,
    0xAF, 0xFF, 0xEB, 0xD5, 0xFA, 0xF0, 0x3E, 0xBC, 0x0F, 0xAF, 0x03, 0xE0, 0x00, 0x00, 0x00, 0x7F,
    0xE0, 0x1F, 0xEF, 0xC3, 0xE0, 0x7D, 0x3D, 0x03, 0xE7, 0xD0, 0x3E, 0x3D, 0x03, 0xE3, 0xE0, 0x7D,
    0x1F, 0xFF, 0x80, 0x7F, 0xE0, 0x00, 0x00, 0x00, 0x00, 0x00, 0x2F, 0xFF, 0xEB, 0xFF, 0xFA, 0xF0,
    0x3E, 0xBC, 0x0F, 0xAF, 0x03, 0xEB, 0xC0, 0xFA, 0xF0, 0x3E, 0xBC, 0x0F, 0xAF, 0x03, 0xE0, 0x00,
    0x10, 0x2E, 0xBF, 0x4B, 0xFB, 0xF2, 0xF0, 0x3E, 0xBC, 0x0F, 0xEF, 0x02, 0xFB, 0xC0, 0xFE, 0xF4,
    0x3E, 0xBF, 0xFF, 0x2F, 0xBF, 0x4B, 0xC0, 0x02, 0xF0, 0x00, 0xBC, 0x00, 0x2F, 0x00, 0x00, 0x00,
    0x10, 0x01, 0xFF, 0xC1, 0xFF, 0xE0, 0xFC, 0x00, 0x3D, 0x00, 0x1F, 0x40, 0x03, 0xD0, 0x00, 0xFC,
    0x00, 0x1F, 0xFF, 0x01, 0xFF, 0x80, 0x00, 0x00, 0x00, 0x00, 0x3F, 0xFF, 0xDB, 0xFF, 0xF0, 0x0F,
    0x40, 0x03, 0xD0, 0x00, 0xF4, 0x00, 0x3D, 0x00, 0x0F, 0x40, 0x03, 0xD0, 0x00, 0xF4, 0x00, 0x00,
    0x00, 0x00, 0xFC, 0x07, 0xD1, 0xF0, 0x2F, 0x03, 0xE0, 0xF8, 0x0B, 0xC3, 0xC0, 0x0F, 0x2F, 0x00,
    0x3E, 0xF4, 0x00, 0x7F, 0xC0, 0x00, 0xFE, 0x00, 0x02, 0xF4, 0x00, 0x0B, 0xC0, 0x00, 0x7D, 0x00,
    0x1F, 0xF0, 0x00, 0x7E, 0x00, 0x00, 0x00, 0x1A, 0x00, 0x00, 0x07, 0xC0, 0x00, 0x01, 0xF0, 0x00,
    0x00, 0xBC, 0x00, 0x07, 0xFF, 0xF8, 0x07, 0xFF, 0xEF, 0xC3, 0xE1, 0xF1, 0xF4, 0xF4, 0x7C, 0x3E,
    0x7C, 0x1F, 0x0B, 0xCF, 0x47, 0xC3, 0xE3, 0xF1, 0xF1, 0xF4, 0x7F, 0xFF, 0xF8, 0x02, 0xFF, 0xF4,
    0x00, 0x0B, 0xC0, 0x00, 0x01, 0xF0, 0x00, 0x00, 0x7C, 0x00, 0x00, 0x1F, 0x00, 0x00, 0x00, 0x00,
    0x07, 0xD0, 0xBC, 0x2F, 0x1F, 0x40, 0xFB, 0xE0, 0x07, 0xFC, 0x00, 0x3F, 0x80, 0x0B, 0xFC, 0x01,
    0xF7, 0xF0, 0x3F, 0x0F, 0x8B, 0xC0, 0xBC, 0x00, 0x00, 0x0F, 0xC0, 0xF4, 0xFC, 0x0F, 0x4F, 0xC0,
    0xF4, 0xFC, 0x0F, 0x4F, 0xC0, 0xF4, 0xFC, 0x0F, 0x4F, 0xC0, 0xF4, 0xFF, 0xFF, 0xEF, 0xFF, 0xFE,
    0x00, 0x02, 0xE0, 0x00, 0x2E, 0x00, 0x00, 0x40, 0x00, 0x00, 0x3D, 0x03, 0xDF, 0x40, 0xF7, 0xD0,
    0x3D, 0xF8, 0x1F, 0x6F, 0xFF, 0xD2, 0xFF, 0xF4, 0x00, 0x3D, 0x00, 0x0F, 0x40, 0x03, 0xD0, 0x00,
    0x00, 0x00, 0x0B, 0xC1, 0xF0, 0x3E, 0xBC, 0x1F, 0x03, 0xEB, 0xC1, 0xF0, 0x3E, 0xBC, 0x1F, 0x03,
    0xEB, 0xC1, 0xF0, 0x3E, 0xBC, 0x1F, 0x03, 0xEB, 0xC1, 0xF0, 0x3E, 0xBF, 0xFF, 0xFF, 0xEB, 0xFF,
    0xFF, 0xFE, 0x00, 0x00, 0x00, 0x02, 0xF0, 0x7C, 0x0F, 0x4B, 0xC1, 0xF0, 0x3D, 0x2F, 0x07, 0xC0,
    0xF4, 0xBC, 0x1F, 0x03, 0xD2, 0xF0, 0x7C, 0x0F, 0x4B, 0xC1, 0xF0, 0x3D, 0x2F, 0x07, 0xC0, 0xF4,
    0xBF, 0xFF, 0xFF, 0xFA, 0xFF, 0xFF, 0xFF, 0xE0, 0x00, 0x00, 0x0B, 0x80, 0x00, 0x00, 0x2E, 0x00,
    0x00, 0x00, 0x10, 0x00, 0x00, 0x03, 0xFF, 0x00, 0x0B, 0xFC, 0x00, 0x01, 0xF4, 0x00, 0x07, 0xFF,
    0xD0, 0x1F, 0xEF, 0xC0, 0x7C, 0x0F, 0x41, 0xF0, 0x3D, 0x07, 0xFF, 0xF0, 0x1F, 0xFE, 0x00, 0x00,
    0x00, 0x00, 0xBC, 0x00, 0x2F, 0xBC, 0x00, 0x2F, 0xBC, 0x00, 0x2F, 0xBF, 0xFC, 0x2F, 0xBE, 0xBF,
    0x2F, 0xBC, 0x2F, 0x2F, 0xBC, 0x2F, 0x2F, 0xBF, 0xFE, 0x2F, 0xBF, 0xF8, 0x2F, 0x00, 0x00, 0x2F,
    0x00, 0x0B, 0xC0, 0x02, 0xF0, 0x00, 0xBF, 0xFC, 0x2F, 0xBF, 0xCB, 0xC1, 0xF2, 0xF0, 0xBC, 0xBF,
    0xFF, 0x2F, 0xFE, 0x00, 0x01, 0x00, 0x0F, 0xFD, 0x03, 0xEF, 0xD0, 0x00, 0xFC, 0x05, 0x7F, 0x03,
    0xFF, 0xC0, 0x02, 0xF0, 0x00, 0xF8, 0x7F, 0xFC, 0x0F, 0xFC, 0x00, 0x00, 0x00, 0x00, 0x00, 0x40,
    0x2F, 0x07, 0xFE, 0x0B, 0xC3, 0xFF, 0xE2, 0xF2, 0xF0, 0x7C, 0xBE, 0xF8, 0x0F, 0x6F, 0xFE, 0x03,
    0xDB, 0xDF, 0x80, 0xF6, 0xF2, 0xF0, 0xBC, 0xBC, 0x3F, 0xFE, 0x2F, 0x03, 0xFE, 0x00, 0x00, 0x00,
    0x00, 0x00, 0x00, 0x02, 0xFF, 0xF3, 0xFA, 0xFC, 0xF8, 0x2F, 0x3F, 0x0B, 0xC7, 0xFF, 0xF0, 0xBE,
    0xFC, 0x3E, 0x2F, 0x3F, 0x0B, 0xDF, 0x42, 0xF0, 0x07, 0xC0, 0x00, 0x2F, 0x00, 0x00, 0xB4, 0x00,
    0x00, 0x00, 0x0B, 0xFE, 0x01, 0xFA, 0xF8, 0x3E, 0x07, 0xC3, 0xEA, 0xBC, 0x7F, 0xFF, 0xC3, 0xD0,
    0x00, 0x3F, 0x00, 0x01, 0xFF, 0xF8, 0x07, 0xFF, 0x40, 0x00, 0x00, 0x01, 0x04, 0x00, 0xF5, 0xF0,
    0x07, 0x0E, 0x00, 0x00, 0x00, 0x0B, 0xFE, 0x01, 0xFA, 0xF8, 0x3E, 0x07, 0xC3, 0xEA, 0xBC, 0x7F,
    0xFF, 0xC3, 0xD0, 0x00, 0x3F, 0x00, 0x01, 0xFF, 0xF8, 0x07, 0xFF, 0x40, 0x00, 0x00, 0x1A, 0x00,
    0x0B, 0xFA, 0x40, 0xFF, 0xF8, 0x07, 0xF5, 0x00, 0x2F, 0x2A, 0x02, 0xFF, 0xFC, 0x2F, 0x9B, 0xD2,
    0xF0, 0x3E, 0x2F, 0x03, 0xE2, 0xF0, 0x3E, 0x2F, 0x03, 0xE2, 0xF0, 0x3E, 0x2F, 0x03, 0xE0, 0x00,
    0x3E, 0x00, 0x03, 0xE0, 0x07, 0xFC, 0x00, 0x7F, 0x40, 0x00, 0xF4, 0x0F, 0x80, 0x78, 0x00, 0x00,
    0xBF, 0xFA, 0xFF, 0xEB, 0xC0, 0x2F, 0x00, 0xBC, 0x02, 0xF0, 0x0B, 0xC0, 0x2F, 0x00, 0xBC, 0x00,
    0x00, 0x10, 0x01, 0xFF, 0xC1, 0xFE, 0xE0, 0xF8, 0x00, 0x3E, 0x54, 0x1F, 0xFF, 0x03, 0xD0, 0x00,
    0xFC, 0x00, 0x1F, 0xFF, 0x01, 0xFF, 0x80, 0x00, 0x00, 0x00, 0x40, 0x1F, 0xFD, 0x3E, 0xAC, 0x7D,
    0x00, 0x3F, 0xD0, 0x0F, 0xFC, 0x00, 0xBD, 0x00, 0x3E, 0x7E, 0xFD, 0x3F, 0xF8, 0x00, 0x00, 0x67,
    0xF7, 0x40, 0xBE, 0xFB, 0xEF, 0xBE, 0xFB, 0xEF, 0xBC, 0x22, 0x6E, 0xF6, 0x24, 0x00, 0x2F, 0x0B,
    0xC2, 0xF0, 0xBC, 0x2F, 0x0B, 0xC2, 0xF0, 0xBC, 0x2F, 0x00, 0x06, 0x43, 0xF0, 0x64, 0x00, 0x0F,
    0x83, 0xE0, 0xF8, 0x3E, 0x0F, 0x83, 0xE0, 0xF8, 0x3E, 0x0F, 0x83, 0xE0, 0xFB, 0xFD, 0xFE, 0x00,
    0x00, 0x00, 0x00, 0x00, 0x3F, 0xFF, 0x00, 0x00, 0xFF, 0xFC, 0x00, 0x03, 0xD1, 0xF0, 0x00, 0x0F,
    0x47, 0xFF, 0xD0, 0x3C, 0x1F, 0xAF, 0xC0, 0xF0, 0x7C, 0x1F, 0x47, 0xC1, 0xF0, 0x7C, 0xFF, 0x07,
    0xFF, 0xF3, 0xF0, 0x1F, 0xFE, 0x00, 0x00, 0x00, 0x00, 0x00, 0x00, 0x00, 0x00, 0x0B, 0xC0, 0xF4,
    0x00, 0xBC, 0x0F, 0x40, 0x0B, 0xC0, 0xF4, 0x00, 0xBF, 0xFF, 0xFE, 0x4B, 0xFF, 0xFF, 0xFD, 0xBC,
    0x0F, 0x43, 0xEB, 0xC0, 0xF4, 0x3E, 0xBC, 0x0F, 0xFF, 0xDB, 0xC0, 0xFF, 0xF4, 0x1A, 0x00, 0x0B,
    0xFA, 0x40, 0xFF, 0xF8, 0x07, 0xF5, 0x00, 0x2F, 0x2A, 0x02, 0xFF, 0xFC, 0x2F, 0x9B, 0xD2, 0xF0,
    0x3E, 0x2F, 0x03, 0xE2, 0xF0, 0x3E, 0x2F, 0x03, 0xE2, 0xF0, 0x3E, 0x2F, 0x03, 0xE0, 0x00, 0x2E,
    0x00, 0x0B, 0x80, 0x01, 0xE0, 0x00, 0x00, 0x00, 0xBC, 0x0F, 0x4B, 0xC3, 0xF0, 0xBC, 0xBC, 0x0B,
    0xEF, 0x40, 0xBF, 0xF0, 0x0B, 0xDF, 0x80, 0xBC, 0x7D, 0x0B, 0xC2, 0xF0, 0xBC, 0x0F, 0xC0, 0x0B,
    0x80, 0x00, 0xF4, 0x00, 0x0F, 0x00, 0x00, 0x00, 0xBC, 0x1F, 0xEF, 0x0F, 0xFB, 0xC7, 0xFE, 0xF3,
    0xEF, 0xB9, 0xE7, 0xEE, 0xF2, 0xFB, 0xF8, 0xBE, 0xFC, 0x2F, 0xBD, 0x0B, 0xC0, 0x03, 0xC3, 0xC0,
    0x0F, 0xAF, 0x00, 0x0B, 0xE0, 0x00, 0x00, 0x00, 0x3F, 0x01, 0xF4, 0x7C, 0x0B, 0xC0, 0xF8, 0x3E,
    0x02, 0xF0, 0xF0, 0x03, 0xCB, 0xC0, 0x0F, 0xBD, 0x00, 0x1F, 0xF0, 0x00, 0x3F, 0x80, 0x00, 0xBD,
    0x00, 0x02, 0xF0, 0x00, 0x1F, 0x40, 0x07, 0xFC, 0x00, 0x1F, 0x80, 0x00, 0x00, 0x00, 0x2F, 0x03,
    0xEB, 0xC0, 0xFA, 0xF0, 0x3E, 0xBC, 0x0F, 0xAF, 0x03, 0xEB, 0xC0, 0xFA, 0xF0, 0x3E, 0xBF, 0xFF,
    0xAF, 0xFF, 0xE0, 0x3E, 0x00, 0x0F, 0x80, 0x01, 0x40, 0x00, 0xBC, 0x07, 0xC0, 0x3D, 0xBC, 0x07,
    0xC0, 0x3D, 0x7C, 0x07, 0xD0, 0x3D, 0x7D, 0x03, 0xD0, 0x3D, 0x3E, 0x07, 0xE0, 0x7C, 0x3F, 0x0F,
    0xF0, 0x7C, 0x2F, 0x0F, 0xF0, 0xBC, 0x1F, 0x5F, 0xF4, 0xF8, 0x0F, 0xAD, 0xFD, 0xF0, 0x07, 0xFC,
    0x7F, 0xE0, 0x03, 0xFC, 0x3F, 0xD0, 0x01, 0xF8, 0x1F, 0x80, 0x00, 0x00, 0x00, 0x02, 0xF0, 0x3E,
    0x07, 0xCB, 0xC0, 0xF8, 0x2F, 0x1F, 0x03, 0xF0, 0xBC, 0x3D, 0x0B, 0xC3, 0xE0, 0xF8, 0x3F, 0x0F,
    0x41, 0xF3, 0xFE, 0x7C, 0x03, 0xEF, 0x7F, 0xD0, 0x0B, 0xF4, 0xFF, 0x00, 0x0F, 0xC1, 0xF4, 0x00,
    0x0F, 0x80, 0x01, 0x7E, 0x50, 0x0F, 0xFF, 0xE0, 0x2B, 0xFA, 0x40, 0x0F, 0x94, 0x00, 0x3F, 0xFF,
    0x00, 0xFE, 0xFF, 0x03, 0xE0, 0x7D, 0x0F, 0x80, 0xF4, 0x3E, 0x0B, 0xD0, 0xFF, 0xFF, 0x03, 0xFF,
    0xD0, 0x0F, 0x80, 0x00, 0x3E, 0x00, 0x0F, 0xFF, 0xE0, 0x2B, 0xFA, 0x40, 0x0F, 0x80, 0x00, 0x3F,
    0xA9, 0x00, 0xFF, 0xFF, 0x03, 0xE0, 0x7D, 0x0F, 0x80, 0xF4, 0x3F, 0xBF, 0xC0, 0xFF, 0xF8, 0x00,
    0x00, 0x00, 0x00, 0x01, 0xF0, 0x07, 0xFF, 0x8B, 0xC0, 0xBF, 0xFF, 0x2F, 0x07, 0xE0, 0x14, 0xBC,
    0x3F, 0x00, 0x02, 0xF1, 0xF8, 0x00, 0x0B, 0xFF, 0xFF, 0xF4, 0x2F, 0xFF, 0xFF, 0xD0, 0xBC, 0x3D,
    0x00, 0x02, 0xF0, 0xFC, 0x00, 0x0B, 0xC2, 0xF8, 0x01, 0x2F, 0x03, 0xFF, 0xFC, 0xBC, 0x02, 0xFF,
    0xE0, 0x00, 0x00, 0x00, 0x00, 0x00, 0x00, 0x00, 0xF8, 0x0B, 0xFE, 0xF8, 0x3F, 0xAD, 0xF8, 0x7D,
    0x00, 0xFE, 0xFE, 0xA4, 0xFF, 0xFF, 0xF8, 0xFD, 0xBD, 0x50, 0xF8, 0x3D, 0x00, 0xF8, 0x3F, 0xEE,
    0xF8, 0x0B, 0xFD, 0x00, 0x00, 0x00, 0x00, 0xBF, 0x00, 0x00, 0x3F, 0xC0, 0x00, 0x1F, 0xB8, 0x00,
    0x0F, 0x4F, 0x00, 0x03, 0xC3, 0xD0, 0x02, 0xFF, 0xF8, 0x00, 0xFF, 0xFF, 0x00, 0x7C, 0xF3, 0xD0,
    0x2E, 0x3C, 0x7C, 0x0F, 0x4F, 0x0F, 0x07, 0xC3, 0xC3, 0xE3, 0xE0, 0xF0, 0x7C, 0x00, 0x00, 0x00,
    0x07, 0xF0, 0x00, 0x3F, 0xD0, 0x01, 0xF3, 0xC0, 0x0B, 0x8F, 0x40, 0x3F, 0xFF, 0x02, 0xFF, 0xBC,
    0x0F, 0x6D, 0xB8, 0x7C, 0xB5, 0xF3, 0xE2, 0xD3, 0xD0, 0x7C, 0x00, 0xFD, 0x00, 0xBC, 0x01, 0xFF,
    0x00, 0xBC, 0x03, 0xDF, 0x00, 0xBC, 0x03, 0xCB, 0x80, 0xBC, 0x0B, 0x87, 0xC0, 0xBF, 0xFF, 0xFF,
    0xD0, 0xBF, 0xFF, 0xFF, 0xE0, 0xBC, 0x2E, 0x7C, 0xF0, 0xBC, 0x3C, 0x7C, 0xF4, 0xBC, 0x7C, 0x7C,
    0xBC, 0xBC, 0xF8, 0x7C, 0x3C, 0xBD, 0xF0, 0x7C, 0x3E, 0x00, 0x00, 0x00, 0x02, 0xD0, 0x0F, 0xD0,
    0x0B, 0x40, 0x7F, 0xC0, 0x2D, 0x03, 0xCF, 0x40, 0xBE, 0xAF, 0x6E, 0x02, 0xFF, 0xFF, 0xFC, 0x0B,
    0x97, 0xEF, 0xB8, 0x2D, 0x2E, 0x7C, 0xF0, 0xB4, 0xF5, 0xF3, 0xD2, 0xD7, 0xC7, 0xCB, 0xC0, 0x2F,
    0xFF, 0xFF, 0x01, 0xFF, 0xFF, 0xF0, 0x0B, 0xD0, 0xBC, 0x00, 0x2E, 0x1F, 0x00, 0x00, 0xFB, 0xD0,
    0x00, 0x2F, 0xFE, 0x00, 0x0B, 0xFF, 0xFC, 0x00, 0xFA, 0xF3, 0xE0, 0x2F, 0x2F, 0x2F, 0x03, 0xE2,
    0xF1, 0xF0, 0x3D, 0x2F, 0x0F, 0x8B, 0xC2, 0xF0, 0xBC, 0x00, 0x00, 0x00, 0xFF, 0xFF, 0x82, 0xFA,
    0xFC, 0x03, 0xD3, 0xC0, 0x03, 0xFE, 0x00, 0x3F, 0xFD, 0x02, 0xEF, 0xBC, 0x0F, 0x3D, 0xB4, 0x78,
    0xF5, 0xE2, 0xD3, 0xD3, 0xC0, 0x7C, 0x3F, 0xFF, 0xFD, 0x2F, 0x0F, 0xFF, 0xFF, 0x4B, 0xC0, 0xF8,
    0x1F, 0x42, 0xF0, 0x1F, 0x0F, 0x80, 0xBC, 0x02, 0xFB, 0xC0, 0x2F, 0xFF, 0xFF, 0xF4, 0x0B, 0xFF,
    0xFF, 0xFF, 0x42, 0xF0, 0xBC, 0xF6, 0xF0, 0xBC, 0x3D, 0x3D, 0x3D, 0x2F, 0x1F, 0x0F, 0x4F, 0x8B,
    0xCB, 0xC3, 0xD1, 0xF2, 0xF3, 0xE0, 0xF4, 0x3D, 0x00, 0x00, 0x00, 0x0B, 0x4F, 0xFF, 0xFC, 0xB4,
    0x7E, 0xAF, 0x4B, 0x41, 0xE3, 0xE0, 0xBE, 0xAF, 0xFC, 0x0B, 0xFF, 0xFF, 0xE0, 0xB9, 0xBE, 0xFF,
    0x4B, 0x4B, 0x6E, 0x78, 0xB4, 0xF2, 0xE3, 0xCB, 0x5E, 0x2E, 0x3D, 0x00, 0x01, 0x40, 0xB4, 0xF8,
    0x03, 0xFC, 0x01, 0xBF, 0xE0, 0x7F, 0xFF, 0xC2, 0x40, 0x7D, 0x00, 0x03, 0xD0, 0x01, 0xFC, 0x0B,
    0xFE, 0x00, 0x7F, 0xF8, 0x00, 0x07, 0xE0, 0x00, 0x2F, 0x00, 0x03, 0xE0, 0xBF, 0xFC, 0x7F, 0xFE,
    0x0B, 0xD0, 0x00, 0xBD, 0x55, 0x03, 0xFF, 0xF0, 0x06, 0x96, 0x00, 0x00, 0x00, 0x07, 0x47, 0xD0,
    0xBB, 0x80, 0xFF, 0xF4, 0x3E, 0xAF, 0x00, 0x03, 0xD0, 0x2B, 0xF0, 0x1F, 0xF4, 0x00, 0x1F, 0x40,
    0x03, 0xE0, 0xAF, 0xF5, 0xFF, 0xF4, 0xB8, 0x00, 0x2E, 0x55, 0x07, 0xFF, 0xD0, 0x19, 0x54, 0xB8,
    0x2D, 0x0F, 0x2F, 0x0F, 0x43, 0xDB, 0xC3, 0xD0, 0xF6, 0xF0, 0xF4, 0x3D, 0xBC, 0x3D, 0x0F, 0x1F,
    0x0F, 0x47, 0xC3, 0xE3, 0xE7, 0xF0, 0xBF, 0xFF, 0xF0, 0x06, 0xFF, 0xE0, 0x00, 0x0F, 0x40, 0x00,
    0x03, 0xD0, 0x00, 0x00, 0xF4, 0x00, 0x00, 0x28, 0x00, 0x00, 0x7C, 0x00, 0x00, 0x7C, 0x00, 0x00,
    0x7C, 0x00, 0xF8, 0x7C, 0x3D, 0xF8, 0x7C, 0x3E, 0xF8, 0x7C, 0x2E, 0xF8, 0x7C, 0x2F, 0xF8, 0x7C,
    0x2F, 0xF8, 0x7C, 0x3E, 0xBC, 0x7C, 0x7D, 0x3F, 0xFF, 0xFC, 0x0B, 0xFF, 0xE0, 0x00, 0x7C, 0x00,
    0x00, 0x7C, 0x00, 0x00, 0x7C, 0x00, 0x00, 0x7C, 0x00, 0x00, 0x00, 0x00, 0x00, 0x7F, 0xF4, 0x00,
    0xBF, 0xFF, 0x80, 0x7E, 0x02, 0xF4, 0x2F, 0x00, 0x2F, 0x0F, 0x80, 0x07, 0xC3, 0xFF, 0xFF, 0xF0,
    0xFF, 0xFF, 0xFC, 0x3E, 0x00, 0x1F, 0x0B, 0xC0, 0x0B, 0xC1, 0xF8, 0x07, 0xE0, 0x2F, 0xFF, 0xF0,
    0x01, 0xFF, 0xE0, 0x00, 0x00, 0x00, 0x00, 0x00, 0x00, 0x00, 0x7F, 0xE0, 0x1F, 0xFF, 0x83, 0xE0,
    0x7D, 0x3E, 0x57, 0xD3, 0xFF, 0xFE, 0x3E, 0x57, 0xD3, 0xF0, 0x7C, 0x1F, 0xFF, 0x80, 0x7F, 0xE0,
    0x00, 0x00, 0x00, 0xF8, 0x00, 0x3E, 0xBC, 0x00, 0xFF, 0x3D, 0x01, 0xF4, 0x3E, 0x02, 0xF0, 0x2F,
    0x03, 0xD0, 0x0F, 0x47, 0xC0, 0x0F, 0x8B, 0x80, 0x07, 0xCF, 0x40, 0x03, 0xDF, 0x00, 0x03, 0xFE,
    0x00, 0x01, 0xFD, 0x00, 0x00, 0xFC, 0x00, 0x00, 0x00, 0x03, 0xF0, 0x0F, 0xC7, 0xC0, 0x7F, 0x0F,
    0x43, 0xE0, 0x2F, 0x0F, 0x00, 0x3C, 0xBC, 0x00, 0xF7, 0xD0, 0x01, 0xFF, 0x00, 0x03, 0xF8, 0x00,
    0x0B, 0xC0, 0x00, 0x2D, 0x78, 0x00, 0x0F, 0x2D, 0x00, 0x03, 0x8B, 0x00, 0x00, 0x00, 0x00, 0xF8,
    0x00, 0x3E, 0xBC, 0x00, 0xFF, 0x3D, 0x01, 0xF4, 0x3E, 0x02, 0xF0, 0x2F, 0x03, 0xD0, 0x0F, 0x47,
    0xC0, 0x0F, 0x8B, 0x80, 0x07, 0xCF, 0x40, 0x03, 0xDF, 0x00, 0x03, 0xFE, 0x00, 0x01, 0xFD, 0x00,
    0x00, 0xFC, 0x00, 0x78, 0xB0, 0x00, 0xB5, 0xE0, 0x00, 0xB1, 0xD0, 0x00, 0x00, 0x00, 0xFC, 0x03,
    0xF1, 0xF0, 0x1F, 0xC3, 0xD0, 0xF8, 0x0B, 0xC3, 0xC0, 0x0F, 0x2F, 0x00, 0x3D, 0xF4, 0x00, 0x7F,
    0xC0, 0x00, 0xFE, 0x00, 0x02, 0xF0, 0x00, 0x00, 0x00, 0x00, 0x00, 0x00, 0x00, 0x1F, 0xF8, 0x00,
    0x00, 0x00, 0x0B, 0xFF, 0xF4, 0x00, 0x00, 0x01, 0xF8, 0x1F, 0xC0, 0x00, 0x00, 0x2F, 0x00, 0x7D,
    0x7D, 0x03, 0xF3, 0xE0, 0x03, 0xE3, 0xF0, 0x3D, 0x3E, 0x00, 0x3E, 0x1F, 0x0B, 0xC3, 0xE0, 0x03,
    0xE0, 0xF4, 0xF8, 0x3E, 0x00, 0x3E, 0x0B, 0xCF, 0x42, 0xF0, 0x07, 0xD0, 0x7E, 0xF0, 0x1F, 0x80,
    0xFC, 0x03, 0xFE, 0x00, 0xBF, 0xFF, 0x40, 0x1F, 0xC0, 0x02, 0xFF, 0xD0, 0x00, 0xFC, 0x00, 0x00,
    0x00, 0x00, 0x0F, 0x40, 0x00, 0x00, 0x00, 0x02, 0xF0, 0x00, 0x00, 0x00, 0x03, 0xFD, 0x00, 0x00,
    0x00, 0x00, 0x3F, 0x40, 0x00, 0x00, 0x10, 0x00, 0x00, 0x00, 0x07, 0xFE, 0x0B, 0xC0, 0x3D, 0x1F,
    0xEF, 0xC7, 0xD0, 0xBC, 0x3E, 0x07, 0xD3, 0xE0, 0xF8, 0x3D, 0x03, 0xE1, 0xF0, 0xF4, 0x3D, 0x03,
    0xE0, 0xF5, 0xF0, 0x3D, 0x03, 0xE0, 0xBB, 0xE0, 0x3F, 0x07, 0xD0, 0x7F, 0xC0, 0x1F, 0xFF, 0xC0,
    0x3F, 0xC0, 0x07, 0xFE, 0x00, 0x1F, 0x40, 0x00, 0x00, 0x00, 0x2F, 0x00, 0x00, 0x00, 0x00, 0x7E,
    0x00, 0x00, 0x00, 0x07, 0xFC, 0x00, 0x00, 0x00, 0x07, 0xE0, 0x00, 0x00, 0x0E, 0x00, 0x00, 0x6F,
    0xF8, 0x00, 0x7F, 0xFF, 0xD0, 0x7F, 0x7D, 0xFC, 0x2F, 0x00, 0x1F, 0x8F, 0xC0, 0x03, 0xF3, 0xE0,
    0x00, 0xFC, 0xF8, 0x00, 0x3F, 0x3F, 0x00, 0x0F, 0xCB, 0xC0, 0x07, 0xE1, 0xFD, 0xE7, 0xF0, 0x2F,
    0xFF, 0xF4, 0x01, 0xFF, 0xE4, 0x00, 0x03, 0xC0, 0x00, 0x00, 0x00, 0x00, 0x00, 0x00, 0x00, 0x01,
    0xE0, 0x00, 0x7F, 0xF8, 0x07, 0xFF, 0xF8, 0x3F, 0x25, 0xF4, 0xF4, 0x03, 0xE3, 0xD0, 0x0F, 0x8F,
    0x40, 0x3E, 0x3F, 0x26, 0xF4, 0x3F, 0xFF, 0x80, 0x2F, 0xF4, 0x00, 0x0E, 0x00, 0x00, 0x06, 0xE0,
    0x00, 0x00, 0x00, 0xFF, 0xF4, 0x00, 0x00, 0x0D, 0x6A, 0x40, 0x00, 0x00, 0x0F, 0x00, 0x00, 0x00,
    0x00, 0xB0, 0x00, 0x00, 0x00, 0x08, 0x00, 0x00, 0x02, 0xFE, 0x07, 0xF8, 0x00, 0xFF, 0xF0, 0xBF,
    0xF0, 0x1F, 0x40, 0x00, 0x1F, 0x83, 0xF0, 0x00, 0x00, 0xBC, 0x3E, 0x00, 0x00, 0x07, 0xC3, 0xD0,
    0x00, 0x00, 0x7C, 0x3D, 0x00, 0xF0, 0x07, 0xC3, 0xE0, 0x0F, 0x40, 0xBC, 0x2F, 0x00, 0xF4, 0x0F,
    0xC1, 0xFC, 0x1F, 0x82, 0xF4, 0x0B, 0xFF, 0xFF, 0xFF, 0x00, 0x2F, 0xF5, 0xFF, 0x80, 0x00, 0x00,
    0x00, 0x00, 0x00, 0x00, 0x00, 0x00, 0x00, 0x00, 0xFF, 0x50, 0x00, 0x0B, 0xAF, 0xC0, 0x00, 0x06,
    0xD1, 0x00, 0x00, 0x07, 0x80, 0x00, 0x00, 0x1D, 0x00, 0x00, 0x04, 0x40, 0x40, 0x02, 0xFF, 0x0F,
    0xF4, 0x2F, 0xF4, 0x2F, 0xF0, 0xFC, 0x00, 0x03, 0xE3, 0xD0, 0x00, 0x0F, 0xCF, 0x41, 0xF0, 0x2F,
    0x3D, 0x07, 0xC0, 0xFC, 0xFC, 0x2F, 0x43, 0xE2, 0xFF, 0xFF, 0xFF, 0x02, 0xFF, 0x1F, 0xF4, 0x00,
    0x00, 0x00, 0x00, 0x00, 0x00, 0x00, 0x00, 0x00, 0x7F, 0xFD, 0x00, 0x00, 0x32, 0x9C, 0x00, 0x00,
    0x00, 0x00, 0x00, 0xBC, 0x07, 0xC0, 0x3D, 0xBC, 0x07, 0xC0, 0x3D, 0x7C, 0x07, 0xD0, 0x3D, 0x7D,
    0x03, 0xD0, 0x3D, 0x3E, 0x07, 0xE0, 0x7C, 0x3F, 0x0F, 0xF0, 0x7C, 0x2F, 0x0F, 0xF0, 0xBC, 0x1F,
    0x5F, 0xF4, 0xF8, 0x0F, 0xAD, 0xFD, 0xF0, 0x07, 0xFC, 0x7F, 0xE0, 0x03, 0xFC, 0x3F, 0xD0, 0x01,
    0xF8, 0x1F, 0x80, 0x00, 0x55, 0x50, 0x00, 0x03, 0xFF, 0xD0, 0x00, 0x08, 0x52, 0x00, 0x00, 0x00,
    0x00, 0x00, 0xBC, 0x0F, 0x81, 0xF2, 0xF0, 0x3E, 0x0B, 0xC7, 0xC0, 0xFC, 0x2F, 0x0F, 0x42, 0xF0,
    0xF8, 0x3E, 0x0F, 0xC3, 0xD0, 0x7C, 0xFF, 0x9F, 0x00, 0xFB, 0xDF, 0xF4, 0x02, 0xFD, 0x3F, 0xC0,
    0x03, 0xF0, 0x7D, 0x00, 0x00, 0x00, 0x00, 0x02, 0xFF, 0x90, 0x7F, 0xFF, 0x43, 0xF4, 0x18, 0x2F,
    0x00, 0x00, 0xFC, 0x00, 0x03, 0xE0, 0x00, 0x0F, 0x80, 0x00, 0x3E, 0x00, 0x00, 0xBC, 0x00, 0x01,
    0xFC, 0x00, 0x02, 0xFF, 0xF8, 0x01, 0xFF, 0xE0, 0x00, 0x0F, 0x80, 0x00, 0x3E, 0x00, 0x00, 0xF8,
    0x00, 0x03, 0xE0, 0x00, 0x10, 0x02, 0xFF, 0xC2, 0xFF, 0xF0, 0xF8, 0x00, 0x3D, 0x00, 0x0F, 0x40,
    0x03, 0xD0, 0x00, 0xFC, 0x00, 0x1F, 0xFD, 0x01, 0xFF, 0x40, 0x03, 0xD0, 0x00, 0xF4, 0x00, 0x3D,
    0x00, 0x0F, 0x40, 0x00, 0x01, 0x00, 0x00, 0x30, 0x02, 0xCA, 0x00, 0x0B, 0xC0, 0x00, 0x3F, 0x40,
    0x07, 0x1C, 0x3D, 0xD0, 0x00, 0x7C, 0x00, 0x03, 0xB8, 0x00, 0xE0, 0x80, 0x0C, 0x00, 0x00, 0x00,
    0x00, 0x00, 0x00, 0x55, 0xDF, 0xFF, 0x54, 0x00, 0x01, 0xA1, 0xFF, 0xEB, 0x92, 0x80, 0x02, 0xFB,
    0x0E, 0x00, 0x02, 0xE3, 0xEC, 0x00, 0x00, 0x00, 0x3F, 0xE4, 0x3A, 0xFC, 0x10, 0x04, 0x00, 0x00,
    0x00, 0x00, 0x00, 0x00, 0x00, 0xBD, 0x00, 0x00, 0x00, 0x00, 0x82, 0x00, 0x00, 0x00, 0x00, 0x00,
    0x00, 0x00, 0x07, 0xF0, 0x00, 0x0F, 0xC0, 0x04, 0x10, 0x00, 0x10, 0x10, 0x00, 0x00, 0x00, 0x00,
    0x00, 0x00, 0x00, 0x00, 0x00, 0x00, 0x05, 0x00, 0x00, 0x00, 0x50, 0x3B, 0x40, 0x00, 0x01, 0xEC,
    0x00, 0x40, 0x00, 0x01, 0x00, 0x00, 0x00, 0x00, 0x00, 0x00, 0x00, 0x00, 0x00, 0x00, 0x00, 0x01,
    0x80, 0x00, 0x06, 0x40, 0x0A, 0x70, 0x00, 0x19, 0x90, 0x00, 0x00, 0x00, 0x00, 0x00, 0x00, 0x00,
    0x7C, 0x00, 0x00, 0x00, 0x00, 0xC7, 0x00, 0x00, 0x00, 0x00, 0x00, 0x00, 0x00, 0x00, 0x00, 0x08,
    0x00, 0x00, 0x00, 0x00, 0x1C, 0x00, 0x00, 0x00, 0x00, 0x28, 0x00, 0x00, 0x00, 0xC0, 0x24, 0x00,
    0x80, 0x00, 0xE0, 0x00, 0x0F, 0x40, 0x00, 0x70, 0x00, 0x08, 0x00, 0x00, 0x00, 0x00, 0x00, 0x00,
    0x00, 0x00, 0x00, 0x00, 0x00, 0x10, 0x00, 0x00, 0x00, 0x40, 0x2F, 0x00, 0x00, 0x00, 0xF8, 0x01,
    0x00, 0x00, 0x00, 0x04, 0x00, 0x00, 0x00, 0x00, 0x00, 0x00, 0x00, 0x00, 0x00, 0x00, 0x00, 0x10,
    0x00, 0x08, 0x00, 0x00, 0xB4, 0x00, 0x0E, 0x00, 0x03, 0x80, 0x1C, 0x03, 0x00, 0x00, 0x00, 0x28,
    0x02, 0x00, 0x00, 0x00, 0x34, 0x00, 0x00, 0x00, 0x00, 0x20, 0x00, 0x00, 0x0F, 0x01, 0xE0, 0x00,
    0xF9, 0x7D, 0x00, 0x03, 0xFF, 0x80, 0x00, 0x00, 0x00, 0x00, 0x78, 0x00, 0xFC, 0x0B, 0xC0, 0x2F,
    0xC0, 0xBC, 0x07, 0xFC, 0x0B, 0xC0, 0xFB, 0xC0, 0xBC, 0x1F, 0x3C, 0x0B, 0xC3, 0xD3, 0xC0, 0xBC,
    0xBC, 0x3C, 0x0B, 0x9F, 0x43, 0xC0, 0xBB, 0xE0, 0x3C, 0x0B, 0xFC, 0x03, 0xD0, 0xBF, 0x40, 0x3F,
    0xFB, 0xF0, 0x03, 0xFE, 0x00, 0x00, 0x03, 0xD0, 0x00, 0x00, 0x7C, 0x00, 0x00, 0x0F, 0x80, 0x00,
    0x00, 0x54, 0x00, 0x00, 0x00, 0x0F, 0x41, 0xF0, 0x02, 0xFA, 0xF4, 0x00, 0x1F, 0xE4, 0x00, 0x00,
    0x00, 0x00, 0x2E, 0x02, 0xF8, 0x0B, 0x81, 0xFE, 0x02, 0xE0, 0xFF, 0x80, 0xB8, 0xBE, 0xE0, 0x2E,
    0x7C, 0xB8, 0x0B, 0xBE, 0x2E, 0x02, 0xFF, 0x0B, 0x80, 0xBF, 0x42, 0xFF, 0x2F, 0x80, 0xBF, 0xC0,
    0x00, 0x01, 0xE0, 0x00, 0x00, 0xF4, 0x00, 0x00, 0x3C, 0x00, 0x00, 0x05, 0x00, 0x1F, 0x00, 0x07,
    0xFA, 0x40, 0xBF, 0xF4, 0x02, 0xF5, 0x00, 0x2F, 0x50, 0x02, 0xFF, 0xF4, 0x2F, 0xBF, 0xD2, 0xF0,
    0x3F, 0x2F, 0x02, 0xF2, 0xF0, 0x7E, 0x2F, 0xFF, 0xC2, 0xFF, 0xE0, 0x1A, 0x00, 0x02, 0xF0, 0x00,
    0xFF, 0xF8, 0x0B, 0xFF, 0x80, 0x2F, 0x00, 0x02, 0xF0, 0x00, 0x2F, 0x00, 0x02, 0xFA, 0x90, 0x2F,
    0xFF, 0xC2, 0xF0, 0x7E, 0x2F, 0x03, 0xE2, 0xFA, 0xFD, 0x2F, 0xFF, 0x40, 0x7F, 0xF8, 0x2F, 0xFF,
    0xCB, 0xC2, 0xFA, 0xF0, 0x3E, 0xBC, 0x9F, 0xAF, 0x7F, 0xDB, 0xFF, 0xE2, 0xFF, 0xB8, 0xBC, 0x09,
    0x2F, 0x00, 0x0B, 0xC0, 0x02, 0xF0, 0x00, 0x00, 0x10, 0x2E, 0xBF, 0x4B, 0xFB, 0xF2, 0xF0, 0x3E,
    0xBC, 0x0F, 0xAF, 0x03, 0xFB, 0xCA, 0xFA, 0xF6, 0xFE, 0xBF, 0xFF, 0x2E, 0xBF, 0xCB, 0xC0, 0x72,
    0xF0, 0x00, 0xBC, 0x00, 0x2F, 0x00, 0x00, 0x00, 0x05, 0x00, 0x03, 0xD0, 0x00, 0xF6, 0xFF, 0xFD,
    0xBF, 0xFF, 0x6F, 0x00, 0x0B, 0xC0, 0x02, 0xF0, 0x00, 0xBC, 0x00, 0x2F, 0x00, 0x0B, 0xC0, 0x02,
    0xF0, 0x00, 0xBC, 0x00, 0x2F, 0x00, 0x0B, 0xC0, 0x00, 0x00, 0x28, 0x01, 0xF0, 0x07, 0xEF, 0xFF,
    0xBF, 0xFA, 0xF0, 0x0B, 0xC0, 0x2F, 0x00, 0xBC, 0x02, 0xF0, 0x0B, 0xC0, 0x2F, 0x00, 0x1F, 0xFF,
    0xCB, 0xFF, 0xF2, 0xF0, 0x00, 0xBC, 0x00, 0x2F, 0x00, 0x2F, 0xFF, 0x4B, 0xFF, 0xD0, 0xBC, 0x00,
    0x2F, 0x00, 0x0B, 0xC0, 0x02, 0xF0, 0x00, 0xBC, 0x00, 0x00, 0x00, 0x3F, 0xFF, 0x3F, 0xFE, 0x3E,
    0x00, 0x7F, 0x50, 0xFF, 0xF4, 0xBF, 0xA0, 0x3E, 0x00, 0x3E, 0x00, 0x3E, 0x00, 0x7F, 0xFF, 0x02,
    0xFF, 0xFC, 0x0B, 0xC0, 0x00, 0x2F, 0x00, 0x00, 0xBC, 0x00, 0x02, 0xFA, 0x90, 0x0B, 0xFF, 0xF8,
    0x2F, 0xAF, 0xF8, 0xBC, 0x03, 0xF2, 0xF0, 0x07, 0xDB, 0xC0, 0x0F, 0x6F, 0x00, 0x3D, 0x00, 0x01,
    0xF0, 0x00, 0x1F, 0xC0, 0x2F, 0xFD, 0x00, 0xBF, 0xD0, 0x00, 0x00, 0x00, 0x00, 0x00, 0x2F, 0xFF,
    0x0B, 0xFF, 0xC2, 0xF0, 0x00, 0xBC, 0x00, 0x2F, 0xFE, 0x0B, 0xFF, 0xE2, 0xF0, 0xBC, 0xBC, 0x0F,
    0x6F, 0x03, 0xD0, 0x00, 0xF4, 0x00, 0xBC, 0x0B, 0xFE, 0x02, 0xFE, 0x00, 0x00, 0x00, 0x7C, 0x07,
    0xC0, 0x7C, 0x0F, 0xC1, 0xF0, 0x3E, 0x00, 0xF4, 0x7C, 0x2F, 0x00, 0x1F, 0x1F, 0x1F, 0x00, 0x02,
    0xF7, 0xCF, 0x40, 0x00, 0x3E, 0xFF, 0x80, 0x00, 0x0F, 0xBE, 0xF0, 0x00, 0x0F, 0x9F, 0x3E, 0x00,
    0x0B, 0xC7, 0xC7, 0xD0, 0x07, 0xD1, 0xF0, 0xBC, 0x03, 0xE0, 0x7C, 0x0F, 0xFE, 0xF0, 0x1F, 0x01,
    0xFF, 0x00, 0x00, 0x00, 0x0B, 0xC0, 0x00, 0x00, 0x02, 0xF0, 0x00, 0x00, 0x00, 0xBC, 0x00, 0x00,
    0x00, 0x15, 0x00, 0x00, 0x00, 0x00, 0x07, 0xD0, 0xF8, 0x2F, 0x00, 0x7C, 0x3E, 0x1F, 0x00, 0x0B,
    0xCF, 0x8F, 0x40, 0x00, 0xFB, 0xEF, 0x80, 0x00, 0x2F, 0xFF, 0xD0, 0x00, 0x1F, 0x7E, 0xBC, 0x00,
    0x0F, 0x8F, 0x8F, 0xC0, 0x0F, 0xC3, 0xE0, 0xFF, 0x4B, 0xC0, 0xF8, 0x1F, 0xD0, 0x00, 0x00, 0x00,
    0xF4, 0x00, 0x00, 0x00, 0x3D, 0x00, 0x00, 0x00, 0x0F, 0x40, 0x00, 0x00, 0x00, 0x40, 0x00, 0x00,
    0x0B, 0xFF, 0x43, 0xFF, 0xF4, 0x50, 0x7E, 0x00, 0x0F, 0x80, 0x0B, 0xC0, 0xFF, 0xC0, 0x2F, 0xFC,
    0x00, 0x0F, 0xC0, 0x02, 0xF1, 0x00, 0xFC, 0xFF, 0xFD, 0x3F, 0xFD, 0x00, 0x2C, 0x00, 0x03, 0x80,
    0x06, 0xE0, 0x01, 0xE0, 0x00, 0x01, 0x40, 0x3F, 0xF8, 0x3A, 0xBE, 0x00, 0x3E, 0x0A, 0xBC, 0x0F,
    0xF8, 0x00, 0x7E, 0x00, 0x2F, 0x7F, 0xFE, 0x3F, 0xF8, 0x01, 0xD0, 0x00, 0xF0, 0x02, 0xF0, 0x03,
    0xD0, 0x7C, 0x03, 0xE0, 0xBC, 0x0F, 0xC0, 0xBC, 0x1F, 0x00, 0xBC, 0x7D, 0x00, 0xBC, 0xF8, 0x00,
    0xBE, 0xF0, 0x00, 0xBE, 0xF0, 0x00, 0xBC, 0xFC, 0x00, 0xBC, 0x3E, 0x00, 0xBC, 0x1F, 0x40, 0xBC,
    0x0B, 0xFD, 0xBC, 0x03, 0xFD, 0x00, 0x00, 0x3D, 0x00, 0x00, 0x3D, 0x00, 0x00, 0x3D, 0x00, 0x00,
    0x14, 0x00, 0x00, 0x0F, 0x81, 0xF4, 0xF8, 0x3E, 0x0F, 0x8F, 0xC0, 0xFA, 0xF0, 0x0F, 0xFE, 0x00,
    0xF9, 0xF4, 0x0F, 0x8B, 0xD0, 0xF8, 0x3F, 0xEF, 0x80, 0xFF, 0x00, 0x02, 0xF0, 0x00, 0x2F, 0x00,
    0x02, 0xF0, 0x00, 0x04, 0xBC, 0x03, 0xE2, 0xF3, 0x3F, 0x0B, 0xCE, 0xF0, 0x2F, 0x3F, 0x40, 0xBC,
    0xF8, 0x02, 0xFF, 0xC0, 0x0B, 0xEF, 0x00, 0x2F, 0x3F, 0x00, 0xBC, 0xFE, 0x02, 0xF3, 0xBD, 0x0B,
    0xC4, 0xFC, 0x2F, 0x00, 0xFC, 0x00, 0x00, 0x0F, 0x85, 0xF4, 0xF9, 0xFE, 0x0F, 0x9F, 0xC0, 0xFA,
    0xF0, 0x0F, 0xFE, 0x00, 0xFA, 0xF4, 0x0F, 0x9F, 0xC0, 0xF9, 0xFF, 0x0F, 0x80, 0xFC, 0x1F, 0x00,
    0xF8, 0x3F, 0xD2, 0xF0, 0x7F, 0xD3, 0xD0, 0x2F, 0x4F, 0x80, 0x2F, 0x2F, 0x00, 0x2F, 0xFD, 0x00,
    0x2F, 0xFF, 0x00, 0x2F, 0x1F, 0x40, 0x2F, 0x0F, 0xC0, 0x2F, 0x03, 0xF0, 0x2F, 0x01, 0xF4, 0x2F,
    0x00, 0xFC, 0x1A, 0x00, 0x01, 0xFD, 0x40, 0x0F, 0xFF, 0x00, 0x1F, 0xD4, 0x00, 0x2F, 0x03, 0xE0,
    0xBC, 0x3F, 0x02, 0xF2, 0xF0, 0x0B, 0xEF, 0x00, 0x2F, 0xF8, 0x00, 0xBD, 0xF8, 0x02, 0xF1, 0xF4,
    0x0B, 0xC2, 0xF0, 0x2F, 0x03, 0xF0, 0xFF, 0xC0, 0x3E, 0x3F, 0xF0, 0x2F, 0x00, 0x7C, 0x1F, 0x40,
    0x1F, 0x0F, 0x80, 0x07, 0xCF, 0xC0, 0x01, 0xFB, 0xC0, 0x00, 0x7E, 0xF4, 0x00, 0x1F, 0x2F, 0x00,
    0x07, 0xC3, 0xF0, 0x01, 0xF0, 0x7E, 0x00, 0x7C, 0x0B, 0xD0, 0x1F, 0x00, 0xFC, 0x00, 0x00, 0x00,
    0xFF, 0xC0, 0xFC, 0xFF, 0xC2, 0xF0, 0x03, 0xC7, 0xC0, 0x03, 0xDF, 0x40, 0x03, 0xFF, 0x00, 0x03,
    0xDF, 0x80, 0x03, 0xC3, 0xE0, 0x03, 0xC1, 0xF4, 0x03, 0xC0, 0x7C, 0x7C, 0x00, 0xF0, 0x2F, 0x00,
    0x7D, 0x0B, 0xC0, 0x1F, 0x42, 0xF0, 0x07, 0xD0, 0xBC, 0x01, 0xF4, 0x2F, 0xFF, 0xFD, 0x0B, 0xFF,
    0xFF, 0x42, 0xF0, 0x07, 0xD0, 0xBC, 0x01, 0xF4, 0x2F, 0x00, 0x7D, 0x0B, 0xC0, 0x1F, 0xFA, 0xF0,
    0x07, 0xFE, 0x00, 0x00, 0x0F, 0x80, 0x00, 0x03, 0xE0, 0x00, 0x00, 0xF8, 0x00, 0x00, 0x15, 0x00,
    0x00, 0x02, 0xF0, 0x3E, 0x0B, 0xC0, 0xF8, 0x2F, 0x03, 0xE0, 0xBE, 0xAF, 0x82, 0xFF, 0xFE, 0x0B,
    0xD5, 0xF8, 0x2F, 0x03, 0xE0, 0xBC, 0x0F, 0xFE, 0xF0, 0x3F, 0xF0, 0x00, 0x07, 0xC0, 0x00, 0x1F,
    0x00, 0x00, 0x7C, 0x00, 0x00, 0x50, 0x7C, 0x00, 0xFF, 0xEF, 0x00, 0x7F, 0xFB, 0xC0, 0x1F, 0x42,
    0xF0, 0x07, 0xD0, 0xBC, 0x01, 0xF4, 0x2F, 0xFF, 0xFD, 0x0B, 0xFF, 0xFF, 0x42, 0xF0, 0x07, 0xD0,
    0xBC, 0x01, 0xF4, 0x2F, 0x00, 0x7D, 0x0B, 0xC0, 0x1F, 0x42, 0xF0, 0x07, 0xD0, 0x00, 0x00, 0x00,
    0xBC, 0x0F, 0xFE, 0xBC, 0x0F, 0xFD, 0xBC, 0x0F, 0x80, 0xBE, 0xAF, 0x80, 0xBF, 0xFF, 0x80, 0xBD,
    0x5F, 0x80, 0xBC, 0x0F, 0x80, 0xBC, 0x0F, 0x80, 0xBC, 0x0F, 0x80, 0x7F, 0xFF, 0xE0, 0x00, 0x2F,
    0xFF, 0xF8, 0x00, 0x0B, 0xC0, 0x3E, 0x00, 0x02, 0xF0, 0x0F, 0x80, 0x00, 0xBC, 0x03, 0xE0, 0x00,
    0x2F, 0x00, 0xFE, 0xA4, 0x0B, 0xC0, 0x3F, 0xFF, 0xD2, 0xF0, 0x0F, 0xEB, 0xFC, 0xBC, 0x03, 0xE0,
    0x1F, 0xAF, 0x00, 0xF8, 0x03, 0xFB, 0xC0, 0x3E, 0x00, 0xBE, 0xF0, 0x0F, 0x80, 0x2F, 0x00, 0x00,
    0x00, 0x0F, 0x80, 0x00, 0x01, 0x0B, 0xD0, 0x00, 0x00, 0xFF, 0xF0, 0x00, 0x00, 0x3F, 0xE0, 0x00,
    0x00, 0x00, 0x00, 0x00, 0x00, 0x00, 0x00, 0x0B, 0xFF, 0xF4, 0x00, 0xBF, 0xFF, 0x40, 0x0B, 0xC0,
    0xF4, 0x00, 0xBC, 0x0F, 0x40, 0x0B, 0xC0, 0xFF, 0xD0, 0xBC, 0x0F, 0xFF, 0x4B, 0xC0, 0xF4, 0xFC,
    0xBC, 0x0F, 0x47, 0xCB, 0xC0, 0xF4, 0x3C, 0x00, 0x00, 0x07, 0xC0, 0x00, 0x10, 0xFC, 0x00, 0x03,
    0xFF, 0x40, 0x00, 0x2F, 0xD0, 0x00, 0x00, 0x00, 0x00, 0x00, 0x00, 0x00, 0x00, 0x7F, 0xC0, 0x00,
    0xBF, 0xF0, 0x00, 0x7E, 0x00, 0x00, 0x2F, 0x07, 0xFC, 0x0F, 0x83, 0xFF, 0x83, 0xE0, 0xF1, 0xF0,
    0xF8, 0x7C, 0x3C, 0x3E, 0x0F, 0x1F, 0x0B, 0xC3, 0xDB, 0x81, 0xFC, 0x7F, 0xC0, 0x2F, 0xFF, 0xF4,
    0x01, 0xFF, 0xFF, 0x40, 0x00, 0x06, 0x90, 0x00, 0x00, 0x00, 0x2F, 0xE0, 0x02, 0xFF, 0x40, 0x0F,
    0x87, 0xF0, 0x3D, 0x3F, 0xF0, 0xF4, 0xF3, 0xC3, 0xD3, 0xCF, 0x0F, 0x8F, 0xBC, 0x1F, 0xFF, 0xD0,
    0x1F, 0xFF, 0xD0, 0x00, 0x0A, 0x00, 0x00, 0x00, 0x00, 0x06, 0xFF, 0x80, 0x7F, 0xFF, 0x03, 0xF4,
    0x14, 0x2F, 0x00, 0x00, 0xF8, 0x00, 0x03, 0xE0, 0x00, 0x0F, 0x80, 0x00, 0x3E, 0x00, 0x00, 0xBC,
    0x00, 0x01, 0xFC, 0x01, 0x02, 0xFF, 0xF8, 0x01, 0xFF, 0xD0, 0x00, 0xB4, 0x00, 0x00, 0xF0, 0x00,
    0x1B, 0xC0, 0x00, 0x7C, 0x00, 0x00, 0x10, 0x01, 0xFF, 0xC1, 0xFF, 0xE0, 0xFC, 0x00, 0x3D, 0x00,
    0x0F, 0x40, 0x03, 0xD0, 0x00, 0xFC, 0x04, 0x1F, 0xFF, 0x01, 0xFF, 0x80, 0x0B, 0x00, 0x00, 0xE0,
    0x01, 0xB8, 0x00, 0x78, 0x00, 0xBF, 0xFF, 0xDB, 0xFF, 0xFD, 0x02, 0xF4, 0x00, 0x1F, 0x00, 0x01,
    0xF0, 0x00, 0x1F, 0x00, 0x01, 0xF0, 0x00, 0x1F, 0x00, 0x01, 0xF0, 0x00, 0x1F, 0x00, 0x01, 0xFF,
    0x80, 0x1F, 0xF8, 0x00, 0x0F, 0x80, 0x00, 0xF8, 0x00, 0x0F, 0x80, 0x00, 0x50, 0x00, 0x00, 0x2F,
    0xFF, 0xF7, 0xFF, 0xF8, 0x0B, 0xC0, 0x02, 0xF0, 0x00, 0xBC, 0x00, 0x2F, 0x00, 0x0B, 0xC0, 0x02,
    0xFF, 0x00, 0xBF, 0xC0, 0x00, 0xF0, 0x00, 0x3C, 0x00, 0x0F, 0x00, 0x01, 0x40, 0xBC, 0x02, 0xF1,
    0xF4, 0x0F, 0x82, 0xF0, 0xBC, 0x03, 0xD3, 0xE0, 0x0B, 0xEF, 0x00, 0x0F, 0xF8, 0x00, 0x2F, 0xC0,
    0x00, 0x3E, 0x00, 0x00, 0xF8, 0x00, 0x03, 0xE0, 0x00, 0x0F, 0x80, 0x00, 0x3E, 0x00, 0x00, 0x00,
    0x0F, 0xC0, 0x7D, 0x7D, 0x0B, 0xC3, 0xE0, 0xF8, 0x2F, 0x1F, 0x00, 0xF6, 0xF0, 0x0F, 0xBD, 0x00,
    0x7F, 0xC0, 0x03, 0xF8, 0x00, 0x2F, 0x00, 0x01, 0xF0, 0x00, 0x1F, 0x00, 0x01, 0xF0, 0x00, 0x1F,
    0x00, 0xBC, 0x02, 0xF1, 0xF4, 0x0F, 0x82, 0xF0, 0xBC, 0x03, 0xD3, 0xE0, 0x0B, 0xEF, 0x00, 0x0F,
    0xF8, 0x00, 0x2F, 0xC0, 0x01, 0x7E, 0x50, 0x2F, 0xFF, 0xC0, 0xBF, 0xFF, 0x00, 0x0F, 0x80, 0x00,
    0x3E, 0x00, 0x00, 0x00, 0x0F, 0xC0, 0x7D, 0x7D, 0x0B, 0xC3, 0xE0, 0xF8, 0x2F, 0x1F, 0x00, 0xF6,
    0xF0, 0x0F, 0xBD, 0x00, 0x7F, 0xC0, 0x03, 0xF8, 0x00, 0x2F, 0x00, 0x3F, 0xFF, 0x42, 0xFF, 0xF4,
    0x01, 0xF0, 0x00, 0x1F, 0x00, 0x7D, 0x00, 0xF8, 0x0F, 0xC0, 0xBC, 0x00, 0xF4, 0x7D, 0x00, 0x2F,
    0x3E, 0x00, 0x03, 0xFF, 0x00, 0x00, 0x7F, 0x40, 0x00, 0x1F, 0xD0, 0x00, 0x0F, 0xFC, 0x00, 0x0B,
    0xCF, 0xC0, 0x07, 0xC1, 0xF8, 0x03, 0xE0, 0x2F, 0xF2, 0xF0, 0x03, 0xFC, 0x00, 0x00, 0x1F, 0x00,
    0x00, 0x07, 0xC0, 0x00, 0x01, 0xF0, 0x00, 0x00, 0x14, 0x00, 0x00, 0x01, 0xF8, 0x2F, 0x02, 0xF1,
    0xF4, 0x03, 0xFF, 0xC0, 0x07, 0xFC, 0x00, 0x0F, 0xF0, 0x00, 0xBF, 0xD0, 0x03, 0xEB, 0xC0, 0x3F,
    0x0F, 0xF6, 0xF4, 0x1F, 0xD0, 0x00, 0x0F, 0x40, 0x00, 0x3D, 0x00, 0x00, 0xF4, 0x00, 0x00, 0x40,
    0xBF, 0xFF, 0xCB, 0x80, 0xBF, 0xFF, 0xCF, 0x80, 0x03, 0xF0, 0x0F, 0x80, 0x02, 0xF0, 0x0F, 0x80,
    0x02, 0xF0, 0x0F, 0x80, 0x02, 0xF0, 0x0F, 0x80, 0x02, 0xF0, 0x0F, 0x80, 0x02, 0xF0, 0x0F, 0x80,
    0x02, 0xF0, 0x0F, 0x80, 0x02, 0xF0, 0x0F, 0xC0, 0x02, 0xFF, 0xFF, 0xFC, 0x02, 0xFF, 0xFF, 0xFC,
    0x00, 0x00, 0x00, 0x7C, 0x00, 0x00, 0x00, 0x7C, 0x00, 0x00, 0x00, 0x7C, 0x00, 0x00, 0x00, 0x14,
    0x00, 0x00, 0x00, 0x2F, 0xFF, 0x7E, 0x07, 0xFF, 0xDF, 0x80, 0x2F, 0x03, 0xE0, 0x0B, 0xC0, 0xF8,
    0x02, 0xF0, 0x3E, 0x00, 0xBC, 0x0F, 0x80, 0x2F, 0x03, 0xE0, 0x0B, 0xFF, 0xFF, 0xC2, 0xFF, 0xFF,
    0xF0, 0x00, 0x00, 0x7C, 0x00, 0x00, 0x1F, 0x00, 0x00, 0x07, 0xC0, 0x00, 0x00, 0x50, 0x3D, 0x00,
    0xF8, 0x03, 0xD0, 0x0F, 0x80, 0x3D, 0x00, 0xF8, 0x03, 0xD0, 0x0F, 0x80, 0x3D, 0x00, 0xF8, 0x03,
    0xF0, 0x1F, 0x80, 0x3F, 0xFF, 0xF8, 0x00, 0xBF, 0xEF, 0x80, 0x00, 0x00, 0xF8, 0x00, 0x00, 0x0F,
    0x80, 0x00, 0x00, 0xFF, 0xC0, 0x00, 0x0F, 0xFC, 0x00, 0x00, 0x07, 0xC0, 0x00, 0x00, 0x7C, 0x00,
    0x00, 0x07, 0xC0, 0x00, 0x00, 0x14, 0x00, 0x00, 0x03, 0xD0, 0x3E, 0x0F, 0x40, 0xF8, 0x3D, 0x03,
    0xE0, 0xF8, 0x0F, 0x83, 0xFA, 0xFE, 0x03, 0xFE, 0xF8, 0x00, 0x03, 0xE0, 0x00, 0x0F, 0xF8, 0x00,
    0x3F, 0xF0, 0x00, 0x07, 0xC0, 0x00, 0x1F, 0x00, 0x00, 0x7C, 0x00, 0x00, 0x40, 0xF8, 0x02, 0xFF,
    0x80, 0x2F, 0xF8, 0x02, 0xFF, 0x85, 0x2F, 0xF8, 0xA2, 0xFF, 0xCA, 0x7F, 0xBF, 0xFF, 0xF2, 0xFF,
    0xBF, 0x00, 0xA2, 0xF0, 0x0A, 0x2F, 0x00, 0x52, 0xF0, 0x00, 0x2F, 0x00, 0x00, 0x03, 0xD0, 0x3F,
    0x3D, 0x03, 0xF3, 0xD2, 0x3F, 0x3D, 0x73, 0xF3, 0xFF, 0xFF, 0x1F, 0xFB, 0xF0, 0x07, 0x3F, 0x00,
    0x73, 0xF0, 0x00, 0x3F, 0xBC, 0x00, 0x02, 0xF0, 0x00, 0x0B, 0xC0, 0x00, 0x2F, 0x00, 0x00, 0xBD,
    0xFF, 0x82, 0xFF, 0xFF, 0xCB, 0xE0, 0x3F, 0x2F, 0x00, 0x7C, 0xBC, 0x01, 0xF2, 0xF0, 0x07, 0xCB,
    0xC0, 0x1F, 0x2F, 0x00, 0x7C, 0xA4, 0x00, 0x3E, 0x00, 0x0F, 0x80, 0x03, 0xE0, 0x40, 0xFA, 0xFE,
    0x3F, 0xFF, 0xDF, 0xC0, 0xFB, 0xF0, 0x3E, 0xF8, 0x0F, 0xBE, 0x03, 0xEF, 0x80, 0xFB, 0xE0, 0x3E,
    0xF8, 0x0F, 0x80, 0x00, 0x00, 0x00, 0x00, 0x00, 0x2F, 0xF8, 0x00, 0x07, 0xFF, 0xFC, 0x00, 0x3F,
    0x41, 0xF8, 0xB1, 0xF0, 0x01, 0xF3, 0xDF, 0xC0, 0x07, 0xDF, 0xFF, 0xFF, 0xFF, 0x4B, 0xFF, 0xFF,
    0xFD, 0x02, 0xF0, 0x00, 0x00, 0x07, 0xC0, 0x00, 0x00, 0x0F, 0xD0, 0x1B, 0x00, 0x1F, 0xFF, 0xFC,
    0x00, 0x0B, 0xFF, 0x80, 0x00, 0x00, 0x00, 0x00, 0x00, 0x00, 0x00, 0x00, 0x0B, 0xFE, 0x00, 0x0B,
    0xEB, 0xD0, 0xF3, 0xD0, 0xBC, 0x3E, 0xFA, 0xAF, 0x07, 0xFF, 0xFF, 0xC0, 0x1F, 0x40, 0x00, 0x03,
    0xE0, 0x00, 0x00, 0xBF, 0xBE, 0x00, 0x07, 0xFF, 0x40, 0x00, 0x00, 0x00, 0x00, 0x00, 0x00, 0x00,
    0x00, 0x2F, 0xF8, 0x00, 0x07, 0xFF, 0xFC, 0x00, 0x3F, 0x41, 0xF8, 0xB1, 0xF0, 0x01, 0xF3, 0xDF,
    0xC0, 0x07, 0xDF, 0xFF, 0xFF, 0xFF, 0x4B, 0xFF, 0xFF, 0xFD, 0x02, 0xF0, 0x00, 0x00, 0x07, 0xC0,
    0x00, 0x00, 0x0F, 0xD0, 0x1B, 0x00, 0x1F, 0xFF, 0xFC, 0x00, 0x0B, 0xFF, 0x80, 0x00, 0x03, 0xD0,
    0x00, 0x00, 0x0F, 0x00, 0x00, 0x00, 0x3C, 0x00, 0x00, 0x00, 0x50, 0x00, 0x00, 0x00, 0x00, 0x00,
    0x0B, 0xFE, 0x00, 0x0B, 0xEB, 0xD0, 0xF3, 0xD0, 0xBC, 0x3E, 0xFA, 0xAF, 0x0B, 0xFF, 0xFF, 0xC0,
    0x1F, 0x40, 0x00, 0x03, 0xE0, 0x00, 0x00, 0xBF, 0xBE, 0x00, 0x07, 0xFF, 0x40, 0x00, 0x3C, 0x00,
    0x00, 0x0F, 0x00, 0x00, 0x03, 0xC0, 0x00, 0x00, 0x50, 0x00, 0x7F, 0xF7, 0xFE, 0x0F, 0x80, 0xF8,
    0x0F, 0x80, 0xF8, 0x0F, 0x80, 0xF8, 0x0F, 0x80, 0xF8, 0x7F, 0xE7, 0xFF, 0x00, 0x18, 0x09, 0x00,
    0x00, 0x07, 0xDF, 0x80, 0x00, 0x00, 0xBF, 0x80, 0x00, 0x00, 0x00, 0x00, 0x00, 0x3D, 0x03, 0xD0,
    0x2E, 0x0B, 0xC0, 0xF8, 0x1F, 0x00, 0xF8, 0x3E, 0x0F, 0x80, 0x1F, 0x4F, 0x8B, 0xC0, 0x02, 0xF7,
    0xE7, 0xC0, 0x00, 0x3F, 0xFF, 0xE0, 0x00, 0x1F, 0xFF, 0xFC, 0x00, 0x0F, 0xCF, 0x8F, 0x80, 0x0B,
    0xC3, 0xE2, 0xF0, 0x07, 0xE0, 0xF8, 0x3F, 0x03, 0xF0, 0x3E, 0x07, 0xE2, 0xF4, 0x0F, 0x80, 0xBC,
    0x00, 0xF0, 0xB4, 0x00, 0x02, 0xFB, 0xC0, 0x00, 0x02, 0xF8, 0x00, 0x00, 0x00, 0x00, 0x00, 0x3D,
    0x0F, 0x43, 0xE0, 0x7C, 0x3D, 0x2F, 0x00, 0xF8, 0xF4, 0xF4, 0x00, 0xFB, 0xFF, 0x80, 0x03, 0xFF,
    0xFD, 0x00, 0x2F, 0x7E, 0xFC, 0x00, 0xF8, 0xF4, 0xF8, 0x0F, 0xC3, 0xD1, 0xF4, 0xBC, 0x0F, 0x43,
    0xF0, 0x7C, 0x03, 0xE2, 0xF0, 0x2F, 0x0B, 0xC1, 0xF0, 0x2F, 0x1F, 0x40, 0xBC, 0xF8, 0x02, 0xFF,
    0xC0, 0x0B, 0xFF, 0xF8, 0x2F, 0xAB, 0xFC, 0xBC, 0x02, 0xF6, 0xF0, 0x03, 0xEB, 0xC0, 0x0B, 0xEF,
    0x00, 0x2F, 0x00, 0x00, 0xF8, 0x00, 0x0B, 0xD0, 0x0F, 0xFF, 0x00, 0x3F, 0xE0, 0x00, 0x00, 0x00,
    0x00, 0x00, 0x0B, 0xC1, 0xF8, 0xBC, 0x3E, 0x0B, 0xCF, 0x80, 0xBF, 0xE0, 0x0B, 0xFF, 0xD0, 0xBF,
    0xFF, 0x4B, 0xC0, 0xFC, 0xBC, 0x07, 0xCB, 0xC0, 0x3C, 0x00, 0x07, 0xC0, 0x00, 0xFC, 0x03, 0xFF,
    0x40, 0x2F, 0xD0, 0x00, 0x00, 0x00, 0x02, 0xFF, 0xFC, 0x00, 0x3F, 0xFF, 0xC0, 0x03, 0xE0, 0xBC,
    0x00, 0x3D, 0x0B, 0xC0, 0x03, 0xC0, 0xBC, 0x00, 0x7C, 0x0B, 0xC0, 0x0B, 0xC0, 0xBC, 0x00, 0xBC,
    0x0B, 0xC0, 0x0F, 0x80, 0xBC, 0x00, 0xF4, 0x0B, 0xC0, 0xFF, 0x00, 0xBF, 0xDF, 0xD0, 0x0B, 0xFC,
    0x00, 0x00, 0x07, 0xC0, 0x00, 0x00, 0xB8, 0x00, 0x00, 0x0F, 0x40, 0x00, 0x00, 0x50, 0x00, 0x00,
    0x00, 0x07, 0xFF, 0xD0, 0x0B, 0xFF, 0xD0, 0x0B, 0x83, 0xD0, 0x0F, 0x83, 0xD0, 0x0F, 0x43, 0xD0,
    0x0F, 0x03, 0xD0, 0x2F, 0x03, 0xD0, 0xFE, 0x03, 0xFE, 0xFC, 0x03, 0xFE, 0x00, 0x00, 0x2D, 0x00,
    0x00, 0x3C, 0x00, 0x00, 0x7C, 0x00, 0x00, 0x10, 0x7C, 0x00, 0xF2, 0xF0, 0x07, 0xDB, 0xC0, 0x1F,
    0x6F, 0x00, 0x7D, 0xBC, 0x01, 0xF6, 0xFF, 0xFF, 0xDB, 0xFF, 0xFF, 0x6F, 0x00, 0x7D, 0xBC, 0x01,
    0xF6, 0xF0, 0x07, 0xDB, 0xC0, 0x1F, 0x6F, 0x00, 0x7C, 0x00, 0x02, 0xF0, 0x00, 0x1F, 0xC0, 0x3F,
    0xFD, 0x00, 0xBF, 0xD0, 0x00, 0x00, 0x00, 0x00, 0x00, 0x2F, 0x03, 0xEB, 0xC0, 0xFA, 0xF0, 0x3E,
    0xBE, 0xAF, 0xAF, 0xFF, 0xEB, 0xD5, 0xFA, 0xF0, 0x3E, 0xBC, 0x0F, 0xAF, 0x03, 0xE0, 0x00, 0xF8,
    0x00, 0x7D, 0x07, 0xFF, 0x01, 0xFE, 0x00, 0x00, 0x00, 0x7C, 0x00, 0xF0, 0x2F, 0x00, 0x7D, 0x0B,
    0xC0, 0x1F, 0x42, 0xF0, 0x07, 0xD0, 0xBC, 0x01, 0xF4, 0x2F, 0xFF, 0xFD, 0x0B, 0xFF, 0xFF, 0x42,
    0xF0, 0x07, 0xD0, 0xBC, 0x01, 0xF4, 0x2F, 0x00, 0x7D, 0x0B, 0xC0, 0x1F, 0xFE, 0xF0, 0x07, 0xFE,
    0x00, 0x00, 0x0F, 0x40, 0x00, 0x07, 0xC0, 0x00, 0x03, 0xF0, 0x00, 0x00, 0x54, 0x00, 0x00, 0x00,
    0xBC, 0x0F, 0x80, 0xBC, 0x0F, 0x80, 0xBC, 0x0F, 0x80, 0xBE, 0xAF, 0x80, 0xBF, 0xFF, 0x80, 0xBD,
    0x5F, 0x80, 0xBC, 0x0F, 0x80, 0xBC, 0x0F, 0xFC, 0xBC, 0x0F, 0xFC, 0x00, 0x00, 0x78, 0x00, 0x00,
    0xF4, 0x00, 0x00, 0xF0, 0x00, 0x00, 0x50, 0xF8, 0x02, 0xFF, 0x80, 0x2F, 0xF8, 0x02, 0xFF, 0x80,
    0x2F, 0xF8, 0x02, 0xFF, 0xC0, 0x7F, 0xBF, 0xFF, 0xF2, 0xFF, 0xBF, 0x00, 0x02, 0xF0, 0x00, 0x3F,
    0x00, 0x3F, 0xF0, 0x03, 0xFF, 0x00, 0x3E, 0x00, 0x03, 0xE0, 0x00, 0x3E, 0x00, 0x01, 0x50, 0x00,
    0x00, 0x3D, 0x03, 0xEF, 0x40, 0xFB, 0xD0, 0x3E, 0xF8, 0x0F, 0xBF, 0xAF, 0xE3, 0xFE, 0xF8, 0x00,
    0x3E, 0x00, 0xBF, 0x80, 0x2F, 0xE0, 0x0B, 0x80, 0x02, 0xE0, 0x00, 0xB8, 0x00, 0x04, 0x00, 0x7F,
    0x00, 0x1F, 0xC0, 0xBF, 0x40, 0x2F, 0xC0, 0xBF, 0x80, 0x3F, 0xC0, 0xBB, 0xC0, 0x7B, 0xC0, 0xBB,
    0xD0, 0xB7, 0xC0, 0xB9, 0xE0, 0xF3, 0xC0, 0xBC, 0xF1, 0xE3, 0xC0, 0xBC, 0xF2, 0xD3, 0xC0, 0xBC,
    0xBB, 0xC3, 0xC0, 0xBC, 0x3F, 0x83, 0xD0, 0xBC, 0x3F, 0x43, 0xFF, 0xBC, 0x2F, 0x03, 0xFE, 0x00,
    0x00, 0x00, 0x3D, 0x00, 0x00, 0x00, 0x7C, 0x00, 0x00, 0x00, 0xF8, 0x00, 0x00, 0x00, 0x54, 0x00,
    0x00, 0x00, 0x02, 0xFC, 0x03, 0xFC, 0x0B, 0xF4, 0x0F, 0xF0, 0x2F, 0xF0, 0xBF, 0xC0, 0xBB, 0xC3,
    0xEF, 0x02, 0xEB, 0x9E, 0xBC, 0x0B, 0x8F, 0xB6, 0xF0, 0x2E, 0x3F, 0xCB, 0xC0, 0xB8, 0x7E, 0x2F,
    0xF2, 0xE0, 0xF0, 0xBF, 0xC0, 0x00, 0x00, 0x1E, 0x00, 0x00, 0x00, 0xB4, 0x00, 0x00, 0x03, 0xC0,
    0x00, 0x00, 0x05, 0x00, 0x7F, 0xF7, 0xFE, 0x0F, 0x80, 0xF8, 0x0F, 0x80, 0xF8, 0x0F, 0x80, 0xF8,
    0x0F, 0x80, 0xF8, 0x7F, 0xE7, 0xFF, 0x02, 0x42, 0x80, 0x03, 0xDB, 0xC0, 0x01, 0xFF, 0x40, 0x00,
    0x00, 0x00, 0x00, 0xFD, 0x00, 0x01, 0xFF, 0x00, 0x02, 0xEF, 0x00, 0x03, 0xDF, 0x80, 0x07, 0xCB,
    0xC0, 0x0B, 0xC3, 0xC0, 0x0F, 0x43, 0xE0, 0x1F, 0xFF, 0xF0, 0x3F, 0xFF, 0xF4, 0x3E, 0x00, 0xF8,
    0x7C, 0x00, 0xBC, 0xFC, 0x00, 0x7D, 0x0B, 0x4B, 0x41, 0xFB, 0xC0, 0x1F, 0x90, 0x00, 0x40, 0x0F,
    0xFE, 0x03, 0xEB, 0xE0, 0x00, 0xFC, 0x06, 0xBF, 0x2F, 0xFF, 0xCF, 0x82, 0xF7, 0xD0, 0xFC, 0xFE,
    0xFF, 0x1F, 0xE3, 0xC0, 0x00, 0x00, 0x01, 0x42, 0x00, 0x03, 0xCB, 0x80, 0x02, 0x42, 0x00, 0x00,
    0x00, 0x00, 0x00, 0xFD, 0x00, 0x01, 0xFF, 0x00, 0x02, 0xEF, 0x00, 0x03, 0xDF, 0x80, 0x07, 0xCB,
    0xC0, 0x0B, 0xC3, 0xC0, 0x0F, 0x43, 0xE0, 0x1F, 0xFF, 0xF0, 0x3F, 0xFF, 0xF4, 0x3E, 0x00, 0xF8,
    0x7C, 0x00, 0xBC, 0xFC, 0x00, 0x7D, 0x05, 0x05, 0x03, 0xD7, 0xC0, 0x60, 0x90, 0x00, 0x40, 0x0F,
    0xFE, 0x03, 0xEB, 0xE0, 0x00, 0xFC, 0x06, 0xBF, 0x2F, 0xFF, 0xCF, 0x82, 0xF7, 0xD0, 0xFC, 0xFE,
    0xFF, 0x1F, 0xE3, 0xC0, 0x00, 0x00, 0x00, 0x3F, 0xFF, 0xFC, 0x01, 0xFF, 0xFF, 0xF0, 0x0F, 0x9F,
    0x40, 0x00, 0x3C, 0x3D, 0x00, 0x02, 0xF0, 0xF4, 0x00, 0x0F, 0x43, 0xFF, 0xE0, 0xBC, 0x0F, 0xFF,
    0x83, 0xFF, 0xFD, 0x00, 0x1F, 0xFF, 0xF4, 0x00, 0xF8, 0x07, 0xD0, 0x07, 0xC0, 0x0F, 0xFF, 0xFF,
    0x00, 0x3F, 0xFF, 0x00, 0x40, 0x04, 0x00, 0x3F, 0xFB, 0xFF, 0x00, 0xFA, 0xFF, 0xBF, 0x00, 0x03,
    0xF0, 0x3D, 0x06, 0xAF, 0xEA, 0xF8, 0xBF, 0xFF, 0xFF, 0xE3, 0xE0, 0xFC, 0x00, 0x1F, 0x43, 0xF0,
    0x00, 0x3F, 0xBF, 0xFA, 0xF0, 0x7F, 0xD2, 0xFF, 0x80, 0x00, 0x00, 0x00, 0x00, 0x24, 0x28, 0x3D,
    0xBC, 0x1F, 0xF0, 0x00, 0x00, 0x7F, 0xFD, 0xBF, 0xFD, 0xBC, 0x00, 0xBC, 0x00, 0xBC, 0x00, 0xBF,
    0xFC, 0xBF, 0xFC, 0xBC, 0x00, 0xBC, 0x00, 0xBC, 0x00, 0xBF, 0xFD, 0xBF, 0xFD, 0x0F, 0x4B, 0x40,
    0xBE, 0xF0, 0x02, 0xF8, 0x00, 0x00, 0x00, 0x07, 0xFE, 0x01, 0xFA, 0xF8, 0x3E, 0x07, 0xC3, 0xFA,
    0xBC, 0x3F, 0xFF, 0xC3, 0xD0, 0x00, 0x3F, 0x00, 0x01, 0xFE, 0xF8, 0x07, 0xFF, 0x40, 0x00, 0x00,
    0x00, 0x00, 0x00, 0x0B, 0xFF, 0x80, 0x3F, 0xFF, 0xF0, 0x39, 0x01, 0xFC, 0x00, 0x00, 0x7C, 0x00,
    0x00, 0x3E, 0xBF, 0xFF, 0xFE, 0xBF, 0xFF, 0xFE, 0xBD, 0x55, 0x7E, 0x7C, 0x00, 0x7D, 0x3F, 0x01,
    0xFC, 0x1F, 0xFF, 0xF0, 0x03, 0xFF, 0x80, 0x00, 0x00, 0x00, 0x00, 0x40, 0x02, 0xFF, 0xD0, 0x2E,
    0xBF, 0x40, 0x00, 0xFC, 0x00, 0x0B, 0xC3, 0xFF, 0xFC, 0x3E, 0x5B, 0xC3, 0xD0, 0xFC, 0x2F, 0xBF,
    0x40, 0xBF, 0xD0, 0x00, 0x00, 0x00, 0x01, 0x42, 0x00, 0x03, 0xC7, 0xC0, 0x01, 0x82, 0x40, 0x00,
    0x00, 0x00, 0x0B, 0xFF, 0x80, 0x3F, 0xFF, 0xF0, 0x39, 0x01, 0xFC, 0x00, 0x00, 0x7C, 0x00, 0x00,
    0x3E, 0xBF, 0xFF, 0xFE, 0xBF, 0xFF, 0xFE, 0xBD, 0x55, 0x7E, 0x7C, 0x00, 0x7D, 0x3F, 0x01, 0xFC,
    0x1F, 0xFF, 0xF0, 0x03, 0xFF, 0x80, 0x00, 0x00, 0x00, 0x05, 0x08, 0x00, 0xF1, 0xF0, 0x06, 0x09,
    0x00, 0x04, 0x00, 0x2F, 0xFD, 0x02, 0xEB, 0xF4, 0x00, 0x0F, 0xC0, 0x00, 0xBC, 0x3F, 0xFF, 0xC3,
    0xE5, 0xBC, 0x3D, 0x0F, 0xC2, 0xFB, 0xF4, 0x0B, 0xFD, 0x00, 0x00, 0x00, 0x00, 0x08, 0x14, 0x00,
    0x00, 0x0B, 0x8F, 0x00, 0x00, 0x00, 0x81, 0x80, 0x00, 0x00, 0x00, 0x00, 0x00, 0x3D, 0x03, 0xD0,
    0x2E, 0x0B, 0xC0, 0xF8, 0x1F, 0x00, 0xF8, 0x3E, 0x0F, 0x80, 0x1F, 0x4F, 0x8B, 0xC0, 0x02, 0xF7,
    0xE7, 0xC0, 0x00, 0x3F, 0xFF, 0xE0, 0x00, 0x1F, 0xFF, 0xFC, 0x00, 0x0F, 0xCF, 0x8F, 0x80, 0x0B,
    0xC3, 0xE2, 0xF0, 0x07, 0xE0, 0xF8, 0x3F, 0x03, 0xF0, 0x3E, 0x07, 0xE2, 0xF4, 0x0F, 0x80, 0xBC,
    0x00, 0x20, 0x50, 0x00, 0x02, 0xE3, 0xC0, 0x00, 0x06, 0x0A, 0x00, 0x00, 0x00, 0x00, 0x00, 0x3D,
    0x0F, 0x43, 0xE0, 0x7C, 0x3D, 0x2F, 0x00, 0xF8, 0xF4, 0xF4, 0x00, 0xFB, 0xFF, 0x80, 0x03, 0xFF,
    0xFD, 0x00, 0x2F, 0x7E, 0xFC, 0x00, 0xF8, 0xF4, 0xF8, 0x0F, 0xC3, 0xD1, 0xF4, 0xBC, 0x0F, 0x43,
    0xF0, 0x05, 0x08, 0x03, 0xCB, 0x80, 0x90, 0x90, 0x00, 0x00, 0x2F, 0xFD, 0x0F, 0xFF, 0xD1, 0x41,
    0xF8, 0x00, 0x3E, 0x00, 0x2F, 0x03, 0xFF, 0x00, 0xBF, 0xF0, 0x00, 0x3F, 0x00, 0x0B, 0xC4, 0x03,
    0xF3, 0xFF, 0xF4, 0xFF, 0xF4, 0x00, 0x00, 0x00, 0x08, 0x14, 0x2E, 0x3C, 0x18, 0x24, 0x01, 0x40,
    0x3F, 0xF8, 0x3A, 0xBE, 0x00, 0x3E, 0x0A, 0xBC, 0x0F, 0xF8, 0x00, 0x7E, 0x00, 0x2F, 0x7F, 0xFE,
    0x3F, 0xF8, 0x00, 0x00, 0x3F, 0xFF, 0x83, 0xFF, 0xF8, 0x00, 0x7F, 0x00, 0x0F, 0x80, 0x03, 0xE0,
    0x00, 0xBF, 0xD0, 0x0B, 0xFF, 0x80, 0x00, 0xBC, 0x00, 0x07, 0xC4, 0x00, 0xBC, 0xBF, 0xFF, 0x87,
    0xFF, 0xD0, 0x00, 0x00, 0x00, 0x00, 0x00, 0x03, 0xFF, 0xF8, 0x3F, 0xFF, 0x80, 0x03, 0xE0, 0x01,
    0xF8, 0x00, 0x7E, 0x00, 0x0B, 0xFD, 0x00, 0x6F, 0xF4, 0x00, 0x0F, 0xC0, 0x00, 0xBC, 0x00, 0x0B,
    0xC5, 0x01, 0xF8, 0xBF, 0xFF, 0x02, 0xFF, 0x80, 0x02, 0xAA, 0x40, 0x0F, 0xFD, 0x00, 0x00, 0x00,
    0x1F, 0x00, 0xBE, 0xBC, 0x03, 0xFA, 0xF0, 0x2F, 0xEB, 0xC1, 0xFF, 0xAF, 0x0F, 0x7E, 0xBC, 0x7C,
    0xFA, 0xF3, 0xD3, 0xEB, 0xDF, 0x0F, 0xAF, 0xF4, 0x3E, 0xBF, 0xC0, 0xFA, 0xFD, 0x03, 0xEB, 0xF0,
    0x0F, 0x80, 0x0A, 0xA9, 0x03, 0xFF, 0x40, 0x00, 0x02, 0xF0, 0x7F, 0xBC, 0x3F, 0xEF, 0x1F, 0xFB,
    0xCF, 0xBE, 0xE7, 0x9F, 0xBB, 0xCB, 0xEF, 0xE2, 0xFB, 0xF0, 0xBE, 0xF4, 0x2F, 0x01, 0x42, 0x00,
    0x1F, 0x3D, 0x00, 0x24, 0x60, 0x00, 0x00, 0x00, 0x7C, 0x02, 0xFA, 0xF0, 0x0F, 0xEB, 0xC0, 0xBF,
    0xAF, 0x07, 0xFE, 0xBC, 0x3D, 0xFA, 0xF1, 0xF3, 0xEB, 0xCF, 0x4F, 0xAF, 0x7C, 0x3E, 0xBF, 0xD0,
    0xFA, 0xFF, 0x03, 0xEB, 0xF4, 0x0F, 0xAF, 0xC0, 0x3E, 0x05, 0x08, 0x07, 0xCB, 0x80, 0x91, 0x80,
    0x00, 0x00, 0xBC, 0x1F, 0xEF, 0x0F, 0xFB, 0xC7, 0xFE, 0xF3, 0xEF, 0xB9, 0xE7, 0xEE, 0xF2, 0xFB,
    0xF8, 0xBE, 0xFC, 0x2F, 0xBD, 0x0B, 0xC0, 0x00, 0x50, 0x80, 0x00, 0x7C, 0xB8, 0x00, 0x09, 0x18,
    0x00, 0x00, 0x00, 0x00, 0x01, 0xFF, 0xD0, 0x02, 0xFF, 0xFE, 0x01, 0xFC, 0x0B, 0xD0, 0xBC, 0x00,
    0xFC, 0x3F, 0x00, 0x2F, 0x0F, 0x80, 0x07, 0xC3, 0xE0, 0x01, 0xF0, 0xF8, 0x00, 0xBC, 0x2F, 0x00,
    0x3F, 0x07, 0xF0, 0x2F, 0x80, 0xBF, 0xFF, 0xC0, 0x07, 0xFF, 0x80, 0x00, 0x00, 0x00, 0x00, 0x02,
    0x05, 0x00, 0xB8, 0xF0, 0x06, 0x0A, 0x00, 0x01, 0x00, 0x07, 0xFE, 0x01, 0xFE, 0xFC, 0x3E, 0x07,
    0xD3, 0xD0, 0x3E, 0x3D, 0x03, 0xE3, 0xD0, 0x3E, 0x3F, 0x07, 0xD1, 0xFF, 0xFC, 0x07, 0xFE, 0x00,
    0x00, 0x00, 0x00, 0x00, 0x00, 0x00, 0x7F, 0xF4, 0x00, 0xBF, 0xFF, 0x80, 0x7E, 0x02, 0xF4, 0x2F,
    0x00, 0x2F, 0x0F, 0x80, 0x07, 0xC3, 0xFF, 0xFF, 0xF0, 0xFF, 0xFF, 0xFC, 0x3E, 0x00, 0x1F, 0x0B,
    0xC0, 0x0B, 0xC1, 0xF8, 0x07, 0xE0, 0x2F, 0xFF, 0xF0, 0x01, 0xFF, 0xE0, 0x00, 0x00, 0x00, 0x00,
    0x00, 0x00, 0x00, 0x7F, 0xE0, 0x1F, 0xFF, 0x83, 0xE0, 0x7D, 0x3E, 0x57, 0xD3, 0xFF, 0xFE, 0x3E,
    0x57, 0xD3, 0xF0, 0x7C, 0x1F, 0xFF, 0x80, 0x7F, 0xE0, 0x00, 0x00, 0x00, 0x00, 0x50, 0x80, 0x00,
    0x7C, 0xB4, 0x00, 0x09, 0x18, 0x00, 0x00, 0x00, 0x00, 0x01, 0xFF, 0xD0, 0x02, 0xFF, 0xFE, 0x01,
    0xF8, 0x0B, 0xD0, 0xBC, 0x00, 0xBC, 0x3E, 0x00, 0x1F, 0x0F, 0xFF, 0xFF, 0xC3, 0xFF, 0xFF, 0xF0,
    0xF8, 0x00, 0x7C, 0x2F, 0x00, 0x2F, 0x07, 0xE0, 0x1F, 0x80, 0xBF, 0xFF, 0xC0, 0x07, 0xFF, 0x80,
    0x00, 0x00, 0x00, 0x00, 0x02, 0x05, 0x00, 0xB8, 0xF0, 0x06, 0x0A, 0x00, 0x00, 0x00, 0x07, 0xFE,
    0x01, 0xFF, 0xF8, 0x3E, 0x07, 0xD3, 0xE5, 0x7D, 0x3F, 0xFF, 0xE3, 0xE5, 0x7D, 0x3F, 0x07, 0xC1,
    0xFF, 0xF8, 0x07, 0xFE, 0x00, 0x00, 0x00, 0x05, 0x08, 0x01, 0xF3, 0xD0, 0x09, 0x18, 0x00, 0x00,
    0x00, 0x2F, 0xFD, 0x03, 0xFF, 0xF4, 0x14, 0x0F, 0xC0, 0x00, 0x3E, 0x00, 0x03, 0xF0, 0xFF, 0xFF,
    0x0B, 0xFF, 0xF0, 0x00, 0x2F, 0x00, 0x03, 0xE1, 0x00, 0xFD, 0x3F, 0xFF, 0x82, 0xFF, 0xD0, 0x00,
    0x00, 0x00, 0x14, 0x24, 0x0F, 0x1F, 0x01, 0x82, 0x40, 0x04, 0x00, 0x3F, 0xF4, 0x0F, 0xBF, 0x40,
    0x03, 0xF0, 0x15, 0xFC, 0x0F, 0xFF, 0x00, 0x0B, 0xC0, 0x03, 0xE1, 0xFF, 0xF0, 0x3F, 0xF0, 0x00,
    0x00, 0x00, 0x02, 0xAA, 0x00, 0x1F, 0xFC, 0x00, 0x00, 0x00, 0x2F, 0x00, 0x3E, 0x3D, 0x01, 0xF0,
    0xBC, 0x0B, 0x81, 0xF4, 0x3D, 0x03, 0xE1, 0xF0, 0x07, 0xCF, 0x40, 0x0F, 0xBC, 0x00, 0x1F, 0xE0,
    0x00, 0x3F, 0x00, 0x01, 0xF8, 0x00, 0xFF, 0xC0, 0x03, 0xFC, 0x00, 0x00, 0x00, 0x00, 0x02, 0xAA,
    0x40, 0x0F, 0xFD, 0x00, 0x00, 0x00, 0x0F, 0xC0, 0x7D, 0x1F, 0x02, 0xF0, 0x3E, 0x0F, 0x80, 0xBC,
    0x3C, 0x00, 0xF2, 0xF0, 0x03, 0xEF, 0x40, 0x07, 0xFC, 0x00, 0x0F, 0xE0, 0x00, 0x2F, 0x40, 0x00,
    0xBC, 0x00, 0x07, 0xD0, 0x01, 0xFF, 0x00, 0x07, 0xE0, 0x00, 0x02, 0x05, 0x00, 0x2E, 0x3D, 0x00,
    0x24, 0x60, 0x00, 0x00, 0x00, 0xBC, 0x00, 0xF8, 0xF4, 0x07, 0xC2, 0xF0, 0x2E, 0x07, 0xD0, 0xF4,
    0x0F, 0x87, 0xC0, 0x1F, 0x3D, 0x00, 0x3E, 0xF0, 0x00, 0x7F, 0x80, 0x00, 0xFC, 0x00, 0x07, 0xE0,
    0x03, 0xFF, 0x00, 0x0F, 0xF0, 0x00, 0x00, 0x00, 0x00, 0x01, 0x42, 0x00, 0x0F, 0x2E, 0x00, 0x24,
    0x20, 0x00, 0x00, 0x00, 0x3F, 0x01, 0xF4, 0x7C, 0x0B, 0xC0, 0xF8, 0x3E, 0x02, 0xF0, 0xF0, 0x03,
    0xCB, 0xC0, 0x0F, 0xBD, 0x00, 0x1F, 0xF0, 0x00, 0x3F, 0x80, 0x00, 0xBD, 0x00, 0x02, 0xF0, 0x00,
    0x1F, 0x40, 0x07, 0xFC, 0x00, 0x1F, 0x80, 0x00, 0x00, 0x78, 0xF4, 0x03, 0xDB, 0x40, 0x2C, 0x74,
    0x00, 0x00, 0x00, 0xBC, 0x00, 0xF8, 0xF4, 0x07, 0xC2, 0xF0, 0x2E, 0x07, 0xD0, 0xF4, 0x0F, 0x87,
    0xC0, 0x1F, 0x3D, 0x00, 0x3E, 0xF0, 0x00, 0x7F, 0x80, 0x00, 0xFC, 0x00, 0x07, 0xE0, 0x03, 0xFF,
    0x00, 0x0F, 0xF0, 0x00, 0x00, 0x00, 0x00, 0x02, 0xE7, 0x80, 0x7C, 0xF4, 0x0E, 0x2C, 0x00, 0x00,
    0x00, 0xFC, 0x07, 0xD7, 0xC0, 0xBC, 0x3E, 0x0F, 0x82, 0xF1, 0xF0, 0x0F, 0x2F, 0x00, 0xF7, 0xD0,
    0x07, 0xFC, 0x00, 0x3F, 0x80, 0x02, 0xF4, 0x00, 0x2F, 0x00, 0x07, 0xE0, 0x07, 0xFC, 0x00, 0x7E,
    0x00, 0x00, 0x05, 0x08, 0x00, 0xF1, 0xF0, 0x06, 0x09, 0x00, 0x00, 0x00, 0xF8, 0x03, 0xDF, 0x80,
    0x3D, 0xF8, 0x03, 0xDF, 0x80, 0x3D, 0xFC, 0x03, 0xDB, 0xE1, 0xBD, 0x3F, 0xFF, 0xD0, 0xBF, 0xBD,
    0x00, 0x03, 0xD0, 0x00, 0x3D, 0x00, 0x03, 0xD0, 0x00, 0x3D, 0x08, 0x14, 0x0F, 0x4F, 0x01, 0x82,
    0x40, 0x00, 0x00, 0xF4, 0x0F, 0x7D, 0x03, 0xDF, 0x40, 0xF7, 0xE0, 0x7D, 0xBF, 0xFF, 0x4B, 0xFF,
    0xD0, 0x00, 0xF4, 0x00, 0x3D, 0x00, 0x0F, 0x40, 0x7F, 0xFF, 0x2F, 0xFF, 0xCB, 0xC0, 0x02, 0xF0,
    0x00, 0xBC, 0x00, 0x2F, 0x00, 0x0B, 0xC0, 0x02, 0xF0, 0x00, 0xBC, 0x00, 0x2F, 0x00, 0x0B, 0xFD,
    0x02, 0xFF, 0x40, 0x03, 0xD0, 0x00, 0xF4, 0x00, 0x3D, 0x00, 0x05, 0x00, 0x00, 0x02, 0xFF, 0xEB,
    0xFF, 0x6F, 0x00, 0xBC, 0x02, 0xF0, 0x0B, 0xC0, 0x2F, 0x00, 0xBF, 0xC2, 0xFF, 0x00, 0x3C, 0x00,
    0xF0, 0x03, 0xC0, 0x05, 0x00, 0x00, 0x50, 0x80, 0x00, 0x7C, 0xB8, 0x00, 0x09, 0x08, 0x00, 0x00,
    0x00, 0x00, 0x7C, 0x00, 0x0B, 0xEF, 0x00, 0x02, 0xFB, 0xC0, 0x00, 0xBE, 0xF0, 0x00, 0x2F, 0xBF,
    0xE4, 0x0B, 0xEF, 0xFF, 0xC2, 0xFB, 0xD6, 0xF8, 0xBE, 0xF0, 0x3F, 0x2F, 0xBC, 0x0B, 0xCB, 0xEF,
    0x07, 0xE2, 0xFB, 0xFF, 0xF0, 0xBE, 0xFF, 0xE0, 0x2F, 0x01, 0x81, 0x40, 0x03, 0xD3, 0xC0, 0x01,
    0x82, 0x40, 0x00, 0x00, 0x00, 0xBC, 0x00, 0x2F, 0xBC, 0x00, 0x2F, 0xBC, 0x00, 0x2F, 0xBF, 0xFC,
    0x2F, 0xBE, 0xBF, 0x2F, 0xBC, 0x2F, 0x2F, 0xBC, 0x2F, 0x2F, 0xBF, 0xFE, 0x2F, 0xBF, 0xF8, 0x2F,
    0x1F, 0xFF, 0xCB, 0xFF, 0xF2, 0xF0, 0x00, 0xBC, 0x00, 0x2F, 0x00, 0x2F, 0xFF, 0x4B, 0xFF, 0xD0,
    0xBC, 0x00, 0x2F, 0x00, 0x0B, 0xC0, 0x02, 0xFF, 0x80, 0xBF, 0xE0, 0x00, 0xF8, 0x00, 0x3E, 0x00,
    0xFF, 0x40, 0x3F, 0x40, 0x00, 0x00, 0x00, 0x00, 0x00, 0x3F, 0xFF, 0x3F, 0xFE, 0x3E, 0x00, 0x7F,
    0x50, 0xFF, 0xF4, 0xBF, 0xA0, 0x3E, 0x00, 0x3F, 0xE0, 0x3F, 0xE0, 0x01, 0xE0, 0x01, 0xE0, 0x0F,
    0xD0, 0x0B, 0x80, 0x7D, 0x01, 0xF4, 0x3F, 0x03, 0xF0, 0x0F, 0x87, 0xD0, 0x0B, 0xDF, 0x80, 0x03,
    0xFF, 0x00, 0x01, 0xFD, 0x00, 0x01, 0xFD, 0x00, 0x03, 0xFF, 0x00, 0x0B, 0xCF, 0x80, 0x1F, 0x47,
    0xD0, 0x3F, 0x02, 0xFF, 0xBC, 0x00, 0xFF, 0x00, 0x00, 0x2F, 0x00, 0x00, 0x3F, 0x00, 0x02, 0xFE,
    0x00, 0x02, 0xF8, 0x00, 0x00, 0x00, 0x00, 0x00, 0x01, 0xF4, 0x3F, 0x02, 0xF1, 0xF4, 0x03, 0xEF,
    0x80, 0x07, 0xFC, 0x00, 0x0F, 0xE0, 0x00, 0xBF, 0xC0, 0x07, 0xDF, 0xC0, 0x3F, 0x0F, 0xF2, 0xF0,
    0x2F, 0xC0, 0x00, 0x0F, 0x00, 0x00, 0x3C, 0x00, 0x0B, 0xF0, 0x00, 0x1E, 0x40, 0x7D, 0x01, 0xF4,
    0x3F, 0x03, 0xF0, 0x0F, 0x87, 0xD0, 0x0B, 0xDF, 0x80, 0x03, 0xFF, 0x00, 0x3F, 0xFF, 0xF0, 0x3F,
    0xFF, 0xF0, 0x03, 0xFF, 0x00, 0x0B, 0xCF, 0xC0, 0x1F, 0x47, 0xD0, 0x3F, 0x02, 0xF0, 0xBC, 0x00,
    0xFC, 0x00, 0x00, 0x07, 0xD0, 0xFC, 0x2F, 0x1F, 0x40, 0xFB, 0xE0, 0x2F, 0xFE, 0x43, 0xFF, 0xFC,
    0x1F, 0xFE, 0x41, 0xF7, 0xF0, 0x3F, 0x0F, 0x8B, 0xC0, 0xBC, 0x00, 0x01, 0x86, 0xB1, 0x54, 0x50,
    0x14, 0x05, 0x01, 0x40, 0x50, 0x14, 0x05, 0x01, 0x40, 0x50, 0x14, 0x00, 0x00, 0x00, 0x08, 0x07,
    0xA4, 0x55, 0x01, 0x40, 0x50, 0x14, 0x05, 0x01, 0x40, 0x50, 0x14, 0x05, 0x01, 0x40, 0x50, 0x00,
    0x6A, 0x6F, 0xF6, 0xA4, 0x6A, 0x6F, 0xF6, 0xA4, 0x7F, 0xFF, 0xDF, 0xFF, 0xF0, 0x00, 0x00, 0x15,
    0x55, 0x7F, 0xFE, 0x15, 0x55, 0x15, 0x55, 0x55, 0x55, 0x1F, 0xFF, 0xFF, 0xFF, 0xC1, 0x55, 0x55,
    0x55, 0x50, 0x15, 0x55, 0x55, 0x55, 0x1F, 0xFF, 0xFF, 0xFF, 0xC1, 0x55, 0x55, 0x55, 0x50, 0x60,
    0x25, 0xD0, 0xE7, 0x43, 0x9D, 0x0E, 0x74, 0x39, 0xD0, 0xE7, 0x43, 0x9D, 0x0E, 0x74, 0x39, 0xD0,
    0xE7, 0x43, 0x9D, 0x0E, 0x74, 0x39, 0xD0, 0xE7, 0x43, 0x9D, 0x0E, 0x70, 0x38, 0x2A, 0xAA, 0x2A,
    0xA9, 0x15, 0x55, 0x3F, 0xFE, 0x2D, 0x3C, 0x7C, 0xB8, 0x00, 0x3D, 0x3C, 0x78, 0xB4, 0x00, 0x3E,
    0x3D, 0x3C, 0x78, 0x00, 0xB8, 0x7C, 0x3C, 0x2D, 0x00, 0x2D, 0x2C, 0x3C, 0x3C, 0x7C, 0xB8, 0xB8,
    0xF8, 0x00, 0x00, 0x3D, 0x3C, 0x3C, 0x7C, 0x78, 0xB4, 0xB4, 0xF0, 0x00, 0x00, 0x2E, 0x3D, 0x3D,
    0x3C, 0x3C, 0x7C, 0x78, 0xB4, 0x00, 0x00, 0xB8, 0xF4, 0x7C, 0xB8, 0x3C, 0x7C, 0x2D, 0x3C, 0x00,
    0x00, 0x02, 0x80, 0x03, 0xC0, 0x02, 0xC0, 0x16, 0xD5, 0x3F, 0xFE, 0x16, 0xD5, 0x02, 0xC0, 0x02,
    0xC0, 0x02, 0xC0, 0x03, 0xC0, 0x03, 0xC0, 0x03, 0xC0, 0x03, 0xD0, 0x02, 0x90, 0x02, 0xD0, 0x01,
    0xC0, 0x3B, 0xEE, 0x3F, 0xFE, 0x02, 0xC0, 0x02, 0xD0, 0x02, 0xC0, 0x2B, 0xEA, 0x3F, 0xFE, 0x01,
    0xC0, 0x02, 0xC0, 0x02, 0xD0, 0x0A, 0x43, 0xFC, 0x3F, 0xD3, 0xFD, 0x3F, 0xC0, 0x50, 0x00, 0x00,
    0xD0, 0x03, 0xF0, 0x0F, 0xF8, 0x3F, 0x80, 0xF4, 0x02, 0x00, 0x00, 0x18, 0x3E, 0x3D, 0x00, 0x18,
    0x06, 0x0F, 0x83, 0xE3, 0xE0, 0xF8, 0x00, 0x00, 0x18, 0x05, 0x02, 0x43, 0xE1, 0xF4, 0xBC, 0x3E,
    0x0F, 0x47, 0xC0, 0x00, 0x00, 0x00, 0x18, 0x3E, 0x3E, 0x00, 0x00, 0x1A, 0x95, 0x01, 0x40, 0x50,
    0x14, 0x05, 0x01, 0x40, 0x50, 0x14, 0x05, 0x01, 0x40, 0x50, 0x00, 0x00, 0x00, 0x1A, 0x90, 0x14,
    0x05, 0x01, 0x40, 0x50, 0x14, 0x05, 0x01, 0x40, 0x50, 0x14, 0x05, 0x01, 0x40, 0x00, 0x55, 0xFF,
    0xFF, 0xFF, 0x14, 0x14, 0x14, 0x14, 0x14, 0x14, 0x14, 0x14, 0x14, 0x14, 0x00, 0x55, 0x80, 0x80,
    0xEA, 0x14, 0x14, 0x14, 0x14, 0x14, 0x14, 0x14, 0x14, 0x14, 0x14, 0x00, 0x55, 0x02, 0x02, 0xAB,
    0x14, 0x14, 0x14, 0x14, 0x14, 0x14, 0x14, 0x14, 0x14, 0x14, 0x00, 0x00, 0x00, 0x00, 0x00, 0x00,
    0x07, 0xF0, 0x07, 0x40, 0x00, 0x03, 0xEE, 0x03, 0xC0, 0x00, 0x01, 0xE3, 0xC2, 0xD0, 0x00, 0x00,
    0x74, 0xF0, 0xF0, 0x00, 0x00, 0x1E, 0x3C, 0xB4, 0x40, 0x04, 0x03, 0xDF, 0x3D, 0xFE, 0x0F, 0xF0,
    0xBF, 0x7C, 0xF7, 0xCB, 0xAE, 0x05, 0x1E, 0x3C, 0x77, 0xC3, 0xC0, 0x0F, 0x0F, 0x1E, 0xF0, 0xF0,
    0x07, 0x83, 0xCB, 0x6C, 0x3C, 0x03, 0xC0, 0xBB, 0xC7, 0xAD, 0x02, 0xD0, 0x0F, 0xD0, 0xBE, 0x00,
    0x00, 0x00, 0x00, 0x00, 0x00, 0x00, 0x00, 0x00, 0x00, 0x00, 0x00, 0x00, 0x1F, 0xC0, 0x1E, 0x00,
    0x00, 0x00, 0x00, 0x3E, 0xF0, 0x3C, 0x00, 0x00, 0x00, 0x00, 0x78, 0xF0, 0x74, 0x00, 0x00, 0x00,
    0x00, 0xB4, 0xF0, 0xF0, 0x00, 0x00, 0x00, 0x00, 0x78, 0xF2, 0xD1, 0x00, 0x04, 0x00, 0x40, 0x3D,
    0xF3, 0xCF, 0xE0, 0xFF, 0x0B, 0xF4, 0x2F, 0xDB, 0x7E, 0xF5, 0xEB, 0x8F, 0x7C, 0x05, 0x1E, 0x3C,
    0x7A, 0xD3, 0xDE, 0x3C, 0x00, 0x3C, 0x3C, 0x7A, 0xD3, 0xDE, 0x2D, 0x00, 0x78, 0x3C, 0x7A, 0xD3,
    0xDE, 0x3C, 0x00, 0xF0, 0x2E, 0xF5, 0xFB, 0x8F, 0xBC, 0x01, 0xD0, 0x0F, 0xE0, 0xBF, 0x07, 0xF4,
    0x00, 0x00, 0x00, 0x00, 0x00, 0x00, 0x00, 0x07, 0xC0, 0xF4, 0x1E, 0x03, 0xC0, 0x10, 0x00, 0x07,
    0xCB, 0x83, 0xD3, 0xC1, 0xE2, 0xD0, 0xF0, 0xE0, 0x10, 0x10, 0x00, 0x07, 0xCB, 0x8F, 0x03, 0xD3,
    0xC7, 0x81, 0xE2, 0xD3, 0xC0, 0xF0, 0xE1, 0xD0, 0x10, 0x10, 0x50, 0x00, 0x3D, 0x00, 0xF0, 0x0B,
    0x40, 0x3C, 0x00, 0x40, 0x3D, 0x3C, 0x03, 0xCB, 0x80, 0xB4, 0xF0, 0x0F, 0x0E, 0x00, 0x41, 0x40,
    0x3D, 0x3C, 0x78, 0x03, 0xCB, 0x8F, 0x00, 0xB4, 0xF0, 0xE0, 0x0F, 0x0E, 0x2C, 0x00, 0x41, 0x41,
    0x00, 0x01, 0x00, 0x2C, 0x00, 0xF8, 0x0B, 0x30, 0x34, 0xA1, 0xC0, 0xC0, 0x00, 0x00, 0x3C, 0x0F,
    0x82, 0xF0, 0x3D, 0x02, 0xF0, 0x0B, 0xC0, 0x3C, 0x00, 0x00, 0x00, 0x03, 0xC0, 0x2F, 0x00, 0xFC,
    0x07, 0xD0, 0xF8, 0x2F, 0x02, 0xC0, 0x00, 0x00, 0x00, 0x00, 0x00, 0x00, 0x80, 0xF0, 0x10, 0x2E,
    0x0F, 0x4B, 0xC0, 0xB8, 0x52, 0xF0, 0x02, 0xE0, 0xBC, 0x00, 0x0B, 0xAF, 0x00, 0x3D, 0x2F, 0xC3,
    0xC3, 0xD2, 0xF8, 0x3D, 0x04, 0xBE, 0xE0, 0x40, 0x2F, 0x0B, 0x80, 0x0B, 0xC0, 0x2E, 0x01, 0xF0,
    0xF0, 0xB8, 0x08, 0x0F, 0x42, 0x40, 0x00, 0x10, 0x00, 0x3E, 0x1F, 0x4F, 0x83, 0xD3, 0xE0, 0xF4,
    0xF8, 0x3D, 0x3E, 0x0F, 0x4F, 0x43, 0xC2, 0xD0, 0xF0, 0xB4, 0x3C, 0x00, 0x00, 0x06, 0x01, 0x43,
    0xE1, 0xF4, 0xF8, 0x3D, 0x00, 0x00, 0x00, 0x00, 0x00, 0x6F, 0xF4, 0xBF, 0xFC, 0x2F, 0x3E, 0x0F,
    0x2D, 0x0F, 0x7C, 0x0F, 0xF0, 0x0F, 0xC0, 0x0F, 0x40, 0x00, 0x00, 0x06, 0x00, 0x0F, 0xC0, 0x0F,
    0x80, 0x00, 0x00, 0x15, 0x55, 0x43, 0xFF, 0xFD, 0x15, 0x55, 0x40, 0x00, 0x00, 0x17, 0x00, 0x09,
    0x1D, 0x07, 0x80, 0x7F, 0xD0, 0x00, 0x00, 0x00, 0xBF, 0xE0, 0x28, 0x02, 0xC6, 0x00, 0x06, 0x00,
    0x00, 0x00, 0x00, 0x24, 0x00, 0xC0, 0x0A, 0x00, 0x30, 0x02, 0x80, 0x0D, 0x00, 0xB0, 0x03, 0xE0,
    0x1C, 0xC0, 0xD2, 0x87, 0x03, 0x00, 0x00, 0x00, 0xA0, 0x00, 0x00, 0x00, 0x02, 0xC0, 0x00, 0x00,
    0x00, 0x0B, 0x04, 0x00, 0x00, 0x0B, 0xFF, 0xF0, 0x00, 0x00, 0x1A, 0xFE, 0x80, 0x00, 0x00, 0x0B,
    0xF0, 0x00, 0x00, 0x00, 0x7D, 0xF0, 0x00, 0x00, 0x51, 0xD3, 0x81, 0x00, 0x03, 0xC0, 0x00, 0x2D,
    0x00, 0x0F, 0x00, 0x00, 0x74, 0x0B, 0xBE, 0xF0, 0x7A, 0xEB, 0x7F, 0xFF, 0xC1, 0xFF, 0xFD, 0x0B,
    0xE0, 0x00, 0x7F, 0x00, 0x7E, 0xD0, 0x03, 0xEE, 0x02, 0xD3, 0xC0, 0x1E, 0x3C, 0x01, 0x04, 0x00,
    0x00, 0x00, 0x2A, 0x83, 0xFC, 0x2A, 0x80, 0x00, 0x03, 0xC0, 0x00, 0x78, 0x00, 0x0F, 0x00, 0x01,
    0xD0, 0x00, 0x3C, 0x00, 0x0B, 0x40, 0x00, 0xF0, 0x00, 0x2C, 0x00, 0x07, 0x80, 0x00, 0xF0, 0x00,
    0x1E, 0x00, 0x03, 0xC0, 0x00, 0xFF, 0x3F, 0xCF, 0x43, 0xD0, 0xF4, 0x3D, 0x0F, 0xA3, 0xFC, 0xF4,
    0x3D, 0x0F, 0x43, 0xD0, 0xF4, 0x3F, 0xCA, 0xA0, 0xBF, 0x5F, 0xD0, 0xF4, 0x3D, 0x0F, 0x43, 0xD6,
    0xF6, 0xFD, 0x0F, 0x43, 0xD0, 0xF4, 0x3D, 0x0F, 0x6F, 0xD6, 0xA0, 0x00, 0x00, 0x00, 0x00, 0x6F,
    0xF4, 0x6F, 0xF4, 0xBF, 0xFD, 0xFF, 0xFC, 0x20, 0x3E, 0x50, 0x3D, 0x00, 0x3E, 0x00, 0x3D, 0x00,
    0xBC, 0x00, 0xBC, 0x03, 0xF4, 0x03, 0xF0, 0x07, 0xC0, 0x0B, 0xC0, 0x0B, 0x40, 0x0B, 0x40, 0x00,
    0x00, 0x00, 0x00, 0x06, 0x00, 0x06, 0x00, 0x0F, 0xC0, 0x0F, 0x80, 0x0F, 0x80, 0x0F, 0x80, 0x00,
    0x00, 0x00, 0x00, 0x00, 0x00, 0x00, 0x6F, 0xF4, 0x3E, 0xBF, 0xFD, 0x3E, 0x20, 0x3E, 0x3E, 0x00,
    0x3E, 0x3E, 0x00, 0xBC, 0x3D, 0x03, 0xF4, 0x3D, 0x07, 0xC0, 0x3D, 0x0B, 0x40, 0x2D, 0x00, 0x00,
    0x00, 0x06, 0x00, 0x18, 0x0F, 0xC0, 0x3E, 0x0F, 0x80, 0x3E, 0x00, 0x00, 0x00, 0x00, 0x00, 0x00,
    0x0F, 0x86, 0xFF, 0x03, 0xE3, 0xFF, 0xF0, 0xF8, 0x50, 0x7D, 0x3E, 0x00, 0x0F, 0x4F, 0x80, 0x0F,
    0xC3, 0xD0, 0x0F, 0xC0, 0xB4, 0x0B, 0x80, 0x2D, 0x03, 0xC0, 0x00, 0x00, 0x00, 0x01, 0x80, 0x18,
    0x00, 0xF8, 0x0F, 0x80, 0x3E, 0x03, 0xD0, 0x00, 0x00, 0x00, 0x00, 0x00, 0x00, 0x1F, 0xFF, 0xF2,
    0xAA, 0xF8, 0x00, 0x3C, 0x00, 0x2D, 0x00, 0x1F, 0x00, 0x0F, 0x40, 0x0B, 0x80, 0x03, 0xC0, 0x03,
    0xE0, 0x00, 0x6A, 0xA4, 0x2F, 0xFF, 0xCA, 0x3F, 0xFA, 0x8F, 0xFF, 0xA3, 0xFF, 0xE8, 0xFF, 0xFA,
    0x3F, 0xFA, 0x8F, 0xFC, 0xA3, 0xA4, 0x28, 0xD0, 0x0A, 0x34, 0x02, 0x8D, 0x00, 0xA3, 0x40, 0x28,
    0xD0, 0x0A, 0x34, 0x00, 0x00, 0x00, 0x00, 0x00, 0x00, 0xBF, 0xFD, 0x2F, 0xFE, 0xD3, 0xFF, 0xCD,
    0x3F, 0xFC, 0xD3, 0xFF, 0xCD, 0x3F, 0xFC, 0xD2, 0xFF, 0xDD, 0x0F, 0xFF, 0xD0, 0x05, 0x54, 0x00,
    0x00, 0x0B, 0xFF, 0xE0, 0xBB, 0xFF, 0x8B, 0x3F, 0xFC, 0xB3, 0xFF, 0xCB, 0x3F, 0xFC, 0xB3, 0xFF,
    0xCB, 0x7F, 0xF8, 0xBF, 0xFE, 0x01, 0x55, 0x00, 0x01, 0x90, 0x00, 0x74, 0x01, 0x1D, 0x11, 0xFF,
    0xFD, 0x6B, 0xFA, 0x41, 0xFD, 0x00, 0xF3, 0xC0, 0x28, 0xA0, 0x00, 0x00, 0x00, 0x00, 0x0F, 0x83,
    0xE0, 0x10, 0x00, 0x00, 0x00, 0x00, 0x00, 0x3D, 0x0B, 0x80, 0xF0, 0x3C, 0x00, 0x00, 0x00, 0x00,
    0x00, 0xBF, 0xE0, 0x28, 0x02, 0xC6, 0x00, 0x06, 0x00, 0x00, 0x00, 0x00, 0x00, 0x00, 0x00, 0x00,
    0x00, 0x00, 0x00, 0x00, 0x00, 0x00, 0x00, 0x00, 0x00, 0x00, 0x00, 0x00, 0x00, 0x00, 0x00, 0x00,
    0x00, 0x00, 0x00, 0x17, 0x00, 0x09, 0x1D, 0x07, 0x80, 0x7F, 0xD0, 0x01, 0x90, 0x00, 0x74, 0x01,
    0x1D, 0x11, 0xFF, 0xFD, 0x6B, 0xFA, 0x41, 0xFD, 0x00, 0xF3, 0xC0, 0x28, 0xA0, 0x01, 0x90, 0x00,
    0x74, 0x01, 0x1D, 0x11, 0xFF, 0xFD, 0x6B, 0xFA, 0x41, 0xFD, 0x00, 0xF3, 0xC0, 0x28, 0xA0, 0x00,
    0x00, 0x00, 0x00, 0x02, 0xE0, 0xEF, 0xCB, 0x59, 0x3C, 0x01, 0xE0, 0x0F, 0x00, 0x78, 0x02, 0xD0,
    0x0F, 0x00, 0xB4, 0x03, 0xC1, 0x1E, 0x3F, 0xB0, 0xBC, 0x00, 0x00, 0x00, 0x00, 0x00, 0x00, 0x03,
    0xFF, 0xE5, 0x02, 0xC3, 0xD6, 0xBF, 0xFF, 0xD0, 0x40, 0x00, 0x5A, 0x40, 0x01, 0xA4, 0x00, 0xE5,
    0xB4, 0x30, 0x00, 0xC5, 0x00, 0x02, 0x00, 0x40, 0x01, 0x34, 0x42, 0xDE, 0xF0, 0x2F, 0xF0, 0x7F,
    0xFF, 0xDA, 0xFF, 0x90, 0xFF, 0xD0, 0x73, 0x6C, 0x00, 0xD0, 0x00, 0x00, 0x00, 0x00, 0x03, 0xE0,
    0x00, 0xF8, 0x00, 0x04, 0x00, 0x00, 0x00, 0x00, 0x03, 0xE0, 0x00, 0xF8, 0x00, 0x04, 0x00, 0x00,
    0x00, 0x00, 0x00, 0x00, 0x00, 0x3E, 0x00, 0x0F, 0x80, 0x00, 0x40, 0x07, 0xCB, 0x4F, 0x2D, 0x0F,
    0x5F, 0x3D, 0x7C, 0x1E, 0x3C, 0x78, 0xF0, 0x3C, 0x74, 0xF1, 0xD0, 0x10, 0x10, 0x40, 0x40, 0x00,
    0x00, 0x00, 0x00, 0x00, 0xF8, 0x00, 0x00, 0x0F, 0x80, 0x00, 0x00, 0x10, 0x00, 0x00, 0x00, 0x00,
    0x00, 0x00, 0x00, 0x00, 0x3E, 0x00, 0x03, 0xD3, 0xE0, 0x00, 0x3E, 0x04, 0x00, 0x00, 0x40, 0x00,
    0x00, 0x00, 0x00, 0x00, 0x00, 0x00, 0x00, 0xF8, 0x00, 0x00, 0x0F, 0x80, 0x00, 0x00, 0x10, 0x00,
    0x00, 0x00, 0x00, 0x03, 0xE0, 0x00, 0x3D, 0x3E, 0x00, 0x03, 0xE0, 0x40, 0x00, 0x04, 0x00, 0x00,
    0x00, 0x00, 0x00, 0x00, 0x00, 0x00, 0x0F, 0x80, 0x00, 0x00, 0xF8, 0x00, 0x00, 0x01, 0x00, 0x00,
    0x00, 0x00, 0x00, 0x00, 0x00, 0x00, 0x03, 0xE0, 0x00, 0x3D, 0x3E, 0x00, 0x03, 0xE0, 0x40, 0x00,
    0x14, 0x00, 0x3E, 0x3F, 0x18, 0x00, 0x00, 0x00, 0x00, 0x00, 0x00, 0x18, 0x3E, 0x3E, 0x00, 0x00,
    0x00, 0x00, 0x01, 0xF0, 0x00, 0x0B, 0xC0, 0x00, 0x09, 0x00, 0x00, 0x00, 0x00, 0x00, 0x00, 0x02,
    0xD0, 0x0B, 0x0F, 0xC0, 0x3E, 0x2D, 0x00, 0xF4, 0x00, 0x00, 0x00, 0x00, 0x00, 0x00, 0x09, 0x00,
    0x00, 0xBC, 0x00, 0x01, 0xF0, 0x00, 0x00, 0x00, 0x00, 0x00, 0x05, 0x00, 0x00, 0x50, 0xF0, 0x50,
    0x1F, 0x4F, 0x0F, 0x81, 0xF4, 0xF0, 0xF4, 0x00, 0x0F, 0x01, 0x00, 0x00, 0xF0, 0x00, 0x7F, 0xFF,
    0xFF, 0xE7, 0xFF, 0xFF, 0xFE, 0x00, 0x0F, 0x00, 0x00, 0x00, 0xF0, 0x00, 0x0F, 0x4F, 0x0F, 0x41,
    0xF4, 0xF0, 0xF8, 0x05, 0x0F, 0x05, 0x00, 0x00, 0x60, 0x00, 0x18, 0x3F, 0x3E, 0x00, 0x00, 0x08,
    0x3F, 0x3E, 0x00, 0x00, 0x04, 0x3E, 0x3E, 0x04, 0x00, 0x3E, 0x3E, 0x04, 0x2D, 0x3F, 0x19, 0x18,
    0x3F, 0x3E, 0x00, 0x3E, 0x3E, 0x04, 0x55, 0x14, 0x14, 0xAA, 0x14, 0x14, 0x14, 0x14, 0x14, 0x14,
    0x14, 0x14, 0x14, 0x14, 0x00, 0x55, 0x82, 0x82, 0xEB, 0x14, 0x14, 0x14, 0x14, 0x14, 0x14, 0x14,
    0x14, 0x14, 0x14, 0x00, 0x55, 0x7D, 0x3C, 0x14, 0x14, 0x14, 0x14, 0x14, 0x14, 0x14, 0x14, 0x14,
    0x14, 0x14, 0x00, 0x00, 0x28, 0x3C, 0xBE, 0x14, 0x14, 0x14, 0x14, 0x14, 0x14, 0x14, 0x14, 0x14,
    0x14, 0x00, 0x00, 0x28, 0x96, 0x28, 0x14, 0x14, 0x14, 0x14, 0x14, 0x14, 0x14, 0x14, 0x14, 0x14,
    0x00, 0x50, 0x14, 0x14, 0xAA, 0x14, 0x14, 0x14, 0x14, 0x14, 0x14, 0x14, 0x14, 0x14, 0x14, 0x00,
    0x00, 0x02, 0xFC, 0x7E, 0xEB, 0x4F, 0xB4, 0xFB, 0x4F, 0x7E, 0xE2, 0xFC, 0x00, 0x00, 0x10, 0xD1,
    0x0D, 0x34, 0xD3, 0x4D, 0x00, 0x00, 0x00, 0x0F, 0x00, 0xFC, 0x07, 0xB0, 0x36, 0xC2, 0xEF, 0x8B,
    0xFF, 0x00, 0xB0, 0x00, 0x00, 0x00, 0x03, 0xFD, 0x39, 0x43, 0xA4, 0x2B, 0xD0, 0x0F, 0x11, 0xE7,
    0xFC, 0x00, 0x00, 0x00, 0x01, 0xFD, 0x3D, 0x07, 0x54, 0xBF, 0xEB, 0x0F, 0x79, 0xF2, 0xFD, 0x00,
    0x00, 0x00, 0x0B, 0xFF, 0x15, 0xF0, 0x2D, 0x03, 0xC0, 0x74, 0x0F, 0x01, 0xE0, 0x00, 0x00, 0x00,
    0x03, 0xFD, 0x74, 0xE3, 0xED, 0x2F, 0xCB, 0x5F, 0xB4, 0xF3, 0xFD, 0x00, 0x00, 0x00, 0x03, 0xFC,
    0xB9, 0xEB, 0x0F, 0x7F, 0xF1, 0x9F, 0x16, 0xD3, 0xF8, 0x00, 0x00, 0x05, 0x00, 0xA0, 0x2F, 0x86,
    0xF8, 0x0A, 0x00, 0x50, 0x2A, 0x86, 0xA8, 0x2A, 0x86, 0xA9, 0x2A, 0x82, 0xA8, 0x00, 0xE7, 0x2C,
    0xE3, 0x8E, 0x2C, 0x70, 0xE0, 0x00, 0x02, 0xC3, 0x4F, 0x2C, 0xB2, 0xCB, 0x36, 0xC0, 0x00, 0x11,
    0x40, 0xFF, 0xC3, 0x87, 0x4D, 0x1D, 0x34, 0x74, 0xD1, 0xD0, 0x00, 0x00, 0x00, 0x02, 0xFC, 0x7E,
    0xEB, 0x4F, 0xB4, 0xFB, 0x4F, 0x7E, 0xE2, 0xFC, 0x00, 0x00, 0x00, 0x02, 0xE3, 0xF8, 0xDE, 0x03,
    0x81, 0xE0, 0x78, 0x1E, 0x00, 0x00, 0x00, 0x03, 0xFC, 0x36, 0xD0, 0x2D, 0x07, 0xC1, 0xF0, 0x7E,
    0x9B, 0xFE, 0x00, 0x00, 0x00, 0x07, 0xFC, 0x25, 0xE0, 0x2D, 0x1F, 0xC0, 0x1E, 0x55, 0xF7, 0xFC,
    0x00, 0x00, 0x00, 0x00, 0x0F, 0x00, 0xFC, 0x07, 0xB0, 0x36, 0xC2, 0xEF, 0x8B, 0xFF, 0x00, 0xB0,
    0x00, 0x00, 0x00, 0x03, 0xFD, 0x39, 0x43, 0xA4, 0x2B, 0xD0, 0x0F, 0x11, 0xE7, 0xFC, 0x00, 0x00,
    0x00, 0x01, 0xFD, 0x3D, 0x07, 0x54, 0xBF, 0xEB, 0x0F, 0x79, 0xF2, 0xFD, 0x00, 0x00, 0x00, 0x0B,
    0xFF, 0x15, 0xF0, 0x2D, 0x03, 0xC0, 0x74, 0x0F, 0x01, 0xE0, 0x00, 0x00, 0x00, 0x03, 0xFD, 0x74,
    0xE3, 0xED, 0x2F, 0xCB, 0x5F, 0xB4, 0xF3, 0xFD, 0x00, 0x00, 0x00, 0x03, 0xFC, 0xB9, 0xEB, 0x0F,
    0x7F, 0xF1, 0x9F, 0x16, 0xD3, 0xF8, 0x00, 0x00, 0x05, 0x00, 0xA0, 0x2F, 0x86, 0xF8, 0x0A, 0x00,
    0x50, 0x2A, 0x86, 0xA8, 0x2A, 0x86, 0xA9, 0x2A, 0x82, 0xA8, 0x00, 0xE7, 0x2C, 0xE3, 0x8E, 0x2C,
    0x70, 0xE0, 0x00, 0x02, 0xC3, 0x4F, 0x2C, 0xB2, 0xCB, 0x36, 0xC0, 0x00, 0x2F, 0xC1, 0x0E, 0x1B,
    0xE7, 0x4E, 0x7A, 0xE2, 0x95, 0x1F, 0xC3, 0x8F, 0x7F, 0xF7, 0x54, 0x3D, 0x90, 0xA9, 0x1F, 0xC0,
    0xE3, 0xC7, 0x07, 0x1D, 0x2C, 0x3D, 0xF0, 0x2A, 0x00, 0x70, 0xE0, 0xFB, 0x00, 0xF4, 0x07, 0xE0,
    0x39, 0xD1, 0x81, 0x80, 0x3F, 0x81, 0x1E, 0x6A, 0xF7, 0x9F, 0x39, 0xE0, 0xA4, 0x34, 0x00, 0xD0,
    0x03, 0xBE, 0x0F, 0x6C, 0x34, 0x74, 0xD1, 0xD3, 0x47, 0x49, 0x08, 0x34, 0x00, 0xD0, 0x03, 0x4B,
    0x0D, 0xB4, 0x3F, 0x40, 0xFF, 0x03, 0x4F, 0x09, 0x09, 0x34, 0xD3, 0x4D, 0x34, 0xD3, 0x49, 0x3B,
    0xEB, 0xC3, 0xDF, 0x9E, 0x34, 0xB0, 0xF3, 0x4B, 0x0F, 0x34, 0xB0, 0xF2, 0x46, 0x05, 0x37, 0xE0,
    0xF6, 0xC3, 0x47, 0x4D, 0x1D, 0x34, 0x74, 0x90, 0x80, 0x37, 0xD0, 0xF6, 0xC3, 0x47, 0x4E, 0x1D,
    0x3E, 0xF0, 0xEA, 0x03, 0x40, 0x0D, 0x00, 0x2F, 0x9D, 0x03, 0xE0, 0x1F, 0x67, 0xCA, 0x80, 0x00,
    0x0A, 0x07, 0xF0, 0xE4, 0x38, 0x0E, 0x03, 0xE0, 0x68, 0x00, 0x00, 0x00, 0xBF, 0x80, 0x3F, 0xF4,
    0x07, 0xC0, 0x00, 0xBC, 0x15, 0x4B, 0x8B, 0xFC, 0xBC, 0xBE, 0x87, 0xDF, 0x80, 0x2F, 0xFF, 0xC0,
    0x6F, 0xE8, 0x00, 0xB8, 0x00, 0x0B, 0xFC, 0x00, 0xBF, 0xC0, 0x00, 0x14, 0x80, 0x03, 0xAC, 0x07,
    0xFF, 0xE1, 0xFF, 0xBD, 0x3F, 0x73, 0x43, 0xDA, 0x30, 0x7C, 0x97, 0x07, 0xCD, 0xA0, 0x7D, 0xCD,
    0x03, 0xFC, 0xC0, 0x2F, 0xEE, 0x80, 0xBF, 0xFC, 0x03, 0xBE, 0x40, 0x32, 0x40, 0x00, 0x00, 0x00,
    0x2F, 0xF8, 0x0F, 0xFF, 0xC2, 0xF4, 0x04, 0x3E, 0x00, 0x07, 0xD1, 0x04, 0x7C, 0x3B, 0xC7, 0xC3,
    0xF8, 0x7C, 0x3C, 0x03, 0xD3, 0xC0, 0x3F, 0x7C, 0x00, 0xFF, 0xFC, 0x03, 0xFF, 0x80, 0x00, 0x00,
    0x1F, 0xFF, 0x8B, 0xFF, 0xE2, 0xF0, 0x00, 0xBC, 0x00, 0x2F, 0x00, 0x0B, 0xFF, 0xD2, 0xFF, 0xF4,
    0xBC, 0x00, 0x7F, 0xA4, 0x2F, 0xFD, 0x02, 0xF0, 0x00, 0xBC, 0x00, 0x00, 0x00, 0x00, 0x2F, 0xF4,
    0x07, 0xFF, 0x80, 0xFC, 0x10, 0x0F, 0x80, 0x02, 0xFE, 0x90, 0x2F, 0xE9, 0x01, 0xF9, 0x40, 0x7F,
    0xFE, 0x00, 0xF8, 0x00, 0x2F, 0x00, 0x07, 0xFF, 0xFC, 0x7F, 0xFF, 0xC0, 0x00, 0x00, 0x00, 0x00,
    0x00, 0x00, 0xD0, 0x00, 0x01, 0x0B, 0x40, 0x3D, 0xFF, 0xBF, 0xF4, 0xFF, 0xFF, 0xFF, 0xF3, 0xF0,
    0x7F, 0x0B, 0xCF, 0xC0, 0xF4, 0x1F, 0x3E, 0x03, 0xD0, 0x7C, 0xF8, 0x1F, 0x41, 0xF3, 0xE0, 0xFD,
    0x07, 0xCF, 0x87, 0xF4, 0x1F, 0x3E, 0x3F, 0xD0, 0x7C, 0x01, 0xD0, 0x00, 0x00, 0x0A, 0x00, 0x00,
    0x00, 0x3F, 0x07, 0x43, 0xF0, 0x74, 0x3F, 0x47, 0x43, 0xFC, 0x74, 0xBF, 0xFF, 0xD7, 0xEE, 0xB8,
    0x7D, 0xFB, 0x8B, 0xFF, 0xFD, 0x3C, 0x7B, 0x43, 0xC3, 0xF4, 0x3C, 0x2F, 0x43, 0xC1, 0xF4, 0xBF,
    0xE0, 0x00, 0x0B, 0xFF, 0xC0, 0x00, 0xB8, 0x7E, 0x00, 0x0B, 0x82, 0xE1, 0xC0, 0xB8, 0x3E, 0x3C,
    0x0B, 0xDB, 0xEB, 0xFC, 0xBF, 0xFD, 0xFF, 0xCB, 0xF9, 0x07, 0xC0, 0xB8, 0x00, 0x7C, 0x0B, 0x80,
    0x07, 0xC0, 0xB8, 0x00, 0x3F, 0x8B, 0x80, 0x02, 0xFC, 0x00, 0x00, 0x00, 0x00, 0xBF, 0xE0, 0x00,
    0x0F, 0xFF, 0x80, 0x00, 0xF8, 0xBC, 0x00, 0x0F, 0x83, 0xC7, 0xFD, 0xF8, 0x7C, 0xFE, 0xDF, 0xEF,
    0x8F, 0x40, 0xFF, 0xE0, 0xFE, 0x0F, 0xFF, 0x03, 0xFC, 0xF8, 0xF4, 0x07, 0xEF, 0x8F, 0x80, 0x2E,
    0xF8, 0x7C, 0xEB, 0xEF, 0x83, 0xEF, 0xF8, 0x00, 0x00, 0x00, 0x00, 0xB4, 0x3D, 0x0F, 0x1D, 0x0F,
    0x43, 0x87, 0x87, 0xE1, 0xE0, 0xF1, 0xEC, 0x74, 0x3C, 0xBB, 0x2C, 0x1F, 0xBF, 0xEF, 0x8B, 0xEF,
    0xBF, 0xE0, 0x77, 0x4D, 0xF0, 0x1E, 0xD3, 0xB8, 0x03, 0xF0, 0xFD, 0x00, 0xFC, 0x2F, 0x00, 0x3F,
    0x07, 0xC0, 0xBF, 0xFD, 0x07, 0xEF, 0xFF, 0xE1, 0xFB, 0x80, 0x7C, 0x7E, 0xE3, 0xCF, 0x5F, 0xB8,
    0xF2, 0xD7, 0xEE, 0x3C, 0xB5, 0xFB, 0x8F, 0x2D, 0x7E, 0xE3, 0xCB, 0x5F, 0xB8, 0xF2, 0xD7, 0xEE,
    0x3C, 0x03, 0xEB, 0x8F, 0xFF, 0xF2, 0xE3, 0xFF, 0xE0, 0x00, 0x02, 0x80, 0x01, 0x6F, 0x80, 0x0F,
    0xFF, 0x80, 0x05, 0xF4, 0x06, 0xA3, 0xD0, 0x7F, 0xFF, 0x43, 0xF5, 0xFD, 0x0F, 0x80, 0xF4, 0x3E,
    0x03, 0xD0, 0xF8, 0x0F, 0x43, 0xF0, 0x7D, 0x0B, 0xFF, 0xF4, 0x0B, 0xF3, 0xD0, 0x00, 0x00, 0x00,
    0xAA, 0xA4, 0x02, 0xAA, 0xA0, 0x00, 0xBF, 0x80, 0x3F, 0xFC, 0x0F, 0xC0, 0x40, 0xF4, 0x00, 0x7F,
    0xE9, 0x07, 0xFA, 0x90, 0x2F, 0x54, 0x07, 0xFF, 0xC0, 0x1F, 0x40, 0x00, 0xFC, 0x00, 0x07, 0xFF,
    0xC0, 0x1F, 0xFC, 0x00, 0x00, 0x00, 0x2E, 0x07, 0xC3, 0xE0, 0xF8, 0x3E, 0x1F, 0x03, 0xE3, 0xD0,
    0x3E, 0xB8, 0x0B, 0xFF, 0xE8, 0xFF, 0xFF, 0x83, 0xF7, 0xC0, 0x3E, 0x3E, 0x03, 0xE1, 0xF0, 0x3E,
    0x0F, 0x83, 0xE0, 0x7C, 0xBF, 0xFF, 0xCB, 0xFF, 0xFC, 0x02, 0xF1, 0x00, 0x1F, 0xB0, 0x01, 0xFD,
    0x00, 0x2F, 0x00, 0x0F, 0xFB, 0x00, 0xAF, 0xD0, 0x02, 0xF0, 0x00, 0xFF, 0x00, 0x0A, 0xF0, 0x00,
    0x1F, 0x00, 0x00, 0x00, 0x00, 0x00, 0x1B, 0xFE, 0x40, 0x00, 0x07, 0xFF, 0xF8, 0x00, 0x00, 0x40,
    0x3F, 0x40, 0x00, 0x0F, 0x83, 0xE0, 0x00, 0x03, 0xD0, 0xBC, 0x00, 0x00, 0xF0, 0x2F, 0x00, 0x00,
    0x7C, 0x0B, 0xC2, 0xA0, 0x2F, 0x03, 0xE7, 0xFF, 0x0F, 0x82, 0xF3, 0xD2, 0xD3, 0xD2, 0xF8, 0xF0,
    0xB5, 0xFF, 0xF8, 0x7D, 0x7C, 0x7F, 0xE4, 0x2F, 0xFD, 0x00, 0x00, 0x0F, 0x40, 0x00, 0x00, 0x03,
    0xC0, 0x00, 0x00, 0x00, 0xF0, 0x00, 0x00, 0x00, 0x78, 0x00, 0x00, 0x00, 0x00, 0x00, 0x0B, 0xF0,
    0x02, 0xFF, 0xC0, 0x3E, 0x3C, 0x03, 0xE3, 0xC0, 0x2F, 0x3C, 0x01, 0xFF, 0x80, 0x0F, 0xF0, 0x04,
    0x7E, 0x00, 0xD7, 0xF0, 0x2F, 0xFF, 0x43, 0xBC, 0xFC, 0xB2, 0x87, 0xC0, 0x00, 0x7C, 0x00, 0x07,
    0xC0, 0x03, 0xFC, 0x00, 0x3F, 0x00, 0x3F, 0xF8, 0x03, 0xFF, 0xF0, 0x7E, 0x6F, 0x8F, 0xFF, 0xFD,
    0x3E, 0x0F, 0x8F, 0xFF, 0xFD, 0x3E, 0x2F, 0x43, 0xFF, 0xE0, 0x3F, 0xE4, 0x03, 0xE0, 0x00, 0x3E,
    0x00, 0x03, 0xE0, 0x00, 0x00, 0x08, 0x00, 0x02, 0xFF, 0xD0, 0x7F, 0xFF, 0x43, 0xFB, 0x44, 0x2F,
    0x4D, 0x00, 0xFC, 0x34, 0x03, 0xE0, 0xFA, 0x8F, 0x83, 0xFE, 0x3E, 0x0E, 0xF8, 0xBC, 0x36, 0xE1,
    0xFD, 0xDF, 0x82, 0xFF, 0xFE, 0x01, 0xFF, 0xF4, 0x00, 0x74, 0x00, 0x00, 0x40, 0x00, 0x00, 0xFC,
    0x00, 0x07, 0xF4, 0x00, 0x3F, 0xE0, 0x00, 0xF7, 0xC0, 0x5B, 0xDF, 0x96, 0xFF, 0xFF, 0xE0, 0xF4,
    0x7C, 0x3F, 0xFF, 0xFE, 0x3E, 0x03, 0xE0, 0xF4, 0x07, 0xC7, 0xC0, 0x0F, 0x7E, 0x00, 0x3E, 0x00,
    0x00, 0x01, 0xBF, 0xD0, 0x2F, 0xFF, 0x00, 0x40, 0xF8, 0x00, 0x0F, 0x8B, 0xFF, 0xFD, 0x5B, 0xFE,
    0x45, 0xFF, 0x94, 0xBF, 0xFF, 0xD3, 0xD0, 0x00, 0x3E, 0x01, 0x42, 0xFF, 0xF8, 0x0B, 0xFF, 0x40,
    0x00, 0x00, 0x00, 0x08, 0x00, 0x06, 0xFF, 0x40, 0x7F, 0xFE, 0x03, 0xF7, 0x64, 0x2F, 0x0D, 0x00,
    0xFC, 0x34, 0x03, 0xE0, 0xD0, 0x0F, 0x83, 0x40, 0x3E, 0x0D, 0x00, 0xBC, 0x34, 0x01, 0xF9, 0xD1,
    0x02, 0xFF, 0xF8, 0x01, 0xFF, 0xD0, 0x00, 0x74, 0x00, 0x00, 0x40, 0x00, 0x00, 0x00, 0x00, 0x0B,
    0x07, 0x40, 0x0F, 0x0F, 0x40, 0x7F, 0xFF, 0xFC, 0x7F, 0xFF, 0xF8, 0x1F, 0x0F, 0x40, 0x1F, 0x0F,
    0x40, 0x1F, 0x0F, 0x40, 0x1F, 0x0F, 0x40, 0x1F, 0x0F, 0x80, 0x1F, 0x0F, 0xFC, 0x1F, 0x07, 0xFC,
    0x00, 0x00, 0x00, 0x00, 0x00, 0x00, 0x00, 0x1F, 0xF8, 0x00, 0xBF, 0xFC, 0x00, 0xF8, 0x18, 0x00,
    0xF4, 0x00, 0x00, 0xFD, 0x00, 0x00, 0x7F, 0xD0, 0x00, 0x0B, 0xF8, 0x00, 0x00, 0xFD, 0x7A, 0xDB,
    0x7D, 0xAD, 0x72, 0xAD, 0x3E, 0x72, 0xFC, 0x0F, 0xFF, 0xE0, 0x0C, 0x72, 0x80, 0x04, 0x10, 0x00,
    0xBF, 0xFF, 0xCB, 0xFF, 0xFC, 0x00, 0x00, 0x06, 0xAA, 0xA8, 0xBF, 0xFF, 0xC6, 0xBF, 0xA8, 0x02,
    0xF0, 0x00, 0x2F, 0x00, 0x02, 0xF0, 0x00, 0x2F, 0x00, 0x02, 0xF0, 0x00, 0x2F, 0x00, 0xFF, 0xFE,
    0x5B, 0xD4, 0x03, 0xE0, 0xFF, 0xFE, 0x03, 0xE0, 0x6F, 0xC0, 0xFE, 0x00, 0xBC, 0x00, 0x3F, 0x00,
    0x1F, 0x40, 0x0F, 0xC0, 0x03, 0xE0, 0x1F, 0x00, 0x01, 0xF1, 0x40, 0x1F, 0xF8, 0x0B, 0xF8, 0x00,
    0xEF, 0xB8, 0x02, 0xFE, 0x00, 0xFF, 0x03, 0xC5, 0xF0, 0x7C, 0x1F, 0x0B, 0xC1, 0xF1, 0xF4, 0x1F,
    0xFE, 0x01, 0xFF, 0x40, 0x00, 0x00, 0x00, 0x00, 0x00, 0x00, 0x03, 0xF0, 0x00, 0x00, 0x92, 0xC0,
    0x00, 0x0E, 0x6D, 0x55, 0x00, 0xBF, 0xFF, 0xFF, 0x02, 0xFF, 0xFF, 0xFC, 0x02, 0xC0, 0x01, 0xC0,
    0x2C, 0xFB, 0x0C, 0x01, 0xF7, 0xEF, 0xC0, 0x2E, 0x04, 0x50, 0x0A, 0xF4, 0x00, 0x00, 0x07, 0xFF,
    0xC0, 0x00, 0x1F, 0xF8, 0x00, 0x00, 0x00, 0x00, 0x00, 0x0F, 0x40, 0x00, 0x00, 0xF4, 0x00, 0x00,
    0x0F, 0x40, 0x00, 0x06, 0xFE, 0x40, 0x07, 0xFF, 0xFF, 0x00, 0xFD, 0xFA, 0xFC, 0x2F, 0x0F, 0x43,
    0xD3, 0xD0, 0xF4, 0x3E, 0x3C, 0x0F, 0x42, 0xE3, 0xC0, 0x00, 0x2E, 0x3C, 0x00, 0x02, 0xE3, 0xC0,
    0x00, 0x2E, 0x1F, 0xFE, 0x02, 0xFF, 0xFC, 0x2F, 0x07, 0xE2, 0xF0, 0x3E, 0x2F, 0x03, 0xEB, 0xFF,
    0xFC, 0xFF, 0xFF, 0x42, 0xF5, 0x00, 0x6F, 0x50, 0x0F, 0xFF, 0x80, 0x2F, 0x00, 0x02, 0xF0, 0x00,
    0x00, 0x33, 0x40, 0x00, 0x2F, 0xE0, 0x00, 0x7F, 0xFF, 0x80, 0x3F, 0xCF, 0xF4, 0x2F, 0x33, 0x7F,
    0x0F, 0x8C, 0xD7, 0xC3, 0xE3, 0x35, 0xF0, 0xF8, 0x00, 0x00, 0x2F, 0x00, 0x00, 0x07, 0xD0, 0x00,
    0x00, 0x7D, 0x00, 0x00, 0x7F, 0xFF, 0xF8, 0x1F, 0xFF, 0xFE, 0x00, 0x04, 0x50, 0x0D, 0xA0, 0x7F,
    0xF4, 0xBF, 0xFD, 0xBC, 0x7E, 0xBC, 0x3E, 0xBC, 0x7D, 0xBF, 0xF8, 0xBF, 0xFD, 0xBC, 0x3F, 0xBC,
    0x2F, 0xBC, 0x3F, 0xBF, 0xFD, 0xBF, 0xF4, 0x0D, 0xA0, 0x08, 0x50, 0x00, 0x10, 0x02, 0xFF, 0xC2,
    0xFF, 0xE0, 0xFC, 0x00, 0x3D, 0x00, 0x1F, 0x40, 0x03, 0xD0, 0x00, 0xFC, 0x04, 0x2F, 0xFF, 0x01,
    0xFF, 0x80, 0x00, 0x00, 0xAA, 0xA8, 0x3F, 0xFF, 0x00, 0x3F, 0xFF, 0x8F, 0xFF, 0xF0, 0x00, 0x00,
    0x00, 0x00, 0x40, 0x00, 0x00, 0x03, 0xD0, 0x00, 0x00, 0x0F, 0xF4, 0x00, 0x00, 0x3E, 0xAD, 0x00,
    0x00, 0xF0, 0x07, 0x40, 0x03, 0xF6, 0xC3, 0xE0, 0x0F, 0xFF, 0xC3, 0xF8, 0x3F, 0xFF, 0x47, 0xFE,
    0x2F, 0xFD, 0x2F, 0xFD, 0x0B, 0xFC, 0x3F, 0xF4, 0x02, 0xFF, 0xFF, 0xD0, 0x00, 0xBD, 0x3F, 0x40,
    0x00, 0x2C, 0x3D, 0x00, 0x00, 0x0B, 0xF4, 0x00, 0x00, 0x02, 0xD0, 0x00, 0x00, 0x00, 0x40, 0x00,
};

static const EpdGlyph notosans_8_boldGlyphs[] = {
    { 0, 0, 0, 0, 0, 0, 0 }, //  
    { 0, 0, 4, 0, 0, 0, 0 }, // 
    { 0, 0, 4, 0, 0, 0, 0 }, //  
    { 4, 13, 5, 0, 12, 13, 0 }, // !
    { 6, 5, 8, 1, 12, 8, 13 }, // "
    { 11, 12, 11, 0, 12, 33, 21 }, // #
    { 9, 14, 10, 0, 13, 32, 54 }, // $
    { 15, 14, 15, 0, 13, 53, 86 }, // %
    { 13, 14, 13, 0, 13, 46, 139 }, // &
    { 3, 5, 4, 1, 12, 4, 185 }, // '
    { 6, 15, 6, 0, 12, 23, 189 }, // (
    { 5, 15, 6, 0, 12, 19, 212 }, // )
    { 9, 9, 9, 0, 13, 21, 231 }, // *
    { 9, 9, 10, 0, 10, 21, 252 }, // +
    { 4, 5, 5, 0, 2, 5, 273 }, // ,
    { 5, 3, 5, 0, 6, 4, 278 }, // -
    { 4, 4, 5, 0, 3, 4, 282 }, // .
    { 7, 13, 7, 0, 12, 23, 286 }, // /
    { 9, 14, 10, 0, 13, 32, 309 }, // 0
    { 7, 12, 10, 0, 12, 21, 341 }, // 1
    { 9, 13, 10, 0, 13, 30, 362 }, // 2
    { 9, 14, 10, 0, 13, 32, 392 }, // 3
    { 10, 12, 10, 0, 12, 30, 424 }, // 4
    { 9, 13, 10, 0, 12, 30, 454 }, // 5
    { 9, 14, 10, 0, 13, 32, 484 }, // 6
    { 9, 12, 10, 0, 12, 27, 516 }, // 7
    { 9, 14, 10, 0, 13, 32, 543 }, // 8
    { 9, 14, 10, 0, 13, 32, 575 }, // 9
    { 4, 11, 5, 0, 10, 11, 607 }, // :
    { 4, 13, 5, 0, 10, 13, 618 }, // ;
    { 9, 10, 10, 0, 11, 23, 631 }, // <
    { 9, 6, 10, 0, 9, 14, 654 }, // =
    { 9, 10, 10, 0, 11, 23, 668 }, // >
    { 8, 14, 8, 0, 13, 28, 691 }, // ?
    { 15, 14, 15, 0, 12, 53, 719 }, // @
    { 12, 12, 12, 0, 12, 36, 772 }, // A
    { 10, 12, 11, 1, 12, 30, 808 }, // B
    { 11, 14, 11, 0, 13, 39, 838 }, // C
    { 11, 12, 12, 1, 12, 33, 877 }, // D
    { 8, 12, 9, 1, 12, 24, 910 }, // E
    { 8, 12, 9, 1, 12, 24, 934 }, // F
    { 11, 14, 12, 0, 13, 39, 958 }, // G
    { 11, 12, 13, 1, 12, 33, 997 }, // H
    { 6, 12, 6, 0, 12, 18, 1030 }, // I
    { 7, 16, 6, -2, 12, 28, 1048 }, // J
    { 11, 12, 11, 1, 12, 33, 1076 }, // K
    { 8, 12, 9, 1, 12, 24, 1109 }, // L
    { 14, 12, 16, 1, 12, 42, 1133 }, // M
    { 12, 12, 14, 1, 12, 36, 1175 }, // N
    { 13, 14, 13, 0, 13, 46, 1211 }, // O
    { 9, 12, 10, 1, 12, 27, 1257 }, // P
    { 13, 16, 13, 0, 13, 52, 1284 }, // Q
    { 10, 12, 11, 1, 12, 30, 1336 }, // R
    { 9, 14, 9, 0, 13, 32, 1366 }, // S
    { 10, 12, 10, 0, 12, 30, 1398 }, // T
    { 11, 13, 13, 1, 12, 36, 1428 }, // U
    { 11, 12, 11, 0, 12, 33, 1464 }, // V
    { 17, 12, 16, 0, 12, 51, 1497 }, // W
    { 12, 12, 11, 0, 12, 36, 1548 }, // X
    { 11, 12, 10, 0, 12, 33, 1584 }, // Y
    { 10, 12, 10, 0, 12, 30, 1617 }, // Z
    { 5, 15, 6, 1, 12, 19, 1647 }, // [
    { 7, 13, 7, 0, 12, 23, 1666 }, // <backslash>
    { 5, 15, 6, 0, 12, 19, 1689 }, // ]
    { 10, 8, 10, 0, 12, 20, 1708 }, // ^
    { 8, 2, 7, -1, -1, 4, 1728 }, // _
    { 6, 3, 6, 0, 13, 5, 1732 }, // `
    { 9, 11, 10, 0, 10, 25, 1737 }, // a
    { 9, 14, 11, 1, 13, 32, 1762 }, // b
    { 9, 11, 9, 0, 10, 25, 1794 }, // c
    { 10, 14, 11, 0, 13, 35, 1819 }, // d
    { 10, 11, 10, 0, 10, 28, 1854 }, // e
    { 8, 13, 6, 0, 13, 26, 1882 }, // f
    { 10, 14, 11, 0, 10, 35, 1908 }, // g
    { 9, 13, 11, 1, 13, 30, 1943 }, // h
    { 3, 13, 5, 1, 13, 10, 1973 }, // i
    { 5, 17, 5, -1, 13, 22, 1983 }, // j
    { 10, 13, 10, 1, 13, 33, 2005 }, // k
    { 3, 13, 5, 1, 13, 10, 2038 }, // l
    { 15, 10, 16, 1, 10, 38, 2048 }, // m
    { 9, 10, 11, 1, 10, 23, 2086 }, // n
    { 10, 11, 10, 0, 10, 28, 2109 }, // o
    { 9, 14, 11, 1, 10, 32, 2137 }, // p
    { 10, 14, 11, 0, 10, 35, 2169 }, // q
    { 7, 10, 7, 1, 10, 18, 2204 }, // r
    { 8, 11, 8, 0, 10, 22, 2222 }, // s
    { 7, 13, 7, 0, 12, 23, 2244 }, // t
    { 9, 11, 11, 1, 10, 25, 2267 }, // u
    { 10, 10, 10, 0, 10, 25, 2292 }, // v
    { 15, 10, 14, 0, 10, 38, 2317 }, // w
    { 10, 10, 10, 0, 10, 25, 2355 }, // x
    { 10, 14, 10, 0, 10, 35, 2380 }, // y
    { 8, 10, 8, 0, 10, 20, 2415 }, // z
    { 6, 15, 7, 0, 12, 23, 2435 }, // {
    { 3, 17, 9, 3, 13, 13, 2458 }, // |
    { 7, 15, 7, 0, 12, 27, 2471 }, // }
    { 9, 4, 10, 0, 8, 9, 2498 }, // ~
    { 0, 0, 4, 0, 0, 0, 2507 }, //  
    { 4, 13, 5, 0, 10, 13, 2507 }, // ¡
    { 8, 14, 10, 1, 13, 28, 2520 }, // ¢
    { 10, 13, 10, 0, 13, 33, 2548 }, // £
    { 9, 8, 9, 0, 10, 18, 2581 }, // ¤
    { 10, 12, 10, 0, 12, 30, 2599 }, // ¥
    { 3, 17, 9, 3, 13, 13, 2629 }, // ¦
    { 8, 14, 8, 0, 13, 28, 2642 }, // §
    { 6, 3, 10, 2, 13, 5, 2670 }, // ¨
    { 14, 14, 14, 0, 13, 49, 2675 }, // ©
    { 6, 7, 6, 0, 13, 11, 2724 }, // ª
    { 10, 9, 10, 0, 9, 23, 2735 }, // «
    { 9, 5, 10, 0, 7, 12, 2758 }, // ¬
    { 5, 3, 5, 0, 6, 4, 2770 }, // ­
    { 14, 14, 14, 0, 13, 49, 2774 }, // ®
    { 10, 3, 8, -1, 15, 8, 2823 }, // ¯
    { 7, 7, 7, 0, 13, 13, 2831 }, // °
    { 9, 11, 10, 0, 11, 25, 2844 }, // ±
    { 6, 9, 6, 0, 15, 14, 2869 }, // ²
    { 6, 9, 6, 0, 15, 14, 2883 }, // ³
    { 6, 3, 6, 0, 13, 5, 2897 }, // ´
    { 9, 14, 11, 1, 10, 32, 2902 }, // µ
    { 10, 16, 11, 0, 13, 40, 2934 }, // ¶
    { 4, 4, 5, 0, 8, 4, 2974 }, // ·
    { 5, 4, 4, 0, 0, 5, 2978 }, // ¸
    { 5, 9, 6, 0, 15, 12, 2983 }, // ¹
    { 6, 7, 6, 0, 13, 11, 2995 }, // º
    { 10, 9, 10, 0, 9, 23, 3006 }, // »
    { 14, 12, 14, 0, 12, 42, 3029 }, // ¼
    { 14, 12, 15, 0, 12, 42, 3071 }, // ½
    { 14, 13, 14, 0, 13, 46, 3113 }, // ¾
    { 8, 13, 8, 0, 10, 26, 3159 }, // ¿
    { 12, 16, 12, 0, 16, 48, 3185 }, // À
    { 12, 16, 12, 0, 16, 48, 3233 }, // Á
    { 12, 16, 12, 0, 16, 48, 3281 }, // Â
    { 12, 16, 12, 0, 16, 48, 3329 }, // Ã
    { 12, 16, 12, 0, 16, 48, 3377 }, // Ä
    { 12, 15, 12, 0, 15, 45, 3425 }, // Å
    { 15, 12, 16, 0, 12, 45, 3470 }, // Æ
    { 11, 17, 11, 0, 13, 47, 3515 }, // Ç
    { 8, 16, 9, 1, 16, 32, 3562 }, // È
    { 8, 16, 9, 1, 16, 32, 3594 }, // É
    { 8, 16, 9, 1, 16, 32, 3626 }, // Ê
    { 8, 16, 9, 1, 16, 32, 3658 }, // Ë
    { 6, 16, 6, 0, 16, 24, 3690 }, // Ì
    { 7, 16, 6, 0, 16, 28, 3714 }, // Í
    { 8, 16, 6, -1, 16, 32, 3742 }, // Î
    { 7, 16, 6, 0, 16, 28, 3774 }, // Ï
    { 12, 12, 12, 0, 12, 36, 3802 }, // Ð
    { 12, 16, 14, 1, 16, 48, 3838 }, // Ñ
    { 13, 17, 13, 0, 16, 56, 3886 }, // Ò
    { 13, 17, 13, 0, 16, 56, 3942 }, // Ó
    { 13, 17, 13, 0, 16, 56, 3998 }, // Ô
    { 13, 17, 13, 0, 16, 56, 4054 }, // Õ
    { 13, 17, 13, 0, 16, 56, 4110 }, // Ö
    { 8, 8, 10, 1, 10, 16, 4166 }, // ×
    { 13, 14, 13, 0, 13, 46, 4182 }, // Ø
    { 11, 17, 13, 1, 16, 47, 4228 }, // Ù
    { 11, 17, 13, 1, 16, 47, 4275 }, // Ú
    { 11, 17, 13, 1, 16, 47, 4322 }, // Û
    { 11, 17, 13, 1, 16, 47, 4369 }, // Ü
    { 11, 16, 10, 0, 16, 44, 4416 }, // Ý
    { 9, 12, 10, 1, 12, 27, 4460 }, // Þ
    { 11, 14, 12, 1, 13, 39, 4487 }, // ß
    { 9, 14, 10, 0, 13, 32, 4526 }, // à
    { 9, 14, 10, 0, 13, 32, 4558 }, // á
    { 9, 14, 10, 0, 13, 32, 4590 }, // â
    { 9, 14, 10, 0, 13, 32, 4622 }, // ã
    { 9, 14, 10, 0, 13, 32, 4654 }, // ä
    { 9, 15, 10, 0, 14, 34, 4686 }, // å
    { 15, 11, 15, 0, 10, 42, 4720 }, // æ
    { 9, 14, 9, 0, 10, 32, 4762 }, // ç
    { 10, 14, 10, 0, 13, 35, 4794 }, // è
    { 10, 14, 10, 0, 13, 35, 4829 }, // é
    { 10, 14, 10, 0, 13, 35, 4864 }, // ê
    { 10, 14, 10, 0, 13, 35, 4899 }, // ë
    { 6, 13, 5, -1, 13, 20, 4934 }, // ì
    { 5, 13, 5, 1, 13, 17, 4954 }, // í
    { 7, 13, 5, -1, 13, 23, 4971 }, // î
    { 7, 13, 5, -1, 13, 23, 4994 }, // ï
    { 10, 14, 10, 0, 13, 35, 5017 }, // ð
    { 9, 13, 11, 1, 13, 30, 5052 }, // ñ
    { 10, 14, 10, 0, 13, 35, 5082 }, // ò
    { 10, 14, 10, 0, 13, 35, 5117 }, // ó
    { 10, 14, 10, 0, 13, 35, 5152 }, // ô
    { 10, 14, 10, 0, 13, 35, 5187 }, // õ
    { 10, 14, 10, 0, 13, 35, 5222 }, // ö
    { 9, 9, 10, 0, 10, 21, 5257 }, // ÷
    { 10, 11, 10, 0, 10, 28, 5278 }, // ø
    { 9, 14, 11, 1, 13, 32, 5306 }, // ù
    { 9, 14, 11, 1, 13, 32, 5338 }, // ú
    { 9, 14, 11, 1, 13, 32, 5370 }, // û
    { 9, 14, 11, 1, 13, 32, 5402 }, // ü
    { 10, 17, 10, 0, 13, 43, 5434 }, // ý
    { 9, 17, 11, 1, 13, 39, 5477 }, // þ
    { 10, 17, 10, 0, 13, 43, 5516 }, // ÿ
    { 12, 15, 12, 0, 15, 45, 5559 }, // Ā
    { 9, 13, 10, 0, 12, 30, 5604 }, // ā
    { 12, 16, 12, 0, 16, 48, 5634 }, // Ă
    { 9, 14, 10, 0, 13, 32, 5682 }, // ă
    { 12, 16, 12, 0, 12, 48, 5714 }, // Ą
    { 9, 14, 10, 0, 10, 32, 5762 }, // ą
    { 11, 17, 11, 0, 16, 47, 5794 }, // Ć
    { 9, 14, 9, 0, 13, 32, 5841 }, // ć
    { 11, 17, 11, 0, 16, 47, 5873 }, // Ĉ
    { 9, 14, 9, 0, 13, 32, 5920 }, // ĉ
    { 11, 17, 11, 0, 16, 47, 5952 }, // Ċ
    { 9, 14, 9, 0, 13, 32, 5999 }, // ċ
    { 11, 17, 11, 0, 16, 47, 6031 }, // Č
    { 9, 14, 9, 0, 13, 32, 6078 }, // č
    { 11, 16, 12, 1, 16, 44, 6110 }, // Ď
    { 13, 14, 11, 0, 13, 46, 6154 }, // ď
    { 12, 12, 12, 0, 12, 36, 6200 }, // Đ
    { 11, 14, 11, 0, 13, 39, 6236 }, // đ
    { 8, 15, 9, 1, 15, 30, 6275 }, // Ē
    { 10, 13, 10, 0, 12, 33, 6305 }, // ē
    { 8, 16, 9, 1, 16, 32, 6338 }, // Ĕ
    { 10, 14, 10, 0, 13, 35, 6370 }, // ĕ
    { 8, 16, 9, 1, 16, 32, 6405 }, // Ė
    { 10, 14, 10, 0, 13, 35, 6437 }, // ė
    { 8, 16, 9, 1, 12, 32, 6472 }, // Ę
    { 10, 14, 10, 0, 10, 35, 6504 }, // ę
    { 8, 16, 9, 1, 16, 32, 6539 }, // Ě
    { 10, 14, 10, 0, 13, 35, 6571 }, // ě
    { 11, 17, 12, 0, 16, 47, 6606 }, // Ĝ
    { 10, 17, 11, 0, 13, 43, 6653 }, // ĝ
    { 11, 17, 12, 0, 16, 47, 6696 }, // Ğ
    { 10, 17, 11, 0, 13, 43, 6743 }, // ğ
    { 11, 17, 12, 0, 16, 47, 6786 }, // Ġ
    { 10, 17, 11, 0, 13, 43, 6833 }, // ġ
    { 11, 17, 12, 0, 13, 47, 6876 }, // Ģ
    { 10, 17, 11, 0, 13, 43, 6923 }, // ģ
    { 11, 16, 13, 1, 16, 44, 6966 }, // Ĥ
    { 11, 17, 11, -1, 17, 47, 7010 }, // ĥ
    { 13, 12, 13, 0, 12, 39, 7057 }, // Ħ
    { 10, 13, 11, 0, 13, 33, 7096 }, // ħ
    { 8, 16, 6, -1, 16, 32, 7129 }, // Ĩ
    { 7, 13, 5, -1, 13, 23, 7161 }, // ĩ
    { 6, 15, 6, 0, 15, 23, 7184 }, // Ī
    { 7, 12, 5, -1, 12, 21, 7207 }, // ī
    { 7, 16, 6, 0, 16, 28, 7228 }, // Ĭ
    { 7, 13, 5, -1, 13, 23, 7256 }, // ĭ
    { 6, 16, 6, 0, 12, 24, 7279 }, // Į
    { 4, 17, 5, 0, 13, 17, 7303 }, // į
    { 6, 16, 6, 0, 16, 24, 7320 }, // İ
    { 3, 10, 5, 1, 10, 8, 7344 }, // ı
    { 11, 16, 12, 0, 12, 44, 7352 }, // Ĳ
    { 8, 17, 10, 1, 13, 34, 7396 }, // ĳ
    { 9, 20, 6, -2, 16, 45, 7430 }, // Ĵ
    { 7, 17, 5, -1, 13, 30, 7475 }, // ĵ
    { 11, 16, 11, 1, 12, 44, 7505 }, // Ķ
    { 10, 17, 10, 1, 13, 43, 7549 }, // ķ
    { 10, 10, 10, 1, 10, 25, 7592 }, // ĸ
    { 8, 16, 9, 1, 16, 32, 7617 }, // Ĺ
    { 5, 17, 5, 1, 17, 22, 7649 }, // ĺ
    { 8, 16, 9, 1, 12, 32, 7671 }, // Ļ
    { 3, 17, 5, 1, 13, 13, 7703 }, // ļ
    { 9, 12, 9, 1, 12, 27, 7716 }, // Ľ
    { 7, 13, 5, 1, 13, 23, 7743 }, // ľ
    { 8, 12, 9, 1, 12, 24, 7766 }, // Ŀ
    { 6, 13, 6, 1, 13, 20, 7790 }, // ŀ
    { 9, 12, 9, 0, 12, 27, 7810 }, // Ł
    { 7, 13, 5, -1, 13, 23, 7837 }, // ł
    { 12, 16, 14, 1, 16, 48, 7860 }, // Ń
    { 9, 13, 11, 1, 13, 30, 7908 }, // ń
    { 12, 16, 14, 1, 12, 48, 7938 }, // Ņ
    { 9, 14, 11, 1, 10, 32, 7986 }, // ņ
    { 12, 16, 14, 1, 16, 48, 8018 }, // Ň
    { 9, 13, 11, 1, 13, 30, 8066 }, // ň
    { 13, 12, 13, -1, 12, 39, 8096 }, // ŉ
    { 12, 16, 14, 1, 12, 48, 8135 }, // Ŋ
    { 9, 14, 11, 1, 10, 32, 8183 }, // ŋ
    { 13, 16, 13, 0, 15, 52, 8215 }, // Ō
    { 10, 13, 10, 0, 12, 33, 8267 }, // ō
    { 13, 17, 13, 0, 16, 56, 8300 }, // Ŏ
    { 10, 14, 10, 0, 13, 35, 8356 }, // ŏ
    { 13, 17, 13, 0, 16, 56, 8391 }, // Ő
    { 10, 14, 10, 0, 13, 35, 8447 }, // ő
    { 16, 14, 16, 0, 13, 56, 8482 }, // Œ
    { 16, 11, 16, 0, 10, 44, 8538 }, // œ
    { 10, 16, 11, 1, 16, 40, 8582 }, // Ŕ
    { 7, 13, 7, 1, 13, 23, 8622 }, // ŕ
    { 10, 16, 11, 1, 12, 40, 8645 }, // Ŗ
    { 7, 14, 7, 1, 10, 25, 8685 }, // ŗ
    { 10, 16, 11, 1, 16, 40, 8710 }, // Ř
    { 8, 13, 7, 0, 13, 26, 8750 }, // ř
    { 9, 17, 9, 0, 16, 39, 8776 }, // Ś
    { 8, 14, 8, 0, 13, 28, 8815 }, // ś
    { 9, 17, 9, 0, 16, 39, 8843 }, // Ŝ
    { 8, 14, 8, 0, 13, 28, 8882 }, // ŝ
    { 9, 17, 9, 0, 13, 39, 8910 }, // Ş
    { 8, 14, 8, 0, 10, 28, 8949 }, // ş
    { 9, 17, 9, 0, 16, 39, 8977 }, // Š
    { 8, 14, 8, 0, 13, 28, 9016 }, // š
    { 10, 16, 10, 0, 12, 40, 9044 }, // Ţ
    { 7, 16, 7, 0, 12, 28, 9084 }, // ţ
    { 10, 16, 10, 0, 16, 40, 9112 }, // Ť
    { 10, 14, 7, 0, 13, 35, 9152 }, // ť
    { 10, 12, 10, 0, 12, 30, 9187 }, // Ŧ
    { 7, 13, 7, 0, 12, 23, 9217 }, // ŧ
    { 11, 17, 13, 1, 16, 47, 9240 }, // Ũ
    { 9, 14, 11, 1, 13, 32, 9287 }, // ũ
    { 11, 16, 13, 1, 15, 44, 9319 }, // Ū
    { 9, 13, 11, 1, 12, 30, 9363 }, // ū
    { 11, 17, 13, 1, 16, 47, 9393 }, // Ŭ
    { 9, 14, 11, 1, 13, 32, 9440 }, // ŭ
    { 11, 18, 13, 1, 17, 50, 9472 }, // Ů
    { 9, 15, 11, 1, 14, 34, 9522 }, // ů
    { 11, 17, 13, 1, 16, 47, 9556 }, // Ű
    { 9, 14, 11, 1, 13, 32, 9603 }, // ű
    { 11, 16, 13, 1, 12, 44, 9635 }, // Ų
    { 9, 14, 11, 1, 10, 32, 9679 }, // ų
    { 17, 16, 16, 0, 16, 68, 9711 }, // Ŵ
    { 15, 13, 14, 0, 13, 49, 9779 }, // ŵ
    { 11, 16, 10, 0, 16, 44, 9828 }, // Ŷ
    { 10, 17, 10, 0, 13, 43, 9872 }, // ŷ
    { 11, 16, 10, 0, 16, 44, 9915 }, // Ÿ
    { 10, 16, 10, 0, 16, 40, 9959 }, // Ź
    { 8, 13, 8, 0, 13, 26, 9999 }, // ź
    { 10, 16, 10, 0, 16, 40, 10025 }, // Ż
    { 8, 13, 8, 0, 13, 26, 10065 }, // ż
    { 10, 16, 10, 0, 16, 40, 10091 }, // Ž
    { 8, 13, 8, 0, 13, 26, 10131 }, // ž
    { 6, 13, 6, 1, 13, 20, 10157 }, // ſ
    { 5, 3, 0, -9, 13, 4, 10177 }, // ̀
    { 6, 3, 0, -7, 13, 5, 10181 }, // ́
    { 8, 3, 0, -4, 13, 6, 10186 }, // ̂
    { 8, 3, 0, -10, 13, 6, 10192 }, // ̃
    { 6, 2, 0, -3, 12, 3, 10198 }, // ̄
    { 8, 3, 0, -4, 15, 6, 10201 }, // ̅
    { 8, 3, 0, -4, 13, 6, 10207 }, // ̆
    { 4, 3, 0, -2, 13, 3, 10213 }, // ̇
    { 6, 3, 0, -3, 13, 5, 10216 }, // ̈
    { 4, 5, 0, -7, 14, 5, 10221 }, // ̉
    { 5, 4, 0, -3, 14, 5, 10226 }, // ̊
    { 8, 3, 0, -3, 13, 6, 10231 }, // ̋
    { 8, 3, 0, -4, 13, 6, 10237 }, // ̌
    { 2, 4, 0, -1, 13, 2, 10243 }, // ̍
    { 6, 4, 0, -3, 13, 6, 10245 }, // ̎
    { 8, 3, 0, -10, 13, 6, 10251 }, // ̏
    { 6, 5, 0, -3, 15, 8, 10257 }, // ̐
    { 8, 3, 0, -4, 13, 6, 10265 }, // ̑
    { 4, 5, 0, -2, 12, 5, 10271 }, // ̒
    { 4, 5, 0, -2, 12, 5, 10276 }, // ̓
    { 4, 5, 0, -2, 12, 5, 10281 }, // ̔
    { 4, 5, 0, -2, 12, 5, 10286 }, // ̕
    { 6, 3, 0, -3, 0, 5, 10291 }, // ̖
    { 6, 3, 0, -3, 0, 5, 10296 }, // ̗
    { 4, 4, 0, -2, 0, 4, 10301 }, // ̘
    { 4, 4, 0, -2, 0, 4, 10305 }, // ̙
    { 5, 5, 5, 0, 13, 7, 10309 }, // ̚
    { 5, 5, 0, -2, 13, 7, 10316 }, // ̛
    { 3, 4, 0, -2, 0, 3, 10323 }, // ̜
    { 4, 4, 0, -2, 0, 4, 10326 }, // ̝
    { 4, 4, 0, -2, 0, 4, 10330 }, // ̞
    { 4, 4, 0, -2, 0, 4, 10334 }, // ̟
    { 4, 2, 0, -2, -1, 2, 10338 }, // ̠
    { 4, 5, 0, -4, 1, 5, 10340 }, // ̡
    { 4, 5, 0, 0, 1, 5, 10345 }, // ̢
    { 4, 3, 0, -8, -1, 3, 10350 }, // ̣
    { 6, 3, 0, -3, -1, 5, 10353 }, // ̤
    { 5, 4, 0, -3, 0, 5, 10358 }, // ̥
    { 4, 3, 0, -2, -1, 3, 10363 }, // ̦
    { 4, 4, 0, -2, 0, 4, 10366 }, // ̧
    { 4, 5, 0, -2, 1, 5, 10370 }, // ̨
    { 2, 4, 0, -1, 0, 2, 10375 }, // ̩
    { 6, 4, 0, -3, 0, 6, 10377 }, // ̪
    { 8, 2, 0, -4, -1, 4, 10383 }, // ̫
    { 8, 3, 0, -4, 0, 6, 10387 }, // ̬
    { 8, 3, 0, -4, 0, 6, 10393 }, // ̭
    { 8, 3, 0, -4, -1, 6, 10399 }, // ̮
    { 8, 3, 0, -4, -1, 6, 10405 }, // ̯
    { 8, 3, 0, -4, 0, 6, 10411 }, // ̰
    { 6, 2, 0, -3, -1, 3, 10417 }, // ̱
    { 8, 2, 0, -4, -1, 4, 10420 }, // ̲
    { 8, 4, 0, -4, 0, 8, 10424 }, // ̳
    { 8, 3, 0, -4, 6, 6, 10432 }, // ̴
    { 8, 3, 0, -4, 6, 6, 10438 }, // ̵
    { 14, 3, 0, -7, 6, 11, 10444 }, // ̶
    { 6, 5, 0, -3, 7, 8, 10455 }, // ̷
    { 8, 14, 0, -4, 13, 28, 10463 }, // ̸
    { 3, 4, 0, -1, 0, 3, 10491 }, // ̹
    { 6, 4, 0, -3, 0, 6, 10494 }, // ̺
    { 8, 4, 0, -4, 0, 8, 10500 }, // ̻
    { 8, 2, 0, -4, -1, 4, 10508 }, // ̼
    { 4, 4, 0, -2, 13, 4, 10512 }, // ̽
    { 4, 6, 0, -2, 15, 6, 10516 }, // ̾
    { 7, 4, 0, -4, 16, 7, 10522 }, // ̿
    { 6, 3, 0, -4, 13, 5, 10529 }, // ̀
    { 5, 3, 0, -1, 13, 4, 10534 }, // ́
    { 8, 3, 0, -4, 13, 6, 10538 }, // ͂
    { 4, 4, 0, -2, 13, 4, 10544 }, // ̓
    { 10, 3, 0, -4, 13, 8, 10548 }, // ̈́
    { 4, 4, 0, -1, 0, 4, 10556 }, // ͅ
    { 8, 4, 0, -4, 13, 8, 10560 }, // ͆
    { 7, 4, 0, -4, 0, 7, 10568 }, // ͇
    { 6, 4, 0, -3, 0, 6, 10575 }, // ͈
    { 4, 3, 0, -2, -1, 3, 10581 }, // ͉
    { 8, 4, 0, -4, 13, 8, 10584 }, // ͊
    { 8, 7, 0, -4, 16, 14, 10592 }, // ͋
    { 6, 5, 0, -3, 15, 8, 10606 }, // ͌
    { 6, 4, 0, -3, 0, 6, 10614 }, // ͍
    { 4, 4, 0, -2, 0, 4, 10620 }, // ͎
    { 12, 12, 0, -6, 12, 36, 10624 }, // ͏
    { 4, 5, 0, -2, 14, 5, 10660 }, // ͐
    { 3, 5, 0, -1, 14, 4, 10665 }, // ͑
    { 6, 5, 0, -3, 15, 8, 10669 }, // ͒
    { 4, 4, 0, -2, 0, 4, 10677 }, // ͓
    { 4, 4, 0, -2, 0, 4, 10681 }, // ͔
    { 4, 4, 0, -2, 0, 4, 10685 }, // ͕
    { 8, 4, 0, -4, 0, 8, 10689 }, // ͖
    { 3, 5, 0, -1, 14, 4, 10697 }, // ͗
    { 4, 3, 0, 1, 13, 3, 10701 }, // ͘
    { 4, 4, 0, -2, 0, 4, 10704 }, // ͙
    { 8, 4, 0, -4, 0, 8, 10708 }, // ͚
    { 4, 5, 0, -2, 14, 5, 10716 }, // ͛
    { 14, 4, 0, -7, 0, 14, 10721 }, // ͜
    { 14, 4, 0, -7, 14, 14, 10735 }, // ͝
    { 10, 2, 0, -5, 12, 5, 10749 }, // ͞
    { 10, 2, 0, -5, 0, 5, 10754 }, // ͟
    { 14, 3, 0, -7, 13, 11, 10759 }, // ͠
    { 14, 4, 0, -7, 15, 14, 10770 }, // ͡
    { 14, 4, 0, -7, 0, 14, 10784 }, // ͢
    { 4, 5, 0, -2, 15, 5, 10798 }, // ͣ
    { 5, 5, 0, -2, 15, 7, 10803 }, // ͤ
    { 2, 6, 0, -1, 16, 3, 10810 }, // ͥ
    { 5, 5, 0, -2, 15, 7, 10813 }, // ͦ
    { 5, 4, 0, -2, 14, 5, 10820 }, // ͧ
    { 4, 5, 0, -2, 15, 5, 10825 }, // ͨ
    { 4, 6, 0, -2, 16, 6, 10830 }, // ͩ
    { 5, 6, 0, -2, 16, 8, 10836 }, // ͪ
    { 7, 5, 0, -3, 15, 9, 10844 }, // ͫ
    { 3, 5, 0, -1, 15, 4, 10853 }, // ͬ
    { 4, 5, 0, -2, 15, 5, 10857 }, // ͭ
    { 5, 4, 0, -2, 14, 5, 10862 }, // ͮ
    { 6, 4, 0, -3, 14, 6, 10867 }, // ͯ
    { 8, 16, 9, 1, 16, 32, 10873 }, // Ѐ
    { 8, 16, 9, 1, 16, 32, 10905 }, // Ё
    { 13, 13, 13, 0, 12, 43, 10937 }, // Ђ
    { 8, 16, 9, 1, 16, 32, 10980 }, // Ѓ
    { 11, 14, 11, 0, 13, 39, 11012 }, // Є
    { 9, 14, 9, 0, 13, 32, 11051 }, // Ѕ
    { 3, 12, 5, 1, 12, 9, 11083 }, // І
    { 6, 16, 6, 0, 16, 24, 11092 }, // Ї
    { 7, 16, 6, -2, 12, 28, 11116 }, // Ј
    { 17, 13, 17, 0, 12, 56, 11144 }, // Љ
    { 16, 12, 18, 1, 12, 48, 11200 }, // Њ
    { 12, 12, 13, 0, 12, 36, 11248 }, // Ћ
    { 11, 16, 12, 1, 16, 44, 11284 }, // Ќ
    { 11, 16, 13, 1, 16, 44, 11328 }, // Ѝ
    { 11, 17, 11, 0, 16, 47, 11372 }, // Ў
    { 11, 15, 13, 1, 12, 42, 11419 }, // Џ
    { 12, 12, 12, 0, 12, 36, 11461 }, // А
    { 10, 12, 11, 1, 12, 30, 11497 }, // Б
    { 10, 12, 11, 1, 12, 30, 11527 }, // В
    { 8, 12, 9, 1, 12, 24, 11557 }, // Г
    { 13, 15, 13, 0, 12, 49, 11581 }, // Д
    { 8, 12, 9, 1, 12, 24, 11630 }, // Е
    { 17, 12, 17, 0, 12, 51, 11654 }, // Ж
    { 9, 14, 10, 0, 13, 32, 11705 }, // З
    { 11, 12, 13, 1, 12, 33, 11737 }, // И
    { 11, 16, 13, 1, 16, 44, 11770 }, // Й
    { 11, 12, 12, 1, 12, 33, 11814 }, // К
    { 11, 13, 12, 0, 12, 36, 11847 }, // Л
    { 14, 12, 16, 1, 12, 42, 11883 }, // М
    { 11, 12, 13, 1, 12, 33, 11925 }, // Н
    { 13, 14, 13, 0, 13, 46, 11958 }, // О
    { 11, 12, 13, 1, 12, 33, 12004 }, // П
    { 9, 12, 10, 1, 12, 27, 12037 }, // Р
    { 11, 14, 11, 0, 13, 39, 12064 }, // С
    { 10, 12, 10, 0, 12, 30, 12103 }, // Т
    { 11, 13, 11, 0, 12, 36, 12133 }, // У
    { 15, 14, 15, 0, 13, 53, 12169 }, // Ф
    { 12, 12, 11, 0, 12, 36, 12222 }, // Х
    { 12, 15, 13, 1, 12, 45, 12258 }, // Ц
    { 10, 12, 12, 1, 12, 30, 12303 }, // Ч
    { 16, 12, 18, 1, 12, 48, 12333 }, // Ш
    { 17, 15, 18, 1, 12, 64, 12381 }, // Щ
    { 12, 12, 13, 0, 12, 36, 12445 }, // Ъ
    { 13, 12, 15, 1, 12, 39, 12481 }, // Ы
    { 9, 12, 11, 1, 12, 27, 12520 }, // Ь
    { 10, 14, 11, 0, 13, 35, 12547 }, // Э
    { 16, 14, 17, 1, 13, 56, 12582 }, // Ю
    { 10, 12, 11, 0, 12, 30, 12638 }, // Я
    { 9, 11, 10, 0, 10, 25, 12668 }, // а
    { 10, 14, 10, 0, 13, 35, 12693 }, // б
    { 9, 10, 10, 1, 10, 23, 12728 }, // в
    { 7, 10, 8, 1, 10, 18, 12751 }, // г
    { 11, 13, 11, 0, 10, 36, 12769 }, // д
    { 10, 11, 10, 0, 10, 28, 12805 }, // е
    { 15, 10, 14, 0, 10, 38, 12833 }, // ж
    { 8, 11, 9, 0, 10, 22, 12871 }, // з
    { 9, 10, 11, 1, 10, 23, 12893 }, // и
    { 9, 13, 11, 1, 13, 30, 12916 }, // й
    { 10, 10, 10, 1, 10, 25, 12946 }, // к
    { 10, 11, 10, 0, 10, 28, 12971 }, // л
    { 12, 10, 14, 1, 10, 30, 12999 }, // м
    { 9, 10, 11, 1, 10, 23, 13029 }, // н
    { 10, 11, 10, 0, 10, 28, 13052 }, // о
    { 9, 10, 11, 1, 10, 23, 13080 }, // п
    { 9, 14, 11, 1, 10, 32, 13103 }, // р
    { 9, 11, 9, 0, 10, 25, 13135 }, // с
    { 9, 10, 8, 0, 10, 23, 13160 }, // т
    { 11, 14, 10, -1, 10, 39, 13183 }, // у
    { 13, 17, 14, 0, 13, 56, 13222 }, // ф
    { 10, 10, 10, 0, 10, 25, 13278 }, // х
    { 10, 13, 11, 1, 10, 33, 13303 }, // ц
    { 9, 10, 11, 1, 10, 23, 13336 }, // ч
    { 14, 10, 16, 1, 10, 35, 13359 }, // ш
    { 15, 13, 16, 1, 10, 49, 13394 }, // щ
    { 11, 10, 11, 0, 10, 28, 13443 }, // ъ
    { 12, 10, 14, 1, 10, 30, 13471 }, // ы
    { 9, 10, 10, 1, 10, 23, 13501 }, // ь
    { 9, 11, 9, 0, 10, 25, 13524 }, // э
    { 13, 11, 14, 1, 10, 36, 13549 }, // ю
    { 9, 10, 10, 0, 10, 23, 13585 }, // я
    { 10, 14, 10, 0, 13, 35, 13608 }, // ѐ
    { 10, 14, 10, 0, 13, 35, 13643 }, // ё
    { 10, 17, 11, 0, 13, 43, 13678 }, // ђ
    { 7, 13, 8, 1, 13, 23, 13721 }, // ѓ
    { 9, 11, 9, 0, 10, 25, 13744 }, // є
    { 8, 11, 8, 0, 10, 22, 13769 }, // ѕ
    { 3, 13, 5, 1, 13, 10, 13791 }, // і
    { 5, 13, 5, 0, 13, 17, 13801 }, // ї
    { 5, 17, 5, -1, 13, 22, 13818 }, // ј
    { 15, 11, 15, 0, 10, 42, 13840 }, // љ
    { 14, 10, 15, 1, 10, 35, 13882 }, // њ
    { 10, 13, 11, 0, 13, 33, 13917 }, // ћ
    { 10, 13, 10, 1, 13, 33, 13950 }, // ќ
    { 9, 13, 11, 1, 13, 30, 13983 }, // ѝ
    { 11, 17, 10, -1, 13, 47, 14013 }, // ў
    { 9, 13, 11, 1, 10, 30, 14060 }, // џ
    { 16, 12, 16, 0, 12, 48, 14090 }, // Ѡ
    { 15, 10, 15, 0, 10, 38, 14138 }, // ѡ
    { 11, 12, 11, 0, 12, 33, 14176 }, // Ѣ
    { 11, 11, 11, 0, 11, 31, 14209 }, // ѣ
    { 15, 14, 16, 1, 13, 53, 14240 }, // Ѥ
    { 12, 11, 13, 1, 10, 33, 14293 }, // ѥ
    { 13, 12, 12, 0, 12, 39, 14326 }, // Ѧ
    { 11, 10, 11, 0, 10, 28, 14365 }, // ѧ
    { 16, 12, 17, 1, 12, 48, 14393 }, // Ѩ
    { 15, 10, 15, 1, 10, 38, 14441 }, // ѩ
    { 14, 12, 13, 0, 12, 42, 14479 }, // Ѫ
    { 11, 10, 10, 0, 10, 28, 14521 }, // ѫ
    { 17, 12, 18, 1, 12, 51, 14549 }, // Ѭ
    { 14, 10, 15, 1, 10, 35, 14600 }, // ѭ
    { 10, 19, 11, 0, 15, 48, 14635 }, // Ѯ
    { 9, 16, 9, 0, 12, 36, 14683 }, // ѯ
    { 13, 12, 15, 1, 12, 39, 14719 }, // Ѱ
    { 12, 17, 14, 1, 13, 51, 14758 }, // ѱ
    { 13, 14, 13, 0, 13, 46, 14809 }, // Ѳ
    { 10, 11, 10, 0, 10, 28, 14855 }, // ѳ
    { 12, 12, 12, 0, 12, 36, 14883 }, // Ѵ
    { 11, 10, 10, 0, 10, 28, 14919 }, // ѵ
    { 12, 16, 12, 0, 16, 48, 14947 }, // Ѷ
    { 11, 13, 10, 0, 13, 36, 14995 }, // ѷ
    { 22, 17, 22, 0, 13, 94, 15031 }, // Ѹ
    { 20, 14, 20, 0, 10, 70, 15125 }, // ѹ
    { 13, 15, 14, 0, 13, 49, 15195 }, // Ѻ
    { 11, 12, 11, 0, 11, 33, 15244 }, // ѻ
    { 18, 19, 18, 0, 18, 86, 15277 }, // Ѽ
    { 15, 17, 16, 0, 16, 64, 15363 }, // ѽ
    { 16, 16, 16, 0, 16, 64, 15427 }, // Ѿ
    { 15, 13, 15, 0, 13, 49, 15491 }, // ѿ
    { 11, 17, 11, 0, 13, 47, 15540 }, // Ҁ
    { 9, 14, 9, 0, 10, 32, 15587 }, // ҁ
    { 10, 12, 10, 0, 11, 30, 15619 }, // ҂
    { 7, 4, 0, -8, 13, 7, 15649 }, // ҃
    { 7, 3, 0, -8, 13, 6, 15656 }, // ҄
    { 3, 5, 0, -6, 14, 4, 15662 }, // ҅
    { 3, 5, 0, -6, 14, 4, 15666 }, // ҆
    { 8, 4, 0, -4, 16, 8, 15670 }, // ҇
    { 20, 19, 0, -10, 14, 95, 15678 }, // ҈
    { 20, 19, 0, -10, 14, 95, 15773 }, // ҉
    { 14, 20, 15, 1, 16, 70, 15868 }, // Ҋ
    { 13, 18, 13, 1, 14, 59, 15938 }, // ҋ
    { 10, 12, 11, 0, 12, 30, 15997 }, // Ҍ
    { 10, 13, 10, 0, 13, 33, 16027 }, // ҍ
    { 9, 12, 10, 1, 12, 27, 16060 }, // Ҏ
    { 9, 14, 11, 1, 10, 32, 16087 }, // ҏ
    { 9, 15, 10, 1, 15, 34, 16119 }, // Ґ
    { 7, 12, 9, 1, 12, 21, 16153 }, // ґ
    { 9, 12, 9, 0, 12, 27, 16174 }, // Ғ
    { 8, 10, 8, 0, 10, 20, 16201 }, // ғ
    { 11, 17, 12, 1, 12, 47, 16221 }, // Ҕ
    { 9, 15, 10, 1, 10, 34, 16268 }, // ҕ
    { 17, 16, 17, 0, 12, 68, 16302 }, // Җ
    { 17, 14, 16, -1, 10, 60, 16370 }, // җ
    { 9, 17, 10, 0, 13, 39, 16430 }, // Ҙ
    { 8, 14, 9, 0, 10, 28, 16469 }, // ҙ
    { 12, 16, 13, 1, 12, 48, 16497 }, // Қ
    { 10, 14, 11, 1, 10, 35, 16545 }, // қ
    { 11, 12, 11, 1, 12, 33, 16580 }, // Ҝ
    { 10, 10, 10, 1, 10, 25, 16613 }, // ҝ
    { 12, 12, 12, 0, 12, 36, 16638 }, // Ҟ
    { 11, 13, 10, 0, 13, 36, 16674 }, // ҟ
    { 13, 12, 12, 0, 12, 39, 16710 }, // Ҡ
    { 12, 10, 12, 0, 10, 30, 16749 }, // ҡ
    { 13, 16, 14, 1, 12, 52, 16779 }, // Ң
    { 11, 14, 12, 1, 10, 39, 16831 }, // ң
    { 13, 12, 14, 1, 12, 39, 16870 }, // Ҥ
    { 12, 10, 13, 1, 10, 30, 16909 }, // ҥ
    { 17, 17, 19, 1, 12, 73, 16939 }, // Ҧ
    { 14, 15, 15, 1, 10, 53, 17012 }, // ҧ
    { 13, 14, 13, 0, 13, 46, 17065 }, // Ҩ
    { 11, 11, 11, 0, 10, 31, 17111 }, // ҩ
    { 11, 17, 11, 0, 13, 47, 17142 }, // Ҫ
    { 9, 14, 9, 0, 10, 32, 17189 }, // ҫ
    { 10, 16, 10, 0, 12, 40, 17221 }, // Ҭ
    { 9, 14, 9, 0, 10, 32, 17261 }, // ҭ
    { 11, 12, 10, 0, 12, 33, 17293 }, // Ү
    { 10, 14, 10, 0, 10, 35, 17326 }, // ү
    { 11, 12, 10, 0, 12, 33, 17361 }, // Ұ
    { 10, 14, 10, 0, 10, 35, 17394 }, // ұ
    { 13, 16, 12, 0, 12, 52, 17429 }, // Ҳ
    { 11, 14, 11, 0, 10, 39, 17481 }, // ҳ
    { 16, 16, 16, 0, 12, 64, 17520 }, // Ҵ
    { 13, 14, 13, 0, 10, 46, 17584 }, // ҵ
    { 14, 16, 13, 0, 12, 56, 17630 }, // Ҷ
    { 11, 14, 12, 1, 10, 39, 17686 }, // ҷ
    { 10, 12, 12, 1, 12, 30, 17725 }, // Ҹ
    { 10, 10, 11, 0, 10, 25, 17755 }, // ҹ
    { 11, 12, 12, 1, 12, 33, 17780 }, // Һ
    { 9, 13, 11, 1, 13, 30, 17813 }, // һ
    { 15, 14, 16, 0, 13, 53, 17843 }, // Ҽ
    { 13, 11, 12, -1, 10, 36, 17896 }, // ҽ
    { 15, 17, 16, 0, 13, 64, 17932 }, // Ҿ
    { 13, 14, 12, -1, 10, 46, 17996 }, // ҿ
    { 6, 12, 6, 0, 12, 18, 18042 }, // Ӏ
    { 17, 16, 17, 0, 16, 68, 18060 }, // Ӂ
    { 15, 13, 14, 0, 13, 49, 18128 }, // ӂ
    { 11, 17, 13, 1, 12, 47, 18177 }, // Ӄ
    { 10, 15, 11, 1, 10, 38, 18224 }, // ӄ
    { 14, 16, 14, 0, 12, 56, 18262 }, // Ӆ
    { 12, 14, 12, 0, 10, 42, 18318 }, // ӆ
    { 11, 17, 13, 1, 12, 47, 18360 }, // Ӈ
    { 9, 15, 11, 1, 10, 34, 18407 }, // ӈ
    { 13, 16, 14, 1, 12, 52, 18441 }, // Ӊ
    { 12, 14, 12, 1, 10, 42, 18493 }, // ӊ
    { 10, 16, 12, 1, 12, 40, 18535 }, // Ӌ
    { 9, 14, 11, 1, 10, 32, 18575 }, // ӌ
    { 16, 16, 17, 1, 12, 64, 18607 }, // Ӎ
    { 15, 14, 15, 1, 10, 53, 18671 }, // ӎ
    { 6, 12, 6, 0, 12, 18, 18724 }, // ӏ
    { 12, 16, 12, 0, 16, 48, 18742 }, // Ӑ
    { 9, 14, 10, 0, 13, 32, 18790 }, // ӑ
    { 12, 16, 12, 0, 16, 48, 18822 }, // Ӓ
    { 9, 14, 10, 0, 13, 32, 18870 }, // ӓ
    { 15, 12, 16, 0, 12, 45, 18902 }, // Ӕ
    { 15, 11, 15, 0, 10, 42, 18947 }, // ӕ
    { 8, 16, 9, 1, 16, 32, 18989 }, // Ӗ
    { 10, 14, 10, 0, 13, 35, 19021 }, // ӗ
    { 12, 14, 14, 1, 13, 42, 19056 }, // Ә
    { 10, 11, 10, 0, 10, 28, 19098 }, // ә
    { 12, 17, 14, 1, 16, 51, 19126 }, // Ӛ
    { 10, 14, 10, 0, 13, 35, 19177 }, // ӛ
    { 17, 16, 17, 0, 16, 68, 19212 }, // Ӝ
    { 15, 13, 14, 0, 13, 49, 19280 }, // ӝ
    { 9, 17, 10, 0, 16, 39, 19329 }, // Ӟ
    { 8, 14, 9, 0, 13, 28, 19368 }, // ӟ
    { 10, 13, 10, 0, 12, 33, 19396 }, // Ӡ
    { 10, 14, 10, 0, 10, 35, 19429 }, // ӡ
    { 11, 15, 13, 1, 15, 42, 19464 }, // Ӣ
    { 9, 12, 11, 1, 12, 27, 19506 }, // ӣ
    { 11, 16, 13, 1, 16, 44, 19533 }, // Ӥ
    { 9, 13, 11, 1, 13, 30, 19577 }, // ӥ
    { 13, 17, 13, 0, 16, 56, 19607 }, // Ӧ
    { 10, 14, 10, 0, 13, 35, 19663 }, // ӧ
    { 13, 14, 13, 0, 13, 46, 19698 }, // Ө
    { 10, 11, 10, 0, 10, 28, 19744 }, // ө
    { 13, 17, 13, 0, 16, 56, 19772 }, // Ӫ
    { 10, 14, 10, 0, 13, 35, 19828 }, // ӫ
    { 10, 17, 11, 0, 16, 43, 19863 }, // Ӭ
    { 9, 14, 9, 0, 13, 32, 19906 }, // ӭ
    { 11, 16, 11, 0, 15, 44, 19938 }, // Ӯ
    { 11, 16, 10, -1, 12, 44, 19982 }, // ӯ
    { 11, 17, 11, 0, 16, 47, 20026 }, // Ӱ
    { 11, 17, 10, -1, 13, 47, 20073 }, // ӱ
    { 11, 17, 11, 0, 16, 47, 20120 }, // Ӳ
    { 10, 17, 10, 0, 13, 43, 20167 }, // ӳ
    { 10, 16, 12, 1, 16, 40, 20210 }, // Ӵ
    { 9, 13, 11, 1, 13, 30, 20250 }, // ӵ
    { 9, 16, 9, 1, 12, 36, 20280 }, // Ӷ
    { 7, 14, 8, 1, 10, 25, 20316 }, // ӷ
    { 13, 16, 15, 1, 16, 52, 20341 }, // Ӹ
    { 12, 13, 14, 1, 13, 39, 20393 }, // ӹ
    { 9, 17, 9, 0, 12, 39, 20432 }, // Ӻ
    { 8, 14, 8, 0, 10, 28, 20471 }, // ӻ
    { 12, 17, 12, 0, 12, 51, 20499 }, // Ӽ
    { 11, 14, 11, 0, 10, 39, 20550 }, // ӽ
    { 12, 12, 11, 0, 12, 36, 20589 }, // Ӿ
    { 10, 10, 10, 0, 10, 25, 20625 }, // ӿ
    { 0, 0, 8, 0, 0, 0, 20650 }, //  
    { 0, 0, 17, 0, 0, 0, 20650 }, //  
    { 0, 0, 8, 0, 0, 0, 20650 }, //  
    { 0, 0, 17, 0, 0, 0, 20650 }, //  
    { 0, 0, 6, 0, 0, 0, 20650 }, //  
    { 0, 0, 4, 0, 0, 0, 20650 }, //  
    { 0, 0, 3, 0, 0, 0, 20650 }, //  
    { 0, 0, 10, 0, 0, 0, 20650 }, //  
    { 0, 0, 5, 0, 0, 0, 20650 }, //  
    { 0, 0, 3, 0, 0, 0, 20650 }, //  
    { 0, 0, 2, 0, 0, 0, 20650 }, //  
    { 0, 0, 0, 0, 0, 0, 20650 }, // ​
    { 0, 0, 0, 0, 0, 0, 20650 }, // ‌
    { 0, 0, 0, 0, 0, 0, 20650 }, // ‍
    { 5, 15, 0, -1, 12, 19, 20650 }, // ‎
    { 5, 15, 0, -4, 12, 19, 20669 }, // ‏
    { 5, 3, 5, 0, 6, 4, 20688 }, // ‐
    { 5, 3, 5, 0, 6, 4, 20692 }, // ‑
    { 9, 3, 10, 0, 7, 7, 20696 }, // ‒
    { 8, 3, 8, 0, 6, 6, 20703 }, // –
    { 17, 3, 17, 0, 6, 13, 20709 }, // —
    { 17, 3, 17, 0, 6, 13, 20722 }, // ―
    { 7, 17, 9, 1, 13, 30, 20735 }, // ‖
    { 8, 4, 7, -1, 0, 8, 20765 }, // ‗
    { 4, 5, 4, 0, 12, 5, 20773 }, // ‘
    { 4, 5, 4, 0, 12, 5, 20778 }, // ’
    { 4, 5, 5, 0, 2, 5, 20783 }, // ‚
    { 4, 5, 4, 0, 12, 5, 20788 }, // ‛
    { 8, 5, 7, 0, 12, 10, 20793 }, // “
    { 8, 5, 7, 0, 12, 10, 20803 }, // ”
    { 8, 5, 9, 0, 2, 10, 20813 }, // „
    { 8, 5, 7, 0, 12, 10, 20823 }, // ‟
    { 8, 13, 9, 0, 13, 26, 20833 }, // †
    { 8, 13, 9, 0, 13, 26, 20859 }, // ‡
    { 6, 6, 6, 0, 9, 9, 20885 }, // •
    { 7, 7, 6, 0, 10, 13, 20894 }, // ‣
    { 4, 4, 8, 2, 3, 4, 20907 }, // ․
    { 9, 4, 10, 0, 3, 9, 20911 }, // ‥
    { 14, 4, 14, 0, 3, 14, 20920 }, // …
    { 4, 4, 5, 0, 6, 4, 20934 }, // ‧
    { 0, 0, 10, 0, 0, 0, 20938 }, //  
    { 0, 0, 10, 0, 0, 0, 20938 }, //  
    { 5, 14, 0, -1, 11, 18, 20938 }, // ‪
    { 5, 14, 0, -4, 11, 18, 20956 }, // ‫
    { 4, 15, 0, -2, 12, 15, 20974 }, // ‬
    { 4, 15, 0, -2, 12, 15, 20989 }, // ‭
    { 4, 15, 0, -2, 12, 15, 21004 }, // ‮
    { 0, 0, 3, 0, 0, 0, 21019 }, //  
    { 21, 14, 21, 0, 13, 74, 21019 }, // ‰
    { 28, 14, 28, 0, 13, 98, 21093 }, // ‱
    { 6, 5, 5, 0, 12, 8, 21191 }, // ′
    { 9, 5, 9, 0, 12, 12, 21199 }, // ″
    { 13, 5, 12, 0, 12, 17, 21211 }, // ‴
    { 6, 5, 7, 0, 12, 8, 21228 }, // ‵
    { 9, 5, 11, 0, 12, 12, 21236 }, // ‶
    { 13, 5, 14, 0, 12, 17, 21248 }, // ‷
    { 7, 6, 7, 0, 2, 11, 21265 }, // ‸
    { 6, 9, 6, 0, 9, 14, 21276 }, // ‹
    { 6, 9, 6, 0, 9, 14, 21290 }, // ›
    { 14, 14, 14, 0, 13, 49, 21304 }, // ※
    { 9, 13, 10, 0, 12, 30, 21353 }, // ‼
    { 8, 14, 8, 0, 13, 28, 21383 }, // ‽
    { 10, 3, 8, -1, 15, 8, 21411 }, // ‾
    { 10, 4, 10, 0, 0, 10, 21419 }, // ‿
    { 10, 5, 10, 0, 14, 13, 21429 }, // ⁀
    { 7, 11, 7, 0, 7, 20, 21442 }, // ⁁
    { 19, 16, 19, 0, 13, 76, 21462 }, // ⁂
    { 6, 3, 5, 0, 6, 5, 21538 }, // ⁃
    { 10, 12, 2, -4, 12, 30, 21543 }, // ⁄
    { 5, 15, 6, 1, 12, 19, 21573 }, // ⁅
    { 5, 15, 6, 0, 12, 19, 21592 }, // ⁆
    { 16, 14, 16, 0, 13, 56, 21611 }, // ⁇
    { 12, 14, 13, 0, 13, 42, 21667 }, // ⁈
    { 13, 14, 13, 0, 13, 46, 21709 }, // ⁉
    { 9, 10, 10, 0, 10, 23, 21755 }, // ⁊
    { 9, 16, 11, 1, 13, 36, 21778 }, // ⁋
    { 10, 10, 11, 0, 10, 25, 21814 }, // ⁌
    { 10, 10, 11, 1, 10, 25, 21839 }, // ⁍
    { 9, 9, 9, 0, 5, 21, 21864 }, // ⁎
    { 5, 13, 5, 0, 10, 17, 21885 }, // ⁏
    { 10, 18, 10, 0, 14, 45, 21902 }, // ⁐
    { 9, 17, 9, 0, 13, 39, 21947 }, // ⁑
    { 7, 14, 7, 0, 13, 25, 21986 }, // ⁒
    { 17, 4, 17, 0, 7, 17, 22011 }, // ⁓
    { 10, 4, 10, 0, 0, 10, 22028 }, // ⁔
    { 9, 9, 9, 0, 9, 21, 22038 }, // ⁕
    { 9, 14, 10, 0, 13, 32, 22059 }, // ⁖
    { 16, 5, 16, 0, 12, 20, 22091 }, // ⁗
    { 14, 14, 15, 0, 13, 49, 22111 }, // ⁘
    { 14, 14, 15, 0, 13, 49, 22160 }, // ⁙
    { 4, 14, 5, 0, 13, 14, 22209 }, // ⁚
    { 11, 15, 12, 0, 14, 42, 22223 }, // ⁛
    { 14, 14, 14, 0, 13, 49, 22265 }, // ⁜
    { 4, 14, 5, 0, 13, 14, 22314 }, // ⁝
    { 4, 14, 5, 0, 13, 14, 22328 }, // ⁞
    { 0, 0, 4, 0, 0, 0, 22342 }, //  
    { 0, 0, 10, 0, 0, 0, 22342 }, // ⁠
    { 0, 0, 10, 0, 0, 0, 22342 }, // ⁡
    { 0, 0, 10, 0, 0, 0, 22342 }, // ⁢
    { 0, 0, 10, 0, 0, 0, 22342 }, // ⁣
    { 0, 0, 10, 0, 0, 0, 22342 }, // ⁤
    { 0, 0, 0, 0, 0, 0, 22342 }, // ⁦
    { 0, 0, 0, 0, 0, 0, 22342 }, // ⁧
    { 0, 0, 0, 0, 0, 0, 22342 }, // ⁨
    { 0, 0, 0, 0, 0, 0, 22342 }, // ⁩
    { 4, 15, 0, -2, 12, 15, 22342 }, // ⁪
    { 4, 15, 0, -2, 12, 15, 22357 }, // ⁫
    { 4, 15, 0, -2, 12, 15, 22372 }, // ⁬
    { 4, 15, 0, -2, 12, 15, 22387 }, // ⁭
    { 4, 15, 0, -2, 12, 15, 22402 }, // ⁮
    { 4, 15, 0, -2, 12, 15, 22417 }, // ⁯
    { 6, 9, 6, 0, 15, 14, 22432 }, // ⁰
    { 3, 9, 3, 0, 13, 7, 22446 }, // ⁱ
    { 7, 9, 6, 0, 15, 16, 22453 }, // ⁴
    { 6, 9, 6, 0, 15, 14, 22469 }, // ⁵
    { 6, 9, 6, 0, 15, 14, 22483 }, // ⁶
    { 6, 9, 6, 0, 15, 14, 22497 }, // ⁷
    { 6, 9, 6, 0, 15, 14, 22511 }, // ⁸
    { 6, 9, 6, 0, 15, 14, 22525 }, // ⁹
    { 6, 6, 6, 0, 13, 9, 22539 }, // ⁺
    { 6, 2, 6, 0, 11, 3, 22548 }, // ⁻
    { 6, 4, 6, 0, 12, 6, 22551 }, // ⁼
    { 3, 11, 4, 1, 16, 9, 22557 }, // ⁽
    { 3, 11, 4, 0, 16, 9, 22566 }, // ⁾
    { 7, 7, 7, 0, 11, 13, 22575 }, // ⁿ
    { 6, 9, 6, 0, 6, 14, 22588 }, // ₀
    { 5, 9, 6, 0, 6, 12, 22602 }, // ₁
    { 6, 9, 6, 0, 6, 14, 22614 }, // ₂
    { 6, 9, 6, 0, 6, 14, 22628 }, // ₃
    { 7, 9, 6, 0, 6, 16, 22642 }, // ₄
    { 6, 9, 6, 0, 6, 14, 22658 }, // ₅
    { 6, 9, 6, 0, 6, 14, 22672 }, // ₆
    { 6, 9, 6, 0, 6, 14, 22686 }, // ₇
    { 6, 9, 6, 0, 6, 14, 22700 }, // ₈
    { 6, 9, 6, 0, 6, 14, 22714 }, // ₉
    { 6, 6, 6, 0, 4, 9, 22728 }, // ₊
    { 6, 2, 6, 0, 2, 3, 22737 }, // ₋
    { 6, 4, 6, 0, 3, 6, 22740 }, // ₌
    { 3, 11, 4, 1, 7, 9, 22746 }, // ₍
    { 3, 11, 4, 0, 7, 9, 22755 }, // ₎
    { 6, 6, 6, 0, 4, 9, 22764 }, // ₐ
    { 6, 6, 6, 0, 4, 9, 22773 }, // ₑ
    { 7, 6, 7, 0, 4, 11, 22782 }, // ₒ
    { 7, 6, 6, 0, 4, 11, 22793 }, // ₓ
    { 6, 6, 6, 0, 4, 9, 22804 }, // ₔ
    { 7, 8, 7, 0, 6, 14, 22813 }, // ₕ
    { 7, 8, 7, 0, 6, 14, 22827 }, // ₖ
    { 3, 8, 3, 0, 6, 6, 22841 }, // ₗ
    { 10, 6, 11, 0, 4, 15, 22847 }, // ₘ
    { 7, 6, 7, 0, 4, 11, 22862 }, // ₙ
    { 7, 8, 7, 0, 4, 14, 22873 }, // ₚ
    { 5, 6, 5, 0, 4, 8, 22887 }, // ₛ
    { 5, 8, 5, 0, 6, 10, 22895 }, // ₜ
    { 10, 13, 10, 0, 13, 33, 22905 }, // ₠
    { 10, 14, 10, 0, 13, 35, 22938 }, // ₡
    { 10, 14, 10, 0, 13, 35, 22973 }, // ₢
    { 9, 12, 10, 0, 12, 27, 23008 }, // ₣
    { 10, 13, 10, 0, 13, 33, 23035 }, // ₤
    { 15, 14, 16, 1, 12, 53, 23068 }, // ₥
    { 10, 12, 10, 0, 12, 30, 23121 }, // ₦
    { 14, 13, 15, 1, 12, 46, 23151 }, // ₧
    { 14, 13, 15, 1, 12, 46, 23197 }, // ₨
    { 13, 12, 12, 0, 12, 39, 23243 }, // ₩
    { 13, 12, 15, 1, 12, 39, 23282 }, // ₪
    { 11, 16, 11, 0, 13, 44, 23321 }, // ₫
    { 10, 13, 10, 0, 12, 33, 23365 }, // €
    { 10, 12, 10, 0, 12, 30, 23398 }, // ₭
    { 10, 12, 10, 0, 12, 30, 23428 }, // ₮
    { 17, 17, 17, 0, 13, 73, 23458 }, // ₯
    { 10, 17, 10, 0, 13, 43, 23531 }, // ₰
    { 10, 12, 10, 0, 12, 30, 23574 }, // ₱
    { 11, 15, 12, 0, 13, 42, 23604 }, // ₲
    { 11, 12, 11, 0, 12, 33, 23646 }, // ₳
    { 10, 14, 10, 0, 13, 35, 23679 }, // ₴
    { 11, 15, 11, 0, 13, 42, 23714 }, // ₵
    { 12, 13, 12, 0, 12, 39, 23756 }, // ₶
    { 12, 15, 12, 0, 13, 45, 23795 }, // ₷
    { 10, 12, 10, 0, 12, 30, 23840 }, // ₸
    { 8, 12, 10, 1, 12, 24, 23870 }, // ₹
    { 10, 13, 10, 0, 12, 33, 23894 }, // ₺
    { 14, 14, 14, 0, 13, 49, 23927 }, // ₻
    { 14, 12, 15, 0, 12, 42, 23976 }, // ₼
    { 10, 12, 10, 0, 12, 30, 24018 }, // ₽
    { 13, 13, 13, 0, 13, 43, 24048 }, // ₾
    { 8, 16, 10, 1, 14, 32, 24091 }, // ₿
    { 9, 13, 9, 0, 10, 30, 24123 }, // ⃀
    { 9, 3, 10, 0, 7, 7, 24153 }, // −
    { 16, 16, 17, 0, 13, 64, 24160 }, // �
};

static const EpdUnicodeInterval notosans_8_boldIntervals[] = {
    { 0x0, 0x0, 0x0 },
    { 0xD, 0xD, 0x1 },
    { 0x20, 0x7E, 0x2 },
    { 0xA0, 0xFF, 0x61 },
    { 0x100, 0x17F, 0xC1 },
    { 0x300, 0x36F, 0x141 },
    { 0x400, 0x4FF, 0x1B1 },
    { 0x2000, 0x2064, 0x2B1 },
    { 0x2066, 0x206F, 0x316 },
    { 0x2070, 0x2071, 0x320 },
    { 0x2074, 0x208E, 0x322 },
    { 0x2090, 0x209C, 0x33D },
    { 0x20A0, 0x20C0, 0x34A },
    { 0x2212, 0x2212, 0x36B },
    { 0xFFFD, 0xFFFD, 0x36C },
};

static const EpdFontData notosans_8_bold = {
    notosans_8_boldBitmaps,
    notosans_8_boldGlyphs,
    notosans_8_boldIntervals,
    15,
    23,
    18,
    -5,
    true,
};
